raceId	gender	itemSlotId	itemDisplayId	label00	value00	label01	value01
1	0	24	5	2	1	0	0
1	0	25	135	22	1	2	1
0	0	1	175	0	0	0	0
0	0	2	177	0	0	0	0
0	0	4	178	0	0	0	0
0	0	5	174	0	0	0	0
0	0	6	176	0	0	0	0
0	0	3	173	0	0	0	0
1	0	25	136	22	2	2	1
1	0	25	137	21	2	2	1
1	0	25	138	22	3	2	1
1	0	25	139	22	4	2	1
1	0	25	140	22	5	2	1
1	0	25	141	22	6	2	1
1	0	25	142	21	6	2	1
1	0	28	4	24	14	4	1
1	0	39	206	20	7	4	1
1	0	28	226	24	14	4	2
1	0	28	186	24	14	4	7
1	0	24	25	2	2	0	0
1	0	24	187	2	3	0	0
1	0	25	190	22	1	2	2
1	0	25	189	22	1	2	3
1	0	25	192	22	2	2	2
1	0	25	193	22	2	2	3
1	0	25	194	21	2	2	2
1	0	25	201	21	2	2	3
1	0	25	188	22	3	2	2
1	0	25	199	22	3	2	3
1	0	25	202	22	4	2	2
1	0	25	197	22	4	2	3
1	0	25	196	22	5	2	2
1	0	25	191	22	5	2	3
1	0	25	198	22	6	2	2
1	0	25	203	22	6	2	3
1	0	25	200	21	6	2	2
1	0	25	195	21	6	2	3
1	0	39	116	20	7	4	2
1	0	39	207	20	7	4	7
1	0	39	0	20	1	4	1
1	0	39	0	20	1	4	2
1	0	39	0	20	1	4	7
1	0	26	6	0	0	7	1
1	0	26	205	0	0	7	2
1	0	26	204	0	0	7	3
1	0	28	24	24	2	4	1
1	0	28	208	23	2	4	1
1	0	28	209	24	3	4	1
1	0	28	210	24	4	4	1
1	0	28	211	24	5	4	1
0	0	28	212	24	6	4	1
1	0	28	213	24	6	4	1
1	0	28	214	24	8	4	1
1	0	28	215	24	9	4	1
1	0	28	228	24	2	4	2
1	0	28	231	23	2	4	2
1	0	28	232	24	3	4	2
1	0	28	233	24	4	4	2
1	0	28	234	24	5	4	2
0	0	28	185	3	7	4	2
1	0	28	288	24	6	4	2
1	0	28	289	24	8	4	2
1	0	28	290	24	9	4	2
1	0	28	227	24	2	4	7
1	0	28	230	23	2	4	7
1	0	28	235	24	3	4	7
1	0	28	236	24	4	4	7
1	0	28	237	24	5	4	7
0	0	28	291	3	7	4	7
1	0	28	292	24	6	4	7
1	0	28	293	24	8	4	7
1	0	28	294	24	9	4	7
1	0	28	708	24	13	4	1
1	0	28	218	23	7	4	1
1	0	28	709	23	11	4	1
1	0	28	220	24	12	4	1
1	0	28	743	24	10	4	2
1	0	28	744	23	7	4	2
1	0	28	745	23	8	4	2
1	0	28	746	24	12	4	2
0	0	28	217	3	11	4	2
0	0	28	218	3	12	4	2
0	0	28	219	3	13	4	2
0	0	28	220	3	14	4	2
0	0	29	222	0	1	0	0
0	0	29	223	0	2	0	0
0	0	29	224	0	3	0	0
0	0	29	225	0	0	0	0
0	0	28	238	3	1	4	8
0	0	28	239	3	2	4	8
0	0	28	240	3	3	4	8
0	0	28	285	3	4	4	8
0	0	28	242	3	5	4	8
0	0	28	287	3	6	4	8
1	0	28	244	24	14	4	5
1	0	28	245	24	2	4	5
1	0	28	246	23	2	4	5
1	0	28	247	24	3	4	5
1	0	28	248	24	4	4	5
1	0	28	249	24	5	4	5
1	0	28	250	24	14	4	6
1	0	28	251	24	2	4	6
1	0	28	252	23	2	4	6
1	0	28	253	24	3	4	6
1	0	28	254	24	4	4	6
1	0	28	255	24	5	4	6
1	0	28	256	24	14	4	3
1	0	28	257	24	2	4	3
1	0	28	258	23	2	4	3
1	0	28	259	24	3	4	3
1	0	28	260	24	4	4	3
1	0	28	261	24	5	4	3
1	0	28	262	24	14	4	4
1	0	28	263	24	2	4	4
1	0	28	264	23	2	4	4
1	0	28	265	24	3	4	4
1	0	28	266	24	4	4	4
0	0	28	284	3	7	4	8
0	0	28	241	3	8	4	8
1	0	39	297	20	5	4	1
1	0	39	296	20	5	4	2
1	0	39	295	20	5	4	7
1	1	24	305	2	1	0	0
1	1	24	1425	2	2	0	0
3	0	24	19	2	1	0	0
3	1	24	309	2	4	0	1
1	0	28	439	24	1	0	0
1	0	28	1755	24	15	4	7
1	0	28	1755	23	15	4	7
0	0	28	1757	3	34	4	7
3	0	25	524	1	1	2	1
3	0	25	525	1	2	2	1
3	0	24	4944	2	9	0	0
3	0	26	20	0	0	7	1
1	1	28	531	24	1	4	2
1	1	28	532	24	2	4	2
1	1	28	533	23	2	4	2
1	1	28	534	24	3	4	2
1	1	28	535	24	4	4	2
1	1	28	536	24	5	4	2
1	1	28	537	24	6	4	2
1	1	28	538	23	4	4	2
1	1	28	539	23	5	4	2
1	1	28	540	24	7	4	2
1	1	28	541	23	6	4	2
1	1	28	542	23	7	4	2
1	1	28	543	24	8	4	2
3	0	25	549	1	3	2	1
3	0	25	550	1	4	2	1
3	0	25	551	1	5	2	1
3	0	25	552	1	6	2	1
3	0	25	553	1	7	2	1
3	0	25	554	1	8	2	1
3	0	25	555	1	9	2	1
13	0	25	563	1	1	18	1
13	0	25	564	1	2	18	1
13	0	25	565	1	3	18	1
13	0	25	566	1	4	18	1
13	0	25	568	1	6	18	1
13	0	25	569	1	7	18	1
13	0	25	571	1	9	18	1
13	0	24	320	18	1	0	0
13	0	26	318	7	1	0	0
4	0	24	307	2	1	0	0
4	0	28	314	3	1	4	1
4	0	26	1634	7	1	1	1
12	1	24	562	2	1	0	0
13	0	27	2193	10	1	0	0
4	1	24	315	2	1	0	0
4	1	28	5715	3	1	4	1
4	1	26	316	7	1	1	1
1	1	26	313	0	0	7	2
12	1	25	636	1	1	2	1
12	0	24	637	2	1	0	0
12	0	25	638	1	1	2	1
0	0	26	639	0	0	7	1
4	1	25	640	1	1	2	1
4	0	25	641	1	1	2	1
1	0	28	217	24	10	4	1
1	0	28	219	23	8	4	1
1	0	28	706	23	10	4	1
1	0	28	710	23	13	4	1
0	0	28	272	3	7	4	6
1	0	28	273	24	6	4	6
1	0	28	274	24	8	4	6
1	0	28	275	24	9	4	6
1	0	28	711	24	10	4	6
1	0	28	712	24	12	4	6
0	0	28	268	3	7	4	5
1	0	28	269	24	6	4	5
1	0	28	270	24	8	4	5
1	0	28	271	24	9	4	5
1	0	28	714	24	10	4	5
1	0	28	713	23	13	4	6
1	0	28	715	24	12	4	5
1	0	28	716	23	13	4	5
1	0	28	723	24	10	4	7
0	0	28	724	3	14	4	7
1	0	28	725	23	13	4	7
0	0	28	276	3	7	4	3
1	0	28	277	24	6	4	3
1	0	28	278	24	8	4	3
1	0	28	279	24	9	4	3
1	0	28	717	24	10	4	3
1	0	28	718	24	12	4	3
1	0	28	719	23	13	4	3
1	0	28	267	24	5	4	4
0	0	28	280	3	7	4	4
1	0	28	281	24	6	4	4
1	0	28	282	24	8	4	4
1	0	28	283	24	9	4	4
1	0	28	720	24	10	4	4
1	0	28	721	24	12	4	4
1	0	28	722	23	13	4	4
0	0	28	286	3	9	4	8
0	0	28	243	3	10	4	8
0	0	28	726	3	19	4	1
0	0	28	727	3	20	4	1
1	0	28	728	23	3	4	1
0	0	28	729	3	22	4	1
1	0	28	730	23	4	4	1
0	0	28	731	3	24	4	1
0	0	28	732	3	25	4	1
1	0	28	733	24	7	4	1
1	0	28	734	23	5	4	1
1	0	28	735	24	11	4	1
1	0	28	736	23	9	4	1
1	0	28	737	23	12	4	1
0	0	28	738	3	29	4	1
1	0	28	739	24	15	4	1
1	0	28	739	23	15	4	1
0	0	28	741	3	34	4	1
1	0	28	747	23	10	4	2
1	0	28	748	24	13	4	2
1	0	28	749	23	11	4	2
1	0	28	750	23	12	4	2
1	0	28	751	23	13	4	2
1	0	28	753	23	7	4	7
1	0	28	754	23	8	4	7
1	0	28	755	24	12	4	7
1	0	28	756	23	10	4	7
1	0	28	757	24	13	4	7
1	0	28	758	23	11	4	7
0	0	28	778	3	25	4	7
1	0	28	759	23	12	4	7
0	0	28	771	3	25	4	2
0	0	28	766	3	19	4	2
0	0	28	767	3	20	4	2
1	0	28	765	23	3	4	2
0	0	28	768	3	22	4	2
0	0	28	770	3	24	4	2
1	0	28	769	23	4	4	2
1	0	28	772	24	7	4	2
1	0	28	773	23	5	4	2
1	0	28	774	24	11	4	2
1	0	28	775	23	9	4	2
0	0	28	776	3	29	4	2
1	0	28	762	24	15	4	2
1	0	28	762	23	15	4	2
0	0	28	764	3	34	4	2
1	0	28	789	23	7	4	5
1	0	28	790	23	8	4	5
1	0	28	792	23	10	4	5
1	0	28	793	24	13	4	5
1	0	28	794	23	11	4	5
1	0	28	807	23	12	4	5
0	0	28	796	3	25	4	5
0	0	28	797	3	19	4	5
0	0	28	798	3	20	4	5
1	0	28	799	23	3	4	5
0	0	28	800	3	22	4	5
1	0	28	801	23	4	4	5
0	0	28	802	3	24	4	5
1	0	28	803	24	7	4	5
1	0	28	804	23	5	4	5
1	0	28	805	24	11	4	5
1	0	28	806	23	9	4	5
0	0	28	808	3	29	4	5
1	0	28	832	24	15	4	5
1	0	28	832	23	15	4	5
0	0	28	834	3	34	4	5
1	0	28	809	23	7	4	6
1	0	28	810	23	8	4	6
1	0	28	812	23	10	4	6
1	0	28	813	24	13	4	6
1	0	28	814	23	11	4	6
0	0	28	815	3	18	4	6
0	0	28	816	3	25	4	6
0	0	28	817	3	19	4	6
0	0	28	818	3	20	4	6
1	0	28	819	23	3	4	6
0	0	28	820	3	22	4	6
1	0	28	821	23	4	4	6
0	0	28	822	3	24	4	6
1	0	28	823	24	7	4	6
1	0	28	824	23	5	4	6
1	0	28	825	24	11	4	6
1	0	28	826	23	9	4	6
1	0	28	827	23	12	4	6
0	0	28	828	3	29	4	6
1	0	28	829	24	15	4	6
1	0	28	829	23	15	4	6
0	0	28	831	3	34	4	6
1	0	28	835	23	7	4	3
1	0	28	836	23	8	4	3
1	0	28	838	23	10	4	3
1	0	28	839	24	13	4	3
1	0	28	840	23	11	4	3
0	0	28	842	3	25	4	3
0	0	28	843	3	19	4	3
0	0	28	844	3	20	4	3
1	0	28	845	23	3	4	3
0	0	28	846	3	22	4	3
1	0	28	847	23	4	4	3
0	0	28	848	3	24	4	3
1	0	28	849	24	7	4	3
1	0	28	850	23	5	4	3
1	0	28	851	24	11	4	3
1	0	28	852	23	9	4	3
1	0	28	853	23	12	4	3
0	0	28	854	3	29	4	3
1	0	28	855	24	15	4	3
1	0	28	855	23	15	4	3
0	0	28	857	3	34	4	3
1	0	28	858	23	7	4	4
1	0	28	859	23	8	4	4
1	0	28	860	23	10	4	4
1	0	28	861	24	13	4	4
1	0	28	862	23	11	4	4
0	0	28	863	3	25	4	4
0	0	28	864	3	19	4	4
0	0	28	865	3	20	4	4
1	0	28	867	23	4	4	4
0	0	28	868	3	24	4	4
1	0	28	869	24	7	4	4
1	0	28	870	23	5	4	4
1	0	28	871	24	11	4	4
1	0	28	872	23	9	4	4
1	0	28	873	23	12	4	4
0	0	28	874	3	29	4	4
0	0	28	866	3	22	4	4
1	0	28	878	23	3	4	4
1	0	28	875	24	15	4	4
1	0	28	875	23	15	4	4
0	0	28	877	3	34	4	4
0	0	28	779	3	19	4	7
0	0	28	780	3	20	4	7
1	0	28	777	23	3	4	7
0	0	28	783	3	22	4	7
1	0	28	781	23	4	4	7
0	0	28	782	3	24	4	7
1	0	28	784	24	7	4	7
1	0	28	785	23	5	4	7
1	0	28	786	24	11	4	7
1	0	28	787	23	9	4	7
0	0	28	788	3	29	4	7
3	0	24	879	2	2	0	0
3	0	24	880	2	3	0	0
3	0	24	881	2	4	0	0
3	0	24	882	2	5	0	0
3	0	24	883	2	6	0	0
3	0	24	884	2	7	0	0
3	0	24	885	2	8	0	0
3	0	25	886	1	1	2	2
3	0	25	887	1	2	2	2
3	0	25	888	1	3	2	2
3	0	25	889	1	4	2	2
3	0	25	890	1	5	2	2
3	0	25	891	1	6	2	2
3	0	25	892	1	7	2	2
3	0	25	893	1	8	2	2
3	0	25	894	1	9	2	2
3	0	25	895	1	1	2	3
3	0	25	896	1	2	2	3
3	0	25	897	1	3	2	3
3	0	25	898	1	4	2	3
3	0	25	899	1	5	2	3
3	0	25	900	1	6	2	3
3	0	25	901	1	7	2	3
3	0	25	902	1	8	2	3
3	0	25	903	1	9	2	3
3	0	25	904	1	1	2	4
3	0	25	905	1	2	2	4
3	0	25	906	1	3	2	4
3	0	25	907	1	4	2	4
3	0	25	908	1	5	2	4
3	0	25	909	1	6	2	4
3	0	25	910	1	7	2	4
3	0	25	911	1	8	2	4
3	0	25	912	1	9	2	4
3	0	25	913	1	1	2	5
3	0	25	914	1	2	2	5
3	0	25	915	1	3	2	5
3	0	25	916	1	4	2	5
3	0	25	917	1	5	2	5
3	0	25	918	1	6	2	5
3	0	25	919	1	7	2	5
3	0	25	920	1	8	2	5
3	0	25	921	1	9	2	5
3	0	25	922	1	1	2	6
3	0	25	923	1	2	2	6
3	0	25	924	1	3	2	6
3	0	25	925	1	4	2	6
3	0	25	926	1	5	2	6
3	0	25	927	1	6	2	6
3	0	25	928	1	7	2	6
3	0	25	929	1	8	2	6
3	0	25	930	1	9	2	6
3	0	25	931	1	1	2	7
3	0	25	932	1	2	2	7
3	0	25	933	1	3	2	7
3	0	25	934	1	4	2	7
3	0	25	935	1	5	2	7
3	0	25	936	1	6	2	7
3	0	25	937	1	7	2	7
3	0	25	938	1	8	2	7
3	0	25	939	1	9	2	7
3	0	25	940	1	1	2	8
3	0	25	941	1	2	2	8
3	0	25	942	1	3	2	8
3	0	25	943	1	4	2	8
3	0	25	944	1	5	2	8
3	0	25	945	1	6	2	8
3	0	25	946	1	7	2	8
3	0	25	947	1	8	2	8
3	0	25	948	1	9	2	8
3	0	28	949	3	2	2	4
3	0	28	950	3	3	2	4
3	0	28	951	3	4	2	4
3	0	28	952	3	5	2	4
3	0	28	953	3	6	2	4
3	0	28	954	3	7	2	4
3	0	28	955	3	8	2	4
3	0	28	956	3	9	2	4
3	0	28	957	3	1	2	4
3	0	28	958	3	1	2	2
3	0	28	959	3	2	2	2
3	0	28	960	3	3	2	2
3	0	28	961	3	4	2	2
3	0	28	962	3	5	2	2
3	0	28	963	3	6	2	2
3	0	28	964	3	7	2	2
3	0	28	965	3	8	2	2
3	0	28	966	3	9	2	2
3	0	28	967	3	1	2	3
3	0	28	968	3	2	2	3
3	0	28	969	3	3	2	3
3	0	28	970	3	4	2	3
3	0	28	971	3	5	2	3
3	0	28	972	3	6	2	3
3	0	28	973	3	7	2	3
3	0	28	974	3	8	2	3
3	0	28	975	3	9	2	3
3	0	28	976	3	1	2	5
3	0	28	977	3	2	2	5
3	0	28	978	3	3	2	5
3	0	28	979	3	4	2	5
3	0	28	980	3	5	2	5
3	0	28	981	3	6	2	5
3	0	28	982	3	7	2	5
3	0	28	983	3	8	2	5
3	0	28	984	3	9	2	5
3	0	28	985	3	1	2	6
3	0	28	986	3	2	2	6
3	0	28	987	3	3	2	6
3	0	28	988	3	4	2	6
3	0	28	989	3	5	2	6
3	0	28	990	3	6	2	6
3	0	28	991	3	7	2	6
3	0	28	992	3	8	2	6
3	0	28	993	3	9	2	6
3	0	28	994	3	1	2	1
3	0	28	995	3	2	2	1
3	0	28	996	3	3	2	1
3	0	28	997	3	4	2	1
3	0	28	998	3	5	2	1
3	0	28	999	3	6	2	1
3	0	28	1000	3	7	2	1
3	0	28	1001	3	8	2	1
3	0	28	1002	3	9	2	1
3	0	28	1003	3	1	2	7
3	0	28	1004	3	2	2	7
3	0	28	1005	3	3	2	7
3	0	28	1006	3	4	2	7
3	0	28	1007	3	5	2	7
3	0	28	1008	3	6	2	7
3	0	28	1009	3	7	2	7
3	0	28	1010	3	8	2	7
3	0	28	1011	3	9	2	7
3	0	28	1012	3	1	2	8
3	0	28	1013	3	2	2	8
3	0	28	1014	3	3	2	8
3	0	28	1015	3	4	2	8
3	0	28	1016	3	5	2	8
3	0	28	1017	3	6	2	8
3	0	28	1018	3	7	2	8
3	0	28	1019	3	8	2	8
1	0	25	1021	22	1	2	4
1	0	25	1022	22	2	2	4
1	0	25	1023	21	2	2	4
1	0	25	1024	22	3	2	4
1	0	25	1025	22	4	2	4
1	0	25	1026	22	5	2	4
1	0	25	1027	22	6	2	4
1	0	25	1028	21	6	2	4
1	0	25	1029	22	1	2	5
1	0	25	1030	22	2	2	5
1	0	25	1031	21	2	2	5
1	0	25	1032	22	3	2	5
1	0	25	1033	22	4	2	5
1	0	25	1034	22	5	2	5
1	0	25	1035	22	6	2	5
1	0	25	1036	21	6	2	5
1	0	25	1037	22	1	2	6
1	0	25	1038	22	2	2	6
1	0	25	1039	21	2	2	6
1	0	25	1040	22	3	2	6
1	0	25	1041	22	4	2	6
1	0	25	1042	22	5	2	6
1	0	25	1043	22	6	2	6
1	0	25	1044	21	6	2	6
1	0	25	1045	22	1	2	7
1	0	25	1046	22	2	2	7
1	0	25	1047	21	2	2	7
1	0	25	1048	22	3	2	7
1	0	25	1049	22	4	2	7
1	0	25	1050	22	5	2	7
1	0	25	1051	22	6	2	7
1	0	25	1052	21	6	2	7
1	0	24	1053	2	4	0	0
1	0	24	1054	2	5	0	0
1	0	24	1055	2	6	0	0
1	0	24	1056	2	7	0	0
3	0	39	1068	5	10	2	1
3	0	39	1069	5	3	2	1
3	0	39	1070	5	4	2	1
3	0	39	1071	5	5	2	1
0	0	39	1072	5	2	2	1
0	0	39	1073	1	6	2	1
3	0	39	1074	5	10	2	2
3	0	39	1075	5	2	14	1
3	0	39	1076	5	3	2	2
3	0	39	1077	5	4	2	2
3	0	39	1078	5	5	2	2
0	0	39	1079	5	6	2	2
3	0	39	1080	5	10	2	3
3	0	39	1081	5	2	14	2
3	0	39	1082	5	3	2	3
3	0	39	1083	5	4	2	3
3	0	39	1084	5	5	2	3
0	0	39	1085	5	6	2	3
3	0	39	1086	5	10	2	4
0	0	39	1087	5	2	14	3
3	0	39	1088	5	3	2	4
3	0	39	1089	5	4	2	4
3	0	39	1090	5	5	2	4
3	0	39	1091	5	6	13	1
3	0	39	1092	5	10	2	5
0	0	39	1093	5	2	14	4
3	0	39	1094	5	3	2	5
3	0	39	1095	5	4	2	5
3	0	39	1096	5	5	2	5
3	0	39	1097	5	6	13	2
3	0	39	1098	5	10	2	6
3	0	39	1099	5	2	14	5
3	0	39	1100	5	3	2	6
3	0	39	1101	5	4	2	6
3	0	39	1102	5	5	2	6
3	0	39	1103	5	6	13	3
3	0	39	1104	5	10	2	7
3	0	39	1105	5	2	14	6
3	0	39	1106	5	3	2	7
3	0	39	1107	5	4	2	7
3	0	39	1108	5	5	2	7
3	0	39	1109	5	6	13	4
3	0	39	1110	5	10	2	8
3	0	39	1111	5	2	14	7
3	0	39	1112	5	3	2	8
3	0	39	1113	5	4	2	8
3	0	39	1114	5	5	2	8
0	0	39	1115	5	6	2	8
3	0	39	1116	5	2	14	8
3	0	39	1117	5	2	14	9
3	0	39	1118	5	6	13	5
3	0	39	1119	5	2	14	10
0	0	39	1120	5	6	13	6
0	1	28	1342	3	1	4	1
1	1	25	311	22	1	2	1
1	1	25	312	22	2	2	1
1	1	25	1408	22	3	2	1
1	1	25	1409	22	4	2	1
1	1	25	1410	21	3	2	1
1	1	25	1411	21	4	2	1
1	1	25	1412	22	5	2	1
1	1	25	1413	22	6	2	1
1	1	25	1414	21	6	2	1
1	1	25	1415	22	1	2	7
1	1	25	1416	22	2	2	7
1	1	25	1417	22	3	2	7
1	1	25	1418	22	4	2	7
1	1	25	1419	21	3	2	7
1	1	25	1420	21	4	2	7
1	1	25	1421	22	5	2	7
1	1	25	1422	22	6	2	7
1	1	25	1423	21	6	2	7
1	1	24	1426	2	3	0	0
1	1	24	1427	2	4	0	0
1	1	24	1428	2	5	0	0
1	1	24	1429	2	6	0	0
1	1	24	1424	2	7	0	0
1	1	25	1430	22	1	2	2
1	1	25	1431	22	2	2	2
1	1	25	1432	22	3	2	2
1	1	25	1433	22	4	2	2
1	1	25	1434	21	3	2	2
1	1	25	1435	21	4	2	2
1	1	25	1436	22	5	2	2
1	1	25	1437	22	6	2	2
1	1	25	1438	21	6	2	2
1	1	25	1439	22	1	2	3
1	1	25	1440	22	2	2	3
1	1	25	1441	22	3	2	3
1	1	25	1442	22	4	2	3
1	1	25	1443	21	3	2	3
1	1	25	1444	21	4	2	3
1	1	25	1445	22	5	2	3
1	1	25	1446	22	6	2	3
1	1	25	2375	22	7	2	3
1	1	25	1448	22	1	2	4
1	1	25	1449	22	2	2	4
1	1	25	1450	22	3	2	4
1	1	25	1451	22	4	2	4
1	1	25	1452	21	3	2	4
1	1	25	1453	21	4	2	4
1	1	25	1454	22	5	2	4
1	1	25	1455	22	6	2	4
1	1	25	1456	21	6	2	4
1	1	25	1457	22	1	2	5
1	1	25	1458	22	2	2	5
1	1	25	1459	22	3	2	5
1	1	25	1460	22	4	2	5
1	1	25	1461	21	3	2	5
1	1	25	1462	21	4	2	5
1	1	25	1463	22	5	2	5
1	1	25	1464	22	6	2	5
1	1	25	1465	21	6	2	5
1	1	25	1466	22	1	2	6
1	1	25	1467	22	2	2	6
1	1	25	1468	22	3	2	6
1	1	25	1469	22	4	2	6
1	1	25	1470	21	3	2	6
1	1	25	1471	21	4	2	6
1	1	25	1472	22	5	2	6
1	1	25	1473	22	6	2	6
1	1	25	1474	21	6	2	6
1	1	28	1475	23	8	4	2
1	1	28	1476	23	9	4	2
1	1	28	1477	23	10	4	2
1	1	28	1478	24	9	4	2
1	1	28	1479	24	10	4	2
1	1	28	310	24	1	4	1
1	1	28	1480	24	2	4	1
1	1	28	1481	23	2	4	1
1	1	28	1482	24	3	4	1
1	1	28	1483	24	4	4	1
1	1	28	1484	24	5	4	1
1	1	28	1485	24	6	4	1
1	1	28	1486	23	4	4	1
1	1	28	1487	23	5	4	1
1	1	28	1488	24	7	4	1
1	1	28	1489	23	6	4	1
1	1	28	1490	23	7	4	1
1	1	28	1491	24	8	4	1
1	1	28	1492	23	8	4	1
1	1	28	1493	23	9	4	1
1	1	28	1494	23	10	4	1
1	1	28	1495	24	9	4	1
1	1	28	1496	24	10	4	1
1	1	28	1515	24	1	4	7
1	1	28	1516	24	2	4	7
1	1	28	1517	23	2	4	7
1	1	28	1518	24	3	4	7
1	1	28	1519	24	4	4	7
1	1	28	1520	24	5	4	7
1	1	28	1521	24	6	4	7
1	1	28	1522	23	4	4	7
1	1	28	1523	23	5	4	7
1	1	28	1524	24	7	4	7
1	1	28	1525	23	6	4	7
1	1	28	1526	23	7	4	7
1	1	28	1527	24	8	4	7
1	1	28	1528	23	8	4	7
1	1	28	1529	23	9	4	7
1	1	28	1530	23	10	4	7
1	1	28	1531	24	9	4	7
1	1	28	1532	24	10	4	7
1	1	28	1533	24	1	4	3
1	1	28	1534	24	2	4	3
1	1	28	1535	23	2	4	3
1	1	28	1536	24	3	4	3
1	1	28	1537	24	4	4	3
1	1	28	1538	24	5	4	3
1	1	28	1539	24	6	4	3
1	1	28	1540	23	4	4	3
1	1	28	1541	23	5	4	3
1	1	28	1542	24	7	4	3
1	1	28	1543	23	6	4	3
1	1	28	1544	23	7	4	3
1	1	28	1545	24	8	4	3
1	1	28	1546	23	8	4	3
1	1	28	1547	23	9	4	3
1	1	28	1548	23	10	4	3
1	1	28	1549	24	9	4	3
1	1	28	1550	24	10	4	3
1	1	28	1497	24	1	4	4
1	1	28	1498	24	2	4	4
1	1	28	1499	23	2	4	4
1	1	28	1500	24	3	4	4
1	1	28	1501	24	4	4	4
1	1	28	1502	24	5	4	4
1	1	28	1503	24	6	4	4
1	1	28	1504	23	4	4	4
1	1	28	1505	23	5	4	4
1	1	28	1506	24	7	4	4
1	1	28	1507	23	6	4	4
1	1	28	1508	23	7	4	4
1	1	28	1509	24	8	4	4
1	1	28	1510	23	8	4	4
1	1	28	1511	23	9	4	4
1	1	28	1512	23	10	4	4
1	1	28	1513	24	9	4	4
1	1	28	1514	24	10	4	4
1	1	28	1569	24	1	4	5
1	1	28	1570	24	2	4	5
1	1	28	1571	23	2	4	5
1	1	28	1572	24	3	4	5
1	1	28	1573	24	4	4	5
1	1	28	1574	24	5	4	5
1	1	28	1575	24	6	4	5
1	1	28	1576	23	4	4	5
1	1	28	1577	23	5	4	5
1	1	28	1578	24	7	4	5
1	1	28	1579	23	6	4	5
1	1	28	1580	23	7	4	5
1	1	28	1581	24	8	4	5
1	1	28	1582	23	8	4	5
1	1	28	1583	23	9	4	5
1	1	28	1584	23	10	4	5
1	1	28	1585	24	9	4	5
1	1	28	1586	24	10	4	5
1	1	28	1551	24	1	4	6
1	1	28	1552	24	2	4	6
1	1	28	1553	23	2	4	6
1	1	28	1554	24	3	4	6
1	1	28	1555	24	4	4	6
1	1	28	1556	24	5	4	6
1	1	28	1557	24	6	4	6
1	1	28	1558	23	4	4	6
1	1	28	1559	23	5	4	6
1	1	28	1560	24	7	4	6
1	1	28	1561	23	6	4	6
1	1	28	1562	23	7	4	6
1	1	28	1563	24	8	4	6
1	1	28	1564	23	8	4	6
1	1	28	1565	23	9	4	6
1	1	28	1566	23	10	4	6
1	1	28	1567	24	9	4	6
1	1	28	1568	24	10	4	6
1	1	26	1587	0	0	7	3
3	0	26	1589	0	0	7	2
5	0	25	1624	1	1	2	1
5	0	25	1625	1	2	2	1
5	0	25	1626	1	3	2	1
5	0	25	1627	1	4	2	1
5	0	25	1628	1	5	2	1
5	0	25	1629	1	6	2	1
5	0	25	1630	1	7	2	1
5	0	24	1631	2	1	0	0
5	0	26	1871	1	1	7	1
4	0	27	1633	10	1	0	0
4	0	25	1635	1	2	2	1
4	0	25	1636	1	3	2	1
4	0	25	1637	1	4	2	1
4	0	25	1638	1	5	2	1
4	0	25	1639	1	6	2	1
4	0	25	1640	1	7	2	1
4	0	25	1641	1	8	2	1
4	0	25	1642	1	9	2	1
4	0	24	1643	2	2	0	0
4	0	24	1644	2	3	0	0
4	0	24	1645	2	4	0	0
4	0	24	1646	2	5	0	0
4	0	24	1647	2	6	0	0
4	0	24	1648	2	7	0	0
4	0	24	1649	2	8	0	0
4	0	25	1650	1	1	2	2
4	0	25	1651	1	2	2	2
4	0	25	1652	1	3	2	2
4	0	25	1653	1	4	2	2
4	0	25	1654	1	5	2	2
4	0	25	1655	1	6	2	2
4	0	25	1656	1	7	2	2
4	0	25	1657	1	8	2	2
4	0	25	1658	1	9	2	2
4	0	25	1659	1	1	2	3
4	0	25	1660	1	2	2	3
4	0	25	1661	1	3	2	3
4	0	25	1662	1	4	2	3
4	0	25	1663	1	5	2	3
4	0	25	1664	1	6	2	3
4	0	25	1665	1	7	2	3
4	0	25	1666	1	8	2	3
4	0	25	1667	1	9	2	3
4	0	25	1668	1	1	2	4
4	0	25	1669	1	2	2	4
4	0	25	1670	1	3	2	4
4	0	25	1671	1	4	2	4
4	0	25	1672	1	5	2	4
4	0	25	1673	1	6	2	4
4	0	25	1674	1	7	2	4
4	0	25	1675	1	8	2	4
4	0	25	1676	1	9	2	4
4	0	25	1677	1	1	2	5
4	0	25	1678	1	2	2	5
4	0	25	1679	1	3	2	5
4	0	25	1680	1	4	2	5
4	0	25	1681	1	5	2	5
4	0	25	1682	1	6	2	5
4	0	25	1683	1	7	2	5
4	0	25	1684	1	8	2	5
4	0	25	1685	1	9	2	5
4	0	25	1686	1	1	2	6
4	0	25	1687	1	2	2	6
4	0	25	1688	1	3	2	6
4	0	25	1689	1	4	2	6
4	0	25	1690	1	5	2	6
4	0	25	1691	1	6	2	6
4	0	25	1692	1	7	2	6
4	0	25	1693	1	8	2	6
4	0	25	1694	1	9	2	6
4	0	25	1695	1	1	2	7
4	0	25	1696	1	2	2	7
4	0	25	1697	1	3	2	7
4	0	25	1698	1	4	2	7
4	0	25	1699	1	5	2	7
4	0	25	1700	1	6	2	7
4	0	25	1701	1	7	2	7
4	0	25	1702	1	8	2	7
4	0	25	1703	1	9	2	7
4	0	25	1704	1	1	2	8
4	0	25	1705	1	2	2	8
4	0	25	1706	1	3	2	8
4	0	25	1707	1	4	2	8
4	0	25	1708	1	5	2	8
4	0	25	1709	1	6	2	8
4	0	25	1710	1	7	2	8
4	0	25	1711	1	8	2	8
4	0	26	1728	7	1	1	2
4	0	26	1729	7	1	1	3
4	0	26	1730	7	1	1	4
4	0	26	1731	7	1	1	5
4	0	26	1732	7	1	1	6
4	0	26	1733	7	1	1	7
4	0	26	1734	7	1	1	8
4	0	28	1721	3	2	4	1
4	0	28	1722	3	3	4	1
4	0	28	1723	3	4	4	1
4	0	28	1724	3	5	4	1
4	0	28	1725	3	6	4	1
4	0	28	1735	3	7	4	1
4	0	28	1726	3	8	4	1
4	0	28	1727	3	9	4	1
4	0	27	1713	10	2	0	0
4	0	27	1714	10	3	0	0
4	0	27	1715	10	4	0	0
4	0	27	1716	10	5	0	0
4	0	27	1717	10	6	0	0
4	0	27	1718	10	7	0	0
4	0	27	1719	10	8	0	0
4	0	27	1720	10	9	0	0
3	0	39	1837	5	1	0	1
13	0	25	567	1	5	18	1
13	0	25	570	1	8	18	1
4	1	27	2204	10	1	4	1
1	0	25	1751	22	7	2	1
1	0	25	1752	22	8	2	1
1	0	25	1753	21	8	2	1
4	1	24	4928	2	2	0	0
4	1	25	2356	1	2	2	1
5	0	25	1770	1	8	2	1
5	0	25	1771	1	9	2	1
5	0	27	1773	12	1	0	0
5	0	27	1774	12	2	0	0
5	0	27	1775	12	3	0	0
5	0	27	1776	12	4	0	0
5	0	27	1777	12	5	0	0
5	0	27	1778	12	6	0	0
5	0	27	1779	12	7	0	0
5	0	27	1780	12	8	0	0
5	0	27	1781	12	9	0	0
5	0	27	1782	12	10	0	0
1	0	25	1783	22	7	2	7
1	0	25	1784	22	8	2	7
1	0	25	1800	21	8	2	7
1	0	25	1785	22	7	2	6
1	0	25	1786	22	8	2	6
1	0	25	1787	21	8	2	6
1	0	25	1788	22	7	2	5
1	0	25	1789	22	8	2	5
1	0	25	1790	21	8	2	5
1	0	25	1791	22	7	2	4
1	0	25	1792	22	8	2	4
1	0	25	1793	21	8	2	4
1	0	25	1794	22	7	2	2
1	0	25	1795	22	8	2	2
1	0	25	1796	21	8	2	2
1	0	25	1797	22	7	2	3
1	0	25	1798	22	8	2	3
1	0	25	1799	21	8	2	3
1	0	39	1801	20	2	4	1
1	0	39	1802	20	3	4	1
1	0	39	1803	20	4	4	1
1	0	39	1804	20	6	4	1
1	0	39	1805	20	2	4	2
1	0	39	1806	20	3	4	2
1	0	39	1807	20	4	4	2
1	0	39	1808	20	6	4	2
1	0	39	1809	20	2	4	7
1	0	39	1810	20	3	4	7
1	0	39	1811	20	4	4	7
1	0	39	1812	20	6	4	7
1	0	39	1813	20	7	4	5
1	0	39	1814	20	2	4	5
1	0	39	1815	20	3	4	5
1	0	39	1816	20	4	4	5
1	0	39	1817	20	5	4	5
1	0	39	1818	20	6	4	5
1	0	39	1819	20	7	4	6
1	0	39	1820	20	2	4	6
1	0	39	1821	20	3	4	6
1	0	39	1822	20	4	4	6
1	0	39	1823	20	5	4	6
1	0	39	1824	20	6	4	6
1	0	39	1825	20	7	4	3
1	0	39	1826	20	2	4	3
1	0	39	1827	20	3	4	3
1	0	39	1828	20	4	4	3
1	0	39	1829	20	5	4	3
1	0	39	1830	20	6	4	3
1	0	39	1831	20	7	4	4
1	0	39	1832	20	2	4	4
1	0	39	1833	20	3	4	4
1	0	39	1834	20	4	4	4
1	0	39	1835	20	5	4	4
1	0	39	1836	20	6	4	4
1	0	39	0	20	1	4	5
1	0	39	0	20	1	4	6
1	0	39	0	20	1	4	3
1	0	39	0	20	1	4	4
0	0	39	1838	5	1	0	2
0	0	39	1839	5	1	0	3
0	0	39	1840	5	1	2	4
0	0	39	1841	5	1	2	5
0	0	39	1842	5	1	2	6
0	0	39	1843	5	1	2	7
0	0	39	1736	5	1	0	8
5	0	39	2553	5	10	4	5
5	0	39	1846	5	2	4	3
5	0	39	1847	5	3	4	3
5	0	39	1848	5	4	4	3
5	0	39	1849	5	5	4	3
5	0	39	1850	5	6	4	3
5	0	39	1851	5	7	4	3
5	0	39	1852	5	8	4	3
5	0	39	1853	5	9	4	3
5	0	39	2552	5	1	0	1
5	0	28	1854	3	1	4	3
5	0	28	1855	3	2	4	3
5	0	28	1856	3	3	4	3
5	0	28	1857	3	4	2	1
5	0	28	1858	3	5	2	1
5	0	28	1859	3	6	4	3
5	0	28	1860	3	7	2	1
5	0	28	1861	3	8	2	1
5	0	28	3160	3	12	0	0
5	0	26	1872	1	2	7	1
5	0	26	1873	1	3	7	1
5	0	26	1874	1	4	7	1
5	0	26	1875	1	5	7	1
5	0	26	1876	1	6	7	1
5	0	26	1877	1	7	7	1
5	0	26	1878	1	8	7	1
5	0	26	1879	1	9	7	1
4	1	28	5716	3	2	4	1
4	0	28	1947	3	1	4	2
4	0	28	1948	3	2	4	2
4	0	28	1949	3	3	4	2
4	0	28	1950	3	4	4	2
4	0	28	1951	3	5	4	2
4	0	28	1952	3	6	4	2
4	0	28	1953	3	7	4	2
4	0	28	1954	3	8	4	2
4	0	28	1955	3	9	4	2
4	0	28	1956	3	1	4	3
4	0	28	1957	3	2	4	3
4	0	28	1958	3	3	4	3
4	0	28	1959	3	4	4	3
4	0	28	1960	3	5	4	3
4	0	28	1961	3	6	4	3
4	0	28	1962	3	7	4	3
4	0	28	1963	3	8	4	3
4	0	28	1964	3	9	4	3
4	0	28	1965	3	1	4	4
4	0	28	1966	3	2	4	4
4	0	28	1967	3	3	4	4
4	0	28	1968	3	4	4	4
4	0	28	1969	3	5	4	4
4	0	28	1970	3	6	4	4
4	0	28	1971	3	7	4	4
4	0	28	1982	3	8	4	4
4	0	28	1972	3	9	4	4
4	0	28	1973	3	1	4	5
4	0	28	1974	3	2	4	5
4	0	28	1975	3	3	4	5
4	0	28	1976	3	4	4	5
4	0	28	1977	3	5	4	5
4	0	28	1978	3	6	4	5
4	0	28	1979	3	7	4	5
4	0	28	1980	3	8	4	5
4	0	28	1981	3	9	4	5
4	0	28	1983	3	1	4	6
4	0	28	1984	3	2	4	6
4	0	28	1985	3	3	4	6
4	0	28	1986	3	4	4	6
4	0	28	1987	3	5	4	6
4	0	28	1988	3	6	4	6
4	0	28	1989	3	7	4	6
4	0	28	1990	3	8	4	6
4	0	28	1991	3	9	4	6
4	0	28	1992	3	1	4	7
4	0	28	1993	3	2	4	7
4	0	28	1994	3	3	4	7
4	0	28	1995	3	4	4	7
4	0	28	1996	3	5	4	7
4	0	28	1997	3	6	4	7
4	0	28	1998	3	7	4	7
4	0	28	1999	3	8	4	7
4	0	28	2000	3	9	4	7
4	0	28	2001	3	1	4	8
4	0	28	2002	3	2	4	8
4	0	28	2003	3	3	4	8
4	0	28	2004	3	4	4	8
4	0	28	2005	3	5	4	8
4	0	28	2006	3	6	4	8
4	0	28	2007	3	7	4	8
4	0	28	2008	3	8	4	8
4	0	28	2009	3	9	4	8
4	0	28	2010	3	1	4	9
4	0	28	2011	3	2	4	9
4	0	28	2012	3	3	4	9
4	0	28	2013	3	4	4	9
4	0	28	2014	3	5	4	9
4	0	28	2015	3	6	4	9
4	0	28	2016	3	7	4	9
4	0	28	2017	3	8	4	9
4	0	28	2018	3	9	4	9
5	0	24	2019	2	2	0	0
5	0	24	2020	2	3	0	0
5	0	24	2021	2	4	0	0
5	0	24	2022	2	5	0	0
5	0	24	2023	2	6	0	0
5	0	24	2024	2	7	0	0
5	0	24	2025	2	8	0	0
5	0	25	2026	1	1	2	2
5	0	25	2027	1	2	2	2
5	0	25	2028	1	3	2	2
5	0	25	2029	1	4	2	2
5	0	25	2030	1	5	2	2
5	0	25	2031	1	6	2	2
5	0	25	2032	1	7	2	2
5	0	25	2033	1	8	2	2
5	0	25	2034	1	9	2	2
5	0	25	2035	1	1	2	3
5	0	25	2036	1	2	2	3
5	0	25	2037	1	3	2	3
5	0	25	2038	1	4	2	3
5	0	25	2039	1	5	2	3
5	0	25	2040	1	6	2	3
5	0	25	2041	1	7	2	3
5	0	25	2042	1	8	2	3
5	0	25	2043	1	9	2	3
5	0	25	2044	1	1	2	4
5	0	25	2045	1	2	2	4
5	0	25	2046	1	3	2	4
5	0	25	2047	1	4	2	4
5	0	25	2048	1	5	2	4
5	0	25	2049	1	6	2	4
5	0	25	2050	1	7	2	4
5	0	25	2051	1	8	2	4
5	0	25	2052	1	9	2	4
5	0	25	2053	1	1	2	5
5	0	25	2054	1	2	2	5
5	0	25	2055	1	3	2	5
5	0	25	2056	1	4	2	5
5	0	25	2057	1	5	2	5
5	0	25	2058	1	6	2	5
5	0	25	2059	1	7	2	5
5	0	25	2060	1	8	2	5
5	0	25	2061	1	9	2	5
5	0	25	2062	1	1	2	6
5	0	25	2063	1	2	2	6
5	0	25	2064	1	3	2	6
5	0	25	2065	1	4	2	6
5	0	25	2066	1	5	2	6
5	0	25	2067	1	6	2	6
5	0	25	2068	1	7	2	6
5	0	25	2069	1	8	2	6
5	0	25	2070	1	9	2	6
5	0	25	2071	1	1	2	7
5	0	25	2072	1	2	2	7
5	0	25	2073	1	3	2	7
5	0	25	2074	1	4	2	7
5	0	25	2075	1	5	2	7
5	0	25	2076	1	6	2	7
5	0	25	2077	1	7	2	7
5	0	25	2078	1	8	2	7
5	0	25	2079	1	9	2	7
5	0	25	2080	1	1	2	8
5	0	25	2081	1	2	2	8
5	0	25	2082	1	3	2	8
5	0	25	2083	1	4	2	8
5	0	25	2084	1	5	2	8
5	0	25	2085	1	6	2	8
5	0	25	2086	1	7	2	8
5	0	25	2087	1	8	2	8
5	0	25	2088	1	9	2	8
4	1	28	5717	3	3	4	1
4	1	28	5718	3	4	4	1
4	1	28	5719	3	5	4	1
4	1	28	5720	3	6	4	1
4	1	28	5721	3	7	4	1
4	1	28	5722	3	8	4	1
13	0	24	2101	18	2	0	0
13	0	24	2102	18	3	0	0
13	0	24	2103	18	4	0	0
13	0	24	2104	18	5	0	0
13	0	24	2105	18	6	0	0
13	0	24	2106	18	7	0	0
13	0	24	2107	18	8	0	0
13	0	24	2108	18	9	0	0
13	0	25	2109	1	1	18	2
13	0	25	2110	1	2	18	2
13	0	25	2111	1	3	18	2
13	0	25	2112	1	4	18	2
13	0	25	2113	1	5	18	2
13	0	25	2114	1	6	18	2
13	0	25	2115	1	7	18	2
13	0	25	2116	1	8	18	2
13	0	25	2117	1	9	18	2
13	0	25	2118	1	1	18	3
13	0	25	2119	1	2	18	3
13	0	25	2120	1	3	18	3
13	0	25	2121	1	4	18	3
13	0	25	2122	1	5	18	3
13	0	25	2126	1	6	18	3
13	0	25	2123	1	7	18	3
13	0	25	2124	1	8	18	3
13	0	25	2125	1	9	18	3
13	0	25	2127	1	1	18	4
13	0	25	2128	1	2	18	4
13	0	25	2129	1	3	18	4
13	0	25	2130	1	4	18	4
13	0	25	2131	1	5	18	4
13	0	25	2132	1	6	18	4
13	0	25	2133	1	7	18	4
13	0	25	2134	1	8	18	4
13	0	25	2135	1	9	18	4
13	0	25	2136	1	1	18	5
13	0	25	2137	1	2	18	5
13	0	25	2138	1	3	18	5
13	0	25	2139	1	4	18	5
13	0	25	2140	1	5	18	5
13	0	25	2141	1	6	18	5
13	0	25	2142	1	7	18	5
13	0	25	2143	1	8	18	5
13	0	25	2144	1	9	18	5
13	0	25	2145	1	1	18	6
13	0	25	2146	1	2	18	6
13	0	25	2147	1	3	18	6
13	0	25	2148	1	4	18	6
13	0	25	2149	1	5	18	6
13	0	25	2150	1	6	18	6
13	0	25	2151	1	7	18	6
13	0	25	2152	1	8	18	6
13	0	25	2153	1	9	18	6
13	0	25	2154	1	1	18	7
13	0	25	2155	1	2	18	7
13	0	25	2156	1	3	18	7
13	0	25	2157	1	4	18	7
13	0	25	2158	1	5	18	7
13	0	25	2159	1	6	18	7
13	0	25	2160	1	7	18	7
13	0	25	2161	1	8	18	7
13	0	25	2162	1	9	18	7
13	0	25	2163	1	1	18	8
13	0	25	2164	1	2	18	8
13	0	25	2165	1	3	18	8
13	0	25	2166	1	4	18	8
13	0	25	2167	1	5	18	8
13	0	25	2168	1	6	18	8
13	0	25	2169	1	7	18	8
13	0	25	2170	1	8	18	8
13	0	25	2171	1	9	18	8
13	0	25	2172	1	1	18	9
13	0	25	2173	1	2	18	9
13	0	25	2180	1	3	18	9
13	0	25	2174	1	4	18	9
13	0	25	2175	1	5	18	9
13	0	25	2176	1	6	18	9
13	0	25	2177	1	7	18	9
13	0	25	2178	1	8	18	9
13	0	25	2179	1	9	18	9
0	0	39	2181	5	11	6	1
13	0	39	2182	5	2	18	2
0	0	39	2183	5	3	6	1
13	0	39	2184	5	4	18	2
13	0	39	2185	5	5	18	2
13	0	39	2186	5	6	18	2
13	0	39	2187	5	7	18	2
13	0	39	2188	5	8	18	2
13	0	39	2189	5	9	18	2
13	0	39	2190	5	3	18	2
13	0	39	2191	5	1	0	1
13	0	28	2196	3	1	18	2
13	0	28	2197	3	2	18	2
13	0	28	2198	3	3	18	2
13	0	28	2199	3	4	18	2
13	0	28	2200	3	5	18	2
13	0	28	2201	3	6	18	2
13	0	28	2202	3	7	18	2
13	0	28	2203	3	8	18	2
4	1	27	2205	10	2	0	1
4	1	27	2206	10	3	4	1
4	1	27	2207	10	4	0	1
4	1	27	2208	10	5	4	1
4	1	27	2209	10	6	4	1
4	1	27	2210	10	7	4	1
4	1	27	2211	10	8	4	1
4	1	27	2212	10	9	4	1
3	1	28	2217	3	1	2	1
3	1	28	2218	3	2	2	1
3	1	28	2219	3	3	2	1
3	1	28	2220	3	4	2	1
3	1	28	2221	3	5	2	1
3	1	28	2222	3	6	2	1
3	1	28	2223	3	7	2	1
3	1	28	2224	3	8	13	1
3	1	28	2225	3	9	13	1
3	1	25	2226	1	1	2	4
3	1	26	2227	0	1	7	3
13	0	28	2233	3	14	0	6
4	0	27	2260	10	1	4	2
4	0	27	2261	10	2	4	2
4	0	27	2262	10	3	4	2
4	0	27	2263	10	4	4	2
4	0	27	2264	10	5	4	2
4	0	27	2265	10	6	4	2
4	0	27	2266	10	7	4	2
4	0	27	2267	10	8	4	2
4	0	27	2268	10	9	4	2
4	0	27	2269	10	1	4	3
4	0	27	2270	10	2	4	3
4	0	27	2271	10	3	4	3
4	0	27	2272	10	4	4	3
4	0	27	2273	10	5	4	3
4	0	27	2274	10	6	4	3
4	0	27	2275	10	7	4	3
4	0	27	2276	10	8	4	3
4	0	27	2277	10	9	4	3
4	0	27	2278	10	1	4	4
4	0	27	2279	10	2	4	4
4	0	27	2280	10	3	4	4
4	0	27	2281	10	4	4	4
4	0	27	2282	10	5	4	4
4	0	27	2283	10	6	4	4
4	0	27	2284	10	7	4	4
4	0	27	2285	10	8	4	4
4	0	27	2286	10	9	4	4
4	0	27	2287	10	1	4	5
4	0	27	2288	10	2	4	5
4	0	27	2289	10	3	4	5
4	0	27	2290	10	4	4	5
4	0	27	2291	10	5	4	5
4	0	27	2292	10	6	4	5
4	0	27	2293	10	7	4	5
4	0	27	2294	10	8	4	5
4	0	27	2295	10	9	4	5
4	0	27	2296	10	1	4	6
4	0	27	2297	10	2	4	6
4	0	27	2298	10	3	4	6
4	0	27	2299	10	4	4	6
4	0	27	2300	10	5	4	6
4	0	27	2301	10	6	4	6
4	0	27	2302	10	7	4	6
4	0	27	2303	10	8	4	6
4	0	27	2304	10	9	4	6
4	0	27	2305	10	1	4	7
4	0	27	2306	10	2	4	7
4	0	27	2307	10	3	4	7
4	0	27	2308	10	4	4	7
4	0	27	2309	10	5	4	7
4	0	27	2310	10	6	4	7
4	0	27	2311	10	7	4	7
4	0	27	2312	10	8	4	7
4	0	27	2313	10	9	4	7
4	0	27	2314	10	1	4	8
4	0	27	2315	10	2	4	8
4	0	27	2316	10	3	4	8
4	0	27	2317	10	4	4	8
4	0	27	2318	10	5	4	8
4	0	27	2319	10	6	4	8
4	0	27	2320	10	7	4	8
4	0	27	2321	10	8	4	8
4	0	27	2322	10	9	4	8
4	0	27	2323	10	1	4	9
4	0	27	2324	10	2	4	9
4	0	27	2325	10	3	4	9
4	0	27	2326	10	4	4	9
4	0	27	2327	10	5	4	9
4	0	27	2328	10	6	4	9
4	0	27	2329	10	7	4	9
4	0	27	2330	10	8	4	9
4	0	27	2331	10	9	4	9
4	1	25	2357	1	3	2	1
4	1	25	2358	1	4	2	1
4	1	25	2359	1	5	2	1
4	1	25	2360	1	6	2	1
4	1	26	2361	7	1	1	2
4	1	26	2362	7	1	1	3
4	1	26	2363	7	1	1	4
4	1	26	2364	7	1	1	5
4	1	26	2365	7	1	1	6
1	1	25	2372	22	7	2	1
1	1	26	2385	0	0	7	1
12	0	28	2401	3	1	14	1
12	0	28	2402	3	2	14	1
12	0	28	2403	3	3	14	1
12	0	28	2404	3	4	14	1
12	0	28	2405	3	5	14	1
12	0	28	2406	3	6	14	1
12	0	28	2407	3	7	14	1
12	0	28	2408	3	8	14	1
12	0	28	2409	3	9	14	1
12	0	39	2410	17	1	2	1
12	0	26	639	14	1	1	1
3	1	25	2412	1	2	2	4
3	1	25	2413	1	3	2	4
3	1	25	2414	1	4	2	4
3	1	25	2415	1	5	2	4
3	1	25	2416	1	6	2	4
3	1	25	2417	1	7	2	4
3	1	25	2418	1	8	2	4
3	1	25	2419	1	9	2	4
0	1	25	2420	1	1	2	2
3	1	24	2421	2	2	0	1
3	1	24	2423	2	1	0	1
3	1	24	2424	2	3	0	1
3	1	24	2425	2	5	0	1
3	1	24	2426	2	6	0	1
3	1	24	2427	2	7	0	1
3	1	25	2420	1	1	2	2
3	1	25	2428	1	2	2	2
3	1	25	2429	1	3	2	2
3	1	25	2430	1	4	2	2
3	1	25	2431	1	5	2	2
3	1	25	2432	1	6	2	2
3	1	25	2433	1	7	2	2
3	1	25	2434	1	8	2	2
3	1	25	2435	1	9	2	2
3	1	25	2436	1	1	2	8
3	1	24	2422	2	8	0	1
3	1	25	2445	1	1	2	1
3	1	25	2446	1	2	2	1
3	1	25	2447	1	3	2	1
3	1	25	2448	1	4	2	1
3	1	25	2449	1	5	2	1
3	1	25	2450	1	6	2	1
3	1	25	2451	1	7	2	1
3	1	25	2452	1	8	2	1
3	1	25	2453	1	9	2	1
3	1	25	2454	1	1	2	3
3	1	25	2455	1	2	2	3
3	1	25	2456	1	3	2	3
3	1	25	2457	1	4	2	3
3	1	25	2458	1	5	2	3
3	1	25	2459	1	6	2	3
3	1	25	2460	1	7	2	3
3	1	25	2461	1	8	2	3
3	1	25	2462	1	9	2	3
3	1	25	2463	1	1	2	5
3	1	25	2464	1	2	2	5
3	1	25	2465	1	3	2	5
3	1	25	2466	1	4	2	5
3	1	25	2467	1	5	2	5
3	1	25	2468	1	6	2	5
3	1	25	2469	1	7	2	5
3	1	25	2470	1	8	2	5
3	1	25	2471	1	9	2	5
3	1	25	2472	1	1	2	6
3	1	25	2473	1	2	2	6
3	1	25	2474	1	3	2	6
3	1	25	2475	1	4	2	6
3	1	25	2476	1	5	2	6
3	1	25	2477	1	6	2	6
3	1	25	2478	1	7	2	6
3	1	25	2479	1	8	2	6
3	1	25	2480	1	9	2	6
3	1	25	2481	1	1	2	7
3	1	25	2482	1	2	2	7
3	1	25	2483	1	3	2	7
3	1	25	2484	1	4	2	7
3	1	25	2485	1	5	2	7
3	1	25	2486	1	6	2	7
3	1	25	2487	1	7	2	7
3	1	25	2488	1	8	2	7
3	1	25	2489	1	9	2	7
3	1	25	2437	1	2	2	8
3	1	25	2438	1	3	2	8
3	1	25	2439	1	4	2	8
3	1	25	2440	1	5	2	8
3	1	25	2441	1	6	2	8
3	1	25	2442	1	7	2	8
3	1	25	2443	1	8	2	8
3	1	25	2444	1	9	2	8
1	1	25	2373	22	7	2	7
1	1	25	2374	22	7	2	2
1	1	25	2376	22	7	2	4
1	1	25	2377	22	7	2	5
1	1	25	2378	22	7	2	6
4	1	26	2490	7	2	1	1
4	1	26	2491	7	2	1	2
4	1	26	2492	7	2	1	3
4	1	26	2493	7	2	1	4
4	1	26	2494	7	2	1	5
4	1	26	2495	7	2	1	6
5	0	28	2496	3	1	4	5
5	0	28	2498	3	2	4	5
5	0	28	2497	3	3	4	5
5	0	28	2499	3	6	4	5
5	0	28	2500	3	1	4	6
5	0	28	2501	3	2	4	6
5	0	28	2502	3	3	4	6
5	0	28	2503	3	6	4	6
5	0	28	2504	3	1	4	7
5	0	28	2505	3	2	4	7
5	0	28	2506	3	3	4	7
5	0	28	2507	3	6	4	7
5	0	28	2508	3	1	4	1
5	0	28	2509	3	2	4	1
5	0	28	2510	3	3	4	1
5	0	28	2511	3	6	4	1
5	0	28	2512	3	4	2	2
5	0	28	2513	3	5	2	2
5	0	28	2514	3	7	2	2
5	0	28	2515	3	8	2	2
5	0	28	2516	3	4	2	3
5	0	28	2517	3	5	2	3
5	0	28	2518	3	7	2	3
5	0	28	2519	3	8	2	3
5	0	28	2520	3	4	2	4
5	0	28	2521	3	5	2	4
5	0	28	2522	3	7	2	4
5	0	28	2523	3	8	2	4
5	0	28	2524	3	4	2	5
5	0	28	2525	3	5	2	5
5	0	28	2527	3	7	2	5
5	0	28	2526	3	8	2	5
5	0	28	2528	3	4	2	6
5	0	28	2529	3	5	2	6
5	0	28	2530	3	7	2	6
5	0	28	2531	3	8	2	6
5	0	28	2532	3	4	2	7
5	0	28	2533	3	5	2	7
5	0	28	2534	3	7	2	7
5	0	28	2535	3	8	2	7
5	0	28	2537	3	5	2	8
5	0	28	2538	3	7	2	8
5	0	28	2539	3	8	2	8
5	0	28	2536	3	4	2	8
5	0	28	2540	3	1	4	2
5	0	28	2541	3	2	4	2
5	0	28	2542	3	3	4	2
5	0	28	2543	3	6	4	2
5	0	28	2544	3	1	4	8
5	0	28	2545	3	2	4	8
5	0	28	2546	3	3	4	8
5	0	28	2547	3	6	4	8
5	0	28	2548	3	1	4	4
5	0	28	2549	3	2	4	4
5	0	28	2550	3	3	4	4
5	0	28	2551	3	6	4	4
12	0	25	2562	1	2	2	1
12	0	25	2563	1	3	2	1
12	0	25	2564	1	4	2	1
12	0	25	2565	1	5	2	1
12	0	25	2566	1	6	2	1
12	0	25	2567	1	7	2	1
12	0	25	2568	1	8	2	1
12	0	25	2569	1	9	2	1
5	0	25	3171	1	10	0	1
16	0	24	2600	2	1	0	0
0	0	25	5206	1	7	2	12
16	0	28	2602	3	13	7	1
16	0	26	2603	7	1	1	8
16	0	26	2604	7	1	1	1
16	0	25	5129	1	4	2	1
1	1	25	3171	1	12	0	1
3	0	25	3171	1	10	0	1
0	0	39	2552	5	10	0	1
0	0	24	2623	2	100	0	0
0	0	25	0	1	100	2	100
0	0	29	2624	17	100	2	100
0	0	39	2624	17	100	2	100
16	1	24	2641	2	1	0	0
16	1	25	2644	1	1	2	1
16	1	28	4986	3	6	4	1
16	1	26	2643	7	1	1	1
5	1	24	2645	2	1	0	0
5	1	27	2646	12	1	0	0
12	0	24	2882	2	2	0	0
12	0	24	2883	2	3	0	0
12	0	24	2884	2	4	0	0
12	0	24	2885	2	5	0	0
12	0	24	2886	2	6	0	0
12	0	24	2887	2	7	0	0
12	0	24	2888	2	8	0	0
12	0	25	2819	1	1	2	2
12	0	25	2821	1	2	2	2
12	0	25	2820	1	3	2	2
12	0	25	2822	1	4	2	2
12	0	25	2823	1	5	2	2
12	0	25	2824	1	6	2	2
12	0	25	2825	1	7	2	2
12	0	25	2826	1	8	2	2
12	0	25	2827	1	9	2	2
12	0	25	2828	1	1	2	3
12	0	25	2829	1	2	2	3
12	0	25	2830	1	3	2	3
12	0	25	2831	1	4	2	3
12	0	25	2832	1	5	2	3
12	0	25	2833	1	6	2	3
12	0	25	2834	1	7	2	3
12	0	25	2835	1	8	2	3
12	0	25	2836	1	9	2	3
12	0	25	2837	1	1	2	4
12	0	25	2838	1	2	2	4
12	0	25	2839	1	3	2	4
12	0	25	2840	1	4	2	4
12	0	25	2841	1	5	2	4
12	0	25	2842	1	6	2	4
12	0	25	2843	1	7	2	4
12	0	25	2844	1	8	2	4
12	0	25	2845	1	9	2	4
12	0	25	2846	1	1	2	5
12	0	25	2847	1	2	2	5
12	0	25	2848	1	3	2	5
12	0	25	2849	1	4	2	5
12	0	25	2850	1	5	2	5
12	0	25	2851	1	6	2	5
12	0	25	2852	1	7	2	5
12	0	25	2853	1	8	2	5
12	0	25	2854	1	9	2	5
12	0	25	2855	1	1	2	6
12	0	25	2856	1	2	2	6
12	0	25	2857	1	3	2	6
12	0	25	2858	1	4	2	6
12	0	25	2859	1	5	2	6
12	0	25	2860	1	6	2	6
12	0	25	2861	1	7	2	6
12	0	25	2862	1	8	2	6
12	0	25	2863	1	9	2	6
12	0	25	2864	1	1	2	7
12	0	25	2865	1	2	2	7
12	0	25	2866	1	3	2	7
12	0	25	2867	1	4	2	7
12	0	25	2868	1	5	2	7
12	0	25	2869	1	6	2	7
12	0	25	2870	1	7	2	7
12	0	25	2871	1	8	2	7
12	0	25	2872	1	9	2	7
12	0	25	2873	1	1	2	8
12	0	25	2874	1	2	2	8
12	0	25	2875	1	3	2	8
12	0	25	2876	1	4	2	8
12	0	25	2877	1	5	2	8
12	0	25	2878	1	6	2	8
12	0	25	2879	1	7	2	8
12	0	25	2880	1	8	2	8
12	0	25	2881	1	9	2	8
12	0	26	2731	14	1	1	2
12	0	26	2732	14	1	1	3
12	0	26	2733	14	1	1	4
12	0	26	2734	14	1	1	5
12	0	26	2735	14	1	1	6
12	0	26	2736	14	1	1	7
12	0	26	2737	14	1	1	8
12	0	26	2738	14	1	1	9
12	0	26	2411	14	2	1	1
12	0	26	2739	14	2	1	2
12	0	26	2740	14	2	1	3
12	0	26	2741	14	2	1	4
12	0	26	2742	14	2	1	5
12	0	26	2743	14	2	1	6
12	0	26	2744	14	2	1	7
12	0	26	2745	14	2	1	8
12	0	26	2746	14	2	1	9
12	0	26	2747	14	3	1	1
12	0	26	2748	14	3	1	2
12	0	26	2749	14	3	1	3
12	0	26	2750	14	3	1	4
12	0	26	2751	14	3	1	5
12	0	26	2752	14	3	1	6
12	0	26	2753	14	3	1	7
12	0	26	2754	14	3	1	8
12	0	26	2755	14	3	1	9
12	0	26	2756	14	4	1	1
12	0	26	2757	14	4	1	2
12	0	26	2758	14	4	1	3
12	0	26	2759	14	4	1	4
12	0	26	2760	14	4	1	5
12	0	26	2761	14	4	1	6
12	0	26	2762	14	4	1	7
12	0	26	2763	14	4	1	8
12	0	26	2764	14	4	1	9
12	0	26	2765	14	5	1	1
12	0	26	2766	14	5	1	2
12	0	26	2767	14	5	1	3
12	0	26	2768	14	5	1	4
12	0	26	2769	14	5	1	5
12	0	26	2770	14	5	1	6
12	0	26	2771	14	5	1	7
12	0	26	2772	14	5	1	8
12	0	26	2773	14	5	1	9
12	0	26	2774	14	6	1	1
12	0	26	2775	14	6	1	2
12	0	26	2776	14	6	1	3
12	0	26	2777	14	6	1	4
12	0	26	2778	14	6	1	5
12	0	26	2779	14	6	1	6
12	0	26	2780	14	6	1	7
12	0	26	2781	14	6	1	8
12	0	26	2782	14	6	1	9
12	0	26	2783	14	7	1	1
12	0	26	2784	14	7	1	2
12	0	26	2785	14	7	1	3
12	0	26	2786	14	7	1	4
12	0	26	2787	14	7	1	5
12	0	26	2788	14	7	1	6
12	0	26	2789	14	7	1	7
12	0	26	2790	14	7	1	8
12	0	26	2791	14	7	1	9
12	0	26	2792	14	8	1	1
12	0	26	2793	14	8	1	2
12	0	26	2794	14	8	1	3
12	0	26	2795	14	8	1	4
12	0	26	2796	14	8	1	5
12	0	26	2797	14	8	1	6
12	0	26	2798	14	8	1	7
12	0	26	2799	14	8	1	8
12	0	26	2800	14	8	1	9
12	0	26	2801	14	9	1	1
12	0	26	2802	14	9	1	2
12	0	26	2803	14	9	1	3
12	0	26	2804	14	9	1	4
12	0	26	2805	14	9	1	5
12	0	26	2806	14	9	1	6
12	0	26	2807	14	9	1	7
12	0	26	2808	14	9	1	8
12	0	26	2809	14	9	1	9
12	0	26	2810	14	10	1	1
12	0	26	2811	14	10	1	2
12	0	26	2812	14	10	1	3
12	0	26	2813	14	10	1	4
12	0	26	2814	14	10	1	5
12	0	26	2815	14	10	1	6
12	0	26	2816	14	10	1	7
12	0	26	2817	14	10	1	8
12	0	26	2818	14	10	1	9
12	0	28	2660	3	2	14	2
12	0	28	2661	3	3	14	2
12	0	28	2662	3	4	14	2
12	0	28	2659	3	1	14	2
12	0	28	2663	3	5	14	2
12	0	28	2664	3	6	14	2
12	0	28	2665	3	7	14	2
12	0	28	2666	3	8	14	2
12	0	28	2667	3	9	14	2
12	0	28	2668	3	1	14	3
12	0	28	2669	3	2	14	3
12	0	28	2670	3	3	14	3
12	0	28	2671	3	4	14	3
12	0	28	2672	3	5	14	3
12	0	28	2673	3	6	14	3
12	0	28	2674	3	7	14	3
12	0	28	2675	3	8	14	3
12	0	28	2676	3	9	14	3
12	0	28	2677	3	1	14	4
12	0	28	2678	3	2	14	4
12	0	28	2679	3	3	14	4
12	0	28	2680	3	4	14	4
12	0	28	2681	3	5	14	4
12	0	28	2682	3	6	14	4
12	0	28	2683	3	7	14	4
12	0	28	2684	3	8	14	4
12	0	28	2685	3	9	14	4
12	0	28	2686	3	1	14	5
12	0	28	2687	3	2	14	5
12	0	28	2688	3	3	14	5
12	0	28	2689	3	4	14	5
12	0	28	2690	3	5	14	5
12	0	28	2691	3	6	14	5
12	0	28	2692	3	7	14	5
12	0	28	2693	3	8	14	5
12	0	28	2694	3	9	14	5
12	0	28	2650	3	1	14	6
12	0	28	2651	3	2	14	6
12	0	28	2652	3	3	14	6
12	0	28	2653	3	4	14	6
12	0	28	2654	3	5	14	6
12	0	28	2655	3	6	14	6
12	0	28	2656	3	7	14	6
12	0	28	2657	3	8	14	6
12	0	28	2658	3	9	14	6
12	0	28	2695	3	1	14	7
12	0	28	2696	3	2	14	7
12	0	28	2697	3	3	14	7
12	0	28	2698	3	4	14	7
12	0	28	2699	3	5	14	7
12	0	28	2700	3	6	14	7
12	0	28	2701	3	7	14	7
12	0	28	2702	3	8	14	7
12	0	28	2711	3	9	14	7
12	0	28	2703	3	1	14	8
12	0	28	2704	3	2	14	8
12	0	28	2705	3	3	14	8
12	0	28	2706	3	4	14	8
12	0	28	2707	3	5	14	8
12	0	28	2708	3	6	14	8
12	0	28	2709	3	7	14	8
12	0	28	2710	3	8	14	8
12	0	28	2712	3	9	14	8
12	0	28	2713	3	1	14	9
12	0	28	2714	3	2	14	9
12	0	28	2715	3	3	14	9
12	0	28	2716	3	4	14	9
12	0	28	2717	3	5	14	9
12	0	28	2718	3	6	14	9
12	0	28	2719	3	7	14	9
12	0	28	2720	3	8	14	9
12	0	28	2721	3	9	14	9
12	0	28	2722	3	1	14	10
12	0	28	2723	3	2	14	10
12	0	28	2724	3	3	14	10
12	0	28	2725	3	4	14	10
12	0	28	2726	3	5	14	10
12	0	28	2727	3	6	14	10
12	0	28	2728	3	7	14	10
12	0	28	2729	3	8	14	10
12	0	28	2730	3	9	14	10
12	0	39	2962	17	1	2	2
12	0	39	2963	17	2	2	2
12	0	39	2964	17	3	2	2
12	0	39	2965	17	4	2	2
12	0	39	2966	17	5	2	2
12	0	39	2967	17	6	2	2
12	0	39	2968	17	7	2	2
12	0	39	2969	17	8	2	2
12	0	39	2970	17	9	2	2
12	0	39	2907	17	1	2	3
12	0	39	2908	17	2	2	3
12	0	39	2909	17	3	2	3
12	0	39	2910	17	4	2	3
12	0	39	2911	17	5	2	3
12	0	39	2912	17	6	2	3
12	0	39	2913	17	7	2	3
12	0	39	2914	17	8	2	3
12	0	39	2915	17	9	2	3
12	0	39	2889	17	2	2	1
12	0	39	2890	17	3	2	1
12	0	39	2891	17	4	2	1
12	0	39	2892	17	5	2	1
12	0	39	2893	17	6	2	1
12	0	39	2894	17	7	2	1
12	0	39	2895	17	8	2	1
12	0	39	2896	17	9	2	1
12	0	39	2916	17	1	2	4
12	0	39	2917	17	2	2	4
12	0	39	2918	17	3	2	4
12	0	39	2919	17	4	2	4
12	0	39	2920	17	5	2	4
12	0	39	2921	17	6	2	4
12	0	39	2922	17	7	2	4
12	0	39	2923	17	8	2	4
12	0	39	2924	17	9	2	4
12	0	39	2925	17	1	2	5
12	0	39	2926	17	2	2	5
12	0	39	2927	17	3	2	5
12	0	39	2928	17	4	2	5
12	0	39	2929	17	5	2	5
12	0	39	2930	17	6	2	5
12	0	39	2931	17	7	2	5
12	0	39	2932	17	8	2	5
12	0	39	2933	17	9	2	5
12	0	39	2934	17	1	2	6
12	0	39	2935	17	2	2	6
12	0	39	2936	17	3	2	6
12	0	39	2937	17	4	2	6
12	0	39	2938	17	5	2	6
12	0	39	2939	17	6	2	6
12	0	39	2940	17	7	2	6
12	0	39	2941	17	8	2	6
12	0	39	2942	17	9	2	6
12	0	39	2943	17	1	2	7
12	0	39	2944	17	2	2	7
12	0	39	2945	17	3	2	7
12	0	39	2946	17	4	2	7
12	0	39	2947	17	5	2	7
12	0	39	2948	17	6	2	7
12	0	39	2949	17	7	2	7
12	0	39	2950	17	8	2	7
12	0	39	2951	17	9	2	7
12	0	39	2952	17	1	2	8
12	0	39	2953	17	2	2	8
12	0	39	2954	17	3	2	8
12	0	39	2955	17	4	2	8
12	0	39	2956	17	5	2	8
12	0	39	2957	17	6	2	8
12	0	39	2958	17	7	2	8
12	0	39	2959	17	8	2	8
12	0	39	2960	17	9	2	8
5	0	39	2973	5	10	4	3
5	0	39	2554	5	2	4	5
5	0	39	2555	5	3	4	5
5	0	39	2556	5	4	4	5
5	0	39	2557	5	5	4	5
5	0	39	2558	5	6	4	5
5	0	39	2559	5	7	4	5
5	0	39	2560	5	8	4	5
5	0	39	2561	5	9	4	5
5	0	39	2982	5	10	4	6
5	0	39	2983	5	2	4	6
5	0	39	2984	5	3	4	6
5	0	39	2985	5	4	4	6
5	0	39	2986	5	5	4	6
5	0	39	2987	5	6	4	6
5	0	39	2988	5	7	4	6
5	0	39	2989	5	8	4	6
5	0	39	2990	5	9	4	6
5	0	39	2991	5	10	4	7
5	0	39	2992	5	2	4	7
5	0	39	2993	5	3	4	7
5	0	39	2994	5	4	4	7
5	0	39	2995	5	5	4	7
5	0	39	2996	5	6	4	7
5	0	39	2997	5	7	4	7
5	0	39	2998	5	8	4	7
5	0	39	2999	5	9	4	7
5	0	39	3000	5	10	4	1
5	0	39	3001	5	2	4	1
5	0	39	3002	5	3	4	1
5	0	39	3003	5	4	4	1
5	0	39	3004	5	5	4	1
5	0	39	3005	5	6	4	1
5	0	39	3006	5	7	4	1
5	0	39	3007	5	8	4	1
5	0	39	3008	5	9	4	1
5	0	39	3009	5	10	4	2
5	0	39	3010	5	2	4	2
5	0	39	3011	5	3	4	2
5	0	39	3012	5	4	4	2
5	0	39	3013	5	5	4	2
5	0	39	3014	5	6	4	2
5	0	39	3015	5	7	4	2
5	0	39	3016	5	8	4	2
5	0	39	3017	5	9	4	2
5	0	39	3018	5	10	4	8
5	0	39	3019	5	2	4	8
5	0	39	3020	5	3	4	8
5	0	39	3021	5	4	4	8
5	0	39	3022	5	5	4	8
5	0	39	3023	5	6	4	8
5	0	39	3024	5	7	4	8
5	0	39	3025	5	8	4	8
5	0	39	3026	5	9	4	8
5	0	39	3027	5	10	4	4
5	0	39	3028	5	2	4	4
5	0	39	3029	5	3	4	4
5	0	39	3030	5	4	4	4
5	0	39	3031	5	5	4	4
5	0	39	3032	5	6	4	4
5	0	39	3033	5	7	4	4
5	0	39	3034	5	8	4	4
5	0	39	3035	5	9	4	4
1	1	25	1447	21	6	2	3
0	1	24	3130	2	1	0	0
5	1	26	3058	7	1	1	1
3	0	28	1020	3	9	2	8
1	0	24	3111	2	100	0	0
1	1	24	3127	2	10	0	0
0	1	28	3129	3	1	0	0
5	1	25	3130	1	1	2	1
5	1	25	3131	1	2	2	1
5	1	25	3132	1	3	2	1
5	1	25	3133	1	4	2	1
5	1	25	3134	1	5	2	1
5	1	25	3135	1	6	2	1
5	1	25	3136	1	7	2	1
0	1	28	3137	3	1	0	0
5	1	25	3139	1	8	2	1
12	1	28	3174	3	1	14	1
12	1	28	3175	3	2	14	1
12	1	28	3176	3	3	14	1
12	1	28	3745	3	1	14	4
12	1	28	3177	3	4	14	1
12	1	28	3178	3	5	14	1
12	1	28	3179	3	6	14	1
12	1	28	3180	3	7	14	1
12	1	28	3181	3	8	14	1
12	1	28	3182	3	1	14	2
12	1	28	3183	3	2	14	2
12	1	28	3184	3	3	14	2
12	1	28	3185	3	4	14	2
12	1	28	3186	3	5	14	2
12	1	28	3189	3	6	14	2
12	1	28	3191	3	7	14	2
12	1	28	3193	3	8	14	2
12	1	28	3746	3	2	14	4
12	1	28	3747	3	3	14	4
12	1	28	3748	3	4	14	4
12	1	28	3749	3	5	14	4
12	1	28	3750	3	6	14	4
5	1	24	3385	2	2	0	0
5	1	25	3729	1	10	0	1
5	1	27	2646	12	1	0	0
5	1	27	3711	12	2	0	0
5	1	27	3712	12	3	0	0
5	1	27	3713	12	4	0	0
5	1	27	3714	12	5	0	0
5	1	27	3715	12	6	0	0
5	1	27	3716	12	7	0	0
5	1	28	6206	3	1	4	1
5	1	28	3718	3	2	2	8
5	1	28	6208	3	3	4	1
5	1	28	3720	3	4	2	8
5	1	28	6210	3	5	4	1
5	1	28	6211	3	6	4	1
5	1	28	3723	3	1	4	2
5	1	28	3724	3	2	2	4
5	1	28	3725	3	3	4	2
5	1	28	3726	3	4	2	4
5	1	28	3727	3	5	4	2
5	1	28	3728	3	6	4	2
5	1	25	3730	1	1	2	2
12	1	28	3731	3	1	14	3
12	1	28	3732	3	2	14	3
12	1	28	3733	3	3	14	3
12	1	28	3734	3	4	14	3
12	1	28	3735	3	5	14	3
12	1	28	3738	3	6	14	3
12	1	28	3740	3	7	14	3
12	1	28	3742	3	8	14	3
12	1	28	3751	3	7	14	4
12	1	28	3752	3	8	14	4
12	1	28	3753	3	1	14	5
12	1	28	3754	3	2	14	5
12	1	28	3755	3	3	14	5
12	1	28	3756	3	4	14	5
12	1	28	3757	3	5	14	5
12	1	28	3758	3	6	14	5
12	1	28	3759	3	7	14	5
12	1	28	3760	3	8	14	5
12	1	28	3761	3	1	14	6
12	1	28	3762	3	2	14	6
12	1	28	3763	3	3	14	6
12	1	28	3764	3	4	14	6
12	1	28	3765	3	5	14	6
12	1	28	3766	3	6	14	6
12	1	28	3767	3	7	14	6
12	1	28	3768	3	8	14	6
12	1	28	3769	3	1	14	7
12	1	28	3770	3	2	14	7
12	1	28	3771	3	3	14	7
12	1	28	3772	3	4	14	7
12	1	28	3773	3	5	14	7
12	1	28	3774	3	6	14	7
12	1	28	3775	3	7	14	7
12	1	28	3776	3	8	14	7
12	1	28	3777	3	1	14	8
12	1	28	3778	3	2	14	8
12	1	28	3779	3	3	14	8
12	1	28	3780	3	4	14	8
12	1	28	3781	3	5	14	8
12	1	28	3782	3	6	14	8
12	1	28	3783	3	7	14	8
12	1	28	3784	3	8	14	8
12	1	28	3785	3	1	14	9
12	1	28	3786	3	2	14	9
12	1	28	3787	3	3	14	9
12	1	28	3788	3	4	14	9
12	1	28	3789	3	5	14	9
12	1	28	3790	3	6	14	9
12	1	28	3791	3	7	14	9
12	1	28	3792	3	8	14	9
12	1	28	3793	3	1	14	10
12	1	28	3794	3	2	14	10
12	1	28	3795	3	3	14	10
12	1	28	3796	3	4	14	10
12	1	28	3797	3	5	14	10
12	1	28	3798	3	6	14	10
12	1	28	3799	3	7	14	10
12	1	28	3800	3	8	14	10
12	1	28	3801	3	1	14	11
12	1	28	3802	3	2	14	11
12	1	28	3803	3	3	14	11
12	1	28	3804	3	4	14	11
12	1	28	3805	3	5	14	11
12	1	28	3806	3	6	14	11
12	1	28	3807	3	7	14	11
12	1	28	3808	3	8	14	11
16	0	25	4808	1	3	2	1
16	0	25	4809	1	6	2	1
5	1	24	4816	2	3	0	0
5	1	24	4817	2	4	0	0
5	1	24	4818	2	5	0	0
5	1	24	4819	2	6	0	0
5	1	24	4820	2	7	0	0
5	1	24	4821	2	8	0	0
5	1	25	4822	1	1	2	8
5	1	25	4823	1	2	2	8
5	1	25	4824	1	3	2	8
5	1	25	4825	1	4	2	8
5	1	25	4826	1	5	2	8
5	1	25	4827	1	6	2	8
5	1	25	4828	1	7	2	8
5	1	25	4829	1	1	2	7
5	1	25	4830	1	2	2	7
5	1	25	4831	1	3	2	7
5	1	25	4832	1	4	2	7
5	1	25	4833	1	5	2	7
5	1	25	4834	1	6	2	7
5	1	25	4835	1	7	2	7
5	1	25	4857	1	1	2	3
5	1	25	4858	1	2	2	3
5	1	25	4859	1	3	2	3
5	1	25	4860	1	4	2	3
5	1	25	4861	1	5	2	3
5	1	25	4862	1	6	2	3
5	1	25	4863	1	7	2	3
5	1	25	4850	1	1	2	4
5	1	25	4851	1	2	2	4
5	1	25	4852	1	3	2	4
5	1	25	4853	1	4	2	4
5	1	25	4854	1	5	2	4
5	1	25	4855	1	6	2	4
5	1	25	4856	1	7	2	4
5	1	25	4843	1	1	2	5
5	1	25	4844	1	2	2	5
5	1	25	4845	1	3	2	5
5	1	25	4846	1	4	2	5
5	1	25	4847	1	5	2	5
5	1	25	4848	1	6	2	5
5	1	25	4849	1	7	2	5
5	1	25	4836	1	1	2	6
5	1	25	4837	1	2	2	6
5	1	25	4838	1	3	2	6
5	1	25	4839	1	4	2	6
5	1	25	4840	1	5	2	6
5	1	25	4841	1	6	2	6
5	1	25	4842	1	7	2	6
12	1	26	4890	14	1	1	1
12	1	26	4892	14	2	1	1
12	1	26	4894	14	4	1	1
12	1	26	4893	14	3	1	1
12	1	26	4895	14	5	1	1
12	1	26	4897	14	8	1	1
12	1	26	4901	14	6	1	1
12	1	26	4896	14	7	1	1
12	1	26	4898	14	9	1	1
12	1	26	4899	14	10	1	1
12	1	26	4900	14	11	1	1
12	1	27	4902	17	1	2	1
12	1	27	4903	17	2	2	1
12	1	27	4904	17	3	2	1
12	1	27	4905	17	4	2	1
12	1	27	4906	17	5	2	1
12	1	27	4907	17	6	2	1
12	1	27	6866	17	3	2	2
12	1	27	6867	17	4	2	2
16	0	26	4911	7	1	1	2
16	0	26	4912	7	1	1	3
16	0	26	4913	7	1	1	4
16	0	26	4914	7	1	1	5
16	0	26	4915	7	1	1	6
16	0	26	4916	7	1	1	7
16	0	25	5128	1	2	2	1
16	0	25	5130	1	5	2	1
16	0	25	5131	1	7	2	1
0	0	24	4917	2	12	1	7
16	0	25	4937	1	10	0	1
3	0	25	4945	1	1	2	9
3	0	25	4946	1	2	2	9
3	0	25	4947	1	3	2	9
3	0	25	4948	1	4	2	9
3	0	25	4949	1	5	2	9
3	0	25	4950	1	6	2	9
3	0	25	4951	1	7	2	9
3	0	25	4952	1	8	2	9
3	0	28	4954	3	1	2	9
3	0	28	4955	3	2	2	9
3	0	28	4956	3	3	2	9
3	0	28	4957	3	4	2	9
3	0	28	4958	3	5	2	9
3	0	28	4959	3	6	2	9
3	0	28	4960	3	7	2	9
3	0	28	4961	3	8	2	9
3	0	28	4962	3	9	2	9
3	0	39	4966	5	10	2	9
3	0	39	4963	5	3	2	9
3	0	39	4964	5	4	2	9
3	0	39	4965	5	5	2	9
4	0	25	1712	1	9	2	8
16	0	28	4973	3	2	4	1
16	0	28	4974	3	3	4	1
16	0	28	4975	3	4	7	1
16	0	28	4976	3	5	4	1
16	0	28	4977	3	6	7	1
16	0	28	4978	3	7	7	1
16	1	28	4981	3	1	4	1
16	1	28	4982	3	2	4	1
16	1	28	4983	3	3	4	1
16	1	28	4984	3	4	4	1
0	1	28	4985	3	5	4	1
16	1	28	4987	3	7	4	1
13	0	28	4999	3	1	18	1
13	0	28	5000	3	2	18	1
13	0	28	5001	3	3	18	1
13	0	28	5002	3	4	18	1
13	0	28	5003	3	5	18	1
13	0	28	5004	3	6	18	1
13	0	28	5005	3	7	18	1
13	0	28	5006	3	8	18	1
13	0	28	4991	3	1	18	3
13	0	28	4992	3	2	18	3
13	0	28	4993	3	3	18	3
13	0	28	4994	3	4	18	3
13	0	28	4995	3	5	18	3
13	0	28	4996	3	6	18	3
13	0	28	4997	3	7	18	3
13	0	28	4998	3	8	18	3
13	0	28	5007	3	1	18	4
13	0	28	5008	3	2	18	4
13	0	28	5009	3	3	18	4
13	0	28	5010	3	4	18	4
13	0	28	5011	3	5	18	4
13	0	28	5012	3	6	18	4
13	0	28	5013	3	7	18	4
13	0	28	5014	3	8	18	4
13	0	28	5015	3	1	18	5
13	0	28	5016	3	2	18	5
13	0	28	5017	3	3	18	5
13	0	28	5018	3	4	18	5
13	0	28	5019	3	5	18	5
13	0	28	5020	3	6	18	5
13	0	28	5021	3	7	18	5
13	0	28	5022	3	8	18	5
13	0	28	5023	3	1	18	6
13	0	28	5024	3	2	18	6
13	0	28	5025	3	3	18	6
13	0	28	5026	3	4	18	6
13	0	28	5028	3	6	18	6
13	0	28	5029	3	7	18	6
13	0	28	5030	3	8	18	6
13	0	28	5031	3	1	18	7
13	0	28	5032	3	2	18	7
13	0	28	5033	3	3	18	7
13	0	28	5034	3	4	18	7
13	0	28	5035	3	5	18	7
13	0	28	5036	3	6	18	7
13	0	28	5037	3	7	18	7
13	0	28	5038	3	8	18	7
13	0	28	5039	3	1	18	8
13	0	28	5040	3	2	18	8
13	0	28	5041	3	3	18	8
13	0	28	5042	3	4	18	8
13	0	28	5043	3	5	18	8
13	0	28	5044	3	6	18	8
13	0	28	5046	3	7	18	8
13	0	28	5047	3	8	18	8
13	0	28	5048	3	1	18	9
13	0	28	5049	3	2	18	9
13	0	28	5050	3	3	18	9
13	0	28	5051	3	4	18	9
13	0	28	5052	3	5	18	9
13	0	28	5053	3	6	18	9
13	0	28	5054	3	7	18	9
13	0	28	5055	3	8	18	9
16	0	28	5056	3	13	7	9
0	0	28	5058	3	1	7	3
16	0	28	5059	3	13	7	6
16	0	28	5060	3	13	7	4
16	0	28	5061	3	13	7	3
16	0	28	5062	3	13	7	5
0	0	28	5063	3	1	7	8
16	0	28	5064	3	13	7	2
16	0	28	5065	3	13	7	7
16	0	28	5066	3	2	4	2
16	0	28	5068	3	2	4	3
16	0	28	5069	3	2	4	4
16	0	28	5070	3	2	4	5
16	0	28	5071	3	2	4	6
16	0	28	5072	3	2	4	7
16	0	28	5073	3	2	4	8
16	0	28	5074	3	2	4	9
16	0	28	5075	3	2	4	10
16	0	28	5057	3	13	7	8
16	0	28	5067	3	2	4	11
16	0	28	5076	3	3	4	2
16	0	28	5078	3	3	4	3
16	0	28	5079	3	3	4	4
16	0	28	5080	3	3	4	5
16	0	28	5081	3	3	4	6
16	0	28	5082	3	3	4	7
16	0	28	5083	3	3	4	8
16	0	28	5084	3	3	4	9
16	0	28	5085	3	3	4	10
16	0	28	5086	3	4	7	9
0	0	28	5088	3	4	7	3
16	0	28	5089	3	4	7	6
16	0	28	5125	3	4	7	4
16	0	28	5090	3	4	7	3
16	0	28	5091	3	4	7	5
0	0	28	5092	3	4	7	8
16	0	28	5093	3	4	7	2
16	0	28	5094	3	4	7	7
16	0	28	5077	3	3	4	11
16	0	28	5087	3	4	7	8
16	0	28	5095	3	5	4	2
16	0	28	5104	3	6	7	9
16	0	28	5115	3	7	7	9
16	0	28	5097	3	5	4	3
0	0	28	5106	3	6	7	3
0	0	28	5117	3	7	7	3
16	0	28	5098	3	5	4	4
16	0	28	5107	3	6	7	6
16	0	28	5118	3	7	7	6
16	0	28	5109	3	5	4	5
16	0	28	5108	3	6	7	4
16	0	28	5119	3	7	7	4
16	0	28	5099	3	5	4	6
16	0	28	5110	3	6	7	3
16	0	28	5120	3	7	7	3
16	0	28	5100	3	5	4	7
16	0	28	5111	3	6	7	5
16	0	28	5121	3	7	7	5
16	0	28	5101	3	5	4	8
0	0	28	5112	3	6	7	8
0	0	28	5122	3	7	7	8
16	0	28	5096	3	5	4	11
16	0	28	5105	3	6	7	8
16	0	28	5116	3	7	7	8
16	0	28	5102	3	5	4	9
16	0	28	5113	3	6	7	2
16	0	28	5123	3	7	7	2
16	0	28	5103	3	5	4	10
16	0	28	5114	3	6	7	7
16	0	28	5124	3	7	7	7
16	0	25	2601	1	1	2	1
16	0	24	5196	2	2	0	0
16	0	24	5197	2	3	0	0
16	0	24	5198	2	4	0	0
16	0	24	5199	2	5	0	0
16	0	24	5200	2	6	0	0
16	0	24	5201	2	7	0	0
16	0	24	5202	2	8	0	0
16	0	24	5203	2	9	0	0
16	0	24	5204	2	10	0	0
16	0	24	5205	2	11	0	0
16	0	25	5207	1	1	2	2
16	0	25	5217	1	2	2	2
16	0	25	5218	1	3	2	2
16	0	25	5219	1	4	2	2
16	0	25	5220	1	5	2	2
16	0	25	5221	1	6	2	2
16	0	25	5222	1	7	2	2
16	0	25	5208	1	1	2	3
16	0	25	5223	1	2	2	3
16	0	25	5224	1	3	2	3
16	0	25	5225	1	4	2	3
16	0	25	5226	1	5	2	3
16	0	25	5227	1	6	2	3
16	0	25	5228	1	7	2	3
16	0	25	5209	1	1	2	4
16	0	25	5229	1	2	2	4
16	0	25	5230	1	3	2	4
16	0	25	5231	1	4	2	4
16	0	25	5232	1	5	2	4
16	0	25	5233	1	6	2	4
16	0	25	5234	1	7	2	4
16	0	25	5210	1	1	2	5
16	0	25	5235	1	2	2	5
16	0	25	5236	1	3	2	5
16	0	25	5237	1	4	2	5
16	0	25	5238	1	5	2	5
16	0	25	5239	1	6	2	5
16	0	25	5240	1	7	2	5
16	0	25	5211	1	1	2	6
16	0	25	5241	1	2	2	6
16	0	25	5242	1	3	2	6
16	0	25	5243	1	4	2	6
16	0	25	5244	1	5	2	6
16	0	25	5245	1	6	2	6
16	0	25	5246	1	7	2	6
16	0	25	5212	1	1	2	7
16	0	25	5247	1	2	2	7
16	0	25	5248	1	3	2	7
16	0	25	5249	1	4	2	7
16	0	25	5250	1	5	2	7
16	0	25	5251	1	6	2	7
16	0	25	5252	1	7	2	7
16	0	25	5213	1	1	2	8
16	0	25	5253	1	2	2	8
16	0	25	5254	1	3	2	8
16	0	25	5255	1	4	2	8
16	0	25	5256	1	5	2	8
16	0	25	5257	1	6	2	8
16	0	25	5258	1	7	2	8
16	0	25	5214	1	1	2	9
16	0	25	5259	1	2	2	9
16	0	25	5260	1	3	2	9
16	0	25	5262	1	5	2	9
16	0	25	5263	1	6	2	9
16	0	25	5264	1	7	2	9
16	0	25	5215	1	1	2	10
16	0	25	5265	1	2	2	10
16	0	25	5266	1	3	2	10
16	0	25	5267	1	4	2	10
16	0	25	5268	1	5	2	10
16	0	25	5269	1	6	2	10
16	0	25	5270	1	7	2	10
16	0	25	5216	1	1	2	11
16	0	25	5271	1	2	2	11
16	0	25	5272	1	3	2	11
16	0	25	5273	1	4	2	11
16	0	25	5274	1	5	2	11
16	0	25	5275	1	6	2	11
16	0	25	5276	1	7	2	11
16	0	26	5132	7	2	1	1
16	0	26	5134	7	2	1	2
16	0	26	5133	7	2	1	8
16	0	26	5135	7	2	1	3
16	0	26	5136	7	2	1	4
16	0	26	5137	7	2	1	5
16	0	26	5138	7	2	1	6
16	0	26	5139	7	2	1	7
16	0	26	5141	7	3	1	8
16	0	26	5140	7	3	1	1
16	0	26	5142	7	3	1	2
16	0	26	5144	7	3	1	4
16	0	26	5145	7	3	1	5
16	0	26	5146	7	3	1	6
16	0	26	5147	7	3	1	7
16	0	26	5149	7	4	1	8
16	0	26	5148	7	4	1	1
16	0	26	5150	7	4	1	2
16	0	26	5151	7	4	1	3
16	0	26	5153	7	4	1	5
16	0	26	5154	7	4	1	6
16	0	26	5155	7	4	1	7
16	0	26	5157	7	5	1	8
16	0	26	5156	7	5	1	1
16	0	26	5158	7	5	1	2
16	0	26	5159	7	5	1	3
16	0	26	5160	7	5	1	4
16	0	26	5161	7	5	1	5
16	0	26	5162	7	5	1	6
16	0	26	5163	7	5	1	7
16	0	26	5165	7	6	1	8
16	0	26	5164	7	6	1	1
16	0	26	5166	7	6	1	2
16	0	26	5167	7	6	1	3
16	0	26	5168	7	6	1	4
16	0	26	5169	7	6	1	5
16	0	26	5170	7	6	1	6
16	0	26	5171	7	6	1	7
16	0	26	5173	7	7	1	8
16	0	26	5172	7	7	1	1
16	0	26	5174	7	7	1	2
16	0	26	5175	7	7	1	3
16	0	26	5176	7	7	1	4
16	0	26	5177	7	7	1	5
16	0	26	5178	7	7	1	6
16	0	26	5179	7	7	1	7
16	0	26	5181	7	8	1	8
16	0	26	5180	7	8	1	1
16	0	26	5182	7	8	1	2
16	0	26	5183	7	8	1	3
16	0	26	5184	7	8	1	4
16	0	26	5185	7	8	1	5
16	0	26	5186	7	8	1	6
16	0	26	5187	7	8	1	7
16	0	26	5189	7	9	1	8
16	0	26	5188	7	9	1	1
16	0	26	5190	7	9	1	2
16	0	26	5191	7	9	1	3
16	0	26	5192	7	9	1	4
16	0	26	5193	7	9	1	5
16	0	26	5194	7	9	1	6
16	0	26	5195	7	9	1	7
13	0	39	5289	5	2	18	1
0	0	39	5290	5	3	18	1
13	0	39	5291	5	4	18	1
13	0	39	5292	5	5	18	1
13	0	39	5293	5	6	18	1
13	0	39	5294	5	7	18	1
13	0	39	5295	5	8	18	1
13	0	39	5296	5	9	18	1
13	0	39	5297	5	3	18	1
13	0	39	5279	5	2	18	3
13	0	39	5281	5	4	18	3
13	0	39	5282	5	5	18	3
13	0	39	5283	5	6	18	3
13	0	39	5284	5	7	18	3
13	0	39	5285	5	8	18	3
13	0	39	5286	5	9	18	3
13	0	39	5287	5	3	18	3
13	0	39	5299	5	2	18	4
13	0	39	5301	5	4	18	4
13	0	39	5302	5	5	18	4
13	0	39	5303	5	6	18	4
13	0	39	5304	5	7	18	4
13	0	39	5305	5	8	18	4
13	0	39	5306	5	9	18	4
13	0	39	5307	5	3	18	4
13	0	39	5309	5	2	18	5
13	0	39	5311	5	4	18	5
13	0	39	5312	5	5	18	5
13	0	39	5313	5	6	18	5
13	0	39	5314	5	7	18	5
13	0	39	5315	5	8	18	5
13	0	39	5316	5	9	18	5
13	0	39	5317	5	3	18	5
13	0	39	5319	5	2	18	6
13	0	39	5321	5	4	18	6
13	0	39	5322	5	5	18	6
13	0	39	5323	5	6	18	6
13	0	39	5324	5	7	18	6
13	0	39	5325	5	8	18	6
13	0	39	5326	5	9	18	6
13	0	39	5327	5	3	18	6
13	0	39	5329	5	2	18	7
13	0	39	5331	5	4	18	7
13	0	39	5332	5	5	18	7
13	0	39	5333	5	6	18	7
13	0	39	5334	5	7	18	7
13	0	39	5335	5	8	18	7
13	0	39	5336	5	9	18	7
13	0	39	5337	5	3	18	7
13	0	39	5339	5	2	18	8
13	0	39	5341	5	4	18	8
13	0	39	5342	5	5	18	8
13	0	39	5343	5	6	18	8
13	0	39	5344	5	7	18	8
13	0	39	5345	5	8	18	8
13	0	39	5346	5	9	18	8
13	0	39	5347	5	3	18	8
13	0	39	5349	5	2	18	9
13	0	39	5351	5	4	18	9
13	0	39	5352	5	5	18	9
13	0	39	5353	5	6	18	9
13	0	39	5354	5	7	18	9
13	0	39	5355	5	8	18	9
13	0	39	5356	5	9	18	9
13	0	39	5357	5	3	18	9
16	0	26	5152	7	4	1	4
1	0	25	26	1	3	0	1
16	0	25	2605	1	8	2	1
16	0	25	5360	1	8	2	2
16	0	25	5361	1	8	2	3
16	0	25	5362	1	8	2	4
16	0	25	5363	1	8	2	5
16	0	25	5364	1	8	2	6
16	0	25	5365	1	8	2	7
16	0	25	5366	1	8	2	8
16	0	25	5367	1	8	2	9
16	0	25	5368	1	8	2	10
16	0	25	5369	1	8	2	11
16	0	26	5143	7	3	1	3
16	0	28	5370	3	1	0	1
16	0	39	5277	17	7	7	1
16	0	39	5378	17	2	7	1
16	0	39	5379	17	3	7	1
16	0	39	5380	17	4	7	1
16	0	39	5381	17	5	7	1
16	0	39	5382	17	6	7	1
0	0	39	5383	17	7	7	1
16	0	39	5989	17	1	0	1
1	1	25	1457	1	1	2	10
16	1	25	5398	1	2	2	1
16	1	25	5399	1	3	2	1
16	1	25	5400	1	4	2	1
16	1	25	5401	1	5	2	1
16	1	25	5402	1	6	2	1
16	1	25	5403	1	7	2	1
16	0	25	5261	1	4	2	9
1	0	28	0	3	36	0	0
16	0	39	5631	17	7	7	8
16	0	39	5632	17	2	7	8
16	0	39	5633	17	3	7	8
16	0	39	5634	17	4	7	8
16	0	39	5635	17	5	7	8
16	0	39	5636	17	6	7	8
0	0	39	5637	17	7	7	8
16	0	39	5583	17	7	7	2
16	0	39	5584	17	2	7	2
16	0	39	5585	17	3	7	2
16	0	39	5586	17	4	7	2
16	0	39	5587	17	5	7	2
16	0	39	5588	17	6	7	2
0	0	39	5589	17	7	7	2
16	0	39	5590	17	7	7	3
16	0	39	5591	17	2	7	3
16	0	39	5592	17	3	7	3
16	0	39	5593	17	4	7	3
16	0	39	5594	17	5	7	3
16	0	39	5595	17	6	7	3
0	0	39	5596	17	7	7	3
16	0	39	5597	17	7	7	4
16	0	39	5598	17	2	7	4
16	0	39	5599	17	3	7	4
16	0	39	5606	17	4	7	4
16	0	39	5607	17	5	7	4
16	0	39	5608	17	6	7	4
0	0	39	5609	17	7	7	4
16	0	39	5616	17	7	7	5
16	0	39	5610	17	2	7	5
16	0	39	5611	17	3	7	5
16	0	39	5612	17	4	7	5
16	0	39	5613	17	5	7	5
16	0	39	5614	17	6	7	5
0	0	39	5615	17	7	7	5
16	0	39	5617	17	7	7	6
16	0	39	5618	17	2	7	6
16	0	39	5619	17	3	7	6
16	0	39	5620	17	4	7	6
16	0	39	5621	17	5	7	6
16	0	39	5622	17	6	7	6
0	0	39	5623	17	7	7	6
16	0	39	5624	17	7	7	7
16	0	39	5625	17	2	7	7
16	0	39	5626	17	3	7	7
16	0	39	5627	17	4	7	7
16	0	39	5628	17	5	7	7
16	0	39	5629	17	6	7	7
0	0	39	5630	17	7	7	7
16	0	39	5638	17	7	7	9
16	0	39	5643	17	2	7	9
16	0	39	5644	17	3	7	9
16	0	39	5639	17	4	7	9
16	0	39	5640	17	5	7	9
16	0	39	5641	17	6	7	9
0	0	39	5642	17	7	7	9
4	1	28	5659	3	1	4	2
4	1	28	5660	3	2	4	2
4	1	28	5661	3	3	4	2
4	1	28	5662	3	4	4	2
4	1	28	5663	3	5	4	2
4	1	28	5664	3	6	4	2
4	1	28	5665	3	7	4	2
4	1	28	5666	3	8	4	2
4	1	28	4938	3	1	4	3
4	1	28	5652	3	2	4	3
4	1	28	5653	3	3	4	3
4	1	28	5654	3	4	4	3
4	1	28	5655	3	5	4	3
4	1	28	5656	3	6	4	3
4	1	28	5657	3	7	4	3
4	1	28	5658	3	8	4	3
4	1	28	5667	3	1	4	4
4	1	28	5668	3	2	4	4
4	1	28	5669	3	3	4	4
4	1	28	5670	3	4	4	4
4	1	28	5671	3	5	4	4
4	1	28	5672	3	6	4	4
4	1	28	5673	3	7	4	4
4	1	28	5674	3	8	4	4
4	1	28	5675	3	1	4	5
4	1	28	5676	3	2	4	5
4	1	28	5677	3	3	4	5
4	1	28	5678	3	4	4	5
4	1	28	5679	3	5	4	5
4	1	28	5680	3	6	4	5
4	1	28	5681	3	7	4	5
4	1	28	5682	3	8	4	5
4	1	28	5683	3	1	4	6
4	1	28	5684	3	2	4	6
4	1	28	5685	3	3	4	6
4	1	28	5686	3	4	4	6
4	1	28	5687	3	5	4	6
4	1	28	5688	3	6	4	6
4	1	28	5689	3	7	4	6
4	1	28	5690	3	8	4	6
4	1	28	5691	3	1	4	7
4	1	28	5692	3	2	4	7
4	1	28	5693	3	3	4	7
4	1	28	5694	3	4	4	7
4	1	28	5695	3	5	4	7
4	1	28	5696	3	6	4	7
4	1	28	5697	3	7	4	7
4	1	28	5698	3	8	4	7
4	1	28	5699	3	1	4	8
4	1	28	5700	3	2	4	8
4	1	28	5701	3	3	4	8
4	1	28	5702	3	4	4	8
4	1	28	5703	3	5	4	8
4	1	28	5704	3	6	4	8
4	1	28	5705	3	7	4	8
4	1	28	5706	3	8	4	8
4	1	28	5707	3	1	4	9
4	1	28	5708	3	2	4	9
4	1	28	5709	3	3	4	9
4	1	28	5710	3	4	4	9
4	1	28	5711	3	5	4	9
4	1	28	5712	3	6	4	9
4	1	28	5713	3	7	4	9
4	1	28	5714	3	8	4	9
0	1	28	5715	3	1	4	1
0	1	28	5716	3	2	4	1
0	1	28	5717	3	3	4	1
0	1	28	5718	3	4	4	1
0	1	28	5719	3	5	4	1
0	1	28	5720	3	6	4	1
0	1	28	5721	3	7	4	1
0	1	28	5722	3	8	4	1
4	1	28	5723	3	1	4	10
4	1	28	5724	3	2	4	10
4	1	28	5725	3	3	4	10
4	1	28	5726	3	4	4	10
4	1	28	5727	3	5	4	10
4	1	28	5728	3	6	4	10
4	1	28	5729	3	7	4	10
4	1	28	5730	3	8	4	10
4	1	24	4929	2	3	0	0
4	1	24	4930	2	4	0	0
4	1	24	4931	2	5	0	0
4	1	24	4932	2	6	0	0
4	1	24	4933	2	7	0	0
4	1	24	4934	2	8	0	0
4	1	24	4935	2	9	0	0
4	1	24	4936	2	10	0	0
4	1	25	5731	1	1	2	2
4	1	25	5732	1	2	2	2
4	1	25	5733	1	3	2	2
4	1	25	5734	1	4	2	2
4	1	25	5735	1	5	2	2
4	1	25	5736	1	6	2	2
4	1	25	5738	1	1	2	3
4	1	25	5743	1	1	2	4
4	1	25	5749	1	1	2	5
4	1	25	5755	1	1	2	6
4	1	25	5761	1	1	2	7
4	1	25	5767	1	1	2	8
4	1	25	5773	1	1	2	9
4	1	25	5779	1	1	2	10
4	1	25	5737	1	2	2	3
4	1	25	5739	1	3	2	3
4	1	25	5740	1	4	2	3
4	1	25	5741	1	5	2	3
4	1	25	5742	1	6	2	3
4	1	25	5744	1	2	2	4
4	1	25	5745	1	3	2	4
4	1	25	5746	1	4	2	4
4	1	25	5747	1	5	2	4
4	1	25	5748	1	6	2	4
4	1	25	5750	1	2	2	5
4	1	25	5751	1	3	2	5
4	1	25	5752	1	4	2	5
4	1	25	5753	1	5	2	5
4	1	25	5754	1	6	2	5
4	1	25	5756	1	2	2	6
4	1	25	5757	1	3	2	6
4	1	25	5758	1	4	2	6
4	1	25	5759	1	5	2	6
4	1	25	5760	1	6	2	6
4	1	25	5762	1	2	2	7
4	1	25	5763	1	3	2	7
4	1	25	5764	1	4	2	7
4	1	25	5765	1	5	2	7
4	1	25	5766	1	6	2	7
4	1	25	5768	1	2	2	8
4	1	25	5769	1	3	2	8
4	1	25	5770	1	4	2	8
4	1	25	5771	1	5	2	8
4	1	25	5772	1	6	2	8
4	1	25	5774	1	2	2	9
4	1	25	5775	1	3	2	9
4	1	25	5776	1	4	2	9
4	1	25	5777	1	5	2	9
4	1	25	5778	1	6	2	9
4	1	25	5780	1	2	2	10
4	1	25	5781	1	3	2	10
4	1	25	5782	1	4	2	10
4	1	25	5783	1	5	2	10
4	1	25	5784	1	6	2	10
3	1	28	5785	3	1	2	4
3	1	28	5786	3	1	2	2
3	1	28	5787	3	1	2	8
3	1	28	5788	3	1	2	3
3	1	28	5789	3	1	2	5
3	1	28	5790	3	1	2	6
3	1	28	5791	3	1	2	7
3	1	28	5792	3	2	2	4
3	1	28	5793	3	3	2	4
3	1	28	5794	3	4	2	4
3	1	28	5795	3	5	2	4
3	1	28	5796	3	6	2	4
3	1	28	5797	3	7	2	4
3	1	28	5798	3	2	2	2
3	1	28	5799	3	3	2	2
3	1	28	5800	3	4	2	2
3	1	28	5801	3	5	2	2
3	1	28	5802	3	6	2	2
3	1	28	5803	3	7	2	2
3	1	28	5804	3	2	2	8
3	1	28	5805	3	3	2	8
3	1	28	5806	3	4	2	8
3	1	28	5807	3	5	2	8
3	1	28	5808	3	6	2	8
3	1	28	5809	3	7	2	8
3	1	28	5810	3	2	2	3
3	1	28	5811	3	3	2	3
3	1	28	5812	3	4	2	3
3	1	28	5813	3	5	2	3
3	1	28	5814	3	6	2	3
3	1	28	5815	3	7	2	3
3	1	28	5816	3	2	2	5
3	1	28	5817	3	3	2	5
3	1	28	5818	3	4	2	5
3	1	28	5819	3	5	2	5
3	1	28	5820	3	6	2	5
3	1	28	5821	3	7	2	5
3	1	28	5822	3	2	2	6
3	1	28	5823	3	3	2	6
3	1	28	5824	3	4	2	6
3	1	28	5825	3	5	2	6
3	1	28	5826	3	6	2	6
3	1	28	5827	3	7	2	6
3	1	28	5828	3	2	2	7
3	1	28	5829	3	3	2	7
3	1	28	5830	3	4	2	7
3	1	28	5831	3	5	2	7
3	1	28	5832	3	6	2	7
3	1	28	5833	3	7	2	7
3	1	28	5834	3	14	0	1
16	1	24	5651	2	2	0	0
16	1	24	5835	2	3	0	0
16	1	24	5836	2	4	0	0
16	1	24	5837	2	5	0	0
16	1	24	5838	2	6	0	0
16	1	24	5839	2	7	0	0
16	1	24	5840	2	8	0	0
16	1	24	5841	2	9	0	0
16	1	24	5842	2	10	0	0
16	1	24	5843	2	11	0	0
16	1	25	5844	1	1	2	2
16	1	25	5851	1	1	2	3
16	1	25	5858	1	1	2	4
16	1	25	5865	1	1	2	5
16	1	25	5872	1	1	2	6
16	1	25	5879	1	1	2	7
16	1	25	5886	1	1	2	8
16	1	25	5893	1	1	2	9
16	1	25	5900	1	1	2	10
16	1	25	5907	1	1	2	11
16	1	25	5845	1	2	2	2
16	1	25	5846	1	3	2	2
16	1	25	5847	1	4	2	2
16	1	25	5848	1	5	2	2
16	1	25	5849	1	6	2	2
16	1	25	5850	1	7	2	2
16	1	25	5852	1	2	2	3
16	1	25	5853	1	3	2	3
16	1	25	5854	1	4	2	3
16	1	25	5855	1	5	2	3
16	1	25	5856	1	6	2	3
16	1	25	5857	1	7	2	3
16	1	25	5859	1	2	2	4
16	1	25	5860	1	3	2	4
16	1	25	5861	1	4	2	4
16	1	25	5862	1	5	2	4
16	1	25	5863	1	6	2	4
16	1	25	5864	1	7	2	4
16	1	25	5866	1	2	2	5
16	1	25	5867	1	3	2	5
16	1	25	5868	1	4	2	5
16	1	25	5869	1	5	2	5
16	1	25	5870	1	6	2	5
16	1	25	5871	1	7	2	5
16	1	25	5873	1	2	2	6
16	1	25	5874	1	3	2	6
16	1	25	5875	1	4	2	6
16	1	25	5876	1	5	2	6
16	1	25	5877	1	6	2	6
16	1	25	5878	1	7	2	6
16	1	25	5880	1	2	2	7
16	1	25	5881	1	3	2	7
16	1	25	5882	1	4	2	7
16	1	25	5883	1	5	2	7
16	1	25	5884	1	6	2	7
16	1	25	5885	1	7	2	7
16	1	25	5887	1	2	2	8
16	1	25	5888	1	3	2	8
16	1	25	5889	1	4	2	8
16	1	25	5890	1	5	2	8
16	1	25	5891	1	6	2	8
16	1	25	5892	1	7	2	8
16	1	25	5894	1	2	2	9
16	1	25	5895	1	3	2	9
16	1	25	5896	1	4	2	9
16	1	25	5897	1	5	2	9
16	1	25	5898	1	6	2	9
16	1	25	5899	1	7	2	9
16	1	25	5901	1	2	2	10
16	1	25	5902	1	3	2	10
16	1	25	5903	1	4	2	10
16	1	25	5904	1	5	2	10
16	1	25	5905	1	6	2	10
16	1	25	5906	1	7	2	10
16	1	25	5908	1	2	2	11
16	1	25	5909	1	3	2	11
16	1	25	5910	1	4	2	11
16	1	25	5911	1	5	2	11
16	1	25	5912	1	6	2	11
16	1	25	5913	1	7	2	11
4	1	27	5914	10	1	4	2
4	1	27	5915	10	3	4	2
4	1	27	5916	10	5	4	2
4	1	27	5917	10	6	4	2
4	1	27	5918	10	7	4	2
4	1	27	5919	10	8	4	2
4	1	27	5920	10	9	4	2
4	1	27	5921	10	1	4	3
4	1	27	5922	10	3	4	3
4	1	27	5923	10	5	4	3
4	1	27	5924	10	6	4	3
4	1	27	5925	10	7	4	3
4	1	27	5926	10	8	4	3
4	1	27	5927	10	9	4	3
4	1	27	5928	10	1	4	4
4	1	27	5929	10	3	4	4
4	1	27	5930	10	5	4	4
4	1	27	5931	10	6	4	4
4	1	27	5932	10	7	4	4
4	1	27	5933	10	8	4	4
4	1	27	5934	10	9	4	4
4	1	27	5935	10	1	4	5
4	1	27	5936	10	3	4	5
4	1	27	5937	10	5	4	5
4	1	27	5938	10	6	4	5
4	1	27	5939	10	7	4	5
4	1	27	5940	10	8	4	5
4	1	27	5941	10	9	4	5
4	1	27	5942	10	1	4	6
4	1	27	5943	10	3	4	6
4	1	27	5944	10	5	4	6
4	1	27	5945	10	6	4	6
4	1	27	5946	10	7	4	6
4	1	27	5947	10	8	4	6
4	1	27	5948	10	9	4	6
4	1	27	5949	10	1	4	7
4	1	27	5950	10	3	4	7
4	1	27	5951	10	5	4	7
4	1	27	5952	10	6	4	7
4	1	27	5953	10	7	4	7
4	1	27	5954	10	8	4	7
4	1	27	5955	10	9	4	7
4	1	27	5956	10	1	4	8
4	1	27	5957	10	3	4	8
4	1	27	5958	10	5	4	8
4	1	27	5959	10	6	4	8
4	1	27	5960	10	7	4	8
4	1	27	5961	10	8	4	8
4	1	27	5962	10	9	4	8
4	1	27	5963	10	1	4	9
4	1	27	5964	10	3	4	9
4	1	27	5965	10	5	4	9
4	1	27	5966	10	6	4	9
4	1	27	5967	10	7	4	9
4	1	27	5968	10	8	4	9
4	1	27	5969	10	9	4	9
4	1	27	5970	10	1	4	10
4	1	27	5971	10	3	4	10
4	1	27	5972	10	5	4	10
4	1	27	5973	10	6	4	10
4	1	27	5974	10	7	4	10
4	1	27	5975	10	8	4	10
4	1	27	5976	10	9	4	10
16	1	28	5977	3	1	4	2
16	1	28	5979	3	1	4	3
16	1	28	5980	3	1	4	4
16	1	28	5981	3	1	4	5
16	1	28	5982	3	1	4	6
16	1	28	5988	3	1	4	7
16	1	28	5983	3	1	4	8
16	1	28	5985	3	1	4	9
16	1	28	5987	3	1	4	10
16	1	28	5978	3	1	4	11
16	1	28	5991	3	2	4	2
16	1	28	5992	3	3	4	2
16	1	28	5993	3	4	4	2
0	1	28	5994	3	5	4	2
16	1	28	5995	3	6	4	2
16	1	28	5996	3	7	4	2
16	1	28	6006	3	2	4	3
16	1	28	6007	3	3	4	3
16	1	28	6008	3	4	4	3
0	1	28	6009	3	5	4	3
16	1	28	6011	3	6	4	3
16	1	28	6012	3	7	4	3
16	1	28	6013	3	2	4	4
16	1	28	6014	3	3	4	4
16	1	28	6015	3	4	4	4
0	1	28	6016	3	5	4	4
16	1	28	6017	3	6	4	4
16	1	28	6018	3	7	4	4
16	1	28	6019	3	2	4	5
16	1	28	6020	3	3	4	5
16	1	28	6021	3	4	4	5
0	1	28	6022	3	5	4	5
16	1	28	6023	3	6	4	5
16	1	28	6024	3	7	4	5
13	0	25	3171	1	10	0	1
16	1	28	6025	3	2	4	6
16	1	28	6026	3	3	4	6
16	1	28	6027	3	4	4	6
0	1	28	6028	3	5	4	6
16	1	28	6029	3	6	4	6
16	1	28	6030	3	7	4	6
16	1	28	6061	3	2	4	7
16	1	28	6062	3	3	4	7
16	1	28	6063	3	4	4	7
0	1	28	6064	3	5	4	7
16	1	28	6065	3	6	4	7
16	1	28	6066	3	7	4	7
16	1	28	6031	3	2	4	8
16	1	28	6032	3	3	4	8
16	1	28	6033	3	4	4	8
0	1	28	6034	3	5	4	8
16	1	28	6035	3	6	4	8
16	1	28	6036	3	7	4	8
16	1	28	6043	3	2	4	9
16	1	28	6044	3	3	4	9
16	1	28	6045	3	4	4	9
0	1	28	6046	3	5	4	9
16	1	28	6047	3	6	4	9
16	1	28	6048	3	7	4	9
16	1	28	6055	3	2	4	10
16	1	28	6056	3	3	4	10
16	1	28	6057	3	4	4	10
0	1	28	6058	3	5	4	10
16	1	28	6059	3	6	4	10
16	1	28	6060	3	7	4	10
16	1	28	5998	3	2	4	11
16	1	28	5999	3	3	4	11
16	1	28	6000	3	4	4	11
0	1	28	6001	3	5	4	11
16	1	28	6003	3	6	4	11
16	1	28	6004	3	7	4	11
16	1	26	5404	7	1	1	2
16	1	26	5405	7	1	1	3
16	1	26	5406	7	1	1	4
16	1	26	5407	7	1	1	5
16	1	26	5408	7	1	1	6
16	1	26	5409	7	1	1	7
16	1	39	6067	17	1	7	1
16	1	39	6068	17	2	7	1
16	1	39	6069	17	3	7	1
16	1	39	6070	17	4	7	1
16	1	39	6071	17	5	7	1
16	1	39	6072	17	6	7	1
16	1	39	5989	17	7	0	1
12	1	25	6073	1	2	2	1
12	1	25	6074	1	3	2	1
12	1	25	6075	1	4	2	1
12	1	25	6076	1	5	2	1
12	1	25	6077	1	6	2	1
12	1	25	6078	1	7	2	1
12	1	26	6079	14	1	1	2
12	1	26	6080	14	1	1	3
12	1	26	6081	14	1	1	4
12	1	26	6082	14	1	1	5
12	1	26	6083	14	1	1	6
12	1	26	6084	14	1	1	7
12	1	25	3171	1	8	0	1
12	1	26	6085	14	2	1	2
12	1	26	6086	14	2	1	3
12	1	26	6087	14	2	1	4
12	1	26	6088	14	2	1	5
12	1	26	6089	14	2	1	6
12	1	26	6090	14	2	1	7
12	1	26	6097	14	4	1	2
12	1	26	6098	14	4	1	3
12	1	26	6099	14	4	1	4
12	1	26	6100	14	4	1	5
12	1	26	6101	14	4	1	6
12	1	26	6102	14	4	1	7
12	1	26	6091	14	3	1	2
12	1	26	6092	14	3	1	3
12	1	26	6093	14	3	1	4
12	1	26	6094	14	3	1	5
12	1	26	6095	14	3	1	6
12	1	26	6096	14	3	1	7
12	1	26	6103	14	5	1	2
12	1	26	6104	14	5	1	3
12	1	26	6105	14	5	1	4
12	1	26	6106	14	5	1	5
12	1	26	6107	14	5	1	6
12	1	26	6108	14	5	1	7
12	1	26	6115	14	8	1	2
12	1	26	6116	14	8	1	3
12	1	26	6117	14	8	1	4
12	1	26	6118	14	8	1	5
12	1	26	6119	14	8	1	6
12	1	26	6120	14	8	1	7
12	1	26	6139	14	6	1	2
12	1	26	6140	14	6	1	3
12	1	26	6141	14	6	1	4
12	1	26	6142	14	6	1	5
12	1	26	6143	14	6	1	6
12	1	26	6144	14	6	1	7
12	1	26	6109	14	7	1	2
12	1	26	6110	14	7	1	3
12	1	26	6111	14	7	1	4
12	1	26	6112	14	7	1	5
12	1	26	6113	14	7	1	6
12	1	26	6114	14	7	1	7
12	1	26	6121	14	9	1	2
12	1	26	6122	14	9	1	3
12	1	26	6123	14	9	1	4
12	1	26	6124	14	9	1	5
12	1	26	6125	14	9	1	6
12	1	26	6126	14	9	1	7
12	1	26	6127	14	10	1	2
12	1	26	6128	14	10	1	3
12	1	26	6129	14	10	1	4
12	1	26	6130	14	10	1	5
12	1	26	6131	14	10	1	6
12	1	26	6132	14	10	1	7
5	1	26	6145	7	1	1	2
5	1	26	6146	7	1	1	3
5	1	26	6147	7	1	1	4
5	1	26	6148	7	1	1	5
5	1	26	6149	7	1	1	6
5	1	26	6150	7	1	1	7
5	1	26	6151	7	2	1	1
5	1	26	6152	7	2	1	2
5	1	26	6153	7	2	1	3
5	1	26	6154	7	2	1	4
5	1	26	6155	7	2	1	5
5	1	26	6156	7	2	1	6
5	1	26	6157	7	2	1	7
5	1	26	6158	7	3	1	1
5	1	26	6159	7	3	1	2
5	1	26	6160	7	3	1	3
5	1	26	6161	7	3	1	4
5	1	26	6162	7	3	1	5
5	1	26	6163	7	3	1	6
5	1	26	6164	7	3	1	7
5	1	26	6165	7	4	1	1
5	1	26	6166	7	4	1	2
5	1	26	6167	7	4	1	3
5	1	26	6168	7	4	1	4
5	1	26	6169	7	4	1	5
5	1	26	6170	7	4	1	6
5	1	26	6171	7	4	1	7
5	1	26	6172	7	5	1	1
5	1	26	6173	7	5	1	2
5	1	26	6174	7	5	1	3
5	1	26	6175	7	5	1	4
5	1	26	6176	7	5	1	5
5	1	26	6177	7	5	1	6
5	1	26	6178	7	5	1	7
5	1	26	6179	7	6	1	1
5	1	26	6180	7	6	1	2
5	1	26	6181	7	6	1	3
5	1	26	6182	7	6	1	4
5	1	26	6183	7	6	1	5
5	1	26	6184	7	6	1	6
5	1	26	6185	7	6	1	7
5	1	26	6186	7	7	1	1
5	1	26	6187	7	7	1	2
5	1	26	6188	7	7	1	3
5	1	26	6189	7	7	1	4
5	1	26	6190	7	7	1	5
5	1	26	6191	7	7	1	6
5	1	26	6192	7	7	1	7
5	1	26	6193	7	8	1	1
5	1	26	6194	7	8	1	2
5	1	26	6195	7	8	1	3
5	1	26	6196	7	8	1	4
5	1	26	6197	7	8	1	5
5	1	26	6198	7	8	1	6
5	1	26	6199	7	8	1	7
5	1	28	6200	3	1	4	3
5	1	28	6202	3	3	4	3
5	1	28	6204	3	5	4	3
5	1	28	6205	3	6	4	3
5	1	28	6212	3	1	4	4
5	1	28	6214	3	3	4	4
5	1	28	6216	3	5	4	4
5	1	28	6217	3	6	4	4
5	1	28	6201	3	2	2	1
5	1	28	6203	3	4	2	1
5	1	28	6218	3	2	2	3
5	1	28	6219	3	4	2	3
5	1	28	6220	3	2	2	5
5	1	28	6221	3	4	2	5
5	1	28	6222	3	2	2	6
5	1	28	6223	3	4	2	6
5	1	28	6213	3	2	2	7
5	1	28	6215	3	4	2	7
5	1	28	6224	3	1	4	5
5	1	28	6225	3	3	4	5
5	1	28	6226	3	5	4	5
5	1	28	6227	3	6	4	5
5	1	28	6228	3	1	4	6
5	1	28	6229	3	3	4	6
5	1	28	6230	3	5	4	6
5	1	28	6231	3	6	4	6
4	1	26	6232	7	3	1	1
4	1	26	6233	7	4	1	1
4	1	26	6234	7	5	1	1
4	1	26	6235	7	6	1	1
4	1	26	6236	7	7	1	1
4	1	26	6237	7	8	1	1
4	1	26	6238	7	9	1	1
4	1	26	6239	7	10	1	1
4	1	26	6240	7	11	1	1
4	1	26	6241	7	12	1	1
4	1	26	6242	7	3	1	2
4	1	26	6243	7	3	1	3
4	1	26	6244	7	3	1	4
4	1	26	6245	7	3	1	5
4	1	26	6246	7	3	1	6
4	1	26	6247	7	4	1	2
4	1	26	6248	7	4	1	3
4	1	26	6249	7	4	1	4
4	1	26	6250	7	4	1	5
4	1	26	6251	7	4	1	6
4	1	26	6252	7	5	1	2
4	1	26	6253	7	5	1	3
4	1	26	6254	7	5	1	4
4	1	26	6255	7	5	1	5
4	1	26	6256	7	5	1	6
4	1	26	6257	7	6	1	2
4	1	26	6258	7	6	1	3
4	1	26	6259	7	6	1	4
4	1	26	6260	7	6	1	5
4	1	26	6261	7	6	1	6
4	1	26	6262	7	7	1	2
4	1	26	6263	7	7	1	3
4	1	26	6264	7	7	1	4
4	1	26	6265	7	7	1	5
4	1	26	6266	7	7	1	6
4	1	26	6267	7	8	1	2
4	1	26	6268	7	8	1	3
4	1	26	6269	7	8	1	4
4	1	26	6270	7	8	1	5
4	1	26	6271	7	8	1	6
4	1	26	6272	7	9	1	2
4	1	26	6273	7	9	1	3
4	1	26	6274	7	9	1	4
4	1	26	6275	7	9	1	5
4	1	26	6276	7	9	1	6
4	1	26	6277	7	10	1	2
4	1	26	6278	7	10	1	3
4	1	26	6279	7	10	1	4
4	1	26	6280	7	10	1	5
4	1	26	6281	7	10	1	6
4	1	26	6282	7	11	1	2
4	1	26	6283	7	11	1	3
4	1	26	6284	7	11	1	4
4	1	26	6285	7	11	1	5
4	1	26	6286	7	11	1	6
4	1	26	6287	7	12	1	2
4	1	26	6288	7	12	1	3
4	1	26	6289	7	12	1	4
4	1	26	6290	7	12	1	5
4	1	26	6291	7	12	1	6
4	0	26	6301	7	2	1	1
4	0	26	6298	7	3	1	1
4	0	26	6299	7	4	1	1
4	0	26	6294	7	5	1	1
4	0	26	6293	7	6	1	1
4	0	26	6292	7	7	1	1
4	0	26	6300	7	8	1	1
4	0	26	6297	7	9	1	1
4	0	26	6295	7	10	1	1
4	0	26	6296	7	11	1	1
4	0	26	6316	7	12	1	1
4	0	26	6373	7	2	1	2
4	0	26	6374	7	2	1	3
4	0	26	6375	7	2	1	4
4	0	26	6376	7	2	1	5
4	0	26	6377	7	2	1	6
4	0	26	6378	7	2	1	7
4	0	26	6379	7	2	1	8
4	0	26	6352	7	3	1	2
4	0	26	6353	7	3	1	3
4	0	26	6354	7	3	1	4
4	0	26	6355	7	3	1	5
4	0	26	6356	7	3	1	6
4	0	26	6357	7	3	1	7
4	0	26	6358	7	3	1	8
4	0	26	6359	7	4	1	2
4	0	26	6360	7	4	1	3
4	0	26	6361	7	4	1	4
4	0	26	6362	7	4	1	5
4	0	26	6363	7	4	1	6
4	0	26	6364	7	4	1	7
4	0	26	6365	7	4	1	8
4	0	26	6324	7	5	1	2
4	0	26	6325	7	5	1	3
4	0	26	6326	7	5	1	4
4	0	26	6327	7	5	1	5
4	0	26	6328	7	5	1	6
4	0	26	6329	7	5	1	7
4	0	26	6330	7	5	1	8
4	0	26	6309	7	6	1	2
4	0	26	6310	7	6	1	3
4	0	26	6311	7	6	1	4
4	0	26	6312	7	6	1	5
4	0	26	6313	7	6	1	6
4	0	26	6314	7	6	1	7
4	0	26	6315	7	6	1	8
4	0	26	6302	7	7	1	2
4	0	26	6303	7	7	1	3
4	0	26	6304	7	7	1	4
4	0	26	6305	7	7	1	5
4	0	26	6306	7	7	1	6
4	0	26	6307	7	7	1	7
4	0	26	6308	7	7	1	8
4	0	26	6366	7	8	1	2
4	0	26	6367	7	8	1	3
4	0	26	6368	7	8	1	4
4	0	26	6369	7	8	1	5
4	0	26	6370	7	8	1	6
4	0	26	6371	7	8	1	7
4	0	26	6372	7	8	1	8
4	0	26	6345	7	9	1	2
4	0	26	6346	7	9	1	3
4	0	26	6347	7	9	1	4
4	0	26	6348	7	9	1	5
4	0	26	6349	7	9	1	6
4	0	26	6350	7	9	1	7
4	0	26	6351	7	9	1	8
4	0	26	6331	7	10	1	2
4	0	26	6332	7	10	1	3
4	0	26	6333	7	10	1	4
4	0	26	6334	7	10	1	5
4	0	26	6335	7	10	1	6
4	0	26	6336	7	10	1	7
4	0	26	6337	7	10	1	8
4	0	26	6338	7	11	1	2
4	0	26	6339	7	11	1	3
4	0	26	6340	7	11	1	4
4	0	26	6341	7	11	1	5
4	0	26	6342	7	11	1	6
4	0	26	6343	7	11	1	7
4	0	26	6344	7	11	1	8
4	0	26	6317	7	12	1	2
4	0	26	6318	7	12	1	3
4	0	26	6319	7	12	1	4
4	0	26	6320	7	12	1	5
4	0	26	6321	7	12	1	6
4	0	26	6322	7	12	1	7
4	0	26	6323	7	12	1	8
1	0	26	6380	0	0	7	4
1	0	26	6381	0	0	7	5
1	0	26	6382	0	0	7	6
1	0	26	6383	0	0	7	7
1	0	26	6384	0	0	7	8
1	0	26	6385	0	0	7	9
1	0	26	6386	0	0	7	10
1	0	26	6387	0	0	7	11
1	1	26	6388	0	0	7	4
1	1	26	6389	0	0	7	5
1	1	26	6390	0	0	7	6
1	1	26	6393	0	0	7	7
1	1	26	6392	0	0	7	8
1	1	26	6395	0	0	7	9
1	1	26	6391	0	0	7	10
1	1	26	6394	0	0	7	11
3	0	26	6402	0	0	7	3
3	0	26	6403	0	0	7	4
3	0	26	6404	0	0	7	5
3	0	26	6405	0	0	7	6
3	0	26	6406	0	0	7	7
3	0	26	6407	0	0	7	8
3	1	26	6396	0	1	7	1
3	1	26	308	0	1	7	2
3	1	26	6397	0	1	7	4
3	1	26	6398	0	1	7	5
3	1	26	6399	0	1	7	6
3	1	26	6400	0	1	7	7
3	1	26	6401	0	1	7	8
13	0	26	6408	7	2	0	0
13	0	26	6409	7	3	0	0
13	0	26	6410	7	4	0	0
13	0	26	6411	7	5	0	0
13	0	26	6412	7	6	0	0
13	0	26	6413	7	7	0	0
13	0	26	6414	7	8	0	0
13	0	26	6415	7	9	0	0
13	0	26	6416	7	10	0	0
13	0	26	6417	7	11	0	0
5	0	26	6418	1	1	7	2
5	0	26	6418	1	2	7	2
5	0	26	6419	1	3	7	2
5	0	26	6418	1	4	7	2
5	0	26	6420	1	5	7	2
5	0	26	6418	1	6	7	2
5	0	26	6421	1	7	7	2
5	0	26	6422	1	8	7	2
5	0	26	6424	1	1	7	3
5	0	26	6424	1	2	7	3
5	0	26	6425	1	3	7	3
5	0	26	6424	1	4	7	3
5	0	26	6426	1	5	7	3
5	0	26	6424	1	6	7	3
5	0	26	6427	1	7	7	3
5	0	26	6428	1	8	7	3
5	0	26	6429	1	9	7	3
5	0	26	6430	1	1	7	4
5	0	26	6430	1	2	7	4
5	0	26	6431	1	3	7	4
5	0	26	6430	1	4	7	4
5	0	26	6432	1	5	7	4
5	0	26	6430	1	6	7	4
5	0	26	6433	1	7	7	4
5	0	26	6434	1	8	7	4
5	0	26	6435	1	9	7	4
5	0	26	6436	1	1	7	5
5	0	26	6436	1	2	7	5
5	0	26	6437	1	3	7	5
5	0	26	6436	1	4	7	5
5	0	26	6438	1	5	7	5
5	0	26	6436	1	6	7	5
5	0	26	6439	1	7	7	5
5	0	26	6440	1	8	7	5
5	0	26	6441	1	9	7	5
5	0	26	6442	1	1	7	6
5	0	26	6442	1	2	7	6
5	0	26	6443	1	3	7	6
5	0	26	6442	1	4	7	6
5	0	26	6444	1	5	7	6
5	0	26	6442	1	6	7	6
5	0	26	6445	1	7	7	6
5	0	26	6446	1	8	7	6
5	0	26	6447	1	9	7	6
5	0	26	6448	1	1	7	7
5	0	26	6448	1	2	7	7
5	0	26	6449	1	3	7	7
5	0	26	6448	1	4	7	7
5	0	26	6450	1	5	7	7
5	0	26	6448	1	6	7	7
5	0	26	6452	1	8	7	7
5	0	26	6453	1	9	7	7
5	0	26	6454	1	1	7	8
5	0	26	6454	1	2	7	8
5	0	26	6455	1	3	7	8
5	0	26	6454	1	4	7	8
5	0	26	6456	1	5	7	8
5	0	26	6454	1	6	7	8
5	0	26	6457	1	7	7	8
5	0	26	6458	1	8	7	8
5	0	26	6459	1	9	7	8
16	1	26	6481	7	2	1	1
16	1	26	6482	7	2	1	2
16	1	26	6483	7	2	1	3
16	1	26	6484	7	2	1	4
16	1	26	6485	7	2	1	5
16	1	26	6486	7	2	1	6
16	1	26	6487	7	2	1	7
16	1	26	6488	7	3	1	1
16	1	26	6489	7	3	1	2
16	1	26	6490	7	3	1	3
16	1	26	6491	7	3	1	4
16	1	26	6492	7	3	1	5
16	1	26	6493	7	3	1	6
16	1	26	6494	7	3	1	7
16	1	26	6495	7	4	1	1
16	1	26	6496	7	4	1	2
16	1	26	6497	7	4	1	3
16	1	26	6498	7	4	1	4
16	1	26	6499	7	4	1	5
16	1	26	6500	7	4	1	6
16	1	26	6501	7	4	1	7
16	1	26	6474	7	5	1	1
16	1	26	6475	7	5	1	2
16	1	26	6476	7	5	1	3
16	1	26	6477	7	5	1	4
16	1	26	6478	7	5	1	5
16	1	26	6479	7	5	1	6
16	1	26	6480	7	5	1	7
16	1	26	6509	7	6	1	1
16	1	26	6510	7	6	1	2
16	1	26	6511	7	6	1	3
16	1	26	6512	7	6	1	4
16	1	26	6513	7	6	1	5
16	1	26	6514	7	6	1	6
16	1	26	6515	7	6	1	7
16	1	26	6516	7	7	1	1
16	1	26	6517	7	7	1	2
16	1	26	6518	7	7	1	3
16	1	26	6519	7	7	1	4
16	1	26	6520	7	7	1	5
16	1	26	6521	7	7	1	6
16	1	26	6522	7	7	1	7
16	1	26	6523	7	8	1	1
16	1	26	6524	7	8	1	2
16	1	26	6525	7	8	1	3
16	1	26	6526	7	8	1	4
16	1	26	6527	7	8	1	5
16	1	26	6528	7	8	1	6
16	1	26	6529	7	8	1	7
16	1	39	6541	17	1	7	2
16	1	39	6542	17	2	7	2
16	1	39	6543	17	3	7	2
16	1	39	6544	17	4	7	2
16	1	39	6545	17	5	7	2
16	1	39	6546	17	6	7	2
16	1	39	6553	17	1	7	3
16	1	39	6554	17	2	7	3
16	1	39	6555	17	3	7	3
16	1	39	6556	17	4	7	3
16	1	39	6557	17	5	7	3
16	1	39	6558	17	6	7	3
16	1	39	6559	17	1	7	4
16	1	39	6560	17	2	7	4
16	1	39	6561	17	3	7	4
16	1	39	6562	17	4	7	4
16	1	39	6563	17	5	7	4
16	1	39	6564	17	6	7	4
16	1	39	6547	17	1	7	5
16	1	39	6548	17	2	7	5
16	1	39	6549	17	3	7	5
16	1	39	6550	17	4	7	5
16	1	39	6551	17	5	7	5
16	1	39	6552	17	6	7	5
16	1	39	6571	17	1	7	6
16	1	39	6572	17	2	7	6
16	1	39	6573	17	3	7	6
16	1	39	6574	17	4	7	6
16	1	39	6575	17	5	7	6
16	1	39	6576	17	6	7	6
16	1	39	6577	17	1	7	7
16	1	39	6578	17	2	7	7
16	1	39	6579	17	3	7	7
16	1	39	6580	17	4	7	7
16	1	39	6581	17	5	7	7
16	1	39	6582	17	6	7	7
16	1	39	6535	17	1	7	8
16	1	39	6536	17	2	7	8
16	1	39	6537	17	3	7	8
16	1	39	6538	17	4	7	8
16	1	39	6539	17	5	7	8
16	1	39	6540	17	6	7	8
12	1	26	6133	14	11	1	2
12	1	26	6134	14	11	1	3
12	1	26	6135	14	11	1	4
12	1	26	6136	14	11	1	5
12	1	26	6137	14	11	1	6
12	1	26	6138	14	11	1	7
1	1	24	6598	2	11	0	0
1	1	25	6599	1	1	2	11
1	1	39	6600	15	1	0	0
1	1	39	6602	15	2	0	0
1	1	39	6601	15	12	0	0
1	1	39	6603	15	3	0	0
1	1	39	6604	15	4	0	0
1	1	39	6605	15	5	0	0
1	1	39	6606	15	6	0	0
1	1	39	6607	15	7	0	0
1	1	39	6608	15	8	0	0
1	1	39	6609	15	9	0	0
1	1	39	6610	15	10	0	0
1	1	39	6611	15	11	0	0
1	1	27	6612	16	1	0	0
1	1	27	6613	16	2	0	0
1	1	27	6614	16	3	0	0
1	1	27	6615	16	4	0	0
1	1	27	6616	16	5	0	0
1	1	27	6617	16	6	0	0
1	1	27	6618	16	7	0	0
1	1	27	6619	16	8	0	0
1	1	27	6620	16	9	0	0
1	1	27	6621	16	10	0	0
1	1	27	6622	16	11	0	0
1	1	27	6601	16	12	0	0
4	1	39	6624	16	1	10	1
4	1	39	6625	16	2	10	1
4	1	39	6626	16	3	10	1
4	1	39	6627	16	4	10	1
4	1	39	6628	16	5	10	1
4	1	39	6629	16	6	10	1
4	1	39	6630	16	7	10	1
4	1	39	6631	16	8	10	1
4	1	39	6632	16	9	10	1
4	1	39	6633	16	10	10	1
4	1	39	6634	16	11	10	1
4	1	39	6635	16	12	0	0
4	1	39	6624	16	1	10	2
4	1	39	6625	16	2	10	2
4	1	39	6626	16	3	10	2
4	1	39	6627	16	4	10	2
4	1	39	6628	16	5	10	2
4	1	39	6629	16	6	10	2
4	1	39	6630	16	7	10	2
4	1	39	6631	16	8	10	2
4	1	39	6632	16	9	10	2
4	1	39	6633	16	10	10	2
4	1	39	6634	16	11	10	2
4	1	39	6624	16	1	10	3
4	1	39	6625	16	2	10	3
4	1	39	6626	16	3	10	3
4	1	39	6627	16	4	10	3
4	1	39	6628	16	5	10	3
4	1	39	6629	16	6	10	3
4	1	39	6630	16	7	10	3
4	1	39	6631	16	8	10	3
4	1	39	6632	16	9	10	3
4	1	39	6633	16	10	10	3
4	1	39	6634	16	11	10	3
4	1	39	6624	16	1	10	4
4	1	39	6625	16	2	10	4
4	1	39	6626	16	3	10	4
4	1	39	6627	16	4	10	4
4	1	39	6628	16	5	10	4
4	1	39	6629	16	6	10	4
4	1	39	6630	16	7	10	4
4	1	39	6631	16	8	10	4
4	1	39	6632	16	9	10	4
4	1	39	6633	16	10	10	4
4	1	39	6634	16	11	10	4
4	1	39	6624	16	1	10	5
4	1	39	6625	16	2	10	5
4	1	39	6626	16	3	10	5
4	1	39	6627	16	4	10	5
4	1	39	6628	16	5	10	5
4	1	39	6629	16	6	10	5
4	1	39	6630	16	7	10	5
4	1	39	6631	16	8	10	5
4	1	39	6632	16	9	10	5
4	1	39	6633	16	10	10	5
4	1	39	6634	16	11	10	5
4	1	39	6624	16	1	10	6
4	1	39	6625	16	2	10	6
4	1	39	6626	16	3	10	6
4	1	39	6627	16	4	10	6
4	1	39	6628	16	5	10	6
4	1	39	6629	16	6	10	6
4	1	39	6630	16	7	10	6
4	1	39	6631	16	8	10	6
4	1	39	6632	16	9	10	6
4	1	39	6633	16	10	10	6
4	1	39	6634	16	11	10	6
4	1	39	6624	16	1	10	7
4	1	39	6625	16	2	10	7
4	1	39	6626	16	3	10	7
4	1	39	6627	16	4	10	7
4	1	39	6628	16	5	10	7
4	1	39	6629	16	6	10	7
4	1	39	6630	16	7	10	7
4	1	39	6631	16	8	10	7
4	1	39	6632	16	9	10	7
4	1	39	6633	16	10	10	7
4	1	39	6634	16	11	10	7
4	1	39	6624	16	1	10	8
4	1	39	6625	16	2	10	8
4	1	39	6626	16	3	10	8
4	1	39	6627	16	4	10	8
4	1	39	6628	16	5	10	8
4	1	39	6629	16	6	10	8
4	1	39	6630	16	7	10	8
4	1	39	6631	16	8	10	8
4	1	39	6632	16	9	10	8
4	1	39	6633	16	10	10	8
4	1	39	6634	16	11	10	8
4	1	39	6624	16	1	10	9
4	1	39	6625	16	2	10	9
4	1	39	6626	16	3	10	9
4	1	39	6627	16	4	10	9
4	1	39	6628	16	5	10	9
4	1	39	6629	16	6	10	9
4	1	39	6630	16	7	10	9
4	1	39	6631	16	8	10	9
4	1	39	6632	16	9	10	9
4	1	39	6633	16	10	10	9
4	1	39	6634	16	11	10	9
13	0	27	6639	10	2	18	1
13	0	27	6640	10	3	18	1
13	0	27	6641	10	4	0	0
13	0	27	6645	10	5	0	0
13	0	27	6642	10	6	0	1
13	0	27	6644	10	7	18	1
13	0	27	6646	10	8	18	1
13	0	27	6647	10	9	18	1
13	0	27	6648	10	10	18	1
13	0	27	6649	10	2	18	2
13	0	27	6650	10	3	18	2
13	0	27	6651	10	7	18	2
13	0	27	6652	10	8	18	2
13	0	27	6653	10	9	18	2
13	0	27	6655	10	2	18	3
13	0	27	6656	10	3	18	3
13	0	27	6657	10	7	18	3
13	0	27	6658	10	8	18	3
13	0	27	6659	10	9	18	3
13	0	27	6661	10	2	18	4
13	0	27	6662	10	3	18	4
13	0	27	6663	10	7	18	4
13	0	27	6664	10	8	18	4
13	0	27	6665	10	9	18	4
13	0	27	6654	10	10	18	2
13	0	27	6660	10	10	18	3
13	0	27	6671	10	10	18	4
13	0	27	6666	10	2	18	5
13	0	27	6667	10	3	18	5
13	0	27	6668	10	7	18	5
13	0	27	6669	10	8	18	5
13	0	27	6670	10	9	18	5
13	0	27	6672	10	10	18	5
13	0	27	6673	10	2	18	6
13	0	27	6674	10	3	18	6
13	0	27	6675	10	7	18	6
13	0	27	6676	10	8	18	6
13	0	27	6677	10	9	18	6
13	0	27	6678	10	10	18	6
13	0	27	6679	10	2	18	7
13	0	27	6680	10	3	18	7
13	0	27	6681	10	7	18	7
13	0	27	6682	10	8	18	7
13	0	27	6683	10	9	18	7
13	0	27	6684	10	10	18	7
13	0	27	6685	10	2	18	8
13	0	27	6686	10	3	18	8
13	0	27	6687	10	7	18	8
13	0	27	6688	10	8	18	8
13	0	27	6689	10	9	18	8
13	0	27	6690	10	10	18	8
13	0	27	6691	10	2	18	9
13	0	27	6692	10	3	18	9
13	0	27	6693	10	7	18	9
13	0	27	6694	10	8	18	9
13	0	27	6695	10	9	18	9
13	0	27	6696	10	10	18	9
0	0	0	0	0	0	0	0
1	0	25	6708	1	2	2	101
1	0	24	6709	2	101	0	0
1	0	26	6710	0	0	7	12
3	1	27	6711	16	1	2	1
3	1	27	6712	16	2	2	1
3	1	27	6713	16	3	2	1
3	1	27	6714	16	4	2	1
3	1	27	6715	16	5	2	1
3	1	27	6716	16	6	2	1
3	1	27	6717	16	7	0	0
3	1	27	6718	16	8	0	0
3	1	27	6719	16	9	0	0
3	1	27	6720	16	10	0	0
3	1	27	6721	16	11	0	0
3	1	27	6722	16	12	0	0
3	1	27	6723	16	13	0	0
3	1	27	6724	16	14	0	0
3	1	27	6725	16	1	2	2
3	1	27	6726	16	2	2	2
3	1	27	6727	16	3	2	2
3	1	27	6728	16	4	2	2
3	1	27	6729	16	5	2	2
3	1	27	6730	16	6	2	2
3	1	27	6731	16	1	2	3
3	1	27	6732	16	2	2	3
3	1	27	6733	16	3	2	3
3	1	27	6734	16	4	2	3
3	1	27	6735	16	5	2	3
3	1	27	6736	16	6	2	3
3	1	27	6737	16	1	2	4
3	1	27	6738	16	2	2	4
3	1	27	6739	16	3	2	4
3	1	27	6740	16	4	2	4
3	1	27	6741	16	5	2	4
3	1	27	6742	16	6	2	4
3	1	27	6743	16	1	2	5
3	1	27	6744	16	2	2	5
3	1	27	6745	16	3	2	5
3	1	27	6746	16	4	2	5
3	1	27	6747	16	5	2	5
3	1	27	6748	16	6	2	5
3	1	27	6749	16	1	2	6
3	1	27	6750	16	2	2	6
3	1	27	6751	16	3	2	6
3	1	27	6752	16	4	2	6
3	1	27	6753	16	5	2	6
3	1	27	6754	16	6	2	6
3	1	27	6755	16	1	2	7
3	1	27	6756	16	2	2	7
3	1	27	6757	16	3	2	7
3	1	27	6758	16	4	2	7
3	1	27	6759	16	5	2	7
3	1	27	6760	16	6	2	7
3	1	27	6761	16	1	2	8
3	1	27	6762	16	2	2	8
3	1	27	6763	16	3	2	8
3	1	27	6764	16	4	2	8
3	1	27	6765	16	5	2	8
3	1	27	6766	16	6	2	8
1	1	24	6772	2	12	0	0
1	1	25	6773	1	1	2	12
5	1	39	6774	15	1	0	0
5	1	39	6775	15	2	0	0
5	1	39	6776	15	3	0	0
5	1	39	6777	15	4	0	0
5	1	39	6778	15	5	0	0
5	1	39	6779	15	6	0	0
5	1	39	6780	15	7	0	0
5	1	39	6781	15	8	0	0
5	1	39	6782	15	9	0	0
5	1	39	6783	15	10	0	0
5	1	39	6784	15	11	0	0
3	1	27	6601	16	15	0	0
5	1	39	6601	15	12	0	0
1	1	25	26	1	11	0	1
12	1	24	6786	2	2	0	0
12	1	24	6787	2	3	0	0
12	1	24	6788	2	4	0	0
12	1	24	6789	2	5	0	0
12	1	24	6790	2	6	0	0
12	1	24	6791	2	7	0	0
12	1	24	6792	2	8	0	0
12	1	24	6793	2	9	0	0
12	1	24	6794	2	10	0	0
12	1	24	6795	2	11	0	0
12	1	25	6796	1	1	2	2
12	1	25	6797	1	2	2	2
12	1	25	6798	1	3	2	2
12	1	25	6799	1	4	2	2
12	1	25	6800	1	5	2	2
12	1	25	6801	1	6	2	2
12	1	25	6802	1	7	2	2
12	1	25	6803	1	1	2	3
12	1	25	6804	1	2	2	3
12	1	25	6805	1	3	2	3
12	1	25	6806	1	4	2	3
12	1	25	6807	1	5	2	3
12	1	25	6808	1	6	2	3
12	1	25	6809	1	7	2	3
12	1	25	6810	1	1	2	4
12	1	25	6811	1	2	2	4
12	1	25	6812	1	3	2	4
12	1	25	6813	1	4	2	4
12	1	25	6814	1	5	2	4
12	1	25	6815	1	6	2	4
12	1	25	6816	1	7	2	4
12	1	25	6817	1	1	2	5
12	1	25	6818	1	2	2	5
12	1	25	6819	1	3	2	5
12	1	25	6820	1	4	2	5
12	1	25	6821	1	5	2	5
12	1	25	6822	1	6	2	5
12	1	25	6823	1	7	2	5
12	1	25	6824	1	1	2	6
12	1	25	6825	1	2	2	6
12	1	25	6826	1	3	2	6
12	1	25	6827	1	4	2	6
12	1	25	6828	1	5	2	6
12	1	25	6829	1	6	2	6
12	1	25	6830	1	7	2	6
12	1	25	6831	1	1	2	7
12	1	25	6832	1	2	2	7
12	1	25	6833	1	3	2	7
12	1	25	6834	1	4	2	7
12	1	25	6835	1	5	2	7
12	1	25	6836	1	6	2	7
12	1	25	6837	1	7	2	7
12	1	25	6838	1	1	2	8
12	1	25	6839	1	2	2	8
12	1	25	6840	1	3	2	8
12	1	25	6841	1	4	2	8
12	1	25	6842	1	5	2	8
12	1	25	6843	1	6	2	8
12	1	25	6844	1	7	2	8
12	1	25	6845	1	1	2	9
12	1	25	6846	1	2	2	9
12	1	25	6847	1	3	2	9
12	1	25	6848	1	4	2	9
12	1	25	6849	1	5	2	9
12	1	25	6850	1	6	2	9
12	1	25	6851	1	7	2	9
12	1	25	6852	1	1	2	10
12	1	25	6853	1	2	2	10
12	1	25	6854	1	3	2	10
12	1	25	6855	1	4	2	10
12	1	25	6856	1	5	2	10
12	1	25	6857	1	6	2	10
12	1	25	6858	1	7	2	10
12	1	25	6859	1	1	2	11
12	1	25	6860	1	2	2	11
12	1	25	6861	1	3	2	11
12	1	25	6862	1	4	2	11
12	1	25	6863	1	5	2	11
12	1	25	6864	1	6	2	11
12	1	25	6865	1	7	2	11
12	1	27	4908	17	1	2	2
12	1	27	4909	17	2	2	2
12	1	27	6868	17	5	2	2
12	1	27	6869	17	6	2	2
12	1	27	6870	17	1	2	3
12	1	27	6871	17	2	2	3
12	1	27	6872	17	3	2	3
12	1	27	6873	17	4	2	3
12	1	27	6874	17	5	2	3
12	1	27	6875	17	6	2	3
12	1	27	6876	17	1	2	4
12	1	27	6877	17	2	2	4
12	1	27	6878	17	3	2	4
12	1	27	6879	17	4	2	4
12	1	27	6880	17	5	2	4
12	1	27	6881	17	6	2	4
12	1	27	6882	17	1	2	5
12	1	27	6883	17	2	2	5
12	1	27	6884	17	3	2	5
12	1	27	6885	17	4	2	5
12	1	27	6886	17	5	2	5
12	1	27	6887	17	6	2	5
12	1	27	6888	17	1	2	6
12	1	27	6889	17	2	2	6
12	1	27	6890	17	3	2	6
12	1	27	6891	17	4	2	6
12	1	27	6892	17	5	2	6
12	1	27	6893	17	6	2	6
12	1	27	6894	17	1	2	7
12	1	27	6895	17	2	2	7
12	1	27	6896	17	3	2	7
12	1	27	6897	17	4	2	7
12	1	27	6898	17	5	2	7
12	1	27	6899	17	6	2	7
12	1	27	6900	17	1	2	8
12	1	27	6901	17	2	2	8
12	1	27	6902	17	3	2	8
12	1	27	6903	17	4	2	8
12	1	27	6904	17	5	2	8
12	1	27	6905	17	6	2	8
12	1	27	6906	17	1	2	9
12	1	27	6907	17	2	2	9
12	1	27	6908	17	3	2	9
12	1	27	6909	17	4	2	9
12	1	27	6910	17	5	2	9
12	1	27	6911	17	6	2	9
12	1	27	6912	17	1	2	10
12	1	27	6913	17	2	2	10
12	1	27	6914	17	3	2	10
12	1	27	6915	17	4	2	10
12	1	27	6916	17	5	2	10
12	1	27	6917	17	6	2	10
12	1	27	6918	17	1	2	11
12	1	27	6919	17	2	2	11
12	1	27	6920	17	3	2	11
12	1	27	6921	17	4	2	11
12	1	27	6922	17	5	2	11
12	1	27	6923	17	6	2	11
1	0	39	6924	19	7	4	2
1	0	39	6925	19	2	4	2
1	0	39	6926	19	3	4	2
1	0	39	6927	19	4	4	2
1	0	39	6928	19	5	4	2
1	0	39	6929	19	6	4	2
1	0	39	6930	19	7	4	7
1	0	39	6931	19	2	4	7
1	0	39	6932	19	3	4	7
1	0	39	6933	19	4	4	7
1	0	39	6934	19	5	4	7
1	0	39	6935	19	6	4	7
1	0	39	6936	19	7	4	1
1	0	39	6937	19	2	4	1
1	0	39	6938	19	3	4	1
1	0	39	6939	19	4	4	1
1	0	39	6940	19	5	4	1
1	0	39	6941	19	6	4	1
1	0	39	6942	19	7	4	5
1	0	39	6943	19	2	4	5
1	0	39	6944	19	3	4	5
1	0	39	6945	19	4	4	5
1	0	39	6946	19	5	4	5
1	0	39	6947	19	6	4	5
1	0	39	6948	19	7	4	6
1	0	39	6950	19	2	4	6
1	0	39	6951	19	3	4	6
1	0	39	6952	19	4	4	6
1	0	39	6953	19	5	4	6
1	0	39	6954	19	6	4	6
1	0	39	6955	19	7	4	3
1	0	39	6956	19	2	4	3
1	0	39	6957	19	3	4	3
1	0	39	6958	19	4	4	3
1	0	39	6959	19	5	4	3
1	0	39	6960	19	6	4	3
1	0	39	6961	19	7	4	4
1	0	39	6962	19	2	4	4
1	0	39	6963	19	3	4	4
1	0	39	6964	19	4	4	4
1	0	39	6965	19	5	4	4
1	0	39	6966	19	6	4	4
1	0	39	0	19	1	4	2
1	0	39	0	19	1	4	7
1	0	39	0	19	1	4	1
1	0	39	0	19	1	4	5
1	0	39	0	19	1	4	6
1	0	39	0	19	1	4	4
1	0	25	135	21	1	2	1
1	0	25	190	21	1	2	2
1	0	25	189	21	1	2	3
1	0	25	1021	21	1	2	4
1	0	25	1029	21	1	2	5
1	0	25	1037	21	1	2	6
1	0	25	1045	21	1	2	7
1	0	25	138	21	3	2	1
1	0	25	188	21	3	2	2
1	0	25	199	21	3	2	3
1	0	25	1024	21	3	2	4
1	0	25	1032	21	3	2	5
1	0	25	1040	21	3	2	6
1	0	25	1048	21	3	2	7
1	0	25	139	21	4	2	1
1	0	25	202	21	4	2	2
1	0	25	197	21	4	2	3
1	0	25	1025	21	4	2	4
1	0	25	1033	21	4	2	5
1	0	25	1041	21	4	2	6
1	0	25	1049	21	4	2	7
1	0	25	140	21	5	2	1
1	0	25	196	21	5	2	2
1	0	25	191	21	5	2	3
1	0	25	1026	21	5	2	4
1	0	25	1034	21	5	2	5
1	0	25	1042	21	5	2	6
1	0	25	1050	21	5	2	7
1	0	25	1752	21	7	2	1
1	0	25	1784	21	7	2	7
1	0	25	1786	21	7	2	6
1	0	25	1789	21	7	2	5
1	0	25	1792	21	7	2	4
1	0	25	1798	21	7	2	3
1	0	25	1795	21	7	2	2
1	0	28	4	23	14	4	1
0	0	28	209	23	3	4	1
0	0	28	210	23	4	4	1
0	0	28	211	23	5	4	1
1	0	28	215	23	6	4	1
1	0	28	439	23	1	0	0
1	0	28	226	23	14	4	2
1	0	28	290	23	6	4	2
1	0	28	256	23	14	4	3
1	0	28	279	23	6	4	3
1	0	28	262	23	14	4	4
1	0	28	283	23	6	4	4
1	0	28	244	23	14	4	5
1	0	28	271	23	6	4	5
1	0	28	250	23	14	4	6
1	0	28	275	23	6	4	6
1	0	28	186	23	14	4	7
1	0	28	294	23	6	4	7
1	1	25	311	21	1	2	1
1	1	25	1408	21	2	2	1
1	1	25	1413	21	5	2	1
1	1	25	2372	21	7	2	1
1	1	25	1415	21	1	2	7
1	1	25	2373	21	7	2	7
1	1	25	1417	21	2	2	7
1	1	25	1422	21	5	2	7
1	1	25	2376	21	7	2	4
1	1	25	1448	21	1	2	4
1	1	25	1450	21	2	2	4
1	1	25	1455	21	5	2	4
1	1	25	2377	21	7	2	5
1	1	25	1457	21	1	2	5
1	1	25	1459	21	2	2	5
1	1	25	1464	21	5	2	5
1	1	25	2378	21	7	2	6
1	1	25	1466	21	1	2	6
1	1	25	1468	21	2	2	6
1	1	25	1473	21	5	2	6
1	1	25	2374	21	7	2	2
1	1	25	1430	21	1	2	2
1	1	25	1432	21	2	2	2
1	1	25	1437	21	5	2	2
1	1	25	2375	21	7	2	3
1	1	25	1439	21	1	2	3
1	1	25	1441	21	2	2	3
1	1	25	1446	21	5	2	3
1	1	28	1483	23	3	4	1
1	1	28	310	23	1	4	1
1	1	28	531	23	1	4	2
1	1	28	535	23	3	4	2
1	1	28	1515	23	1	4	7
1	1	28	1519	23	3	4	7
1	1	28	1497	23	1	4	4
1	1	28	1501	23	3	4	4
1	1	28	1569	23	1	4	5
1	1	28	1573	23	3	4	5
1	1	28	1551	23	1	4	6
1	1	28	1555	23	3	4	6
1	1	28	1533	23	1	4	3
1	1	28	1537	23	3	4	3
16	1	28	6984	3	5	7	1
16	1	28	6985	3	5	7	2
16	1	28	6986	3	5	7	3
16	1	28	6987	3	5	7	4
16	1	28	6988	3	5	7	5
16	1	28	6989	3	5	7	6
16	1	28	6990	3	5	7	7
16	1	28	6991	3	5	7	8
1	1	25	3171	22	12	0	1
1	1	25	3171	21	12	0	1
1	0	25	3171	21	9	0	2
1	0	25	3171	22	9	0	2
1	0	28	0	24	36	0	0
1	0	28	0	23	36	0	0
1	0	26	7016	0	0	7	13
1	0	39	0	19	1	4	3
13	0	28	5027	3	5	18	6
16	0	28	0	3	14	0	1
3	0	25	4953	1	9	2	9
1	1	24	7155	2	13	0	0
1	1	25	7154	1	1	2	13
3	1	28	7229	3	8	13	2
3	1	28	7230	3	9	13	2
3	1	28	7231	3	8	13	3
3	1	28	7232	3	9	13	3
3	1	28	7233	3	8	13	4
3	1	28	7234	3	9	13	4
3	1	28	7235	3	8	13	5
3	1	28	7236	3	9	13	5
4	0	25	3171	1	10	0	0
4	1	25	3171	1	7	0	0
3	1	25	3171	1	10	0	0
12	0	25	3171	1	10	0	0
16	1	25	3171	1	8	0	0
1	0	70	7277	25	1	0	0
1	0	70	7282	25	10	0	0
1	0	70	7280	25	20	0	0
1	0	70	7285	25	40	0	0
1	0	70	7289	25	50	0	0
1	1	70	7277	25	1	0	0
1	1	70	7282	25	10	0	0
1	1	70	7280	25	20	0	0
1	1	70	7285	25	40	0	0
1	1	70	7289	25	50	0	0
4	0	70	7277	25	1	0	0
4	0	70	7282	25	10	0	0
4	0	70	7280	25	20	0	0
4	0	70	7285	25	40	0	0
4	0	70	7289	25	50	0	0
4	1	70	7277	25	1	0	0
4	1	70	7282	25	10	0	0
4	1	70	7280	25	20	0	0
4	1	70	7285	25	40	0	0
4	1	70	7289	25	50	0	0
13	0	70	7277	25	1	0	0
13	0	70	7282	25	10	0	0
13	0	70	7280	25	20	0	0
13	0	70	7285	25	40	0	0
13	0	70	7289	25	50	0	0
5	0	70	7277	25	1	0	0
5	0	70	7282	25	10	0	0
5	0	70	7280	25	20	0	0
5	0	70	7285	25	40	0	0
5	0	70	7289	25	50	0	0
5	1	70	7277	25	1	0	0
5	1	70	7282	25	10	0	0
5	1	70	7280	25	20	0	0
5	1	70	7285	25	40	0	0
5	1	70	7289	25	50	0	0
3	0	70	7277	25	1	0	0
3	0	70	7282	25	10	0	0
3	0	70	7280	25	20	0	0
3	0	70	7285	25	40	0	0
3	0	70	7289	25	50	0	0
3	1	70	7277	25	1	0	0
3	1	70	7282	25	10	0	0
3	1	70	7280	25	20	0	0
3	1	70	7285	25	40	0	0
3	1	70	7289	25	50	0	0
12	0	70	7277	25	1	0	0
12	0	70	7282	25	10	0	0
12	0	70	7280	25	20	0	0
12	0	70	7285	25	40	0	0
12	0	70	7289	25	50	0	0
12	1	70	7277	25	1	0	0
12	1	70	7282	25	10	0	0
12	1	70	7280	25	20	0	0
12	1	70	7285	25	40	0	0
12	1	70	7289	25	50	0	0
16	0	70	7277	25	1	0	0
16	0	70	7282	25	10	0	0
16	0	70	7280	25	20	0	0
16	0	70	7285	25	40	0	0
16	0	70	7289	25	50	0	0
16	1	70	7277	25	1	0	0
16	1	70	7282	25	10	0	0
16	1	70	7280	25	20	0	0
16	1	70	7285	25	40	0	0
16	1	70	7289	25	50	0	0
1	0	28	7295	24	19	4	1
1	0	28	7296	24	20	4	1
1	0	28	7297	24	21	4	1
1	0	28	7298	24	19	4	2
1	0	28	7299	24	20	4	2
1	0	28	7300	24	21	4	2
1	0	28	7301	24	19	4	3
1	0	28	7302	24	20	4	3
1	0	28	7303	24	21	4	3
1	0	28	7304	24	19	4	4
1	0	28	7305	24	20	4	4
1	0	28	7306	24	21	4	4
1	0	28	7307	24	19	4	5
1	0	28	7308	24	20	4	5
1	0	28	7309	24	21	4	5
1	0	28	7310	24	19	4	6
1	0	28	7311	24	20	4	6
1	0	28	7312	24	21	4	6
1	0	28	7313	24	19	4	7
1	0	28	7314	24	20	4	7
1	0	28	7315	24	21	4	7
1	1	28	7316	24	19	4	1
1	1	28	7317	24	19	4	2
1	1	28	7318	24	19	4	7
1	1	28	7319	24	19	4	4
1	1	28	7320	24	19	4	5
1	1	28	7321	24	19	4	6
1	1	28	7322	24	19	4	3
3	1	28	7323	3	10	2	2
3	1	28	7324	3	11	2	2
3	1	28	7325	3	12	2	2
3	1	28	7327	3	10	2	8
3	1	28	7328	3	11	2	8
3	1	28	7329	3	12	2	8
3	1	28	7330	3	10	2	3
3	1	28	7331	3	11	2	3
3	1	28	7332	3	12	2	3
3	1	28	7326	3	13	13	5
3	1	28	7333	3	13	13	1
3	1	28	7334	3	13	13	4
3	1	28	7335	3	13	13	3
3	1	28	7336	3	13	13	2
3	1	28	7337	3	10	2	1
3	1	28	7338	3	11	2	1
3	1	28	7339	3	12	2	1
3	1	28	7340	3	10	2	4
3	1	28	7341	3	11	2	4
3	1	28	7342	3	12	2	4
3	1	28	7343	3	10	2	5
3	1	28	7344	3	11	2	5
3	1	28	7345	3	12	2	5
3	1	28	7346	3	10	2	6
3	1	28	7346	3	10	2	6
3	1	28	7347	3	11	2	6
3	1	28	7348	3	12	2	6
3	1	28	7349	3	10	2	7
3	1	28	7350	3	11	2	7
3	1	28	7351	3	12	2	7
3	0	28	7353	3	11	2	2
3	0	28	7354	3	10	2	3
3	0	28	7355	3	11	2	3
3	0	28	7356	3	10	2	4
3	0	28	7357	3	11	2	4
3	0	28	7358	3	10	2	5
3	0	28	7359	3	11	2	5
3	0	28	7360	3	10	2	6
3	0	28	7361	3	11	2	6
3	0	28	7362	3	10	2	1
3	0	28	7363	3	11	2	1
3	0	28	7364	3	10	2	9
3	0	28	7365	3	11	2	9
3	0	28	7366	3	10	2	7
3	0	28	7367	3	11	2	7
3	0	28	7368	3	10	2	8
3	0	28	7369	3	11	2	8
4	0	28	7370	3	10	4	2
4	0	28	7371	3	11	4	2
4	0	28	7372	3	12	4	2
4	0	28	7373	3	13	4	2
4	0	28	7374	3	14	4	2
4	0	28	7375	3	15	4	2
4	0	28	7376	3	16	4	2
4	0	28	7377	3	10	4	3
4	0	28	7378	3	11	4	3
4	0	28	7379	3	12	4	3
4	0	28	7380	3	13	4	3
4	0	28	7381	3	14	4	3
4	0	28	7382	3	15	4	3
4	0	28	7383	3	16	4	3
4	0	28	7384	3	10	4	1
4	0	28	7385	3	11	4	1
4	0	28	7386	3	12	4	1
4	0	28	7387	3	13	4	1
4	0	28	7388	3	14	4	1
4	0	28	7389	3	15	4	1
4	0	28	7390	3	16	4	1
4	0	28	7391	3	10	4	4
4	0	28	7392	3	11	4	4
4	0	28	7393	3	12	4	4
4	0	28	7394	3	13	4	4
4	0	28	7395	3	14	4	4
4	0	28	7396	3	15	4	4
4	0	28	7397	3	16	4	4
4	0	28	7398	3	10	4	5
4	0	28	7399	3	11	4	5
4	0	28	7400	3	12	4	5
4	0	28	7401	3	13	4	5
4	0	28	7402	3	14	4	5
4	0	28	7403	3	15	4	5
4	0	28	7404	3	16	4	5
4	0	28	7405	3	10	4	6
4	0	28	7406	3	11	4	6
4	0	28	7407	3	12	4	6
4	0	28	7408	3	13	4	6
4	0	28	7409	3	14	4	6
4	0	28	7410	3	15	4	6
4	0	28	7411	3	16	4	6
4	0	28	7412	3	10	4	7
4	0	28	7413	3	11	4	7
4	0	28	7414	3	12	4	7
4	0	28	7415	3	13	4	7
4	0	28	7416	3	14	4	7
4	0	28	7417	3	15	4	7
4	0	28	7418	3	16	4	7
4	0	28	7419	3	10	4	8
4	0	28	7420	3	11	4	8
4	0	28	7421	3	12	4	8
4	0	28	7422	3	13	4	8
4	0	28	7423	3	14	4	8
4	0	28	7424	3	15	4	8
4	0	28	7425	3	16	4	8
4	0	28	7426	3	10	4	9
4	0	28	7427	3	11	4	9
4	0	28	7428	3	12	4	9
4	0	28	7429	3	13	4	9
4	0	28	7430	3	14	4	9
4	0	28	7431	3	15	4	9
4	0	28	7432	3	16	4	9
4	1	28	7433	3	9	4	6
4	1	28	7434	3	10	4	6
4	1	28	7435	3	9	4	2
4	1	28	7436	3	10	4	2
4	1	28	7437	3	9	4	3
4	1	28	7438	3	10	4	3
4	1	28	7439	3	9	4	4
4	1	28	7440	3	10	4	4
4	1	28	7441	3	9	4	5
4	1	28	7442	3	10	4	5
4	1	28	7443	3	9	4	7
4	1	28	7444	3	10	4	7
4	1	28	7445	3	9	4	10
4	1	28	7446	3	10	4	10
4	1	28	7447	3	9	4	9
4	1	28	7448	3	10	4	9
4	1	28	7449	3	9	4	1
4	1	28	7450	3	10	4	1
4	1	28	7451	3	9	4	8
4	1	28	7452	3	10	4	8
16	0	28	7453	3	8	7	1
16	0	28	7454	3	9	4	1
16	0	28	7455	3	10	4	1
16	0	28	7456	3	11	7	1
16	0	28	7457	3	12	7	1
16	0	28	7461	3	8	7	8
16	0	28	7462	3	9	4	11
16	0	28	7463	3	10	4	11
16	0	28	7464	3	11	7	8
16	0	28	7465	3	12	7	8
16	0	28	7466	3	8	7	4
16	0	28	7467	3	9	4	5
16	0	28	7468	3	10	4	5
16	0	28	7469	3	11	7	4
16	0	28	7470	3	12	7	4
16	0	28	7471	3	8	7	3
16	0	28	7472	3	9	4	6
16	0	28	7473	3	10	4	6
16	0	28	7474	3	11	7	3
16	0	28	7475	3	12	7	3
16	0	28	7476	3	8	7	2
16	0	28	7477	3	9	4	9
16	0	28	7478	3	10	4	9
16	0	28	7479	3	11	7	2
16	0	28	7480	3	12	7	2
16	0	28	7790	3	8	7	5
16	0	28	7484	3	9	4	10
16	0	28	7485	3	10	4	10
16	0	28	7791	3	11	7	5
16	0	28	7789	3	12	7	5
16	0	28	7481	3	9	4	7
16	0	28	7482	3	10	4	7
16	0	28	7483	3	8	7	9
16	0	28	7484	3	9	4	2
16	0	28	7485	3	10	4	2
16	0	28	7486	3	11	7	9
16	0	28	7487	3	12	7	9
16	0	28	7489	3	9	4	3
16	0	28	7490	3	10	4	3
16	0	28	7494	3	9	4	8
16	0	28	7495	3	10	4	8
16	0	28	7498	3	8	7	6
16	0	28	7499	3	9	4	4
16	0	28	7500	3	10	4	4
16	0	28	7501	3	11	7	6
16	0	28	7502	3	12	7	6
16	1	28	7503	3	8	4	1
16	1	28	7504	3	9	4	1
16	1	28	7505	3	10	4	1
16	1	28	7506	3	11	4	1
16	1	28	7511	3	8	4	11
16	1	28	7512	3	9	4	11
16	1	28	7513	3	10	4	11
16	1	28	7514	3	11	4	11
16	1	28	7515	3	10	7	8
16	1	28	7516	3	10	7	7
16	1	28	7517	3	10	7	2
16	1	28	7518	3	10	7	3
16	1	28	7519	3	10	7	1
16	1	28	7520	3	10	7	5
16	1	28	7521	3	10	7	6
16	1	28	7522	3	10	7	4
16	1	28	7523	3	8	4	5
16	1	28	7524	3	9	4	5
16	1	28	7525	3	10	4	5
16	1	28	7526	3	11	4	5
16	1	28	7527	3	8	4	6
16	1	28	7528	3	9	4	6
16	1	28	7529	3	10	4	6
16	1	28	7530	3	11	4	6
16	1	28	7531	3	8	4	9
16	1	28	7532	3	9	4	9
16	1	28	7533	3	10	4	9
16	1	28	7534	3	11	4	9
16	1	28	7539	3	8	4	10
16	1	28	7540	3	9	4	10
16	1	28	7541	3	10	4	10
16	1	28	7542	3	11	4	10
16	1	28	7543	3	8	4	7
16	1	28	7544	3	9	4	7
16	1	28	7545	3	10	4	7
16	1	28	7546	3	11	4	7
16	1	28	7547	3	8	4	2
16	1	28	7548	3	9	4	2
16	1	28	7549	3	10	4	2
16	1	28	7550	3	11	4	2
16	1	28	7551	3	8	4	3
16	1	28	7552	3	9	4	3
16	1	28	7553	3	10	4	3
16	1	28	7554	3	11	4	3
16	1	28	7555	3	8	4	8
16	1	28	7556	3	9	4	8
16	1	28	7557	3	10	4	8
16	1	28	7558	3	11	4	8
16	1	28	7559	3	8	4	4
16	1	28	7560	3	9	4	4
16	1	28	7561	3	10	4	4
16	1	28	7562	3	11	4	4
1	1	28	7566	23	20	4	2
1	1	28	7563	23	20	4	1
1	1	28	7564	23	21	4	1
1	1	28	7565	23	22	4	1
1	1	28	7567	23	21	4	2
1	1	28	7568	23	22	4	2
1	1	28	7569	23	20	4	7
1	1	28	7570	23	21	4	7
1	1	28	7571	23	22	4	7
1	1	28	7572	23	20	4	4
1	1	28	7573	23	21	4	4
1	1	28	7574	23	22	4	4
1	1	28	7575	23	20	4	5
1	1	28	7576	23	21	4	5
1	1	28	7577	23	22	4	5
1	1	28	7578	23	20	4	6
1	1	28	7579	23	21	4	6
1	1	28	7580	23	22	4	6
1	1	28	7581	23	20	4	3
1	1	28	7582	23	21	4	3
1	1	28	7583	23	22	4	3
5	1	28	7584	3	7	2	8
5	1	28	7586	3	7	2	6
5	1	28	7585	3	7	2	7
5	1	28	7587	3	7	2	5
5	1	28	7588	3	7	2	4
5	1	28	7589	3	7	2	1
5	1	28	7590	3	7	2	3
5	1	28	7592	3	8	4	1
5	1	28	7599	3	9	4	1
5	1	28	7593	3	8	4	6
5	1	28	7600	3	9	4	6
5	1	28	7594	3	8	4	2
5	1	28	7601	3	9	4	2
5	1	28	7595	3	8	4	3
5	1	28	7602	3	9	4	3
5	1	28	7596	3	8	4	5
5	1	28	7603	3	9	4	5
5	1	28	7597	3	8	4	4
5	1	28	7604	3	9	4	4
5	0	28	7623	3	9	2	1
5	0	28	7605	3	9	2	2
0	0	28	7606	3	10	2	2
5	0	28	7607	3	11	2	2
5	0	28	7611	3	9	2	4
0	0	28	7612	3	10	2	4
5	0	28	7613	3	11	2	4
5	0	28	7614	3	9	2	5
0	0	28	7615	3	10	2	5
5	0	28	7616	3	11	2	5
5	0	28	7617	3	9	2	6
0	0	28	7618	3	10	2	6
5	0	28	7619	3	11	2	6
5	0	28	7620	3	9	2	7
0	0	28	7621	3	10	2	7
5	0	28	7622	3	11	2	7
0	0	28	7624	3	10	2	1
5	0	28	7625	3	11	2	1
5	0	28	7626	3	9	2	8
0	0	28	7627	3	10	2	8
5	0	28	7628	3	11	2	8
12	0	28	7629	3	10	14	2
12	0	28	7630	3	11	14	2
12	0	28	7631	3	12	14	2
12	0	28	7632	3	13	14	2
12	0	28	7633	3	14	14	2
12	0	28	7634	3	15	14	2
12	0	28	7635	3	10	14	3
12	0	28	7636	3	11	14	3
12	0	28	7637	3	12	14	3
12	0	28	7638	3	13	14	3
12	0	28	7639	3	14	14	3
12	0	28	7640	3	15	14	3
12	0	28	7641	3	10	14	4
12	0	28	7642	3	11	14	4
12	0	28	7643	3	12	14	4
12	0	28	7644	3	13	14	4
12	0	28	7645	3	14	14	4
12	0	28	7646	3	15	14	4
12	0	28	7647	3	10	14	5
12	0	28	7648	3	11	14	5
12	0	28	7649	3	12	14	5
12	0	28	7650	3	13	14	5
12	0	28	7651	3	14	14	5
12	0	28	7652	3	15	14	5
12	0	28	7653	3	10	14	6
12	0	28	7654	3	11	14	6
12	0	28	7655	3	12	14	6
12	0	28	7656	3	13	14	6
12	0	28	7657	3	14	14	6
12	0	28	7658	3	15	14	6
12	0	28	7659	3	10	14	1
12	0	28	7660	3	11	14	1
12	0	28	7661	3	12	14	1
12	0	28	7662	3	13	14	1
12	0	28	7663	3	14	14	1
12	0	28	7664	3	15	14	1
12	0	28	7665	3	10	14	7
12	0	28	7666	3	11	14	7
12	0	28	7667	3	12	14	7
12	0	28	7668	3	13	14	7
12	0	28	7669	3	14	14	7
12	0	28	7670	3	15	14	7
12	0	28	7671	3	10	14	8
12	0	28	7672	3	11	14	8
12	0	28	7673	3	12	14	8
12	0	28	7674	3	13	14	8
12	0	28	7675	3	14	14	8
12	0	28	7676	3	15	14	8
12	0	28	7677	3	10	14	9
12	0	28	7678	3	11	14	9
12	0	28	7679	3	12	14	9
12	0	28	7680	3	13	14	9
12	0	28	7681	3	14	14	9
12	0	28	7682	3	15	14	9
12	0	28	7683	3	10	14	10
12	0	28	7684	3	11	14	10
12	0	28	7685	3	12	14	10
12	0	28	7686	3	13	14	10
12	0	28	7687	3	14	14	10
12	0	28	7688	3	15	14	10
12	1	28	7689	3	9	14	3
12	1	28	7690	3	10	14	3
12	1	28	7691	3	11	14	3
12	1	28	7692	3	12	14	3
12	1	28	7693	3	13	14	3
12	1	28	7694	3	9	14	2
12	1	28	7695	3	10	14	2
12	1	28	7696	3	11	14	2
12	1	28	7697	3	12	14	2
12	1	28	7698	3	13	14	2
12	1	28	7704	3	9	14	5
12	1	28	7705	3	10	14	5
12	1	28	7706	3	11	14	5
12	1	28	7707	3	12	14	5
12	1	28	7708	3	13	14	5
12	1	28	7709	3	9	14	4
12	1	28	7710	3	10	14	4
12	1	28	7711	3	11	14	4
12	1	28	7712	3	12	14	4
12	1	28	7713	3	13	14	4
12	1	28	7714	3	9	14	11
12	1	28	7715	3	10	14	11
12	1	28	7716	3	11	14	11
12	1	28	7717	3	12	14	11
12	1	28	7718	3	13	14	11
12	1	28	7719	3	9	14	9
12	1	28	7720	3	10	14	9
12	1	28	7721	3	11	14	9
12	1	28	7722	3	12	14	9
12	1	28	7723	3	13	14	9
12	1	28	7724	3	9	14	1
12	1	28	7725	3	10	14	1
12	1	28	7726	3	11	14	1
12	1	28	7727	3	12	14	1
12	1	28	7728	3	13	14	1
12	1	28	7729	3	9	14	6
12	1	28	7730	3	10	14	6
12	1	28	7731	3	11	14	6
12	1	28	7732	3	12	14	6
12	1	28	7733	3	13	14	6
12	1	28	7734	3	9	14	7
12	1	28	7735	3	10	14	7
12	1	28	7736	3	11	14	7
12	1	28	7737	3	12	14	7
12	1	28	7738	3	13	14	7
12	1	28	7739	3	9	14	10
12	1	28	7740	3	10	14	10
12	1	28	7741	3	11	14	10
12	1	28	7742	3	12	14	10
12	1	28	7743	3	13	14	10
12	1	28	7699	3	9	14	8
12	1	28	7700	3	10	14	8
12	1	28	7701	3	11	14	8
12	1	28	7702	3	12	14	8
12	1	28	7703	3	13	14	8
13	0	28	7744	3	9	18	2
13	0	28	7745	3	10	18	2
13	0	28	7746	3	11	18	2
13	0	28	7747	3	12	18	2
13	0	28	7749	3	9	18	3
13	0	28	7750	3	10	18	3
13	0	28	7751	3	11	18	3
13	0	28	7752	3	12	18	3
13	0	28	7753	3	13	18	3
13	0	28	7754	3	9	18	1
13	0	28	7755	3	10	18	1
13	0	28	7756	3	11	18	1
13	0	28	7757	3	12	18	1
13	0	28	7758	3	13	18	1
13	0	28	7759	3	9	18	4
13	0	28	7760	3	10	18	4
13	0	28	7761	3	11	18	4
13	0	28	7762	3	12	18	4
13	0	28	7763	3	13	18	4
13	0	28	7764	3	9	18	5
13	0	28	7765	3	10	18	5
13	0	28	7766	3	11	18	5
13	0	28	7767	3	12	18	5
13	0	28	7768	3	13	18	5
13	0	28	7769	3	9	18	6
13	0	28	7770	3	10	18	6
13	0	28	7771	3	11	18	6
13	0	28	7772	3	12	18	6
13	0	28	7773	3	13	18	6
13	0	28	7774	3	9	18	7
13	0	28	7775	3	10	18	7
13	0	28	7776	3	11	18	7
13	0	28	7777	3	12	18	7
13	0	28	7778	3	13	18	7
13	0	28	7779	3	9	18	8
13	0	28	7780	3	10	18	8
13	0	28	7781	3	11	18	8
13	0	28	7782	3	12	18	8
13	0	28	7783	3	13	18	8
13	0	28	7784	3	9	18	9
13	0	28	7785	3	10	18	9
13	0	28	7786	3	11	18	9
13	0	28	7787	3	12	18	9
13	0	28	7788	3	13	18	9
16	0	28	7460	3	11	7	7
16	0	28	7458	3	12	7	7
4	1	70	7792	25	60	0	0
4	1	70	7793	25	70	0	0
4	1	70	8422	25	80	0	0
4	1	70	7795	25	90	0	0
4	0	70	7792	25	60	0	0
4	0	70	7793	25	70	0	0
4	0	70	8422	25	80	0	0
4	0	70	7795	25	90	0	0
16	0	28	7459	3	8	7	7
13	0	70	7792	25	60	0	0
13	0	70	7793	25	70	0	0
13	0	70	7277	25	80	0	0
13	0	70	7795	25	90	0	0
5	1	70	7792	25	60	0	0
5	1	70	7793	25	70	0	0
5	1	70	8422	25	80	0	0
5	1	70	7795	25	90	0	0
5	0	70	7792	25	60	0	0
5	0	70	7793	25	70	0	0
5	0	70	8422	25	80	0	0
5	0	70	7795	25	90	0	0
3	1	70	7792	25	60	0	0
3	1	70	7793	25	70	0	0
3	1	70	8422	25	80	0	0
3	1	70	7795	25	90	0	0
3	0	70	7792	25	60	0	0
3	0	70	7793	25	70	0	0
3	0	70	8422	25	80	0	0
3	0	70	7795	25	90	0	0
1	1	70	7792	25	60	0	0
1	1	70	7793	25	70	0	0
1	1	70	8422	25	80	0	0
1	1	70	7795	25	90	0	0
1	0	70	7792	25	60	0	0
1	0	70	7793	25	70	0	0
1	0	70	8422	25	80	0	0
1	0	70	7795	25	90	0	0
12	1	70	7792	25	60	0	0
12	1	70	7793	25	70	0	0
12	1	70	8422	25	80	0	0
12	1	70	7795	25	90	0	0
12	0	70	7792	25	60	0	0
12	0	70	7793	25	70	0	0
12	0	70	8422	25	80	0	0
12	0	70	7795	25	90	0	0
16	0	70	7792	25	60	0	0
16	0	70	7793	25	70	0	0
16	0	70	8422	25	80	0	0
16	0	70	7795	25	90	0	0
16	1	70	7792	25	60	0	0
16	1	70	7793	25	70	0	0
16	1	70	8422	25	80	0	0
16	1	70	7795	25	90	0	0
5	0	28	7801	3	10	4	5
5	0	28	7800	3	10	4	3
5	0	28	7802	3	10	4	6
5	0	28	7803	3	10	4	7
5	0	28	7804	3	10	4	1
5	0	28	7805	3	10	4	2
5	0	28	7806	3	10	4	8
5	0	28	7807	3	10	4	4
5	0	28	7610	3	11	2	3
13	0	28	7748	3	13	18	2
5	0	28	7608	3	9	2	3
1	1	25	7830	22	11	0	13
1	1	28	7835	24	23	0	3
3	0	28	7352	3	10	2	2
1	1	26	7838	0	0	7	12
1	0	25	8085	21	13	2	102
1	0	25	8086	22	14	2	1
1	0	25	8087	22	15	2	1
1	0	24	8089	2	102	0	0
1	1	25	8098	21	13	0	13
1	1	28	1342	23	101	0	1
0	1	28	0	23	100	0	1
12	1	25	8345	1	9	2	1
12	1	25	8348	1	9	2	7
12	1	25	8347	1	9	2	11
12	1	25	8349	1	9	2	6
12	1	25	8350	1	9	2	4
12	1	25	8351	1	9	2	8
12	1	25	8352	1	9	2	2
12	1	25	8353	1	9	2	5
12	1	25	8354	1	9	2	3
12	1	25	8355	1	9	2	9
12	1	25	8356	1	9	2	10
12	1	26	8357	14	1	1	9
12	1	26	8358	14	2	1	9
12	1	26	8360	14	4	1	9
12	1	26	8359	14	3	1	9
12	1	26	8361	14	5	1	9
12	1	26	8368	14	8	1	9
12	1	26	8367	14	6	1	9
12	1	26	8366	14	11	1	9
12	1	26	8364	14	9	1	9
12	1	26	8362	14	7	1	9
12	1	26	8365	14	10	1	9
4	1	25	8394	1	8	2	1
4	1	25	8395	1	8	2	9
4	1	25	8396	1	8	2	2
4	1	25	8397	1	8	2	10
4	1	25	8398	1	8	2	4
4	1	25	8399	1	8	2	5
4	1	25	8400	1	8	2	3
4	1	25	8401	1	8	2	6
4	1	25	8402	1	8	2	8
4	1	25	8403	1	8	2	7
4	1	26	8404	7	1	1	8
4	1	26	8405	7	4	1	8
4	1	26	8406	7	5	1	8
4	1	26	8407	7	6	1	8
4	1	26	8408	7	7	1	8
4	1	26	8409	7	2	1	8
4	1	26	8410	7	8	1	8
4	1	26	8411	7	3	1	8
4	1	26	8412	7	9	1	8
4	1	26	8413	7	10	1	8
4	1	26	8414	7	11	1	8
4	1	26	8415	7	12	1	8
13	0	70	8422	25	100	0	0
16	1	25	8427	1	9	2	1
16	1	25	8429	1	9	2	3
16	1	25	8436	1	9	2	4
16	1	25	8430	1	9	2	5
16	1	25	8431	1	9	2	6
16	1	25	8432	1	9	2	7
16	1	25	8433	1	9	2	8
16	1	25	8434	1	9	2	9
16	1	25	8437	1	9	2	10
16	1	25	8435	1	9	2	11
16	1	25	8428	1	9	2	2
16	1	26	8441	7	1	1	9
16	1	26	8440	7	2	1	9
16	1	26	8442	7	3	1	9
16	1	26	8443	7	4	1	9
16	1	26	8439	7	5	1	9
16	1	26	8445	7	6	1	9
16	1	26	8446	7	7	1	9
16	1	26	8447	7	8	1	9
3	1	25	8457	1	11	2	4
3	1	25	8458	1	11	2	2
3	1	25	8460	1	11	2	1
3	1	25	8461	1	11	2	3
3	1	25	8462	1	11	2	5
3	1	25	8463	1	11	2	6
3	1	25	8464	1	11	2	7
3	1	25	8459	1	11	2	8
5	1	25	8560	1	11	2	1
5	1	25	8561	1	11	2	8
5	1	25	8562	1	11	2	7
5	1	25	8566	1	11	2	3
5	1	25	8565	1	11	2	4
5	1	25	8564	1	11	2	5
5	1	25	8563	1	11	2	6
5	1	26	8567	7	1	1	11
5	1	26	8568	7	2	1	11
5	1	26	8569	7	3	1	11
5	1	26	8570	7	4	1	11
5	1	26	8571	7	5	1	11
5	1	26	8572	7	6	1	11
5	1	26	8573	7	7	1	11
5	1	26	8574	7	8	1	11
1	1	25	8582	22	8	2	1
1	1	25	8582	21	8	2	1
1	1	25	8586	22	8	2	4
1	1	25	8586	21	8	2	4
1	1	25	8587	22	8	2	5
1	1	25	8587	21	8	2	5
1	1	25	8588	22	8	2	6
1	1	25	8588	21	8	2	6
1	1	25	8583	22	8	2	7
1	1	25	8583	21	8	2	7
1	1	25	8584	22	8	2	2
1	1	25	8584	21	8	2	2
1	1	25	8585	22	8	2	3
1	1	25	8585	21	8	2	3
1	0	0	0	27	1	0	0
1	0	0	0	26	1	0	0
3	0	0	0	27	3	0	0
4	0	0	0	27	4	0	0
5	0	0	0	26	5	0	0
12	0	0	0	26	12	0	0
13	0	0	0	26	13	0	0
16	0	0	0	27	16	0	0
