creatureId	spell4Id	label
27402	2764	Firestorm Bomber
27402	55766	Firestorm Bomber
27403	2607	Firestorm Berserker
27403	55426	Firestorm Berserker
27403	2605	Firestorm Berserker
27449	6751	Barkblight Feeder
27449	55287	Barkblight Feeder
27449	6750	Barkblight Feeder
27449	55286	Barkblight Feeder
27451	33249	Barkblight Biter
27451	55722	Barkblight Biter
27451	55721	Barkblight Biter
27451	33250	Barkblight Biter
27452	56818	Barkblight Horror
27452	8093	Barkblight Horror
27452	8094	Barkblight Horror
27452	58263	Barkblight Horror
27452	70150	Barkblight Horror
27453	5532	Barkblight Queen
27453	55757	Barkblight Queen
27453	5536	Barkblight Queen
27575	35716	Firestorm Tank
27575	34981	Firestorm Tank
27575	39607	Firestorm Tank
27575	34967	Firestorm Tank
27575	35171	Firestorm Tank
27579	32867	Firestorm Guardian
27579	55434	Firestorm Guardian
27579	32868	Firestorm Guardian
27687	32727	Mysthoof Trampler
27687	32726	Mysthoof Trampler
27687	55296	Mysthoof Trampler
27876	55311	Mystwing Shredder
27876	28704	Mystwing Shredder
27876	28705	Mystwing Shredder
27878	55289	Mystpaw Thrasher
27878	372	Mystpaw Thrasher
27878	1616	Mystpaw Thrasher
27878	55290	Mystpaw Thrasher
28002	52235	Grove Guardian
28002	51993	Grove Guardian
28002	52080	Grove Guardian
28002	7267	Grove Guardian
28002	7270	Grove Guardian
28002	55305	Grove Guardian
28317	70406	Barkblight Egg
28318	34566	Thrasher Fern
28318	33013	Thrasher Fern
28318	33021	Thrasher Fern
28318	33022	Thrasher Fern
28320	52527	Firestorm Fuel
28623	32727	Mysthoof Doe
28623	32726	Mysthoof Doe
28623	55296	Mysthoof Doe
29125	42802	Stinging Defender
29870	56073	Bloodbloom Avenger
29873	56073	Bloodbloom Avenger
29919	55292	Mystpaw Dasher
29919	372	Mystpaw Dasher
29919	1616	Mystpaw Dasher
29976	28705	Mystwing Boomer
29976	55311	Mystwing Boomer
29976	28704	Mystwing Boomer
36173	55317	Elderoot Deathcap
36173	33247	Elderoot Deathcap
36173	33248	Elderoot Deathcap
36183	55434	Black Hoods Trainee
36197	35998	Eldan Security Beam
36198	35998	Eldan Security Beam
41995	55425	Everstar Defender
41997	55425	Everstar Defender
45474	5649	Ravenous Mordesh
45474	5652	Ravenous Mordesh
45474	55439	Ravenous Mordesh
45477	5649	Ravenous Mordesh
45477	5652	Ravenous Mordesh
45477	55439	Ravenous Mordesh
45503	5649	Ravenous Mordesh
45503	5652	Ravenous Mordesh
45503	55439	Ravenous Mordesh
45868	55305	Enraged Guardian
46096	55317	Elderoot Deathcap
46096	33247	Elderoot Deathcap
46096	33248	Elderoot Deathcap
46252	42802	Stinging Attacker
46387	45194	Agitated Fungal Growth
46394	45168	Enraged Grove Guardian
46394	73094	Enraged Grove Guardian
46394	55305	Enraged Grove Guardian
46394	7270	Enraged Grove Guardian
46394	7267	Enraged Grove Guardian
46431	45211	Everstar Bee Swarm
46487	55433	Personal Guard
46606	55305	Enraged Guardian
47777	55305	Enraged Guardian
52367	54518	Elderoot Tendril
27481	2764	Firestorm Sentry
27481	55766	Firestorm Sentry
51111	2764	Firestorm Sentry
51111	55766	Firestorm Sentry
28086	50182	Firestorm Drilldozer
70449	309	Abominus
70449	4089	Abominus
70449	903	Abominus
71442	183	Darksister Zura
71442	186	Darksister Zura
71442	189	Darksister Zura
70448	186	Darkwitch Kulgha
70448	187	Darkwitch Kulgha
70446	8353	Frostgale
70446	3844	Frostgale
72174	385	Frosthound
72174	4089	Frosthound
70454	4089	Ghost
70454	2087	Ghost
70454	385	Ghost
72245	189	Glasha the Bladewitch
72245	186	Glasha the Bladewitch
72245	2776	Glasha the Bladewitch
72245	10250	Glasha the Bladewitch
72241	53034	Haknoth the Houndmaster
72241	2095	Haknoth the Houndmaster
72241	903	Haknoth the Houndmaster
72244	2095	Jregh the Burned
72244	28141	Jregh the Burned
72244	186	Jregh the Burned
70447	2095	Kundar ven Offen
70447	10250	Kundar ven Offen
70447	2776	Kundar ven Offen
70447	3947	Kundar ven Offen
70444	645	Matuk the Scorned
70444	946	Matuk the Scorned
70444	27281	Matuk the Scorned
70455	2174	Rimetusk
70455	2139	Rimetusk
72243	946	Rogan the Rash
72243	2139	Rogan the Rash
72446	2583	Sarod the Soulstealer
72446	187	Sarod the Soulstealer
72446	2818	Sarod the Soulstealer
14393	4815	Scrapclaw
72333	385	Shivermane
72333	2087	Shivermane
72333	903	Shivermane
70648	4089	Snowflake
70648	385	Snowflake
70648	461	Snowflake
72175	385	Vicious Frosthound
72175	2087	Vicious Frosthound
72175	4089	Vicious Frosthound
154	55119	darkspur raider
154	47669	darkspur raider
154	65795	darkspur raider
154	48920	darkspur raider
2409	53275	shoveljaw boulderback
2409	21878	shoveljaw boulderback
2409	31135	shoveljaw boulderback
2409	53274	shoveljaw boulderback
2409	21569	shoveljaw boulderback
2409	53268	shoveljaw boulderback
2995	27783	invisible unit
2995	40535	invisible unit
4148	32735	grimstone digger
4148	32379	grimstone digger
4148	34262	grimstone digger
6386	28500	big fire
7040	30096	longhorn bull
7040	24211	longhorn bull
7040	53423	longhorn bull
7040	40693	longhorn bull
7040	30510	longhorn bull
7557	44263	hycrest guard
7557	44262	hycrest guard
8524	34361	chompacabra
8524	34146	chompacabra
8524	34264	chompacabra
8524	34266	chompacabra
8999	53377	exile soldier
8999	65795	exile soldier
8999	55763	exile soldier
8999	53371	exile soldier
8999	53383	exile soldier
8999	55434	exile soldier
8999	55764	exile soldier
8999	57872	exile soldier
8999	57843	exile soldier
8999	43759	exile soldier
9000	54935	exile medic
9000	54343	exile medic
9000	58710	exile medic
9000	58711	exile medic
9570	32774	gnarlfoot climber
9570	46933	gnarlfoot climber
9570	43366	gnarlfoot climber
9570	44200	gnarlfoot climber
9573	43366	gnarlfoot slasher
9573	42383	gnarlfoot slasher
9573	41717	gnarlfoot slasher
9573	32774	gnarlfoot slasher
9573	46895	gnarlfoot slasher
9574	43366	gnarlfoot pest
9574	42383	gnarlfoot pest
9574	32774	gnarlfoot pest
9574	46895	gnarlfoot pest
9574	41717	gnarlfoot pest
9578	26162	zomclaw buzzard
9578	20196	zomclaw buzzard
9578	57768	zomclaw buzzard
9578	28704	zomclaw buzzard
9578	57765	zomclaw buzzard
9578	28016	zomclaw buzzard
9578	47168	zomclaw buzzard
9579	28016	zomclaw scavenger
9579	57768	zomclaw scavenger
9579	20196	zomclaw scavenger
9579	28704	zomclaw scavenger
9579	26162	zomclaw scavenger
9579	57765	zomclaw scavenger
9579	47168	zomclaw scavenger
9591	27974	whitepaw slasher
9591	26162	whitepaw slasher
9591	12425	whitepaw slasher
9591	35192	whitepaw slasher
9591	14025	whitepaw slasher
9591	27991	whitepaw slasher
9592	12425	whitepaw pouncer
9592	27974	whitepaw pouncer
9592	14025	whitepaw pouncer
9592	27991	whitepaw pouncer
9592	35192	whitepaw pouncer
9592	26162	whitepaw pouncer
9593	12425	whitepaw prowler
9593	46024	whitepaw prowler
9593	26162	whitepaw prowler
9593	27974	whitepaw prowler
9593	14024	whitepaw prowler
9593	45494	whitepaw prowler
9593	35192	whitepaw prowler
9596	12425	whitepaw stalker
9596	13961	whitepaw stalker
9596	45494	whitepaw stalker
9596	35192	whitepaw stalker
9597	56074	deadwind sleeper
9597	53369	deadwind sleeper
9597	56073	deadwind sleeper
9598	61315	deadwind lunatic
9598	60562	deadwind lunatic
9598	61392	deadwind lunatic
9598	61393	deadwind lunatic
9598	61426	deadwind lunatic
9599	61393	deadwind maniac
9599	60562	deadwind maniac
9599	61315	deadwind maniac
9599	61392	deadwind maniac
9599	61426	deadwind maniac
9603	54600	ungala shocker
9603	54601	ungala shocker
9603	32493	ungala shocker
9603	54602	ungala shocker
9603	26512	ungala shocker
9603	25871	ungala shocker
9606	48792	coastal tusker
9606	52536	coastal tusker
9606	45851	coastal tusker
9606	48515	coastal tusker
9606	52473	coastal tusker
9608	25871	coastal hookjaw
9608	25877	coastal hookjaw
9609	6296	coastal hunter
9609	45851	coastal hunter
9610	55151	stonetusk charger
9610	2340	stonetusk charger
9610	19085	stonetusk charger
9610	9743	stonetusk charger
9610	30623	stonetusk charger
9610	32574	stonetusk charger
9613	21712	swifthart elder
9613	18109	swifthart elder
9613	35506	swifthart elder
9615	53508	swifthart stag
9615	21715	swifthart stag
9615	35506	swifthart stag
9615	18109	swifthart stag
9615	30503	swifthart stag
9615	53505	swifthart stag
9616	55307	coarsehair bellower
9616	30510	coarsehair bellower
9616	32886	coarsehair bellower
9616	21704	coarsehair bellower
9616	22670	coarsehair bellower
9619	18120	coarsehair wanderer
9619	19180	coarsehair wanderer
9619	55307	coarsehair wanderer
9619	30510	coarsehair wanderer
9620	53416	coarsehair bull
9620	22670	coarsehair bull
9620	55307	coarsehair bull
9620	53436	coarsehair bull
9620	32886	coarsehair bull
9620	30510	coarsehair bull
9620	21705	coarsehair bull
9622	31801	bloodfire warpig
9622	30936	bloodfire warpig
9622	31809	bloodfire warpig
9622	31619	bloodfire warpig
9630	35622	jagged rock minebot
9630	34585	jagged rock minebot
9630	34982	jagged rock minebot
9630	35223	jagged rock minebot
9630	24990	jagged rock minebot
9631	35622	jagged rock minebot
9631	34585	jagged rock minebot
9631	34982	jagged rock minebot
9631	35223	jagged rock minebot
9631	24990	jagged rock minebot
9633	41619	savannah poacher
9633	65744	savannah poacher
9633	42111	savannah poacher
9633	42083	savannah poacher
9634	51899	savannah marksman
9634	52742	savannah marksman
9634	51828	savannah marksman
9634	52010	savannah marksman
9635	46878	zonaga
9635	35474	zonaga
9635	54824	zonaga
9635	54822	zonaga
9635	46288	zonaga
9636	55402	shadeleaf mystic
9636	55421	shadeleaf mystic
9636	55401	shadeleaf mystic
9636	53382	shadeleaf mystic
9636	55371	shadeleaf mystic
9636	55786	shadeleaf mystic
9637	55786	shadeleaf novice
9637	53382	shadeleaf novice
9637	55531	shadeleaf novice
9637	55371	shadeleaf novice
9739	55402	ullana shadeleaf
9739	55401	ullana shadeleaf
9739	55421	ullana shadeleaf
9739	53382	ullana shadeleaf
9739	55371	ullana shadeleaf
9751	12425	kivuli
9751	45494	kivuli
9751	13961	kivuli
9751	35192	kivuli
9752	26162	kifo
9752	27991	kifo
9752	14024	kifo
9752	12425	kifo
9752	27974	kifo
9773	55402	ullana shadeleaf
9773	55401	ullana shadeleaf
9773	55421	ullana shadeleaf
9773	53382	ullana shadeleaf
9773	55371	ullana shadeleaf
9794	29850	mercenary arkos
9794	32177	mercenary arkos
9794	46692	mercenary arkos
9794	46797	mercenary arkos
9794	46579	mercenary arkos
9794	30131	mercenary arkos
9794	32192	mercenary arkos
9794	47033	mercenary arkos
9799	66354	firewalker jarrok
9799	61315	firewalker jarrok
9799	66353	firewalker jarrok
9799	65716	firewalker jarrok
9800	54577	tamolo
9800	53382	tamolo
9800	56074	tamolo
9800	56073	tamolo
9800	54716	tamolo
9800	56078	tamolo
9898	53382	deadwind moodie
9898	65849	deadwind moodie
10106	32774	ook
10106	46895	ook
10106	48086	ook
10106	43327	ook
10106	41717	ook
10106	47858	ook
10106	48147	ook
10107	54577	witch doctor shami
10107	56074	witch doctor shami
10107	56078	witch doctor shami
10107	53382	witch doctor shami
10107	56073	witch doctor shami
10108	54602	yihwa
10108	26512	yihwa
10108	25871	yihwa
10108	54601	yihwa
10108	32493	yihwa
10108	54600	yihwa
10356	45851	mursu
10356	52473	mursu
10356	48792	mursu
10356	52536	mursu
10356	48515	mursu
10440	26386	bloodcoast sand king
10440	57287	bloodcoast sand king
10440	57288	bloodcoast sand king
10440	57289	bloodcoast sand king
10440	26161	bloodcoast sand king
10442	57287	bloodcoast skuttling
10442	26161	bloodcoast skuttling
10442	57288	bloodcoast skuttling
10442	26385	bloodcoast skuttling
10443	26385	bloodcoast spikeling
10443	57288	bloodcoast spikeling
10443	26161	bloodcoast spikeling
10443	57287	bloodcoast spikeling
10444	57287	bloodcoast burrower
10444	26385	bloodcoast burrower
10444	57288	bloodcoast burrower
10444	26161	bloodcoast burrower
10445	26161	bloodcoast pincher
10445	26385	bloodcoast pincher
10445	57288	bloodcoast pincher
10445	57287	bloodcoast pincher
10529	54577	deadwind witchdoctor
10529	56078	deadwind witchdoctor
10529	53382	deadwind witchdoctor
10529	56073	deadwind witchdoctor
10529	56074	deadwind witchdoctor
10529	54716	deadwind witchdoctor
11061	60595	commander durek
11061	61315	commander durek
11061	61014	commander durek
11066	60595	commander durek
11066	61315	commander durek
11066	61014	commander durek
11071	65709	dagun scavenger
11071	72599	dagun scavenger
11071	65711	dagun scavenger
11117	28016	boneclaw rotbeak
11117	28704	boneclaw rotbeak
11117	20196	boneclaw rotbeak
11117	57768	boneclaw rotbeak
11117	47168	boneclaw rotbeak
11117	57765	boneclaw rotbeak
11117	26162	boneclaw rotbeak
11149	55421	stormwing protector
11149	55401	stormwing protector
11149	55371	stormwing protector
11149	53382	stormwing protector
11149	55402	stormwing protector
11152	66122	stormwing vanquisher
11152	66113	stormwing vanquisher
11152	60562	stormwing vanquisher
11152	66118	stormwing vanquisher
11152	57843	stormwing vanquisher
11152	69165	stormwing vanquisher
11152	74514	stormwing vanquisher
11152	61315	stormwing vanquisher
11153	66113	stormwing guardian
11153	66122	stormwing guardian
11153	60562	stormwing guardian
11153	61315	stormwing guardian
11153	66118	stormwing guardian
11153	57843	stormwing guardian
11153	74514	stormwing guardian
11153	69165	stormwing guardian
11161	43328	hillscourge plaguebug
11161	41070	hillscourge plaguebug
11161	44466	hillscourge plaguebug
11161	44656	hillscourge plaguebug
11164	43328	hillscourge protector
11164	44466	hillscourge protector
11164	44656	hillscourge protector
11164	41070	hillscourge protector
11467	57664	granok mercenary
11467	52448	granok mercenary
11855	43366	bushtail screecher
11855	46933	bushtail screecher
11855	32774	bushtail screecher
11855	44200	bushtail screecher
11903	29850	mercenary arkos
11903	32177	mercenary arkos
11903	46692	mercenary arkos
11903	46797	mercenary arkos
11903	46579	mercenary arkos
11903	30131	mercenary arkos
11903	32192	mercenary arkos
11903	47033	mercenary arkos
11907	55840	skeech diviner
11907	65849	skeech diviner
11910	27269	skeech scratcher
11910	38773	skeech scratcher
11910	65744	skeech scratcher
11912	55840	skeech shaman
11912	65849	skeech shaman
11913	55840	skeech diviner
11913	65849	skeech diviner
11917	65849	skeech frostlord
11917	55840	skeech frostlord
11925	52057	crystal guardian
11925	53771	crystal guardian
11925	55304	crystal guardian
11925	46327	crystal guardian
11925	40488	crystal guardian
11925	50097	crystal guardian
11945	9940	yeti snowstalker
11945	2095	yeti snowstalker
11945	44496	yeti snowstalker
11945	53034	yeti snowstalker
11948	9937	yeti frostclaw
11948	2095	yeti frostclaw
11948	55630	yeti frostclaw
11950	28691	dominion engineer
11950	44427	dominion engineer
11950	45953	dominion engineer
11950	46389	dominion engineer
11950	65744	dominion engineer
11950	45813	dominion engineer
11950	46398	dominion engineer
11953	55763	dominion gunner
11953	55764	dominion gunner
11953	51828	dominion gunner
11953	52010	dominion gunner
11987	53348	dominion turret
11987	44283	dominion turret
11987	42235	dominion turret
11987	52775	dominion turret
11987	52772	dominion turret
11987	52853	dominion turret
11987	52777	dominion turret
12211	60568	risen draken warrior
12211	61315	risen draken warrior
12211	49928	risen draken warrior
12211	49879	risen draken warrior
12211	49792	risen draken warrior
12212	47153	rootbrute grimspore
12212	35474	rootbrute grimspore
12212	55316	rootbrute grimspore
12212	46807	rootbrute grimspore
12213	55319	rootbrute deathcap
12213	46043	rootbrute deathcap
12213	35474	rootbrute deathcap
12213	47152	rootbrute deathcap
12213	54185	rootbrute deathcap
12213	46051	rootbrute deathcap
12213	52869	rootbrute deathcap
12313	34262	ancient skeleton
12313	33250	ancient skeleton
12313	33242	ancient skeleton
12313	35556	ancient skeleton
12327	54577	tamolo
12327	53382	tamolo
12327	56074	tamolo
12327	56073	tamolo
12327	54716	tamolo
12327	56078	tamolo
12347	56818	oozing sludgeon
12347	57008	oozing sludgeon
12347	57831	oozing sludgeon
12347	46939	oozing sludgeon
12347	35474	oozing sludgeon
12347	58263	oozing sludgeon
12347	38501	oozing sludgeon
12347	57878	oozing sludgeon
12347	57744	oozing sludgeon
12507	60568	risen draken warrior
12507	61315	risen draken warrior
12507	49928	risen draken warrior
12507	49879	risen draken warrior
12507	49792	risen draken warrior
12516	53384	dominion scout
12516	53383	dominion scout
12516	55426	dominion scout
12516	54241	dominion scout
12516	54299	dominion scout
12516	51828	dominion scout
12516	72075	dominion scout
12516	55762	dominion scout
12516	52010	dominion scout
12516	51899	dominion scout
12518	65711	dagun tracker
12518	65709	dagun tracker
12518	72599	dagun tracker
12525	58478	dominion blasterbot
12525	62528	dominion blasterbot
12526	57882	dominion ultrabot
12526	40506	dominion ultrabot
12526	57879	dominion ultrabot
12526	50280	dominion ultrabot
12526	46392	dominion ultrabot
12526	55364	dominion ultrabot
12526	45779	dominion ultrabot
12655	66354	firewalker jarrok
12655	61315	firewalker jarrok
12655	66353	firewalker jarrok
12655	65716	firewalker jarrok
12740	52504	deadstar pummeler
12740	41619	deadstar pummeler
12740	42083	deadstar pummeler
12740	65744	deadstar pummeler
12740	42111	deadstar pummeler
12742	55119	deadstar gunhand
12742	47669	deadstar gunhand
12742	48920	deadstar gunhand
12742	65795	deadstar gunhand
12743	55761	deadstar mechanic
12743	52151	deadstar mechanic
12743	52010	deadstar mechanic
12743	54128	deadstar mechanic
12747	60568	dominion operative
12747	61315	dominion operative
12747	50103	dominion operative
12747	50007	dominion operative
12747	49888	dominion operative
12748	18094	duskfall flailer
12748	6103	duskfall flailer
12748	17269	duskfall flailer
12748	54591	duskfall flailer
12751	56990	duskfall warden
12751	47175	duskfall warden
12751	48896	duskfall warden
12751	56986	duskfall warden
12751	65849	duskfall warden
12751	55702	duskfall warden
12751	55683	duskfall warden
12751	51827	duskfall warden
12752	30756	duskfall squawker
12752	46149	duskfall squawker
12752	56986	duskfall squawker
12754	7031	irradiated snoglug
12754	57054	irradiated snoglug
12754	57055	irradiated snoglug
12754	57057	irradiated snoglug
12754	25878	irradiated snoglug
12754	57056	irradiated snoglug
12754	55329	irradiated snoglug
12759	28691	dominion engineer
12759	44427	dominion engineer
12759	45953	dominion engineer
12759	46389	dominion engineer
12759	65744	dominion engineer
12759	45813	dominion engineer
12759	46398	dominion engineer
12800	30936	bloodmaul ravager
12800	71187	bloodmaul ravager
12800	31618	bloodmaul ravager
12800	30095	bloodmaul ravager
12802	66393	ripbeak buzzard
12802	69165	ripbeak buzzard
12802	66394	ripbeak buzzard
12802	65753	ripbeak buzzard
12802	65754	ripbeak buzzard
12803	28704	ripbeak skyhunter
12803	26162	ripbeak skyhunter
12803	57768	ripbeak skyhunter
12803	20196	ripbeak skyhunter
12803	28016	ripbeak skyhunter
12803	47168	ripbeak skyhunter
12803	57765	ripbeak skyhunter
12804	30936	greystone earthrager
12804	28626	greystone earthrager
12804	31619	greystone earthrager
12804	56899	greystone earthrager
12807	25871	coldscale stunpike
12807	25877	coldscale stunpike
12808	25871	coldscale ravener
12808	25877	coldscale ravener
12844	9937	yeti frostclaw
12844	2095	yeti frostclaw
12844	55630	yeti frostclaw
12924	56074	poxbrew alchemist
12924	53369	poxbrew alchemist
12924	56073	poxbrew alchemist
12925	54327	poxbrew operative
12925	53384	poxbrew operative
12925	53383	poxbrew operative
12925	54299	poxbrew operative
12925	54241	poxbrew operative
12925	54675	poxbrew operative
12930	69165	director ehlsa
12930	57843	director ehlsa
12930	58566	director ehlsa
12930	58567	director ehlsa
12930	57851	director ehlsa
12930	57872	director ehlsa
12930	57029	director ehlsa
12952	30510	strawgrazer charger
12952	32886	strawgrazer charger
12952	19180	strawgrazer charger
12952	18120	strawgrazer charger
13007	35246	greystone slasher
13007	32768	greystone slasher
13007	32735	greystone slasher
13007	35282	greystone slasher
13008	35282	greystone rumbler
13008	32768	greystone rumbler
13008	56614	greystone rumbler
13008	35246	greystone rumbler
13008	32735	greystone rumbler
13013	21704	strawgrazer pack bull
13013	53416	strawgrazer pack bull
13013	53436	strawgrazer pack bull
13013	22670	strawgrazer pack bull
13013	32886	strawgrazer pack bull
13013	30510	strawgrazer pack bull
13014	30510	strawgrazer gorer
13014	32886	strawgrazer gorer
13014	19180	strawgrazer gorer
13014	18120	strawgrazer gorer
13081	52742	inventor hoom
13081	51899	inventor hoom
13081	51828	inventor hoom
13081	52010	inventor hoom
13112	52151	dominion scientist
13112	55763	dominion scientist
13112	66020	dominion scientist
13112	48616	dominion scientist
13112	50080	dominion scientist
13112	44267	dominion scientist
13116	9937	yeti frostclaw
13116	2095	yeti frostclaw
13116	55630	yeti frostclaw
13117	9940	yeti snowstalker
13117	2095	yeti snowstalker
13117	44496	yeti snowstalker
13117	53034	yeti snowstalker
13118	47153	rootbrute grimspore
13118	35474	rootbrute grimspore
13118	55316	rootbrute grimspore
13118	46807	rootbrute grimspore
13147	52742	captain thokov
13147	51828	captain thokov
13147	51899	captain thokov
13147	52010	captain thokov
13398	57664	trapped miner guard
13398	52448	trapped miner guard
13405	60569	hycrest watch recruit
13501	60569	hycrest watch recruit
13521	35282	greystone ambusher
13521	32735	greystone ambusher
13521	32768	greystone ambusher
13521	35246	greystone ambusher
13521	56614	greystone ambusher
13522	32735	redsnout the ravenous
13522	32768	redsnout the ravenous
13522	35246	redsnout the ravenous
13522	35282	redsnout the ravenous
13522	56614	redsnout the ravenous
13543	47669	hycrest watchman
13543	55119	hycrest watchman
13543	65795	hycrest watchman
13543	48933	hycrest watchman
13543	55372	hycrest watchman
13543	47389	hycrest watchman
13549	47153	rootbrute grimspore
13549	35474	rootbrute grimspore
13549	55316	rootbrute grimspore
13549	46807	rootbrute grimspore
13552	60569	hycrest watch recruit
13639	32734	demonclaw
13639	45289	demonclaw
13639	32735	demonclaw
13639	45335	demonclaw
13639	34262	demonclaw
13647	25144	cubig security zapper
13669	60568	lieutenant pragg
13669	61315	lieutenant pragg
13669	55434	lieutenant pragg
13714	32735	cubig squared
13714	32612	cubig squared
13714	32379	cubig squared
13714	39867	cubig squared
13725	32612	cuboar abomination
13725	32735	cuboar abomination
13725	32379	cuboar abomination
13725	39867	cuboar abomination
13726	65973	fieldclaw mangler
13726	56525	fieldclaw mangler
13728	56326	mozyk rumbler
13728	55700	mozyk rumbler
13728	52235	mozyk rumbler
13728	54349	mozyk rumbler
13728	56622	mozyk rumbler
13728	52080	mozyk rumbler
13729	55862	viceclaw pincer
13729	55859	viceclaw pincer
13729	55860	viceclaw pincer
13729	65763	viceclaw pincer
13729	53988	viceclaw pincer
13729	55861	viceclaw pincer
13729	54225	viceclaw pincer
13734	54675	hivestrike operative
13734	54299	hivestrike operative
13734	53384	hivestrike operative
13734	54241	hivestrike operative
13734	53383	hivestrike operative
13734	54327	hivestrike operative
13737	55371	hivestrike grovekeeper
13737	53382	hivestrike grovekeeper
13737	55531	hivestrike grovekeeper
13739	53382	hivestrike elementalist
13739	55531	hivestrike elementalist
13739	55371	hivestrike elementalist
13748	36021	honeyhive swarmer
13748	32965	honeyhive swarmer
13748	32966	honeyhive swarmer
13748	37322	honeyhive swarmer
13759	66057	swiftpaw savager
13759	65709	swiftpaw savager
13759	65711	swiftpaw savager
13760	79183	swiftpaw growler
13760	69165	swiftpaw growler
13760	65709	swiftpaw growler
13760	65711	swiftpaw growler
13760	79182	swiftpaw growler
13761	44804	swiftpaw stalker
13761	55290	swiftpaw stalker
13761	46040	swiftpaw stalker
13761	42362	swiftpaw stalker
13761	44805	swiftpaw stalker
13761	43759	swiftpaw stalker
13762	65709	swiftpaw tracker
13762	79182	swiftpaw tracker
13762	69165	swiftpaw tracker
13762	79183	swiftpaw tracker
13762	65711	swiftpaw tracker
13763	6917	pinewrath logchomper
13763	38079	pinewrath logchomper
13763	6916	pinewrath logchomper
13763	52762	pinewrath logchomper
13763	52760	pinewrath logchomper
13763	38031	pinewrath logchomper
13763	53868	pinewrath logchomper
13768	30510	longhorn steer
13768	30096	longhorn steer
13768	21725	longhorn steer
13803	65711	blackpaw
13803	79183	blackpaw
13803	66239	blackpaw
13803	65709	blackpaw
13803	72964	blackpaw
13803	60950	blackpaw
13803	69165	blackpaw
13831	27116	honeyhive queen
13831	32966	honeyhive queen
13831	11865	honeyhive queen
13842	56622	golthox
13842	56326	golthox
13842	55700	golthox
13842	52080	golthox
13842	54349	golthox
13842	52235	golthox
13959	2095	fierce yeti icefang
13959	9937	fierce yeti icefang
13959	55630	fierce yeti icefang
13981	60594	morek throg
13981	61315	morek throg
13981	66279	morek throg
13981	66275	morek throg
14033	39867	aberrant cloned cubig
14033	32617	aberrant cloned cubig
14136	6917	the lurking terror
14136	38079	the lurking terror
14136	6916	the lurking terror
14136	53868	the lurking terror
14136	52760	the lurking terror
14136	52762	the lurking terror
14136	38031	the lurking terror
14424	53343	dominion soldier
14424	53342	dominion soldier
14424	57843	dominion soldier
14424	49350	dominion soldier
14424	43759	dominion soldier
14424	51346	dominion soldier
14424	65744	dominion soldier
14424	57664	dominion soldier
14424	52448	dominion soldier
14424	51828	dominion soldier
14424	52010	dominion soldier
14424	52742	dominion soldier
14424	53345	dominion soldier
14424	52551	dominion soldier
14433	58566	darkspur bladegrinder
14433	57843	darkspur bladegrinder
14433	58567	darkspur bladegrinder
14433	69165	darkspur bladegrinder
14433	57872	darkspur bladegrinder
14435	65744	darkspur bruiser
14435	42111	darkspur bruiser
14435	42083	darkspur bruiser
14435	41619	darkspur bruiser
14437	47669	darkspur splitshot
14437	55119	darkspur splitshot
14437	65795	darkspur splitshot
14437	48920	darkspur splitshot
14464	53382	thundercall arcanist
14464	55402	thundercall arcanist
14464	55421	thundercall arcanist
14464	55401	thundercall arcanist
14464	55371	thundercall arcanist
14468	57843	thundercall guardian
14468	58535	thundercall guardian
14468	60599	thundercall guardian
14468	63233	thundercall guardian
14468	63270	thundercall guardian
14468	64916	thundercall guardian
14468	75772	thundercall guardian
14468	75793	thundercall guardian
14468	75792	thundercall guardian
14468	75599	thundercall guardian
14468	61315	thundercall guardian
14468	75357	thundercall guardian
14573	69072	wind elemental
14573	46878	wind elemental
14573	69378	wind elemental
14573	35474	wind elemental
14573	65456	wind elemental
14573	70570	wind elemental
14581	26385	stonespike fouler
14581	57288	stonespike fouler
14581	57287	stonespike fouler
14581	26161	stonespike fouler
14582	57287	stonespike tusker
14582	26385	stonespike tusker
14582	26161	stonespike tusker
14582	57288	stonespike tusker
14583	26161	stonespike snipper
14583	26385	stonespike snipper
14583	57287	stonespike snipper
14583	57288	stonespike snipper
14598	36849	vishal-thun soul slaver
14598	65744	vishal-thun soul slaver
14598	40694	vishal-thun soul slaver
14598	35403	vishal-thun soul slaver
14598	72918	vishal-thun soul slaver
14598	72910	vishal-thun soul slaver
14600	49911	vishal-thun overlord
14600	42208	vishal-thun overlord
14600	49915	vishal-thun overlord
14600	73113	vishal-thun overlord
14600	73116	vishal-thun overlord
14600	73134	vishal-thun overlord
14600	52063	vishal-thun overlord
14608	39914	stormwing brutalizer
14608	65744	stormwing brutalizer
14608	55539	stormwing brutalizer
14608	38774	stormwing brutalizer
14610	55421	bride osprea
14610	55401	bride osprea
14610	53382	bride osprea
14610	55371	bride osprea
14610	55402	bride osprea
14611	66393	stormwing razortalon
14611	69165	stormwing razortalon
14611	66394	stormwing razortalon
14611	65753	stormwing razortalon
14611	65754	stormwing razortalon
14612	61283	stormwing eviscerator
14612	55185	stormwing eviscerator
14612	55044	stormwing eviscerator
14612	63209	stormwing eviscerator
14613	63209	stormwing warrior
14613	61283	stormwing warrior
14613	55185	stormwing warrior
14613	55044	stormwing warrior
14614	60562	valtross stormwing
14614	61315	valtross stormwing
14614	66113	valtross stormwing
14614	66122	valtross stormwing
14614	66118	valtross stormwing
14614	57843	valtross stormwing
14614	69165	valtross stormwing
14614	74514	valtross stormwing
14616	66113	stormwing guardian
14616	66122	stormwing guardian
14616	60562	stormwing guardian
14616	61315	stormwing guardian
14616	66118	stormwing guardian
14616	57843	stormwing guardian
14616	74514	stormwing guardian
14616	69165	stormwing guardian
14618	55421	stormwing protector
14618	55401	stormwing protector
14618	55371	stormwing protector
14618	53382	stormwing protector
14618	55402	stormwing protector
14863	56622	troka' ra
14863	56329	troka' ra
14863	52475	troka' ra
14863	52531	troka' ra
14863	47929	troka' ra
14863	54349	troka' ra
15263	57627	cloverscale
15263	57626	cloverscale
15263	65762	cloverscale
15263	57625	cloverscale
15263	57624	cloverscale
15263	65761	cloverscale
15382	30503	snowstep stag
15382	53508	snowstep stag
15382	18109	snowstep stag
15382	21713	snowstep stag
15382	53505	snowstep stag
15518	69693	highloft shocker
15518	6433	highloft shocker
15518	6432	highloft shocker
15518	69660	highloft shocker
15519	69693	highloft skimmer
15519	69660	highloft skimmer
15519	6433	highloft skimmer
15519	6432	highloft skimmer
15581	35246	greystone tunneler
15581	32768	greystone tunneler
15581	32735	greystone tunneler
15581	35282	greystone tunneler
15588	60569	hycrest watch recruit
15600	2340	stonetusk trampler
15600	55151	stonetusk trampler
15600	30623	stonetusk trampler
15600	32574	stonetusk trampler
15600	19085	stonetusk trampler
15600	9743	stonetusk trampler
15615	31395	avalanche
15640	30510	elderly longhorn
15640	53423	elderly longhorn
15640	40693	elderly longhorn
15640	30096	elderly longhorn
15640	24211	elderly longhorn
15728	31618	xenobite
15728	30936	xenobite
15736	47389	ravenous ghoul
15736	54299	ravenous ghoul
15736	54241	ravenous ghoul
15736	53345	ravenous ghoul
15736	50115	ravenous ghoul
15736	65744	ravenous ghoul
15756	48924	savannah tracker
15756	55119	savannah tracker
15756	46393	savannah tracker
15756	47669	savannah tracker
15756	55372	savannah tracker
15756	65795	savannah tracker
16207	46654	skeletal remains
16610	53382	air tome-binder
16610	55371	air tome-binder
16610	55401	air tome-binder
16610	55421	air tome-binder
16610	55402	air tome-binder
16611	53382	thundercall wind-witch
16611	55421	thundercall wind-witch
16611	55401	thundercall wind-witch
16611	55402	thundercall wind-witch
16611	55371	thundercall wind-witch
16612	55371	thundercall wind-speaker
16612	55531	thundercall wind-speaker
16612	53382	thundercall wind-speaker
16613	53343	thundercall warrior
16613	53342	thundercall warrior
16613	52086	thundercall warrior
16613	57843	thundercall warrior
16613	75357	thundercall warrior
16613	75599	thundercall warrior
16630	30979	icemaw alpha
16630	53034	icemaw alpha
16630	53054	icemaw alpha
16630	9945	icemaw alpha
16630	2095	icemaw alpha
16630	36569	icemaw alpha
16630	52968	icemaw alpha
16632	52968	icemaw frostclaw
16632	9937	icemaw frostclaw
16632	53034	icemaw frostclaw
16632	2095	icemaw frostclaw
16639	55401	stormtalon tome-binder
16639	55421	stormtalon tome-binder
16639	53382	stormtalon tome-binder
16639	55402	stormtalon tome-binder
16639	55371	stormtalon tome-binder
16640	53382	summoning tome-binder
16640	55401	summoning tome-binder
16640	55371	summoning tome-binder
16640	55421	summoning tome-binder
16640	55402	summoning tome-binder
16648	57843	thundercall acolyte
16648	63233	thundercall acolyte
16648	60598	thundercall acolyte
16648	61315	thundercall acolyte
16648	58535	thundercall acolyte
16648	75357	thundercall acolyte
16648	75599	thundercall acolyte
16660	55371	high priest storm-render
16660	53382	high priest storm-render
16660	55401	high priest storm-render
16660	55421	high priest storm-render
16660	55402	high priest storm-render
16665	55862	shaleclaw stinger
16665	55859	shaleclaw stinger
16665	53988	shaleclaw stinger
16665	55860	shaleclaw stinger
16665	65763	shaleclaw stinger
16665	54225	shaleclaw stinger
16665	55861	shaleclaw stinger
16666	55862	shaleclaw lurker
16666	65763	shaleclaw lurker
16666	53988	shaleclaw lurker
16666	55861	shaleclaw lurker
16666	55860	shaleclaw lurker
16666	55859	shaleclaw lurker
16666	54225	shaleclaw lurker
16680	28443	dominion research equipment
16699	65709	razorbeak render
16699	52717	razorbeak render
16699	65753	razorbeak render
16699	54189	razorbeak render
16700	54189	razorbeak riptalon
16700	65753	razorbeak riptalon
16700	65709	razorbeak riptalon
16700	52717	razorbeak riptalon
16702	24059	darkspur lieutenant
16702	46797	darkspur lieutenant
16702	29850	darkspur lieutenant
16702	46692	darkspur lieutenant
16707	61315	boss xagg
16707	60568	boss xagg
16707	69304	boss xagg
16707	49792	boss xagg
16718	62958	marauder mine
16728	27783	invisible unit
16728	40535	invisible unit
16778	46878	gust elemental
16778	69072	gust elemental
16778	69378	gust elemental
16778	65456	gust elemental
16778	35474	gust elemental
16801	54349	stonefist devastator
16801	55700	stonefist devastator
16801	56622	stonefist devastator
16801	56328	stonefist devastator
16802	56622	stonefist slammer
16802	52235	stonefist slammer
16802	56326	stonefist slammer
16802	55700	stonefist slammer
16802	54349	stonefist slammer
16802	52080	stonefist slammer
16808	55421	wind-wail the storm-shaman
16808	53382	wind-wail the storm-shaman
16808	55402	wind-wail the storm-shaman
16808	55401	wind-wail the storm-shaman
16808	55371	wind-wail the storm-shaman
16822	55859	shaleclaw broodmother
16822	65763	shaleclaw broodmother
16822	53988	shaleclaw broodmother
16822	55862	shaleclaw broodmother
16822	55861	shaleclaw broodmother
16822	54225	shaleclaw broodmother
16822	55860	shaleclaw broodmother
16824	26161	stonespike needler
16824	26385	stonespike needler
16824	57287	stonespike needler
16824	57288	stonespike needler
16852	49915	corrupted abomination
16852	42208	corrupted abomination
16852	52063	corrupted abomination
16852	49911	corrupted abomination
16852	73113	corrupted abomination
16852	73116	corrupted abomination
16852	73134	corrupted abomination
16861	54343	black hoods agent
16861	54937	black hoods agent
16861	58766	black hoods agent
16861	58771	black hoods agent
16861	53384	black hoods agent
16861	54299	black hoods agent
16861	53383	black hoods agent
16861	54241	black hoods agent
16866	61315	ici agent
16910	58566	dominion assault trooper
16910	57843	dominion assault trooper
16910	58567	dominion assault trooper
16910	69165	dominion assault trooper
16910	57872	dominion assault trooper
16911	57843	dominion warrant officer
16911	58566	dominion warrant officer
16911	58567	dominion warrant officer
16911	57872	dominion warrant officer
16911	69165	dominion warrant officer
16912	48381	dominion recruit
16912	55383	dominion recruit
16937	27783	invisible unit
16937	40535	invisible unit
17055	46393	skywatch trooper
17055	46402	skywatch trooper
17055	48920	skywatch trooper
17055	51960	skywatch trooper
17055	51828	skywatch trooper
17055	55119	skywatch trooper
17057	55119	skywatch soldier
17057	48924	skywatch soldier
17057	65795	skywatch soldier
17057	51828	skywatch soldier
17057	51960	skywatch soldier
17058	55119	skywatch soldier
17058	48924	skywatch soldier
17058	65795	skywatch soldier
17058	51828	skywatch soldier
17058	51960	skywatch soldier
17060	46393	skywatch trooper
17060	46402	skywatch trooper
17060	48920	skywatch trooper
17060	51960	skywatch trooper
17060	51828	skywatch trooper
17060	55119	skywatch trooper
17075	53348	dominion turret
17075	44283	dominion turret
17075	42235	dominion turret
17075	52775	dominion turret
17075	52772	dominion turret
17075	52853	dominion turret
17075	52777	dominion turret
17076	31395	stormwing catapult
17078	49928	dominion advance scout
17078	49879	dominion advance scout
17078	60568	dominion advance scout
17078	61315	dominion advance scout
17078	49792	dominion advance scout
17079	57631	dominion shocktrooper
17079	52151	dominion shocktrooper
17079	57872	dominion shocktrooper
17079	58567	dominion shocktrooper
17079	58566	dominion shocktrooper
17079	69165	dominion shocktrooper
17079	57843	dominion shocktrooper
17079	53384	dominion shocktrooper
17079	54299	dominion shocktrooper
17079	54241	dominion shocktrooper
17080	58566	dominion forward drudger
17080	54742	dominion forward drudger
17080	54817	dominion forward drudger
17080	53384	dominion forward drudger
17086	32966	whimwood bladewing
17086	32965	whimwood bladewing
17086	36021	whimwood bladewing
17086	37322	whimwood bladewing
17087	32965	whimwood mender
17087	32966	whimwood mender
17087	36021	whimwood mender
17087	37322	whimwood mender
17088	12295	whimwood stinger
17088	44650	whimwood stinger
17088	44714	whimwood stinger
17089	11859	whimwood swarmer
17089	32966	whimwood swarmer
17090	53423	galehorn steer
17090	30096	galehorn steer
17090	24211	galehorn steer
17090	40693	galehorn steer
17090	30510	galehorn steer
17091	30096	galehorn grazer
17091	21725	galehorn grazer
17091	30510	galehorn grazer
17094	34361	windyburrow biter
17094	34264	windyburrow biter
17094	34310	windyburrow biter
17094	35522	windyburrow biter
17094	34266	windyburrow biter
17097	34361	windyburrow nipper
17097	34310	windyburrow nipper
17097	34264	windyburrow nipper
17097	34266	windyburrow nipper
17097	35522	windyburrow nipper
17098	34310	windyburrow gnawer
17098	34361	windyburrow gnawer
17098	34264	windyburrow gnawer
17098	34266	windyburrow gnawer
17098	35522	windyburrow gnawer
17099	31618	windyburrow nibbler
17099	30936	windyburrow nibbler
17169	65795	darby's trooper
17169	55761	darby's trooper
17169	53377	darby's trooper
17170	65795	darby's trooper
17170	55761	darby's trooper
17170	53377	darby's trooper
17173	33937	thundercall channeler
17175	60595	commander durek
17175	61315	commander durek
17175	61014	commander durek
17179	46393	skywatch trooper
17179	46402	skywatch trooper
17179	48920	skywatch trooper
17179	51960	skywatch trooper
17179	51828	skywatch trooper
17179	55119	skywatch trooper
17180	55119	skywatch soldier
17180	48924	skywatch soldier
17180	65795	skywatch soldier
17180	51828	skywatch soldier
17180	51960	skywatch soldier
17182	46393	skywatch trooper
17182	46402	skywatch trooper
17182	48920	skywatch trooper
17182	51960	skywatch trooper
17182	51828	skywatch trooper
17182	55119	skywatch trooper
17232	42725	slush still
17278	57843	enforcer aakdoom
17278	58567	enforcer aakdoom
17278	57029	enforcer aakdoom
17278	58566	enforcer aakdoom
17278	57872	enforcer aakdoom
17278	57851	enforcer aakdoom
17278	69165	enforcer aakdoom
17282	60594	morek throg
17282	61315	morek throg
17282	66279	morek throg
17282	66275	morek throg
17286	12425	irradiated icetail leaper
17286	13961	irradiated icetail leaper
17286	45494	irradiated icetail leaper
17286	35192	irradiated icetail leaper
17287	12425	irradiated icetail pouncer
17287	26162	irradiated icetail pouncer
17287	27991	irradiated icetail pouncer
17287	14025	irradiated icetail pouncer
17287	27974	irradiated icetail pouncer
17287	35192	irradiated icetail pouncer
17288	12425	irradiated icetail slayer
17288	27974	irradiated icetail slayer
17288	14024	irradiated icetail slayer
17288	27991	irradiated icetail slayer
17288	26162	irradiated icetail slayer
17289	60594	morek throg
17289	61315	morek throg
17289	66279	morek throg
17289	66275	morek throg
17290	57365	throg smasher
17290	15661	throg smasher
17290	47033	throg smasher
17290	46797	throg smasher
17290	32192	throg smasher
17291	58566	throg breaker
17291	58567	throg breaker
17291	69165	throg breaker
17291	57843	throg breaker
17291	57872	throg breaker
17292	66354	throg striker
17292	66353	throg striker
17292	65716	throg striker
17292	61315	throg striker
17303	28673	duskfall gnasher
17303	30935	duskfall gnasher
17303	28937	duskfall gnasher
17303	28654	duskfall gnasher
17322	49297	wild rowsdower
17336	65761	whimthorn sawtooth
17336	57624	whimthorn sawtooth
17336	57625	whimthorn sawtooth
17336	65762	whimthorn sawtooth
17336	57627	whimthorn sawtooth
17336	57626	whimthorn sawtooth
17338	65744	breog the bonebreaker
17338	39914	breog the bonebreaker
17338	55539	breog the bonebreaker
17338	38774	breog the bonebreaker
17340	61315	broodlord taran stormwing
17340	66113	broodlord taran stormwing
17340	66122	broodlord taran stormwing
17340	66118	broodlord taran stormwing
17340	57843	broodlord taran stormwing
17340	69165	broodlord taran stormwing
17340	60562	broodlord taran stormwing
17340	74514	broodlord taran stormwing
17342	53384	assault trooper
17342	58566	assault trooper
17342	58567	assault trooper
17342	69165	assault trooper
17342	51828	assault trooper
17342	57631	assault trooper
17342	52010	assault trooper
17342	57843	assault trooper
17342	57851	assault trooper
17342	57872	assault trooper
17343	53384	assault trooper
17343	58566	assault trooper
17343	58567	assault trooper
17343	69165	assault trooper
17343	51828	assault trooper
17343	57631	assault trooper
17343	52010	assault trooper
17343	57843	assault trooper
17343	57851	assault trooper
17343	57872	assault trooper
17344	55421	stormwing protector
17344	55401	stormwing protector
17344	55371	stormwing protector
17344	53382	stormwing protector
17344	55402	stormwing protector
17355	32388	the ravager
17355	32389	the ravager
17355	53387	the ravager
17359	61283	stormwing eviscerator
17359	55185	stormwing eviscerator
17359	55044	stormwing eviscerator
17359	63209	stormwing eviscerator
17361	63209	stormwing warrior
17361	61283	stormwing warrior
17361	55185	stormwing warrior
17361	55044	stormwing warrior
17406	31395	stormwing catapult
17407	31395	stormwing catapult
17408	31395	stormwing catapult
17409	27631	musty spore
17409	72745	musty spore
17429	62685	cartel outlaw
17429	65795	cartel outlaw
17432	65795	cartel gunhand
17432	62685	cartel gunhand
17444	58566	throg breaker
17444	58567	throg breaker
17444	69165	throg breaker
17444	57843	throg breaker
17444	57872	throg breaker
17447	50115	throg pounder
17447	47669	throg pounder
17447	55119	throg pounder
17447	48908	throg pounder
17447	65795	throg pounder
17447	65744	throg pounder
17447	46398	throg pounder
17447	45813	throg pounder
17503	43759	exile defender
17503	49350	exile defender
17503	55119	exile defender
17503	46393	exile defender
17503	65795	exile defender
17503	51960	exile defender
17503	51828	exile defender
17503	48922	exile defender
17503	47669	exile defender
17503	43482	exile defender
17504	65761	whimthorn lasher
17504	65762	whimthorn lasher
17504	57626	whimthorn lasher
17504	57625	whimthorn lasher
17504	57627	whimthorn lasher
17504	57624	whimthorn lasher
17505	57624	whimthorn spitter
17505	65762	whimthorn spitter
17505	57625	whimthorn spitter
17505	57627	whimthorn spitter
17505	65761	whimthorn spitter
17505	57626	whimthorn spitter
17519	53423	galehorn bull
17519	24211	galehorn bull
17519	30510	galehorn bull
17519	30096	galehorn bull
17519	40693	galehorn bull
17520	30510	galehorn roamer
17520	21725	galehorn roamer
17520	30096	galehorn roamer
17525	46393	groundswell operative
17525	65744	groundswell operative
17525	46398	groundswell operative
17525	65795	groundswell operative
17525	51960	groundswell operative
17525	47669	groundswell operative
17525	45813	groundswell operative
17525	51828	groundswell operative
17525	46390	groundswell operative
17526	55761	groundswell medic
17526	52151	groundswell medic
17527	65744	groundswell sapper
17527	41619	groundswell sapper
17527	42083	groundswell sapper
17527	42111	groundswell sapper
17528	36849	groundswell engineer
17528	34552	groundswell engineer
17528	65744	groundswell engineer
17529	55761	groundswell demolitionist
17529	50080	groundswell demolitionist
17529	66020	groundswell demolitionist
17536	15661	groundswell watchguard
17536	32192	groundswell watchguard
17536	47033	groundswell watchguard
17536	57365	groundswell watchguard
17536	46797	groundswell watchguard
17538	46393	groundswell operative
17538	65744	groundswell operative
17538	46398	groundswell operative
17538	65795	groundswell operative
17538	51960	groundswell operative
17538	47669	groundswell operative
17538	45813	groundswell operative
17538	51828	groundswell operative
17538	46390	groundswell operative
17539	66353	crimson soldier
17539	65716	crimson soldier
17539	61315	crimson soldier
17539	66354	crimson soldier
17548	65744	combat medic
17548	42111	combat medic
17548	41619	combat medic
17548	42083	combat medic
17550	53348	dominion turret
17550	44283	dominion turret
17550	42235	dominion turret
17550	52775	dominion turret
17550	52772	dominion turret
17550	52853	dominion turret
17550	52777	dominion turret
17592	61315	dominion swordsmaster
17592	50295	dominion swordsmaster
17592	60566	dominion swordsmaster
17592	50007	dominion swordsmaster
17592	51329	dominion swordsmaster
17592	50103	dominion swordsmaster
17638	46390	darkspur brute
17638	45422	darkspur brute
17638	46954	darkspur brute
17638	43482	darkspur brute
17660	32734	stickypaw
17660	45289	stickypaw
17660	32735	stickypaw
17660	34262	stickypaw
17660	45335	stickypaw
17663	32966	whimwood servitor
17663	11859	whimwood servitor
17669	65744	groundswell sapper
17669	41619	groundswell sapper
17669	42083	groundswell sapper
17669	42111	groundswell sapper
17676	66109	exile sniper
17676	63117	exile sniper
17676	65459	exile sniper
17676	72075	exile sniper
17677	27656	crimson tank
17681	47083	tempest refuge medic
17685	42111	wounded soldier
17685	65744	wounded soldier
17685	42083	wounded soldier
17685	41619	wounded soldier
17690	42111	wounded soldier
17690	65744	wounded soldier
17690	42083	wounded soldier
17690	41619	wounded soldier
17692	55700	slateface slammer
17692	56328	slateface slammer
17692	54349	slateface slammer
17692	56622	slateface slammer
17693	56622	slateface devastator
17693	55700	slateface devastator
17693	56329	slateface devastator
17693	52235	slateface devastator
17693	52080	slateface devastator
17714	53377	defense turret
17714	69934	defense turret
17714	77485	defense turret
17714	63430	defense turret
17721	42111	"crusher" luk'tor
17721	65744	"crusher" luk'tor
17721	42083	"crusher" luk'tor
17721	41619	"crusher" luk'tor
17763	46970	automated machine gun
17817	60566	dominion saboteur
17817	50007	dominion saboteur
17817	50103	dominion saboteur
17817	49888	dominion saboteur
17817	61315	dominion saboteur
17817	65823	dominion saboteur
17871	52788	noxbane dreadbot
17871	62531	noxbane dreadbot
17871	54212	noxbane dreadbot
17871	62528	noxbane dreadbot
17871	62529	noxbane dreadbot
17873	62528	crimson battlebot
17873	54212	crimson battlebot
17873	52788	crimson battlebot
17873	62531	crimson battlebot
17873	62529	crimson battlebot
17891	50103	crimson drudger
17891	49888	crimson drudger
17891	58567	crimson drudger
17891	58566	crimson drudger
17891	57843	crimson drudger
17891	57872	crimson drudger
17891	69165	crimson drudger
17896	51828	crimson gunmancer
17896	52796	crimson gunmancer
17896	55763	crimson gunmancer
17896	52996	crimson gunmancer
17898	25930	noxbane tracker
17898	25871	noxbane tracker
17898	54600	noxbane tracker
17898	54602	noxbane tracker
17900	46040	thrashwind hunter
17900	58612	thrashwind hunter
17900	55137	thrashwind hunter
17900	46042	thrashwind hunter
17900	40117	thrashwind hunter
17907	45779	thrashwind shredder
17907	46040	thrashwind shredder
17907	40117	thrashwind shredder
17907	34455	thrashwind shredder
17908	32920	crimson trabant
17908	46872	crimson trabant
17908	46706	crimson trabant
17908	32921	crimson trabant
17908	46550	crimson trabant
17908	46579	crimson trabant
17908	46817	crimson trabant
17908	32630	crimson trabant
17908	32475	crimson trabant
17911	42111	toxiplast biotech
17911	65744	toxiplast biotech
17911	41619	toxiplast biotech
17911	42083	toxiplast biotech
17913	34552	toxiplast microchemist
17913	36849	toxiplast microchemist
17913	65744	toxiplast microchemist
17918	48236	chief engineer fippi
17918	46393	chief engineer fippi
17918	48483	chief engineer fippi
17918	48512	chief engineer fippi
17919	52567	chief cannoneer nox
17919	57631	chief cannoneer nox
17919	61431	chief cannoneer nox
17919	52639	chief cannoneer nox
17919	52151	chief cannoneer nox
17921	61315	warden ranix
17921	50295	warden ranix
17921	60566	warden ranix
17921	50103	warden ranix
17921	51329	warden ranix
17921	50007	warden ranix
17922	54936	chief medical officer terentius
17922	58713	chief medical officer terentius
17922	58716	chief medical officer terentius
17922	54343	chief medical officer terentius
17922	58710	chief medical officer terentius
17922	58711	chief medical officer terentius
17923	61315	chief arms officer voski
17923	60568	chief arms officer voski
17923	49792	chief arms officer voski
17923	69304	chief arms officer voski
17928	60567	arsenax severus
17928	60943	arsenax severus
17928	61315	arsenax severus
17931	54342	energy field
17947	61315	crimson advance scout
17947	66354	crimson advance scout
17947	65716	crimson advance scout
17947	66353	crimson advance scout
17969	51828	colonel audax
17969	52010	colonel audax
17969	52742	colonel audax
17969	51899	colonel audax
17974	58566	throg carver
17974	65716	throg carver
17975	50115	throg pounder
17975	47669	throg pounder
17975	55119	throg pounder
17975	48908	throg pounder
17975	65795	throg pounder
17975	65744	throg pounder
17975	46398	throg pounder
17975	45813	throg pounder
17976	58566	throg breaker
17976	58567	throg breaker
17976	69165	throg breaker
17976	57843	throg breaker
17976	57872	throg breaker
17991	58478	chua warblimp
18026	35474	eldan protector
18026	46806	eldan protector
18026	39430	eldan protector
18026	46006	eldan protector
18026	46405	eldan protector
18026	55298	eldan protector
18034	44267	xas scientist
18034	44256	xas scientist
18034	44264	xas scientist
18034	44257	xas scientist
18034	44265	xas scientist
18035	44267	xas scientist
18035	44256	xas scientist
18035	44264	xas scientist
18035	44257	xas scientist
18035	44265	xas scientist
18037	44267	xas scientist
18037	44256	xas scientist
18037	44264	xas scientist
18037	44257	xas scientist
18037	44265	xas scientist
18088	57288	stonemite spitter
18088	26161	stonemite spitter
18088	57287	stonemite spitter
18088	26385	stonemite spitter
18138	47389	eldan augmentor
18138	44739	eldan augmentor
18138	45833	eldan augmentor
18138	48563	eldan augmentor
18138	44448	eldan augmentor
18138	42445	eldan augmentor
18214	58478	chua warblimp
18246	30510	windherd charger
18246	53423	windherd charger
18246	40693	windherd charger
18246	30096	windherd charger
18246	24211	windherd charger
18247	21725	windherd roamer
18247	30096	windherd roamer
18247	30510	windherd roamer
18248	21725	windherd bellower
18248	30510	windherd bellower
18248	30096	windherd bellower
18249	30510	windherd grazer
18249	21725	windherd grazer
18249	30096	windherd grazer
18275	30096	contaminated galehorn bull
18275	53423	contaminated galehorn bull
18275	30510	contaminated galehorn bull
18275	40693	contaminated galehorn bull
18275	24211	contaminated galehorn bull
18276	57768	feathersquall razorclaw
18276	28016	feathersquall razorclaw
18276	28704	feathersquall razorclaw
18276	57765	feathersquall razorclaw
18276	47168	feathersquall razorclaw
18276	26162	feathersquall razorclaw
18276	20196	feathersquall razorclaw
18326	54838	dominion looter
18326	53383	dominion looter
18326	54895	dominion looter
18326	54742	dominion looter
18326	53384	dominion looter
18326	54817	dominion looter
18401	21725	contaminated galehorn
18401	30510	contaminated galehorn
18401	30096	contaminated galehorn
18458	27783	invisible unit
18458	40535	invisible unit
18478	31395	stormwing catapult
18507	35474	angry air elemental
18507	69072	angry air elemental
18507	65456	angry air elemental
18507	46806	angry air elemental
18577	55763	exile patrol
18577	51828	exile patrol
18577	52010	exile patrol
18586	55137	kuriktalon
18586	42875	kuriktalon
18586	44200	kuriktalon
18586	58483	kuriktalon
18586	34455	kuriktalon
18586	35530	kuriktalon
18588	52717	razorbeak nester
18588	52719	razorbeak nester
18588	65753	razorbeak nester
18588	65709	razorbeak nester
18588	52720	razorbeak nester
18588	54189	razorbeak nester
18594	55628	crimson airman
18594	57383	crimson airman
18594	55713	crimson airman
18594	57382	crimson airman
18594	56624	crimson airman
18628	28868	stalagmight
18628	40171	stalagmight
18628	21927	stalagmight
18628	21569	stalagmight
18628	31135	stalagmight
18628	53268	stalagmight
18628	53274	stalagmight
18630	36759	the dredger
18630	47508	the dredger
18630	70403	the dredger
18630	44739	the dredger
18703	66109	exile sniper
18703	63117	exile sniper
18703	65459	exile sniper
18703	72075	exile sniper
18726	52010	exile gunner
18726	55763	exile gunner
18726	51828	exile gunner
18726	53377	exile gunner
18726	65795	exile gunner
18851	42111	wounded soldier
18851	65744	wounded soldier
18851	42083	wounded soldier
18851	41619	wounded soldier
18901	54936	crimson spiderbot
18901	46270	crimson spiderbot
18901	69164	crimson spiderbot
18901	72729	crimson spiderbot
18901	65737	crimson spiderbot
18901	72728	crimson spiderbot
18902	32379	enraged grimstone mangler
18902	32735	enraged grimstone mangler
18902	34262	enraged grimstone mangler
18906	58566	lieutenant feraakh
18906	49792	lieutenant feraakh
18906	51383	lieutenant feraakh
18906	58567	lieutenant feraakh
18906	53384	lieutenant feraakh
18906	54327	lieutenant feraakh
18906	54675	lieutenant feraakh
18906	54299	lieutenant feraakh
18906	54241	lieutenant feraakh
18917	26895	corporal bridgewater
18918	28411	crimson mobile aa cannon
18934	45779	razorbeak forager
18934	46040	razorbeak forager
18934	34455	razorbeak forager
18934	40117	razorbeak forager
18941	61315	warden ranix
18941	50295	warden ranix
18941	60566	warden ranix
18941	50103	warden ranix
18941	51329	warden ranix
18941	50007	warden ranix
18957	52151	lead scientist pizbo
18957	57631	lead scientist pizbo
18957	52639	lead scientist pizbo
18957	61431	lead scientist pizbo
18957	52567	lead scientist pizbo
18958	61431	lead scientist pazbo
18958	52567	lead scientist pazbo
18958	52639	lead scientist pazbo
18958	52151	lead scientist pazbo
18958	57631	lead scientist pazbo
18959	51899	tempest refuge defender
18959	51828	tempest refuge defender
19015	58566	exile trooper
19015	58567	exile trooper
19015	69165	exile trooper
19015	57843	exile trooper
19015	57872	exile trooper
19015	57851	exile trooper
19015	53384	exile trooper
19015	55434	exile trooper
19022	28411	generator controls
19027	28411	generator controls
19028	28411	generator controls
19030	52010	exile gunner
19030	55763	exile gunner
19030	51828	exile gunner
19030	53377	exile gunner
19030	65795	exile gunner
19047	43759	exile defender
19047	49350	exile defender
19047	55119	exile defender
19047	46393	exile defender
19047	65795	exile defender
19047	51960	exile defender
19047	51828	exile defender
19047	48922	exile defender
19047	47669	exile defender
19047	43482	exile defender
19134	39914	feathers
19134	65744	feathers
19134	38774	feathers
19134	55539	feathers
19167	52475	stonefist
19167	52531	stonefist
19167	47929	stonefist
19167	56622	stonefist
19167	56329	stonefist
19167	54349	stonefist
19184	40117	razorbeak chick
19184	45779	razorbeak chick
19184	46040	razorbeak chick
19184	34455	razorbeak chick
19185	55137	razorbeak ripper
19185	46042	razorbeak ripper
19185	46040	razorbeak ripper
19185	40117	razorbeak ripper
19185	58612	razorbeak ripper
19193	27630	fungal spore
19234	52742	lead xenoarchaeologist skarval
19234	52010	lead xenoarchaeologist skarval
19234	51828	lead xenoarchaeologist skarval
19234	51899	lead xenoarchaeologist skarval
19270	49888	crimson spy
19270	50103	crimson spy
19270	60568	crimson spy
19270	61315	crimson spy
19299	30936	whistlewind howler
19299	31619	whistlewind howler
19299	56684	whistlewind howler
19299	56664	whistlewind howler
19303	38446	annihilator
19304	38446	annihilator
19308	15734	eldan repair construct
19309	35246	gnarls
19309	32768	gnarls
19309	32735	gnarls
19309	35282	gnarls
19309	56614	gnarls
19321	39179	augmented slateform bombardier
19322	27783	invisible unit
19322	40535	invisible unit
19326	58566	exile trooper
19326	58567	exile trooper
19326	69165	exile trooper
19326	57843	exile trooper
19326	57872	exile trooper
19326	57851	exile trooper
19326	53384	exile trooper
19326	55434	exile trooper
19327	58566	exile trooper
19327	58567	exile trooper
19327	69165	exile trooper
19327	57843	exile trooper
19327	57872	exile trooper
19327	57851	exile trooper
19327	53384	exile trooper
19327	55434	exile trooper
19328	11862	augmented sickleswarm hivedrone
19328	32966	augmented sickleswarm hivedrone
19328	44483	augmented sickleswarm hivedrone
19328	44491	augmented sickleswarm hivedrone
19328	44413	augmented sickleswarm hivedrone
19333	48563	damaged eldan augmentor
19333	44739	damaged eldan augmentor
19333	44448	damaged eldan augmentor
19333	45833	damaged eldan augmentor
19333	53370	damaged eldan augmentor
19348	35246	whistlewind burrower
19348	32768	whistlewind burrower
19348	35282	whistlewind burrower
19348	32735	whistlewind burrower
19349	32768	whistlewind skulker
19349	35282	whistlewind skulker
19349	32735	whistlewind skulker
19349	35246	whistlewind skulker
19377	55700	stonemore
19377	56329	stonemore
19377	70664	stonemore
19377	47964	stonemore
19377	70632	stonemore
19377	56622	stonemore
19414	34361	darkspur nibbler
19414	34310	darkspur nibbler
19414	34266	darkspur nibbler
19414	35522	darkspur nibbler
19414	34264	darkspur nibbler
19442	58566	crimson legionnaire
19442	53384	crimson legionnaire
19442	54817	crimson legionnaire
19442	54742	crimson legionnaire
19489	28006	primal osun brazier
19492	47389	eldan augmentor
19492	44739	eldan augmentor
19492	45833	eldan augmentor
19492	48563	eldan augmentor
19492	44448	eldan augmentor
19492	42445	eldan augmentor
19512	32493	jabbermaw
19512	54602	jabbermaw
19512	25871	jabbermaw
19512	26512	jabbermaw
19512	54600	jabbermaw
19512	54601	jabbermaw
19537	24211	rumblehoof the foul
19537	30096	rumblehoof the foul
19537	53423	rumblehoof the foul
19537	40693	rumblehoof the foul
19537	30510	rumblehoof the foul
19547	40600	eldan energy rod
19549	34361	dribbles
19549	35522	dribbles
19549	34310	dribbles
19549	34264	dribbles
19549	34266	dribbles
19560	40516	fiera flower
19590	47389	eldan augmentor
19590	44739	eldan augmentor
19590	45833	eldan augmentor
19590	48563	eldan augmentor
19590	44448	eldan augmentor
19590	42445	eldan augmentor
19595	66122	stormwing vanquisher
19595	66113	stormwing vanquisher
19595	60562	stormwing vanquisher
19595	66118	stormwing vanquisher
19595	57843	stormwing vanquisher
19595	69165	stormwing vanquisher
19595	74514	stormwing vanquisher
19595	61315	stormwing vanquisher
19605	31117	private colson
19606	31117	thayd citizen
19607	31117	thayd citizen
19638	40600	eldan fuel rod
19665	36610	ob'mar
19665	44710	ob'mar
19665	47691	ob'mar
19665	47125	ob'mar
19674	31117	thayd citizen
19675	31117	thayd citizen
19701	27783	invisible unit
19701	40535	invisible unit
19712	60595	commander durek
19712	61315	commander durek
19712	61014	commander durek
19735	39300	hostage
19736	39300	hostage
19755	28151	munitions cache
19756	53377	exile soldier
19756	65795	exile soldier
19756	55763	exile soldier
19756	53371	exile soldier
19756	53383	exile soldier
19756	55434	exile soldier
19756	55764	exile soldier
19756	57872	exile soldier
19756	57843	exile soldier
19756	43759	exile soldier
19770	31117	thayd citizen
19772	31117	thayd citizen
19804	33250	grimstone mangler
19804	33249	grimstone mangler
19804	34262	grimstone mangler
19804	35556	grimstone mangler
19804	32422	grimstone mangler
19809	33250	rockridge ripper
19809	34262	rockridge ripper
19809	33249	rockridge ripper
19809	35556	rockridge ripper
19809	32422	rockridge ripper
19818	43759	blisterbone dreglord
19818	45953	blisterbone dreglord
19818	44017	blisterbone dreglord
19818	39488	blisterbone dreglord
19818	51828	blisterbone dreglord
19818	42193	blisterbone dreglord
19819	43759	exile defender
19819	49350	exile defender
19819	55119	exile defender
19819	46393	exile defender
19819	65795	exile defender
19819	51960	exile defender
19819	51828	exile defender
19819	48922	exile defender
19819	47669	exile defender
19819	43482	exile defender
19824	52010	xas researcher
19824	51828	xas researcher
19824	45429	xas researcher
19824	44257	xas researcher
19824	44256	xas researcher
19826	52010	xas researcher
19826	51828	xas researcher
19826	45429	xas researcher
19826	44257	xas researcher
19826	44256	xas researcher
19856	31117	thayd citizen
19857	31117	thayd citizen
19859	31117	thayd citizen
19860	31117	thayd citizen
19861	31117	thayd citizen
19873	53219	equalizer zyrio
19873	38773	equalizer zyrio
19873	52551	equalizer zyrio
19873	65744	equalizer zyrio
19873	53247	equalizer zyrio
19874	53274	ice-crusted boulderback
19874	53275	ice-crusted boulderback
19874	53268	ice-crusted boulderback
19874	21878	ice-crusted boulderback
19874	21569	ice-crusted boulderback
19874	31135	ice-crusted boulderback
19876	26385	whitesprings swarmling
19876	57287	whitesprings swarmling
19876	57288	whitesprings swarmling
19876	26161	whitesprings swarmling
19877	57288	whitesprings pincer
19877	26385	whitesprings pincer
19877	26161	whitesprings pincer
19877	57287	whitesprings pincer
19879	25871	icebay chaar
19879	25877	icebay chaar
19885	6296	territorial icebay shellark
19885	45851	territorial icebay shellark
19889	48792	lumbering walatusk
19889	45851	lumbering walatusk
19889	52536	lumbering walatusk
19889	48515	lumbering walatusk
19889	52473	lumbering walatusk
19891	2340	icehorn eldest
19891	9743	icehorn eldest
19891	19085	icehorn eldest
19891	32574	icehorn eldest
19891	55151	icehorn eldest
19891	30623	icehorn eldest
19893	46128	frost-striped predator
19893	14022	frost-striped predator
19893	12425	frost-striped predator
19893	31740	frost-striped predator
19893	27991	frost-striped predator
19894	11245	reckless freebot
19894	4699	reckless freebot
19894	44886	reckless freebot
19894	54916	reckless freebot
19894	42052	reckless freebot
19895	4699	mindless freebot
19895	11244	mindless freebot
19895	54916	mindless freebot
19895	42052	mindless freebot
19896	54936	skittering destructobot
19896	69164	skittering destructobot
19896	46270	skittering destructobot
19896	65737	skittering destructobot
19896	72728	skittering destructobot
19896	72729	skittering destructobot
19897	62531	rampaging freebot
19897	52788	rampaging freebot
19897	54212	rampaging freebot
19897	62529	rampaging freebot
19897	62528	rampaging freebot
19898	50007	snowshadow dominator
19898	49888	snowshadow dominator
19898	61315	snowshadow dominator
19898	60568	snowshadow dominator
19898	50103	snowshadow dominator
19900	51828	snowshadow scientist
19900	55763	snowshadow scientist
19900	52796	snowshadow scientist
19900	52996	snowshadow scientist
19901	50007	snowshadow inquisitor
19901	60568	snowshadow inquisitor
19901	50103	snowshadow inquisitor
19901	61315	snowshadow inquisitor
19901	49888	snowshadow inquisitor
19902	55763	snowshadow cannoneer
19902	52796	snowshadow cannoneer
19902	51828	snowshadow cannoneer
19902	52996	snowshadow cannoneer
19915	52742	exile pilot
19916	52742	exile pilot
19917	52742	exile pilot
19924	55119	agent lazilo
19924	48924	agent lazilo
19924	47669	agent lazilo
19924	65795	agent lazilo
19924	55372	agent lazilo
19935	53383	avra darkos
19935	53384	avra darkos
19935	55426	avra darkos
19949	15	tundra jabbit
19968	14024	warm-weather pumera
19968	26162	warm-weather pumera
19968	27974	warm-weather pumera
19968	12425	warm-weather pumera
19968	27991	warm-weather pumera
19969	33250	warm-weather girrok
19969	34262	warm-weather girrok
19969	33242	warm-weather girrok
19969	35556	warm-weather girrok
19970	32774	warm-weather razortail
19970	40489	warm-weather razortail
19970	46895	warm-weather razortail
19970	41717	warm-weather razortail
19995	36847	exile explorer
19995	65744	exile explorer
19996	36847	exile explorer
19996	65744	exile explorer
19998	36847	exile explorer
19998	65744	exile explorer
19999	36847	exile explorer
19999	65744	exile explorer
20001	36847	exile explorer
20001	65744	exile explorer
20002	36847	exile explorer
20002	65744	exile explorer
20003	36847	exile explorer
20003	65744	exile explorer
20004	36847	exile explorer
20004	65744	exile explorer
20005	36847	exile explorer
20005	65744	exile explorer
20030	66109	exile sniper
20030	63117	exile sniper
20030	65459	exile sniper
20030	72075	exile sniper
20047	55762	inventor trappa
20047	50080	inventor trappa
20047	66020	inventor trappa
20047	48616	inventor trappa
20072	52010	xas researcher
20072	51828	xas researcher
20072	45429	xas researcher
20072	44257	xas researcher
20072	44256	xas researcher
20073	52010	xas researcher
20073	51828	xas researcher
20073	45429	xas researcher
20073	44257	xas researcher
20073	44256	xas researcher
20074	44267	xas scientist
20074	44256	xas scientist
20074	44264	xas scientist
20074	44257	xas scientist
20074	44265	xas scientist
20075	44267	xas scientist
20075	44256	xas scientist
20075	44264	xas scientist
20075	44257	xas scientist
20075	44265	xas scientist
20093	53383	avra darkos
20093	53384	avra darkos
20093	55426	avra darkos
20168	38227	groundswell drillbomb
20169	39607	exile stinger
20185	36847	snowfade naturalist
20185	65744	snowfade naturalist
20186	65744	snowfade wood watcher
20186	36847	snowfade wood watcher
20215	33250	grimstone mangler
20215	33249	grimstone mangler
20215	34262	grimstone mangler
20215	35556	grimstone mangler
20215	32422	grimstone mangler
20216	13961	icetail slayer
20216	12425	icetail slayer
20216	45685	icetail slayer
20216	45732	icetail slayer
20234	53377	exile soldier
20234	65795	exile soldier
20234	55763	exile soldier
20234	53371	exile soldier
20234	53383	exile soldier
20234	55434	exile soldier
20234	55764	exile soldier
20234	57872	exile soldier
20234	57843	exile soldier
20234	43759	exile soldier
20246	66062	unlucky gambler
20247	66062	unlucky gambler
20248	66062	unlucky gambler
20254	54349	frostfist
20254	56326	frostfist
20254	52080	frostfist
20254	56622	frostfist
20254	52235	frostfist
20254	55700	frostfist
20255	55761	groundswell demolitionist
20255	50080	groundswell demolitionist
20255	66020	groundswell demolitionist
20256	65744	groundswell sapper
20256	41619	groundswell sapper
20256	42083	groundswell sapper
20256	42111	groundswell sapper
20305	55119	agent lazilo
20305	48924	agent lazilo
20305	47669	agent lazilo
20305	65795	agent lazilo
20305	55372	agent lazilo
20306	65716	agent zero
20306	61315	agent zero
20306	66367	agent zero
20306	66354	agent zero
20306	66353	agent zero
20306	15	agent zero
20387	34455	sunfeather bloodbeak
20387	40117	sunfeather bloodbeak
20387	46040	sunfeather bloodbeak
20387	45779	sunfeather bloodbeak
20400	27543	exile guard
20400	44264	exile guard
20400	44267	exile guard
20416	26466	hagus the colossus
20416	26115	hagus the colossus
20416	26289	hagus the colossus
20416	26520	hagus the colossus
20416	53320	hagus the colossus
20437	41563	snowshadow mad scientist
20437	42111	snowshadow mad scientist
20437	65744	snowshadow mad scientist
20437	43947	snowshadow mad scientist
20437	41619	snowshadow mad scientist
20452	55119	snowshadow saboteur
20452	55498	snowshadow saboteur
20452	53345	snowshadow saboteur
20452	47669	snowshadow saboteur
20452	50115	snowshadow saboteur
20452	65744	snowshadow saboteur
20452	65795	snowshadow saboteur
20452	48935	snowshadow saboteur
20452	47389	snowshadow saboteur
20452	47841	snowshadow saboteur
20452	46393	snowshadow saboteur
20452	43482	snowshadow saboteur
20452	50007	snowshadow saboteur
20452	46402	snowshadow saboteur
20452	50289	snowshadow saboteur
20452	51329	snowshadow saboteur
20452	50103	snowshadow saboteur
20452	55372	snowshadow saboteur
20452	49350	snowshadow saboteur
20452	43759	snowshadow saboteur
20452	55044	snowshadow saboteur
20452	51960	snowshadow saboteur
20452	51828	snowshadow saboteur
20453	44256	tremor ridge guard
20453	44255	tremor ridge guard
20455	66110	scout cooper
20534	61315	last bouncer standing
20535	58566	thermock hold guardsman
20535	57843	thermock hold guardsman
20535	58567	thermock hold guardsman
20535	57872	thermock hold guardsman
20575	32768	evolved silversnout
20575	45218	evolved silversnout
20575	45117	evolved silversnout
20575	32735	evolved silversnout
20575	34262	evolved silversnout
20577	33250	hibernating silversnout
20577	34262	hibernating silversnout
20577	33249	hibernating silversnout
20577	32422	hibernating silversnout
20577	35556	hibernating silversnout
20578	33250	hibernating silversnout
20578	34262	hibernating silversnout
20578	33249	hibernating silversnout
20578	32422	hibernating silversnout
20578	35556	hibernating silversnout
20584	57744	elemental horror
20584	65802	elemental horror
20584	66384	elemental horror
20587	57843	mechari overseer
20587	53383	mechari overseer
20587	53371	mechari overseer
20587	55896	mechari overseer
20587	43759	mechari overseer
20587	57872	mechari overseer
20613	44267	tempest refuge guard
20694	58566	black hoods assassin
20694	62866	black hoods assassin
20694	57631	black hoods assassin
20694	66109	black hoods assassin
20694	54299	black hoods assassin
20694	65716	black hoods assassin
20694	54241	black hoods assassin
20703	42111	deadstar scrapper
20703	65744	deadstar scrapper
20703	41619	deadstar scrapper
20703	52504	deadstar scrapper
20703	42083	deadstar scrapper
20713	40728	security warbot
20713	44711	security warbot
20713	46392	security warbot
20713	57882	security warbot
20713	57879	security warbot
20713	40506	security warbot
20775	42524	enraged ringtail
20775	47031	enraged ringtail
20775	32774	enraged ringtail
20775	46933	enraged ringtail
20775	46895	enraged ringtail
20775	42383	enraged ringtail
20775	41717	enraged ringtail
20776	32774	territorial ringtail
20776	46344	territorial ringtail
20776	44710	territorial ringtail
20776	42524	territorial ringtail
20776	46671	territorial ringtail
20778	45851	stranded walatusk bull
20778	52473	stranded walatusk bull
20778	52536	stranded walatusk bull
20778	48792	stranded walatusk bull
20778	48515	stranded walatusk bull
20779	42524	boulderpack ringtail
20779	32774	boulderpack ringtail
20779	44710	boulderpack ringtail
20779	46344	boulderpack ringtail
20779	46671	boulderpack ringtail
20780	42111	snowshadow apprentice mastermind
20780	65744	snowshadow apprentice mastermind
20780	52454	snowshadow apprentice mastermind
20780	41619	snowshadow apprentice mastermind
20780	42083	snowshadow apprentice mastermind
20781	42052	diabolical freebot
20781	54916	diabolical freebot
20781	4699	diabolical freebot
20781	11245	diabolical freebot
20781	41908	diabolical freebot
20792	65744	deadstar brawler
20792	42111	deadstar brawler
20792	42083	deadstar brawler
20792	41619	deadstar brawler
20794	52010	dominion researcher
20794	55762	dominion researcher
20794	51828	dominion researcher
20794	44267	dominion researcher
20795	34552	dominion analyst
20795	65744	dominion analyst
20795	36849	dominion analyst
20796	60594	dominion brute
20796	66275	dominion brute
20796	61315	dominion brute
20796	66279	dominion brute
20797	54675	dominion basher
20797	54241	dominion basher
20797	54327	dominion basher
20797	53384	dominion basher
20797	53383	dominion basher
20797	54299	dominion basher
20798	52151	dominion scientist
20798	55763	dominion scientist
20798	66020	dominion scientist
20798	48616	dominion scientist
20798	50080	dominion scientist
20798	44267	dominion scientist
20806	42111	deadstar scrapper
20806	65744	deadstar scrapper
20806	41619	deadstar scrapper
20806	52504	deadstar scrapper
20806	42083	deadstar scrapper
20818	54595	duskfall fiend
20818	17269	duskfall fiend
20818	18094	duskfall fiend
20818	6103	duskfall fiend
20818	54591	duskfall fiend
20821	52742	crimson dragoon
20821	51828	crimson dragoon
20821	52010	crimson dragoon
20821	51899	crimson dragoon
20822	54857	crimson pistolier
20822	56541	crimson pistolier
20822	65795	crimson pistolier
20822	56503	crimson pistolier
20822	50080	crimson pistolier
20822	53348	crimson pistolier
20826	53384	crimson vanguard
20826	58566	crimson vanguard
20826	54742	crimson vanguard
20826	54817	crimson vanguard
20889	15	snowfade guard
20889	55595	snowfade guard
20889	53368	snowfade guard
20898	48924	grim handler
20898	47669	grim handler
20898	65795	grim handler
20898	55119	grim handler
20898	55372	grim handler
20899	53356	grim watcher
20899	53357	grim watcher
20899	54241	grim watcher
20899	54827	grim watcher
20899	55372	grim watcher
20899	55119	grim watcher
20899	53355	grim watcher
20899	55851	grim watcher
20899	54299	grim watcher
20899	65795	grim watcher
20899	53349	grim watcher
20899	55848	grim watcher
20899	55849	grim watcher
20900	53342	grim slaver
20900	46398	grim slaver
20900	51345	grim slaver
20900	55372	grim slaver
20900	53343	grim slaver
20900	65744	grim slaver
20900	57843	grim slaver
20900	49350	grim slaver
20900	43759	grim slaver
20900	52448	grim slaver
20901	65795	grim overseer
20901	47669	grim overseer
20901	48938	grim overseer
20901	55119	grim overseer
20901	47389	grim overseer
20901	47841	grim overseer
20901	46821	grim overseer
20901	43482	grim overseer
20901	49350	grim overseer
20901	43759	grim overseer
20901	49410	grim overseer
20902	53384	headmistress hilda grim
20902	58566	headmistress hilda grim
20902	54742	headmistress hilda grim
20902	55044	headmistress hilda grim
20902	56425	headmistress hilda grim
20905	65744	darkspur thug
20905	42111	darkspur thug
20905	41619	darkspur thug
20905	42083	darkspur thug
20906	42111	darkspur pummeler
20906	42083	darkspur pummeler
20906	65744	darkspur pummeler
20906	41619	darkspur pummeler
20908	51828	darkspur grifter
20908	52010	darkspur grifter
20908	55763	darkspur grifter
20908	55383	darkspur grifter
20909	65795	darkspur quickdraw
20909	55119	darkspur quickdraw
20909	47669	darkspur quickdraw
20909	48924	darkspur quickdraw
20909	55372	darkspur quickdraw
20910	58566	darkspur butcher
20910	58567	darkspur butcher
20910	66279	darkspur butcher
20910	66275	darkspur butcher
20910	57851	darkspur butcher
20910	69165	darkspur butcher
20910	57872	darkspur butcher
20910	57029	darkspur butcher
20910	57843	darkspur butcher
20910	49792	darkspur butcher
20910	49879	darkspur butcher
20910	49928	darkspur butcher
20931	6917	pinewrath barktooth
20931	6916	pinewrath barktooth
20931	35400	pinewrath barktooth
20931	35417	pinewrath barktooth
20931	53868	pinewrath barktooth
20932	6916	pinewrath trunksplitter
20932	35417	pinewrath trunksplitter
20932	6917	pinewrath trunksplitter
20932	35400	pinewrath trunksplitter
20932	53868	pinewrath trunksplitter
20936	53377	exile soldier
20936	65795	exile soldier
20936	55763	exile soldier
20936	53371	exile soldier
20936	53383	exile soldier
20936	55434	exile soldier
20936	55764	exile soldier
20936	57872	exile soldier
20936	57843	exile soldier
20936	43759	exile soldier
20937	34262	grimstone ruffian
20937	32735	grimstone ruffian
20937	32379	grimstone ruffian
20952	55763	crowe marksman
20952	51828	crowe marksman
20952	52010	crowe marksman
20955	49792	crowe blademaster
20955	60567	crowe blademaster
20955	58572	crowe blademaster
20955	49928	crowe blademaster
20955	61315	crowe blademaster
20957	56037	agnes crowe
20957	53384	agnes crowe
20957	56390	agnes crowe
20957	56423	agnes crowe
20957	58566	agnes crowe
20957	56358	agnes crowe
20969	30096	longhorn bull
20969	24211	longhorn bull
20969	53423	longhorn bull
20969	40693	longhorn bull
20969	30510	longhorn bull
20970	44804	swiftpaw stalker
20970	55290	swiftpaw stalker
20970	46040	swiftpaw stalker
20970	42362	swiftpaw stalker
20970	44805	swiftpaw stalker
20970	43759	swiftpaw stalker
20973	46043	alerted protector
20973	35474	alerted protector
20973	39430	alerted protector
20973	46006	alerted protector
20978	17269	duskfall scratcher
20978	18094	duskfall scratcher
20978	6103	duskfall scratcher
20978	54591	duskfall scratcher
20979	46149	duskfall shaman
20979	56986	duskfall shaman
20979	55683	duskfall shaman
20979	30756	duskfall shaman
20979	51827	duskfall shaman
20980	28937	duskfall creeper
20980	28654	duskfall creeper
20980	30935	duskfall creeper
20980	28673	duskfall creeper
20981	56664	rockhound guardian
20981	30936	rockhound guardian
20981	31619	rockhound guardian
20981	56684	rockhound guardian
20982	32735	rockhound slasher
20982	32768	rockhound slasher
20982	35246	rockhound slasher
20982	35282	rockhound slasher
20983	32735	rockhound burrower
20983	32768	rockhound burrower
20983	35246	rockhound burrower
20983	35282	rockhound burrower
20992	65753	skytalon rotbeak
20992	66394	skytalon rotbeak
20992	66393	skytalon rotbeak
20992	69165	skytalon rotbeak
20992	65754	skytalon rotbeak
20994	48792	walatusk bull
20994	45851	walatusk bull
20994	48515	walatusk bull
20994	52473	walatusk bull
20994	52536	walatusk bull
20995	56295	site 14 mender
20995	65795	site 14 mender
20995	66170	site 14 mender
20996	48563	site 14 augmentor
20996	47389	site 14 augmentor
20996	45833	site 14 augmentor
20996	44739	site 14 augmentor
20996	44448	site 14 augmentor
20996	42445	site 14 augmentor
20997	46043	site 14 protector
20997	46006	site 14 protector
20997	35474	site 14 protector
20997	39430	site 14 protector
20997	46405	site 14 protector
20999	53383	avra darkos
20999	53384	avra darkos
20999	55426	avra darkos
21001	56622	augmented slateform slammer
21001	70632	augmented slateform slammer
21001	55700	augmented slateform slammer
21001	56332	augmented slateform slammer
21001	70664	augmented slateform slammer
21003	56899	augmented rockhound slasher
21003	30936	augmented rockhound slasher
21003	28626	augmented rockhound slasher
21003	31619	augmented rockhound slasher
21004	30936	augmented rockhound burrower
21004	28626	augmented rockhound burrower
21004	31619	augmented rockhound burrower
21004	56899	augmented rockhound burrower
21207	28792	corruptusk the devourer
21207	52473	corruptusk the devourer
21207	48791	corruptusk the devourer
21207	45851	corruptusk the devourer
21207	48515	corruptusk the devourer
21218	53384	dominion scout
21218	53383	dominion scout
21218	55426	dominion scout
21218	54241	dominion scout
21218	54299	dominion scout
21218	51828	dominion scout
21218	72075	dominion scout
21218	55762	dominion scout
21218	52010	dominion scout
21218	51899	dominion scout
21219	65716	dominion spybreaker
21219	66354	dominion spybreaker
21219	66353	dominion spybreaker
21219	61315	dominion spybreaker
21222	51828	underseer mogo
21222	52742	underseer mogo
21222	51899	underseer mogo
21222	52010	underseer mogo
21230	71227	barrel
21251	55508	incendiary mortar
21271	65795	eldan probe
21271	66170	eldan probe
21271	56295	eldan probe
21278	54936	security drone
21278	69164	security drone
21278	46270	security drone
21278	65737	security drone
21278	72728	security drone
21278	72729	security drone
21373	54299	ikthian dissector
21373	54241	ikthian dissector
21373	53383	ikthian dissector
21373	53384	ikthian dissector
21373	54675	ikthian dissector
21373	54327	ikthian dissector
21380	39078	ikthian incubator
21406	58566	elder hunter khorus
21406	57029	elder hunter khorus
21406	57872	elder hunter khorus
21406	69165	elder hunter khorus
21406	58567	elder hunter khorus
21406	57851	elder hunter khorus
21406	57843	elder hunter khorus
21463	53384	dissector slikthiss
21463	56037	dissector slikthiss
21463	56390	dissector slikthiss
21463	58566	dissector slikthiss
21463	56358	dissector slikthiss
21463	56423	dissector slikthiss
21499	66283	exile rocket trooper
21499	66110	exile rocket trooper
21512	58566	exile specialist
21512	53384	exile specialist
21512	66205	exile specialist
21526	26161	stonemite runt
21526	57287	stonemite runt
21526	26385	stonemite runt
21526	57288	stonemite runt
21527	57287	stonemite brute
21527	26385	stonemite brute
21527	26161	stonemite brute
21527	57288	stonemite brute
21528	26161	stonemite cutter
21528	57288	stonemite cutter
21528	26385	stonemite cutter
21528	57287	stonemite cutter
21534	48563	site 14 augmentor
21534	47389	site 14 augmentor
21534	45833	site 14 augmentor
21534	44739	site 14 augmentor
21534	44448	site 14 augmentor
21534	42445	site 14 augmentor
21544	58548	exile warbot
21544	46806	exile warbot
21544	46392	exile warbot
21544	58549	exile warbot
21544	58547	exile warbot
21544	53868	exile warbot
21544	58550	exile warbot
21544	46670	exile warbot
21544	46278	exile warbot
21544	45294	exile warbot
21544	50280	exile warbot
21544	46111	exile warbot
21544	52989	exile warbot
21545	44490	esper alderblade
21545	53339	esper alderblade
21545	52776	esper alderblade
21546	52892	elementalist blazewood
21546	53379	elementalist blazewood
21546	65830	elementalist blazewood
21546	53368	elementalist blazewood
21547	46111	fcon defense tank
21547	46109	fcon defense tank
21547	46110	fcon defense tank
21547	47313	fcon defense tank
21556	58566	reaper ludov
21556	53384	reaper ludov
21556	65835	reaper ludov
21557	65838	evoker peale
21557	54343	evoker peale
21557	54934	evoker peale
21557	65844	evoker peale
21558	52658	augmented xas scientist
21558	36849	augmented xas scientist
21558	65744	augmented xas scientist
21558	52740	augmented xas scientist
21559	52658	augmented xas scientist
21559	36849	augmented xas scientist
21559	65744	augmented xas scientist
21559	52740	augmented xas scientist
21560	52658	augmented xas scientist
21560	36849	augmented xas scientist
21560	65744	augmented xas scientist
21560	52740	augmented xas scientist
21599	55119	snowshadow saboteur
21599	55498	snowshadow saboteur
21599	53345	snowshadow saboteur
21599	47669	snowshadow saboteur
21599	50115	snowshadow saboteur
21599	65744	snowshadow saboteur
21599	65795	snowshadow saboteur
21599	48935	snowshadow saboteur
21599	47389	snowshadow saboteur
21599	47841	snowshadow saboteur
21599	46393	snowshadow saboteur
21599	43482	snowshadow saboteur
21599	50007	snowshadow saboteur
21599	46402	snowshadow saboteur
21599	50289	snowshadow saboteur
21599	51329	snowshadow saboteur
21599	50103	snowshadow saboteur
21599	55372	snowshadow saboteur
21599	49350	snowshadow saboteur
21599	43759	snowshadow saboteur
21599	55044	snowshadow saboteur
21599	51960	snowshadow saboteur
21599	51828	snowshadow saboteur
21644	44714	honeysting striker
21644	44650	honeysting striker
21644	12295	honeysting striker
21646	65744	ric longshanks
21646	42111	ric longshanks
21646	52454	ric longshanks
21646	41619	ric longshanks
21646	42083	ric longshanks
21650	42052	haywire freebot
21650	4699	haywire freebot
21650	11244	haywire freebot
21650	54916	haywire freebot
21651	48381	toxicologist poxic
21651	53223	toxicologist poxic
21651	54631	toxicologist poxic
21656	47389	eldan augmentor
21656	44739	eldan augmentor
21656	45833	eldan augmentor
21656	48563	eldan augmentor
21656	44448	eldan augmentor
21656	42445	eldan augmentor
21667	57843	thundercall guardian
21667	58535	thundercall guardian
21667	60599	thundercall guardian
21667	63233	thundercall guardian
21667	63270	thundercall guardian
21667	64916	thundercall guardian
21667	75772	thundercall guardian
21667	75793	thundercall guardian
21667	75792	thundercall guardian
21667	75599	thundercall guardian
21667	61315	thundercall guardian
21667	75357	thundercall guardian
21669	53382	thundercall arcanist
21669	55402	thundercall arcanist
21669	55421	thundercall arcanist
21669	55401	thundercall arcanist
21669	55371	thundercall arcanist
21670	53343	thundercall warrior
21670	53342	thundercall warrior
21670	52086	thundercall warrior
21670	57843	thundercall warrior
21670	75357	thundercall warrior
21670	75599	thundercall warrior
21671	55371	thundercall wind-speaker
21671	55531	thundercall wind-speaker
21671	53382	thundercall wind-speaker
21676	58566	thermock hold guardsman
21676	57843	thermock hold guardsman
21676	58567	thermock hold guardsman
21676	57872	thermock hold guardsman
21691	41563	snowshadow mad scientist
21691	42111	snowshadow mad scientist
21691	65744	snowshadow mad scientist
21691	43947	snowshadow mad scientist
21691	41619	snowshadow mad scientist
21706	38773	crimson supply operator
21706	41619	crimson supply operator
21706	65744	crimson supply operator
21706	52551	crimson supply operator
21710	44267	xas scientist
21710	44256	xas scientist
21710	44264	xas scientist
21710	44257	xas scientist
21710	44265	xas scientist
21719	44267	xas scientist
21719	44256	xas scientist
21719	44264	xas scientist
21719	44257	xas scientist
21719	44265	xas scientist
21720	44267	xas scientist
21720	44256	xas scientist
21720	44264	xas scientist
21720	44257	xas scientist
21720	44265	xas scientist
21727	56899	augmented gustclaw burrower
21727	31619	augmented gustclaw burrower
21727	28626	augmented gustclaw burrower
21727	30936	augmented gustclaw burrower
21728	44267	xas scientist
21728	44256	xas scientist
21728	44264	xas scientist
21728	44257	xas scientist
21728	44265	xas scientist
21749	62685	xas research guard
21749	65795	xas research guard
21773	44267	xas scientist
21773	44256	xas scientist
21773	44264	xas scientist
21773	44257	xas scientist
21773	44265	xas scientist
21775	44267	xas scientist
21775	44256	xas scientist
21775	44264	xas scientist
21775	44257	xas scientist
21775	44265	xas scientist
21821	32735	silversnout patriarch
21821	32734	silversnout patriarch
21821	45335	silversnout patriarch
21821	34262	silversnout patriarch
21821	45289	silversnout patriarch
21858	55763	fuelfuze supplier
21858	52010	fuelfuze supplier
21858	51828	fuelfuze supplier
21859	55763	fuelfuze supplier
21859	52010	fuelfuze supplier
21859	51828	fuelfuze supplier
21861	53383	avra darkos
21861	53384	avra darkos
21861	55426	avra darkos
21876	50103	noxbane biotech
21876	50007	noxbane biotech
21876	61315	noxbane biotech
21876	60568	noxbane biotech
21876	49888	noxbane biotech
21877	54299	crimson regimental recruit
21877	53384	crimson regimental recruit
21877	54241	crimson regimental recruit
21877	54742	crimson regimental recruit
21877	58566	crimson regimental recruit
21877	54817	crimson regimental recruit
21878	65716	crimson centurion
21878	49928	crimson centurion
21878	49792	crimson centurion
21878	60565	crimson centurion
21878	61315	crimson centurion
21878	54742	crimson centurion
21878	49879	crimson centurion
21878	54895	crimson centurion
21878	54817	crimson centurion
21878	54838	crimson centurion
21879	32920	crimson trabant
21879	46872	crimson trabant
21879	46706	crimson trabant
21879	32921	crimson trabant
21879	46550	crimson trabant
21879	46579	crimson trabant
21879	46817	crimson trabant
21879	32630	crimson trabant
21879	32475	crimson trabant
21881	52151	crimson breechloader
21881	55761	crimson breechloader
21882	52742	crimson bombardier
21882	51899	crimson bombardier
21882	52010	crimson bombardier
21882	51828	crimson bombardier
21883	50103	crimson drudger
21883	49888	crimson drudger
21883	58567	crimson drudger
21883	58566	crimson drudger
21883	57843	crimson drudger
21883	57872	crimson drudger
21883	69165	crimson drudger
21885	65716	crimson centurion
21885	49928	crimson centurion
21885	49792	crimson centurion
21885	60565	crimson centurion
21885	61315	crimson centurion
21885	54742	crimson centurion
21885	49879	crimson centurion
21885	54895	crimson centurion
21885	54817	crimson centurion
21885	54838	crimson centurion
21886	66353	crimson soldier
21886	65716	crimson soldier
21886	61315	crimson soldier
21886	66354	crimson soldier
21892	28937	escaped skug
21892	30935	escaped skug
21892	28673	escaped skug
21892	28654	escaped skug
21893	53383	gurtha crowe
21893	54327	gurtha crowe
21893	54675	gurtha crowe
21893	53384	gurtha crowe
21893	54241	gurtha crowe
21893	54299	gurtha crowe
21922	36021	honeysting hivebomber
21922	37322	honeysting hivebomber
21922	32965	honeysting hivebomber
21922	32966	honeysting hivebomber
21923	32966	honeysting barbtail
21923	27116	honeysting barbtail
21923	11865	honeysting barbtail
21955	55700	augmented slateform charger
21955	70632	augmented slateform charger
21955	70664	augmented slateform charger
21955	56332	augmented slateform charger
21955	56622	augmented slateform charger
21975	54936	crimson spiderbot
21975	46270	crimson spiderbot
21975	69164	crimson spiderbot
21975	72729	crimson spiderbot
21975	65737	crimson spiderbot
21975	72728	crimson spiderbot
21991	53377	exile soldier
21991	65795	exile soldier
21991	55763	exile soldier
21991	53371	exile soldier
21991	53383	exile soldier
21991	55434	exile soldier
21991	55764	exile soldier
21991	57872	exile soldier
21991	57843	exile soldier
21991	43759	exile soldier
22012	43482	tempest refuge militia
22012	51960	tempest refuge militia
22012	51828	tempest refuge militia
22012	52742	tempest refuge militia
22012	49350	tempest refuge militia
22015	58566	black hoods assassin
22015	62866	black hoods assassin
22015	57631	black hoods assassin
22015	66109	black hoods assassin
22015	54299	black hoods assassin
22015	65716	black hoods assassin
22015	54241	black hoods assassin
22025	52010	xas researcher
22025	51828	xas researcher
22025	45429	xas researcher
22025	44257	xas researcher
22025	44256	xas researcher
22026	52010	xas researcher
22026	51828	xas researcher
22026	45429	xas researcher
22026	44257	xas researcher
22026	44256	xas researcher
22027	52010	xas researcher
22027	51828	xas researcher
22027	45429	xas researcher
22027	44257	xas researcher
22027	44256	xas researcher
22028	52010	xas researcher
22028	51828	xas researcher
22028	45429	xas researcher
22028	44257	xas researcher
22028	44256	xas researcher
22076	60594	off-duty exile soldier
22076	61315	off-duty exile soldier
22077	61315	drunken daredevil
22077	60594	drunken daredevil
22137	53348	crimson intrusion turret
22137	52772	crimson intrusion turret
22137	52775	crimson intrusion turret
22170	15275	chief engineer vortec
22171	44435	marksman decimus
22171	53376	marksman decimus
22171	57505	marksman decimus
22171	79262	marksman decimus
22171	44461	marksman decimus
22172	53378	physician astius
22173	53352	bruiser shuni
22173	65832	bruiser shuni
22175	58566	saboteur arminex
22175	65835	saboteur arminex
22175	53384	saboteur arminex
22176	65844	siren aria
22176	54934	siren aria
22176	65838	siren aria
22176	54343	siren aria
22192	55763	groundswell gunner
22192	51828	groundswell gunner
22192	52010	groundswell gunner
22193	46393	groundswell operative
22193	65744	groundswell operative
22193	46398	groundswell operative
22193	65795	groundswell operative
22193	51960	groundswell operative
22193	47669	groundswell operative
22193	45813	groundswell operative
22193	51828	groundswell operative
22193	46390	groundswell operative
22224	55761	snowshadow grenadier
22224	52151	snowshadow grenadier
22225	55119	snowshadow saboteur
22225	55498	snowshadow saboteur
22225	53345	snowshadow saboteur
22225	47669	snowshadow saboteur
22225	50115	snowshadow saboteur
22225	65744	snowshadow saboteur
22225	65795	snowshadow saboteur
22225	48935	snowshadow saboteur
22225	47389	snowshadow saboteur
22225	47841	snowshadow saboteur
22225	46393	snowshadow saboteur
22225	43482	snowshadow saboteur
22225	50007	snowshadow saboteur
22225	46402	snowshadow saboteur
22225	50289	snowshadow saboteur
22225	51329	snowshadow saboteur
22225	50103	snowshadow saboteur
22225	55372	snowshadow saboteur
22225	49350	snowshadow saboteur
22225	43759	snowshadow saboteur
22225	55044	snowshadow saboteur
22225	51960	snowshadow saboteur
22225	51828	snowshadow saboteur
22231	29276	exile bomb guardian
22231	29277	exile bomb guardian
22246	52742	exile pilot
22247	29276	dominion bomb guardian
22247	29277	dominion bomb guardian
22268	51828	colonel audax
22268	52010	colonel audax
22268	52742	colonel audax
22268	51899	colonel audax
22269	41619	fuelfuze technician
22269	42111	fuelfuze technician
22269	65744	fuelfuze technician
22269	42083	fuelfuze technician
22270	51828	fuelfuze operations overseer
22270	66020	fuelfuze operations overseer
22270	55761	fuelfuze operations overseer
22270	51899	fuelfuze operations overseer
22270	48616	fuelfuze operations overseer
22270	52010	fuelfuze operations overseer
22270	50080	fuelfuze operations overseer
22271	51828	fuelfuze operations overseer
22271	66020	fuelfuze operations overseer
22271	55761	fuelfuze operations overseer
22271	51899	fuelfuze operations overseer
22271	48616	fuelfuze operations overseer
22271	52010	fuelfuze operations overseer
22271	50080	fuelfuze operations overseer
22272	55761	fuelfuze demolitionist
22272	52151	fuelfuze demolitionist
22291	52658	augmented xas scientist
22291	36849	augmented xas scientist
22291	65744	augmented xas scientist
22291	52740	augmented xas scientist
22312	61283	stormwing eviscerator
22312	55185	stormwing eviscerator
22312	55044	stormwing eviscerator
22312	63209	stormwing eviscerator
22313	63209	stormwing warrior
22313	61283	stormwing warrior
22313	55185	stormwing warrior
22313	55044	stormwing warrior
22355	56430	darkwitch hevika
22355	53382	darkwitch hevika
22355	55851	darkwitch hevika
22355	56431	darkwitch hevika
22356	52063	warlord vogor
22356	42208	warlord vogor
22356	49915	warlord vogor
22356	49911	warlord vogor
22356	73116	warlord vogor
22356	73113	warlord vogor
22356	73134	warlord vogor
22373	38774	mudraker smasher
22373	39914	mudraker smasher
22373	65744	mudraker smasher
22373	55539	mudraker smasher
22374	38774	mudraker berserker
22374	65744	mudraker berserker
22374	55539	mudraker berserker
22374	39914	mudraker berserker
22387	53384	assault trooper
22387	58566	assault trooper
22387	58567	assault trooper
22387	69165	assault trooper
22387	51828	assault trooper
22387	57631	assault trooper
22387	52010	assault trooper
22387	57843	assault trooper
22387	57851	assault trooper
22387	57872	assault trooper
22394	50116	soulrot slave
22394	53345	soulrot slave
22394	54241	soulrot slave
22394	46398	soulrot slave
22394	65744	soulrot slave
22394	53342	soulrot slave
22394	52448	soulrot slave
22394	54299	soulrot slave
22395	50116	soulrot slave
22395	53345	soulrot slave
22395	54241	soulrot slave
22395	46398	soulrot slave
22395	65744	soulrot slave
22395	53342	soulrot slave
22395	52448	soulrot slave
22395	54299	soulrot slave
22396	50116	soulrot slave
22396	53345	soulrot slave
22396	54241	soulrot slave
22396	46398	soulrot slave
22396	65744	soulrot slave
22396	53342	soulrot slave
22396	52448	soulrot slave
22396	54299	soulrot slave
22398	50116	soulrot slave
22398	53345	soulrot slave
22398	54241	soulrot slave
22398	46398	soulrot slave
22398	65744	soulrot slave
22398	53342	soulrot slave
22398	52448	soulrot slave
22398	54299	soulrot slave
22399	50116	soulrot slave
22399	53345	soulrot slave
22399	54241	soulrot slave
22399	46398	soulrot slave
22399	65744	soulrot slave
22399	53342	soulrot slave
22399	52448	soulrot slave
22399	54299	soulrot slave
22400	50116	soulrot slave
22400	53345	soulrot slave
22400	54241	soulrot slave
22400	46398	soulrot slave
22400	65744	soulrot slave
22400	53342	soulrot slave
22400	52448	soulrot slave
22400	54299	soulrot slave
22406	39914	stormwing murgh striker
22406	55539	stormwing murgh striker
22406	38774	stormwing murgh striker
22406	65744	stormwing murgh striker
22456	51346	truthbound convert
22456	53342	truthbound convert
22456	53341	truthbound convert
22456	65744	truthbound convert
22456	53345	truthbound convert
22458	55371	truthbound evocator
22458	53382	truthbound evocator
22458	55401	truthbound evocator
22458	55595	truthbound evocator
22460	43482	truthbound vindicator
22460	47389	truthbound vindicator
22460	47841	truthbound vindicator
22460	43759	truthbound vindicator
22460	49350	truthbound vindicator
22460	46398	truthbound vindicator
22460	65744	truthbound vindicator
22460	50103	truthbound vindicator
22460	52448	truthbound vindicator
22460	49888	truthbound vindicator
22460	50115	truthbound vindicator
22471	58566	lieutenant feraakh
22471	49792	lieutenant feraakh
22471	51383	lieutenant feraakh
22471	58567	lieutenant feraakh
22471	53384	lieutenant feraakh
22471	54327	lieutenant feraakh
22471	54675	lieutenant feraakh
22471	54299	lieutenant feraakh
22471	54241	lieutenant feraakh
22495	61315	palerock warrior
22495	57872	palerock warrior
22495	60563	palerock warrior
22495	69165	palerock warrior
22495	57029	palerock warrior
22495	57843	palerock warrior
22497	57029	palerock soldier
22497	57843	palerock soldier
22497	58566	palerock soldier
22497	57872	palerock soldier
22497	58567	palerock soldier
22497	69165	palerock soldier
22497	57851	palerock soldier
22511	52742	crimson dragoon
22511	51828	crimson dragoon
22511	52010	crimson dragoon
22511	51899	crimson dragoon
22519	52010	exile gunner
22519	55763	exile gunner
22519	51828	exile gunner
22519	53377	exile gunner
22519	65795	exile gunner
22520	66109	exile sniper
22520	63117	exile sniper
22520	65459	exile sniper
22520	72075	exile sniper
22521	48919	exile attacker
22521	55119	exile attacker
22521	47669	exile attacker
22530	54935	sunderstone medic
22530	54343	sunderstone medic
22530	58710	sunderstone medic
22530	58711	sunderstone medic
22531	42111	sunderstone scrapper
22531	65744	sunderstone scrapper
22531	41619	sunderstone scrapper
22531	42083	sunderstone scrapper
22532	60569	sunderstone defender
22532	61315	sunderstone defender
22532	49792	sunderstone defender
22532	49928	sunderstone defender
22533	54742	sunderstone rebel
22533	53383	sunderstone rebel
22533	54817	sunderstone rebel
22533	54895	sunderstone rebel
22533	54838	sunderstone rebel
22533	53384	sunderstone rebel
22534	65711	sunderstone stray
22534	65709	sunderstone stray
22534	79182	sunderstone stray
22534	79183	sunderstone stray
22534	69165	sunderstone stray
22540	35321	pridianflow frostformer
22540	49906	pridianflow frostformer
22540	16028	pridianflow frostformer
22540	31752	pridianflow frostformer
22545	35321	pridianheart cruxgrower
22545	22797	pridianheart cruxgrower
22545	32489	pridianheart cruxgrower
22545	32493	pridianheart cruxgrower
22545	50097	pridianheart cruxgrower
22547	35321	noxinnate the sludgerager
22547	49906	noxinnate the sludgerager
22547	33828	noxinnate the sludgerager
22547	32388	noxinnate the sludgerager
22547	31740	noxinnate the sludgerager
22547	35440	noxinnate the sludgerager
22548	35321	pridianflow cringer
22548	49906	pridianflow cringer
22548	16028	pridianflow cringer
22548	31752	pridianflow cringer
22549	53219	drill operator gridz
22549	38773	drill operator gridz
22549	53247	drill operator gridz
22549	65744	drill operator gridz
22549	52551	drill operator gridz
22550	58566	drill operator mark
22550	53384	drill operator mark
22550	55044	drill operator mark
22550	54742	drill operator mark
22550	56425	drill operator mark
22551	56503	drill operator devan
22551	53348	drill operator devan
22551	54857	drill operator devan
22551	56541	drill operator devan
22551	65795	drill operator devan
22551	50080	drill operator devan
22553	46579	sunderstone smasher
22553	32921	sunderstone smasher
22553	31699	sunderstone smasher
22553	31380	sunderstone smasher
22553	46706	sunderstone smasher
22553	32177	sunderstone smasher
22554	35223	exile drillbot
22554	24990	exile drillbot
22554	34585	exile drillbot
22554	35622	exile drillbot
22554	34982	exile drillbot
22555	46042	p-h2o warbot
22555	58550	p-h2o warbot
22555	58549	p-h2o warbot
22555	58548	p-h2o warbot
22555	46392	p-h2o warbot
22555	53868	p-h2o warbot
22555	58547	p-h2o warbot
22555	45623	p-h2o warbot
22583	55119	blackfrost agent
22583	65795	blackfrost agent
22583	48920	blackfrost agent
22583	47669	blackfrost agent
22587	42111	exile escapee
22587	42083	exile escapee
22587	41619	exile escapee
22587	65744	exile escapee
22588	36847	deadrock tunneler
22588	65744	deadrock tunneler
22588	15	deadrock tunneler
22593	62589	crimson sentinel
22593	44267	crimson sentinel
22593	60563	crimson sentinel
22593	61315	crimson sentinel
22593	49792	crimson sentinel
22593	49928	crimson sentinel
22593	49879	crimson sentinel
22594	58566	exile trooper
22594	58567	exile trooper
22594	69165	exile trooper
22594	57843	exile trooper
22594	57872	exile trooper
22594	57851	exile trooper
22594	53384	exile trooper
22594	55434	exile trooper
22598	34310	frostjaw chompacabra
22598	34361	frostjaw chompacabra
22598	34264	frostjaw chompacabra
22598	35522	frostjaw chompacabra
22598	34266	frostjaw chompacabra
22600	46128	frost-striped pumera
22600	27991	frost-striped pumera
22600	31740	frost-striped pumera
22600	45685	frost-striped pumera
22600	14024	frost-striped pumera
22600	12425	frost-striped pumera
22600	45732	frost-striped pumera
22602	57843	prison guard
22602	57029	prison guard
22602	57851	prison guard
22602	58567	prison guard
22602	69165	prison guard
22602	57872	prison guard
22602	58566	prison guard
22606	45335	silversnout matron
22606	34262	silversnout matron
22606	32735	silversnout matron
22606	32734	silversnout matron
22606	45289	silversnout matron
22609	42524	territorial icetail
22609	44710	territorial icetail
22609	32774	territorial icetail
22609	46344	territorial icetail
22609	46671	territorial icetail
22610	25871	icebay chaar
22610	25877	icebay chaar
22611	6296	territorial icebay shellark
22611	45851	territorial icebay shellark
22613	15	tundra jabbit
22642	34361	boulderpack chompacabra
22642	34310	boulderpack chompacabra
22642	34264	boulderpack chompacabra
22642	34266	boulderpack chompacabra
22642	35522	boulderpack chompacabra
22643	53274	ice-crusted boulderback
22643	53275	ice-crusted boulderback
22643	53268	ice-crusted boulderback
22643	21878	ice-crusted boulderback
22643	21569	ice-crusted boulderback
22643	31135	ice-crusted boulderback
22667	58566	exile trooper
22667	58567	exile trooper
22667	69165	exile trooper
22667	57843	exile trooper
22667	57872	exile trooper
22667	57851	exile trooper
22667	53384	exile trooper
22667	55434	exile trooper
22679	58566	agent tibor
22679	53384	agent tibor
22679	56390	agent tibor
22679	56423	agent tibor
22679	56037	agent tibor
22679	56358	agent tibor
22680	58566	blackfrost security
22680	57843	blackfrost security
22680	69165	blackfrost security
22680	57872	blackfrost security
22680	58567	blackfrost security
22681	41619	blackfrost analyst
22681	65744	blackfrost analyst
22681	42111	blackfrost analyst
22681	42083	blackfrost analyst
22689	65795	xas camp guard
22689	62685	xas camp guard
22689	60569	xas camp guard
22689	61315	xas camp guard
22689	44256	xas camp guard
22689	72717	xas camp guard
22690	65795	xas camp guard
22690	62685	xas camp guard
22690	60569	xas camp guard
22690	61315	xas camp guard
22690	44256	xas camp guard
22690	72717	xas camp guard
22759	55119	justice alastair
22759	47669	justice alastair
22759	65795	justice alastair
22759	48920	justice alastair
22765	12425	unacclimated pumera
22765	27974	unacclimated pumera
22765	26162	unacclimated pumera
22765	14024	unacclimated pumera
22765	27991	unacclimated pumera
22766	34262	unacclimated girrok
22766	33242	unacclimated girrok
22766	33250	unacclimated girrok
22766	35556	unacclimated girrok
22767	40489	unacclimated razortail
22767	41717	unacclimated razortail
22767	32774	unacclimated razortail
22767	46895	unacclimated razortail
22775	54936	eldan evolver
22775	65737	eldan evolver
22775	46270	eldan evolver
22775	69164	eldan evolver
22775	72728	eldan evolver
22775	72729	eldan evolver
22821	58566	jagged rock mechanic
22821	58567	jagged rock mechanic
22821	57851	jagged rock mechanic
22821	57029	jagged rock mechanic
22821	69165	jagged rock mechanic
22821	57872	jagged rock mechanic
22821	57843	jagged rock mechanic
22953	12425	kelfa
22953	46024	kelfa
22953	27974	kelfa
22953	26162	kelfa
22953	14023	kelfa
23016	60568	vox strongblock
23016	49792	vox strongblock
23016	61315	vox strongblock
23016	69304	vox strongblock
23018	53383	shatterforce commando
23018	57872	shatterforce commando
23018	43759	shatterforce commando
23018	57843	shatterforce commando
23018	53371	shatterforce commando
23018	53384	shatterforce commando
23018	55763	shatterforce commando
23097	53345	hostile deadrock inmate
23097	65744	hostile deadrock inmate
23097	46398	hostile deadrock inmate
23097	53342	hostile deadrock inmate
23097	52454	hostile deadrock inmate
23097	52448	hostile deadrock inmate
23097	51346	hostile deadrock inmate
23097	54299	hostile deadrock inmate
23097	54241	hostile deadrock inmate
23098	53345	hostile deadrock inmate
23098	65744	hostile deadrock inmate
23098	46398	hostile deadrock inmate
23098	53342	hostile deadrock inmate
23098	52454	hostile deadrock inmate
23098	52448	hostile deadrock inmate
23098	51346	hostile deadrock inmate
23098	54299	hostile deadrock inmate
23098	54241	hostile deadrock inmate
23100	47226	compliant deadrock inmate
23100	43159	compliant deadrock inmate
23100	46390	compliant deadrock inmate
23100	65744	compliant deadrock inmate
23101	47226	compliant deadrock inmate
23101	43159	compliant deadrock inmate
23101	46390	compliant deadrock inmate
23101	65744	compliant deadrock inmate
23128	57843	prison guard
23128	57029	prison guard
23128	57851	prison guard
23128	58567	prison guard
23128	69165	prison guard
23128	57872	prison guard
23128	58566	prison guard
23132	57843	prison guard
23132	57029	prison guard
23132	57851	prison guard
23132	58567	prison guard
23132	69165	prison guard
23132	57872	prison guard
23132	58566	prison guard
23138	31618	sacrificial warpig
23138	30936	sacrificial warpig
23151	29856	sunderstone proximity mine
23155	46676	cactoid
23177	34361	darkspur chompacabra
23177	35522	darkspur chompacabra
23177	34310	darkspur chompacabra
23177	34264	darkspur chompacabra
23177	34266	darkspur chompacabra
23186	55371	brother vasker
23186	53382	brother vasker
23186	55421	brother vasker
23186	55401	brother vasker
23186	55402	brother vasker
23188	62528	crimson clanker
23188	54212	crimson clanker
23188	62531	crimson clanker
23188	52788	crimson clanker
23188	62529	crimson clanker
23194	61315	palerock warrior
23194	57872	palerock warrior
23194	60563	palerock warrior
23194	69165	palerock warrior
23194	57029	palerock warrior
23194	57843	palerock warrior
23196	57029	palerock soldier
23196	57843	palerock soldier
23196	58566	palerock soldier
23196	57872	palerock soldier
23196	58567	palerock soldier
23196	69165	palerock soldier
23196	57851	palerock soldier
23204	54935	sunderstone medic
23204	54343	sunderstone medic
23204	58710	sunderstone medic
23204	58711	sunderstone medic
23302	6910	toxic frizlet
23302	54563	toxic frizlet
23302	44777	toxic frizlet
23302	54381	toxic frizlet
23307	61315	crimson advance scout
23307	66354	crimson advance scout
23307	65716	crimson advance scout
23307	66353	crimson advance scout
23309	34552	fuelfuze supply operator
23309	65744	fuelfuze supply operator
23309	36849	fuelfuze supply operator
23319	32774	gnarlfoot screecher
23319	43366	gnarlfoot screecher
23319	46895	gnarlfoot screecher
23319	42383	gnarlfoot screecher
23319	41717	gnarlfoot screecher
23332	53596	toric antevian
23332	53344	toric antevian
23332	53343	toric antevian
23334	44256	radiant legionnaire
23334	58567	radiant legionnaire
23334	49888	radiant legionnaire
23334	50103	radiant legionnaire
23334	57029	radiant legionnaire
23334	57872	radiant legionnaire
23334	69165	radiant legionnaire
23334	57843	radiant legionnaire
23334	58566	radiant legionnaire
23334	44255	radiant legionnaire
23334	57851	radiant legionnaire
23344	36616	hungry thermock citizen
23344	43159	hungry thermock citizen
23345	36616	hungry thermock citizen
23345	43159	hungry thermock citizen
23346	36616	hungry thermock citizen
23346	43159	hungry thermock citizen
23347	36616	hungry thermock citizen
23347	43159	hungry thermock citizen
23349	36616	hungry thermock citizen
23349	43159	hungry thermock citizen
23350	36616	hungry thermock citizen
23350	43159	hungry thermock citizen
23367	65716	firing squad leader
23367	58566	firing squad leader
23368	65716	firing squad member
23368	58566	firing squad member
23387	16057	fuel barrel
23391	53320	traggis the colossus
23391	26289	traggis the colossus
23391	26520	traggis the colossus
23391	26115	traggis the colossus
23391	26466	traggis the colossus
23405	51828	dominion expeditionary soldier
23405	52010	dominion expeditionary soldier
23405	52742	dominion expeditionary soldier
23405	51899	dominion expeditionary soldier
23415	56554	exile patrolship
23416	18109	swifthart grazer
23416	35506	swifthart grazer
23416	21714	swifthart grazer
23416	53505	swifthart grazer
23416	30503	swifthart grazer
23417	56554	exile patrolship
23419	60566	truthbound harbinger
23419	61315	truthbound harbinger
23419	50103	truthbound harbinger
23419	50007	truthbound harbinger
23419	50295	truthbound harbinger
23419	51329	truthbound harbinger
23420	65744	professor digstone
23420	42083	professor digstone
23420	41619	professor digstone
23420	42111	professor digstone
23427	65754	tracking beast
23427	66367	tracking beast
23427	66057	tracking beast
23427	65711	tracking beast
23428	34361	chompy the devourer
23428	34310	chompy the devourer
23428	34264	chompy the devourer
23428	34266	chompy the devourer
23428	35522	chompy the devourer
23450	58567	deadwind jackal
23450	61392	deadwind jackal
23450	54753	deadwind jackal
23450	61393	deadwind jackal
23450	58566	deadwind jackal
23450	61426	deadwind jackal
23455	57843	"ransacker" rorgh
23455	58566	"ransacker" rorgh
23455	69165	"ransacker" rorgh
23455	57851	"ransacker" rorgh
23455	57029	"ransacker" rorgh
23455	58567	"ransacker" rorgh
23455	57872	"ransacker" rorgh
23455	49792	"ransacker" rorgh
23455	51383	"ransacker" rorgh
23456	53382	deadwind caster
23456	56073	deadwind caster
23456	56074	deadwind caster
23456	53429	deadwind caster
23457	53596	toric antevian
23457	53344	toric antevian
23457	53343	toric antevian
23469	28016	zomclaw scavenger
23469	57768	zomclaw scavenger
23469	20196	zomclaw scavenger
23469	28704	zomclaw scavenger
23469	26162	zomclaw scavenger
23469	57765	zomclaw scavenger
23469	47168	zomclaw scavenger
23482	44267	xas scientist
23482	44256	xas scientist
23482	44264	xas scientist
23482	44257	xas scientist
23482	44265	xas scientist
23483	44267	xas scientist
23483	44256	xas scientist
23483	44264	xas scientist
23483	44257	xas scientist
23483	44265	xas scientist
23487	44267	xas scientist
23487	44256	xas scientist
23487	44264	xas scientist
23487	44257	xas scientist
23487	44265	xas scientist
23488	39607	exile stinger
23489	52742	exile pilot
23503	52010	"twitchy" groo
23503	52742	"twitchy" groo
23503	51828	"twitchy" groo
23503	65846	"twitchy" groo
23503	51899	"twitchy" groo
23513	53868	hive queen
23513	54293	hive queen
23513	53426	hive queen
23513	72117	hive queen
23513	72116	hive queen
23513	53427	hive queen
23513	53424	hive queen
23519	56295	truthbound sentinel
23519	65795	truthbound sentinel
23519	66170	truthbound sentinel
23522	36847	sunderstone coward
23522	65744	sunderstone coward
23523	36847	sunderstone coward
23523	65744	sunderstone coward
23524	36847	sunderstone coward
23524	65744	sunderstone coward
23525	36847	sunderstone coward
23525	65744	sunderstone coward
23526	36847	sunderstone coward
23526	65744	sunderstone coward
23536	44656	hive infector
23536	41070	hive infector
23536	44200	hive infector
23536	44466	hive infector
23536	52765	hive infector
23536	52769	hive infector
23536	43759	hive infector
23587	42111	wounded soldier
23587	65744	wounded soldier
23587	42083	wounded soldier
23587	41619	wounded soldier
23588	52085	savannah skinner
23588	46984	savannah skinner
23588	53342	savannah skinner
23588	53343	savannah skinner
23588	57843	savannah skinner
23588	46821	savannah skinner
23588	49350	savannah skinner
23588	43759	savannah skinner
23589	47669	savannah gunner
23589	55119	savannah gunner
23589	65795	savannah gunner
23589	48920	savannah gunner
23605	55371	shadeleaf windtalker
23605	55786	shadeleaf windtalker
23605	55401	shadeleaf windtalker
23605	55421	shadeleaf windtalker
23605	55402	shadeleaf windtalker
23605	53382	shadeleaf windtalker
23606	53384	shadeleaf windchaser
23606	54742	shadeleaf windchaser
23606	54817	shadeleaf windchaser
23606	58566	shadeleaf windchaser
23638	58548	exile warbot
23638	46806	exile warbot
23638	46392	exile warbot
23638	58549	exile warbot
23638	58547	exile warbot
23638	53868	exile warbot
23638	58550	exile warbot
23638	46670	exile warbot
23638	46278	exile warbot
23638	45294	exile warbot
23638	50280	exile warbot
23638	46111	exile warbot
23638	52989	exile warbot
23656	51346	truthbound convert
23656	53342	truthbound convert
23656	53341	truthbound convert
23656	65744	truthbound convert
23656	53345	truthbound convert
23657	51346	truthbound convert
23657	53342	truthbound convert
23657	53341	truthbound convert
23657	65744	truthbound convert
23657	53345	truthbound convert
23658	55371	truthbound evocator
23658	53382	truthbound evocator
23658	55401	truthbound evocator
23658	55595	truthbound evocator
23660	43482	truthbound vindicator
23660	47389	truthbound vindicator
23660	47841	truthbound vindicator
23660	43759	truthbound vindicator
23660	49350	truthbound vindicator
23660	46398	truthbound vindicator
23660	65744	truthbound vindicator
23660	50103	truthbound vindicator
23660	52448	truthbound vindicator
23660	49888	truthbound vindicator
23660	50115	truthbound vindicator
23679	61283	stormwing striker
23679	63209	stormwing striker
23681	52010	xas researcher
23681	51828	xas researcher
23681	45429	xas researcher
23681	44257	xas researcher
23681	44256	xas researcher
23703	15	tundra jabbit
23707	57029	palerock soldier
23707	57843	palerock soldier
23707	58566	palerock soldier
23707	57872	palerock soldier
23707	58567	palerock soldier
23707	69165	palerock soldier
23707	57851	palerock soldier
23745	41563	collegium researcher
23745	52149	collegium researcher
23745	42111	collegium researcher
23745	41619	collegium researcher
23745	65744	collegium researcher
23746	41563	collegium researcher
23746	52149	collegium researcher
23746	42111	collegium researcher
23746	41619	collegium researcher
23746	65744	collegium researcher
23753	27783	invisible unit
23753	40535	invisible unit
23771	52742	dominion front gunner
23771	52010	dominion front gunner
23771	51899	dominion front gunner
23771	51828	dominion front gunner
23773	49928	dominion advance scout
23773	49879	dominion advance scout
23773	60568	dominion advance scout
23773	61315	dominion advance scout
23773	49792	dominion advance scout
23774	66113	bloodtalon horncaller
23774	61315	bloodtalon horncaller
23774	60562	bloodtalon horncaller
23774	66118	bloodtalon horncaller
23774	69165	bloodtalon horncaller
23774	74514	bloodtalon horncaller
23774	57843	bloodtalon horncaller
23782	65744	ric longshanks
23782	42111	ric longshanks
23782	52454	ric longshanks
23782	41619	ric longshanks
23782	42083	ric longshanks
23787	66113	bloodtalon scrapper
23787	66118	bloodtalon scrapper
23787	60562	bloodtalon scrapper
23787	69165	bloodtalon scrapper
23787	61315	bloodtalon scrapper
23787	57843	bloodtalon scrapper
23787	74514	bloodtalon scrapper
23788	58566	dominion forward drudger
23788	54742	dominion forward drudger
23788	54817	dominion forward drudger
23788	53384	dominion forward drudger
23792	66122	bloodtalon warden
23792	66113	bloodtalon warden
23792	66118	bloodtalon warden
23792	60562	bloodtalon warden
23792	61315	bloodtalon warden
23792	57843	bloodtalon warden
23792	74514	bloodtalon warden
23792	69165	bloodtalon warden
23795	61283	bloodtalon ravager
23795	63209	bloodtalon ravager
23795	55185	bloodtalon ravager
23795	55044	bloodtalon ravager
23809	31015	overbot
23809	25890	overbot
23809	31060	overbot
23809	24809	overbot
23809	30971	overbot
23809	31059	overbot
23809	25245	overbot
23829	57843	prison guard
23829	57029	prison guard
23829	57851	prison guard
23829	58567	prison guard
23829	69165	prison guard
23829	57872	prison guard
23829	58566	prison guard
23831	65744	deadrock escapee
23831	42083	deadrock escapee
23831	41619	deadrock escapee
23831	42111	deadrock escapee
23834	53343	dominion soldier
23834	53342	dominion soldier
23834	57843	dominion soldier
23834	49350	dominion soldier
23834	43759	dominion soldier
23834	51346	dominion soldier
23834	65744	dominion soldier
23834	57664	dominion soldier
23834	52448	dominion soldier
23834	51828	dominion soldier
23834	52010	dominion soldier
23834	52742	dominion soldier
23834	53345	dominion soldier
23834	52551	dominion soldier
23835	57843	prison guard
23835	57029	prison guard
23835	57851	prison guard
23835	58567	prison guard
23835	69165	prison guard
23835	57872	prison guard
23835	58566	prison guard
23882	40728	dominion warbot
23882	40506	dominion warbot
23882	46392	dominion warbot
23882	57879	dominion warbot
23882	44711	dominion warbot
23882	57882	dominion warbot
23883	28626	augmented canimid
23883	30936	augmented canimid
23883	56899	augmented canimid
23883	31619	augmented canimid
23884	36021	augmented buzzbing
23884	32966	augmented buzzbing
23884	37322	augmented buzzbing
23884	32965	augmented buzzbing
23885	26162	zomclaw buzzard
23885	20196	zomclaw buzzard
23885	57768	zomclaw buzzard
23885	28704	zomclaw buzzard
23885	57765	zomclaw buzzard
23885	28016	zomclaw buzzard
23885	47168	zomclaw buzzard
23918	65744	jagged rock brawler
23918	36849	jagged rock brawler
23918	34552	jagged rock brawler
23921	52010	jagged rock gunner
23921	55763	jagged rock gunner
23921	51828	jagged rock gunner
23923	15661	jagged rock enforcer
23923	57365	jagged rock enforcer
23923	46797	jagged rock enforcer
23923	32192	jagged rock enforcer
23923	47033	jagged rock enforcer
23925	52742	jagged rock longshot
23925	51899	jagged rock longshot
23925	51828	jagged rock longshot
23925	52010	jagged rock longshot
23926	65744	jagged rock brawler
23926	36849	jagged rock brawler
23926	34552	jagged rock brawler
23927	57843	jagged rock slasher
23927	69165	jagged rock slasher
23927	57872	jagged rock slasher
23927	58567	jagged rock slasher
23927	58566	jagged rock slasher
23931	48381	jagged rock miner
23953	61283	stormwing striker
23953	63209	stormwing striker
23961	53383	shatterforce commando
23961	57872	shatterforce commando
23961	43759	shatterforce commando
23961	57843	shatterforce commando
23961	53371	shatterforce commando
23961	53384	shatterforce commando
23961	55763	shatterforce commando
23962	66279	shatterforce officer
23962	66275	shatterforce officer
23962	61315	shatterforce officer
23962	60594	shatterforce officer
23975	56431	bloodtalon protector
23975	53382	bloodtalon protector
23975	56430	bloodtalon protector
23977	55401	keeper akhin
23977	55421	keeper akhin
23977	55402	keeper akhin
23977	53382	keeper akhin
23977	55371	keeper akhin
23978	66113	warmonger murali
23978	66122	warmonger murali
23978	66118	warmonger murali
23978	60562	warmonger murali
23978	74514	warmonger murali
23978	69165	warmonger murali
23978	61315	warmonger murali
23978	57843	warmonger murali
23979	39914	crusher zhong
23979	65744	crusher zhong
23979	55539	crusher zhong
23979	38774	crusher zhong
23982	47389	eldan augmentor
23982	44739	eldan augmentor
23982	45833	eldan augmentor
23982	48563	eldan augmentor
23982	44448	eldan augmentor
23982	42445	eldan augmentor
24025	58478	chua warblimp
24029	60568	megatech trooper
24029	61315	megatech trooper
24029	55434	megatech trooper
24030	52742	megatech gunner
24030	55764	megatech gunner
24033	55762	road warrior
24033	44267	road warrior
24033	52010	road warrior
24033	51828	road warrior
24035	45756	squirg smasher
24035	6103	squirg smasher
24035	26435	squirg smasher
24035	27375	squirg smasher
24035	32739	squirg smasher
24035	34668	squirg smasher
24036	45467	squirg erupter
24036	21665	squirg erupter
24036	34038	squirg erupter
24037	21667	squirg spewer
24037	45668	squirg spewer
24037	45658	squirg spewer
24037	45669	squirg spewer
24038	45622	squirg stalker
24038	65744	squirg stalker
24038	45594	squirg stalker
24038	38773	squirg stalker
24038	45605	squirg stalker
24039	45618	squirg zombie
24039	65744	squirg zombie
24039	45566	squirg zombie
24039	36615	squirg zombie
24039	45564	squirg zombie
24039	45565	squirg zombie
24039	39024	squirg zombie
24039	34682	squirg zombie
24039	45668	squirg zombie
24039	32740	squirg zombie
24040	45618	squirg zombie
24040	65744	squirg zombie
24040	45566	squirg zombie
24040	36615	squirg zombie
24040	45564	squirg zombie
24040	45565	squirg zombie
24040	39024	squirg zombie
24040	34682	squirg zombie
24040	45668	squirg zombie
24040	32740	squirg zombie
24041	45618	squirg zombie
24041	65744	squirg zombie
24041	45566	squirg zombie
24041	36615	squirg zombie
24041	45564	squirg zombie
24041	45565	squirg zombie
24041	39024	squirg zombie
24041	34682	squirg zombie
24041	45668	squirg zombie
24041	32740	squirg zombie
24042	45618	squirg zombie
24042	65744	squirg zombie
24042	45566	squirg zombie
24042	36615	squirg zombie
24042	45564	squirg zombie
24042	45565	squirg zombie
24042	39024	squirg zombie
24042	34682	squirg zombie
24042	45668	squirg zombie
24042	32740	squirg zombie
24046	55426	megatech scientist
24046	53384	megatech scientist
24046	53383	megatech scientist
24051	65763	venombite hatchling
24051	55328	venombite hatchling
24051	58566	venombite hatchling
24054	53988	scrab striker
24054	65763	scrab striker
24054	55322	scrab striker
24056	65763	scarhide scrab
24056	55322	scarhide scrab
24056	53988	scarhide scrab
24057	58566	venombite spider
24057	65763	venombite spider
24057	55328	venombite spider
24059	55328	venombite spider queen
24059	58566	venombite spider queen
24059	54225	venombite spider queen
24059	65763	venombite spider queen
24059	66151	venombite spider queen
24059	77373	venombite spider queen
24067	2095	rimerazor nomad
24067	10132	rimerazor nomad
24067	30979	rimerazor nomad
24067	10118	rimerazor nomad
24068	46042	coldroot icecracker
24068	47152	coldroot icecracker
24068	52869	coldroot icecracker
24068	54185	coldroot icecracker
24068	35474	coldroot icecracker
24068	46051	coldroot icecracker
24069	25877	frostshell clamper
24069	7031	frostshell clamper
24069	57056	frostshell clamper
24069	57055	frostshell clamper
24069	57057	frostshell clamper
24069	57054	frostshell clamper
24070	30503	snowstep roamer
24070	53505	snowstep roamer
24070	18109	snowstep roamer
24070	21712	snowstep roamer
24072	48792	frostshore icebather
24072	52536	frostshore icebather
24072	45851	frostshore icebather
24072	52473	frostshore icebather
24072	48515	frostshore icebather
24073	25877	icetooth piranha
24073	25871	icetooth piranha
24077	55426	megatech scientist
24077	53384	megatech scientist
24077	53383	megatech scientist
24078	60568	megatech trooper
24078	61315	megatech trooper
24078	55434	megatech trooper
24090	55762	redmoon tracker
24090	52151	redmoon tracker
24090	50080	redmoon tracker
24092	42658	redmoon trained razortail
24092	41717	redmoon trained razortail
24092	32774	redmoon trained razortail
24092	46895	redmoon trained razortail
24092	41298	redmoon trained razortail
24093	45953	redmoon buccaneer
24093	51960	redmoon buccaneer
24093	51828	redmoon buccaneer
24093	46402	redmoon buccaneer
24093	65744	redmoon buccaneer
24093	46670	redmoon buccaneer
24093	46389	redmoon buccaneer
24093	46398	redmoon buccaneer
24093	45813	redmoon buccaneer
24094	58566	redmoon rover
24094	59349	redmoon rover
24094	63270	redmoon rover
24094	57843	redmoon rover
24094	58567	redmoon rover
24094	69165	redmoon rover
24094	57872	redmoon rover
24094	57029	redmoon rover
24099	62528	megatech battlebot
24099	58478	megatech battlebot
24100	55401	first mate darugna
24100	55402	first mate darugna
24100	50080	first mate darugna
24100	55421	first mate darugna
24100	53382	first mate darugna
24100	55371	first mate darugna
24102	58566	bosun sprulo
24102	58567	bosun sprulo
24102	57843	bosun sprulo
24102	59349	bosun sprulo
24102	69165	bosun sprulo
24102	57872	bosun sprulo
24102	63270	bosun sprulo
24102	57029	bosun sprulo
24106	65709	blackbeak
24106	52717	blackbeak
24106	54189	blackbeak
24106	63699	blackbeak
24106	65753	blackbeak
24108	65753	ripbeak slayer
24108	66394	ripbeak slayer
24108	69165	ripbeak slayer
24108	66393	ripbeak slayer
24108	65754	ripbeak slayer
24109	28704	ripbeak skyhunter
24109	26162	ripbeak skyhunter
24109	57768	ripbeak skyhunter
24109	20196	ripbeak skyhunter
24109	28016	ripbeak skyhunter
24109	47168	ripbeak skyhunter
24109	57765	ripbeak skyhunter
24111	43507	plagued fields hunter
24111	46040	plagued fields hunter
24111	45302	plagued fields hunter
24111	55289	plagued fields hunter
24111	42362	plagued fields hunter
24114	30510	strawgrazer charger
24114	32886	strawgrazer charger
24114	19180	strawgrazer charger
24114	18120	strawgrazer charger
24115	21704	plagued strawgrazer bull
24115	22670	plagued strawgrazer bull
24115	53436	plagued strawgrazer bull
24115	30510	plagued strawgrazer bull
24115	53416	plagued strawgrazer bull
24115	32886	plagued strawgrazer bull
24117	18120	strawgrazer bull
24117	30510	strawgrazer bull
24117	19180	strawgrazer bull
24117	32886	strawgrazer bull
24124	66155	grave crawler
24124	65763	grave crawler
24124	61315	grave crawler
24124	66151	grave crawler
24125	66151	grave walker
24125	65763	grave walker
24125	61315	grave walker
24125	66155	grave walker
24126	52756	spithra
24126	66155	spithra
24126	61315	spithra
24126	54225	spithra
24126	65763	spithra
24126	66151	spithra
24126	77373	spithra
24129	40117	plagued highfeather hunter
24129	46040	plagued highfeather hunter
24129	45780	plagued highfeather hunter
24129	57205	plagued highfeather hunter
24129	34455	plagued highfeather hunter
24130	45779	highfeather screecher
24130	34455	highfeather screecher
24130	46040	highfeather screecher
24130	40117	highfeather screecher
24134	45953	plagued hycrest farmer
24134	65744	plagued hycrest farmer
24134	51828	plagued hycrest farmer
24134	46398	plagued hycrest farmer
24134	46389	plagued hycrest farmer
24134	52454	plagued hycrest farmer
24134	46402	plagued hycrest farmer
24134	45813	plagued hycrest farmer
24134	51960	plagued hycrest farmer
24135	45953	plagued hycrest farmer
24135	65744	plagued hycrest farmer
24135	51828	plagued hycrest farmer
24135	46398	plagued hycrest farmer
24135	46389	plagued hycrest farmer
24135	52454	plagued hycrest farmer
24135	46402	plagued hycrest farmer
24135	45813	plagued hycrest farmer
24135	51960	plagued hycrest farmer
24136	41619	plagued hycrest citizen
24136	42111	plagued hycrest citizen
24136	52454	plagued hycrest citizen
24136	42083	plagued hycrest citizen
24136	65744	plagued hycrest citizen
24138	30936	plague wyrm
24138	31618	plague wyrm
24139	33243	slank
24139	20111	slank
24140	61315	scarhide raider
24140	60568	scarhide raider
24140	55434	scarhide raider
24141	53384	scarhide beastmaster
24141	55426	scarhide beastmaster
24141	53383	scarhide beastmaster
24144	53382	wildwood weaver
24144	55531	wildwood weaver
24144	55371	wildwood weaver
24145	55371	wildwood whisperer
24145	53382	wildwood whisperer
24145	55531	wildwood whisperer
24146	53383	wildwood protector
24146	54742	wildwood protector
24146	54895	wildwood protector
24146	54817	wildwood protector
24146	53384	wildwood protector
24146	54838	wildwood protector
24147	53505	swiftwood elder
24147	30503	swiftwood elder
24147	21712	swiftwood elder
24147	18109	swiftwood elder
24149	18109	swiftwood stag
24149	53508	swiftwood stag
24149	21713	swiftwood stag
24149	53505	swiftwood stag
24149	30503	swiftwood stag
24150	53505	swiftwood grazer
24150	30503	swiftwood grazer
24150	21712	swiftwood grazer
24150	18109	swiftwood grazer
24156	55426	megatech scientist
24156	53384	megatech scientist
24156	53383	megatech scientist
24158	61315	kezrek warbringer
24158	60568	kezrek warbringer
24158	49792	kezrek warbringer
24158	69304	kezrek warbringer
24168	52869	grove strangler
24168	46051	grove strangler
24168	54185	grove strangler
24168	46042	grove strangler
24168	35474	grove strangler
24168	47152	grove strangler
24171	52756	gravespinner
24171	66151	gravespinner
24171	65763	gravespinner
24171	58566	gravespinner
24171	66155	gravespinner
24175	52796	vandarin farmhand
24175	51828	vandarin farmhand
24175	57631	vandarin farmhand
24176	65716	vandarin reaper
24176	61315	vandarin reaper
24176	66353	vandarin reaper
24176	66354	vandarin reaper
24182	58567	contulius vandarin
24182	58566	contulius vandarin
24182	57843	contulius vandarin
24182	57851	contulius vandarin
24182	57029	contulius vandarin
24182	57872	contulius vandarin
24182	69165	contulius vandarin
24183	54595	darkice basher
24183	18094	darkice basher
24183	6103	darkice basher
24183	17269	darkice basher
24183	54591	darkice basher
24184	48895	darkice shaman
24184	56990	darkice shaman
24184	65849	darkice shaman
24184	56986	darkice shaman
24184	47175	darkice shaman
24185	54621	darkice queen
24185	53382	darkice queen
24185	54628	darkice queen
24185	54622	darkice queen
24185	54626	darkice queen
24216	55764	scarhide farstriker
24216	52742	scarhide farstriker
24229	44466	hillscourge rumbler
24229	41070	hillscourge rumbler
24229	52769	hillscourge rumbler
24229	44656	hillscourge rumbler
24229	52765	hillscourge rumbler
24229	44200	hillscourge rumbler
24229	43759	hillscourge rumbler
24230	44466	hillscourge biter
24230	44656	hillscourge biter
24230	41070	hillscourge biter
24230	43328	hillscourge biter
24232	44710	hillscourge pest
24232	44466	hillscourge pest
24233	66155	deathmite feeder
24233	61315	deathmite feeder
24233	66151	deathmite feeder
24233	65763	deathmite feeder
24234	58566	deathmite biter
24234	65763	deathmite biter
24234	52756	deathmite biter
24234	66151	deathmite biter
24234	66155	deathmite biter
24235	66155	deathmite crawler
24235	66151	deathmite crawler
24235	65763	deathmite crawler
24235	61315	deathmite crawler
24236	66151	deathmite queen
24236	58566	deathmite queen
24236	65763	deathmite queen
24236	66155	deathmite queen
24236	52756	deathmite queen
24236	54225	deathmite queen
24237	61315	deathmite spiderling
24237	65763	deathmite spiderling
24238	30510	ironcleft bellower
24238	32886	ironcleft bellower
24238	19180	ironcleft bellower
24238	18120	ironcleft bellower
24244	35474	dreg abomination
24244	46878	dreg abomination
24244	46288	dreg abomination
24244	54822	dreg abomination
24244	54824	dreg abomination
24248	18109	gentle dawngrazer
24248	53508	gentle dawngrazer
24248	53505	gentle dawngrazer
24248	30503	gentle dawngrazer
24248	21713	gentle dawngrazer
24249	43366	enhanced razortail
24249	32774	enhanced razortail
24249	45780	enhanced razortail
24249	47760	enhanced razortail
24249	47781	enhanced razortail
24249	47711	enhanced razortail
24249	47710	enhanced razortail
24250	17269	darkice scratcher
24250	6103	darkice scratcher
24250	18094	darkice scratcher
24250	54591	darkice scratcher
24251	57829	exile mine
24251	38258	exile mine
24257	32735	greystone alpha
24257	35246	greystone alpha
24257	56614	greystone alpha
24257	32768	greystone alpha
24257	35282	greystone alpha
24273	58550	exile ravager
24273	53868	exile ravager
24273	58547	exile ravager
24273	58548	exile ravager
24273	58549	exile ravager
24273	46042	exile ravager
24273	46392	exile ravager
24273	45623	exile ravager
24282	40506	dominion warmonger
24282	50280	dominion warmonger
24282	57879	dominion warmonger
24282	58548	dominion warmonger
24282	53868	dominion warmonger
24282	58547	dominion warmonger
24282	46392	dominion warmonger
24282	58550	dominion warmonger
24282	58549	dominion warmonger
24282	46878	dominion warmonger
24282	46670	dominion warmonger
24293	33243	hearty slank
24293	20111	hearty slank
24305	55763	poxbrew scout
24305	52010	poxbrew scout
24305	51828	poxbrew scout
24305	55383	poxbrew scout
24309	46393	shatterforce infantry
24309	44267	shatterforce infantry
24336	41619	vandarin strong arm
24336	65744	vandarin strong arm
24336	42111	vandarin strong arm
24336	52454	vandarin strong arm
24336	42083	vandarin strong arm
24338	61315	kezrek warbringer
24338	60568	kezrek warbringer
24338	49792	kezrek warbringer
24338	69304	kezrek warbringer
24364	53988	scrab impaler
24364	65763	scrab impaler
24364	55322	scrab impaler
24388	60739	terminite egg
24407	33243	slank
24407	20111	slank
24425	38773	scarhide chief
24425	65744	scarhide chief
24425	55438	scarhide chief
24442	43507	plagued fields hunter
24442	46040	plagued fields hunter
24442	45302	plagued fields hunter
24442	55289	plagued fields hunter
24442	42362	plagued fields hunter
24452	31256	vindicator tank
24475	40909	thunderfoot
24475	47691	thunderfoot
24475	44710	thunderfoot
24475	36437	thunderfoot
24475	36324	thunderfoot
24475	39090	thunderfoot
24486	23715	bosun octog
24486	41443	bosun octog
24486	36614	bosun octog
24486	23496	bosun octog
24486	31283	bosun octog
24486	41455	bosun octog
24486	41503	bosun octog
24486	38765	bosun octog
24486	29397	bosun octog
24489	54778	mordechai redmoon
24489	54707	mordechai redmoon
24489	54645	mordechai redmoon
24489	54710	mordechai redmoon
24489	54639	mordechai redmoon
24489	39481	mordechai redmoon
24489	39491	mordechai redmoon
24490	80251	quartermaster gruh'ar
24490	65795	quartermaster gruh'ar
24490	70217	quartermaster gruh'ar
24490	62685	quartermaster gruh'ar
24490	25012	quartermaster gruh'ar
24490	63593	quartermaster gruh'ar
24490	63673	quartermaster gruh'ar
24490	63677	quartermaster gruh'ar
24493	50080	stew-shaman tugga
24493	41016	stew-shaman tugga
24493	36097	stew-shaman tugga
24493	36172	stew-shaman tugga
24493	41010	stew-shaman tugga
24493	63303	stew-shaman tugga
24493	36025	stew-shaman tugga
24521	32389	yirian
24521	32388	yirian
24521	53387	yirian
24552	40355	falling rock
24624	42111	ryton casca
24624	65744	ryton casca
24624	41619	ryton casca
24624	52454	ryton casca
24624	42083	ryton casca
24651	39638	demitrius kole
24651	39636	demitrius kole
24651	55762	demitrius kole
24651	51828	demitrius kole
24691	51828	vandarin executioner
24691	52742	vandarin executioner
24691	52010	vandarin executioner
24691	51899	vandarin executioner
24697	34361	experiment 878
24697	34310	experiment 878
24697	35522	experiment 878
24697	34264	experiment 878
24697	34266	experiment 878
24740	40778	metal maw
24740	40830	metal maw
24740	41024	metal maw
24740	55875	metal maw
24740	55441	metal maw
24740	63374	metal maw
24740	40797	metal maw
24740	63363	metal maw
24740	40781	metal maw
24740	41304	metal maw
24740	46670	metal maw
24740	47590	metal maw
24740	47285	metal maw
24740	41465	metal maw
24745	45826	mutated soldier
24745	39943	mutated soldier
24745	45890	mutated soldier
24745	44281	mutated soldier
24745	44200	mutated soldier
24745	35474	mutated soldier
24857	41070	hillscourge scratcher
24857	43328	hillscourge scratcher
24857	44466	hillscourge scratcher
24857	44656	hillscourge scratcher
24878	48920	quartermaster an'dal
24878	47669	quartermaster an'dal
24878	65795	quartermaster an'dal
24878	55119	quartermaster an'dal
24893	40909	thunderfoot
24893	47691	thunderfoot
24893	44710	thunderfoot
24893	36437	thunderfoot
24893	36324	thunderfoot
24893	39090	thunderfoot
24894	23715	bosun octog
24894	41443	bosun octog
24894	36614	bosun octog
24894	23496	bosun octog
24894	31283	bosun octog
24894	41455	bosun octog
24894	41503	bosun octog
24894	38765	bosun octog
24894	29397	bosun octog
24896	80251	quartermaster gruh'ar
24896	65795	quartermaster gruh'ar
24896	70217	quartermaster gruh'ar
24896	62685	quartermaster gruh'ar
24896	25012	quartermaster gruh'ar
24896	63593	quartermaster gruh'ar
24896	63673	quartermaster gruh'ar
24896	63677	quartermaster gruh'ar
24898	50080	stew-shaman tugga
24898	41016	stew-shaman tugga
24898	36097	stew-shaman tugga
24898	36172	stew-shaman tugga
24898	41010	stew-shaman tugga
24898	63303	stew-shaman tugga
24898	36025	stew-shaman tugga
24924	40600	eldan fuel rod
24933	46398	chef garnua
24933	52454	chef garnua
24933	65744	chef garnua
24933	44328	chef garnua
24933	43947	chef garnua
24933	45623	chef garnua
25006	31037	crumbling boulder
25028	52010	shatterforce gunner
25028	52742	shatterforce gunner
25028	51828	shatterforce gunner
25028	51899	shatterforce gunner
25029	53988	scrab corpse feeder
25029	65763	scrab corpse feeder
25029	55322	scrab corpse feeder
25071	53348	dominion turret
25071	44283	dominion turret
25071	42235	dominion turret
25071	52775	dominion turret
25071	52772	dominion turret
25071	52853	dominion turret
25071	52777	dominion turret
25072	59349	poxbrew security
25072	58566	poxbrew security
25072	58567	poxbrew security
25072	69165	poxbrew security
25072	57843	poxbrew security
25072	57872	poxbrew security
25072	57029	poxbrew security
25072	66279	poxbrew security
25072	66275	poxbrew security
25075	44710	hillscourge hatchling
25075	44466	hillscourge hatchling
25089	32774	tumbili
25089	43366	tumbili
25089	48086	tumbili
25089	48147	tumbili
25089	43328	tumbili
25089	47858	tumbili
25089	41717	tumbili
25089	46895	tumbili
25094	66354	firewalker jarrok
25094	61315	firewalker jarrok
25094	66353	firewalker jarrok
25094	65716	firewalker jarrok
25100	44260	wigwalli guard
25102	44260	wigwalli guard
25115	58566	armorer trakez
25115	65716	armorer trakez
25118	58478	spotlight
25128	58566	outfitter mirzza
25128	65716	outfitter mirzza
25140	31117	oriana corbitan
25169	13959	chori
25169	12425	chori
25216	79191	technician kingo
25217	36847	merchant marros
25217	65744	merchant marros
25236	55044	bloodtalon slicer
25236	61283	bloodtalon slicer
25236	55185	bloodtalon slicer
25236	63209	bloodtalon slicer
25243	65744	scavenging bandit
25243	42083	scavenging bandit
25243	42111	scavenging bandit
25243	41619	scavenging bandit
25244	51828	bandit leader
25244	55763	bandit leader
25244	52010	bandit leader
25279	79191	gate guard argus
25287	53343	dominion soldier
25287	53342	dominion soldier
25287	57843	dominion soldier
25287	49350	dominion soldier
25287	43759	dominion soldier
25287	51346	dominion soldier
25287	65744	dominion soldier
25287	57664	dominion soldier
25287	52448	dominion soldier
25287	51828	dominion soldier
25287	52010	dominion soldier
25287	52742	dominion soldier
25287	53345	dominion soldier
25287	52551	dominion soldier
25289	53343	dominion soldier
25289	53342	dominion soldier
25289	57843	dominion soldier
25289	49350	dominion soldier
25289	43759	dominion soldier
25289	51346	dominion soldier
25289	65744	dominion soldier
25289	57664	dominion soldier
25289	52448	dominion soldier
25289	51828	dominion soldier
25289	52010	dominion soldier
25289	52742	dominion soldier
25289	53345	dominion soldier
25289	52551	dominion soldier
25290	48931	dominion captain
25290	55119	dominion captain
25290	55372	dominion captain
25290	47669	dominion captain
25290	65795	dominion captain
25290	46393	dominion captain
25290	51828	dominion captain
25290	51960	dominion captain
25302	52765	hillscourge horror
25302	52769	hillscourge horror
25302	44656	hillscourge horror
25302	44466	hillscourge horror
25302	43759	hillscourge horror
25302	44200	hillscourge horror
25302	41070	hillscourge horror
25303	62528	megatech battlebot
25303	58478	megatech battlebot
25305	53436	dozer
25305	21704	dozer
25305	32886	dozer
25305	22670	dozer
25305	30510	dozer
25305	53416	dozer
25315	38233	trapped researcher
25329	53343	dominion soldier
25329	53342	dominion soldier
25329	57843	dominion soldier
25329	49350	dominion soldier
25329	43759	dominion soldier
25329	51346	dominion soldier
25329	65744	dominion soldier
25329	57664	dominion soldier
25329	52448	dominion soldier
25329	51828	dominion soldier
25329	52010	dominion soldier
25329	52742	dominion soldier
25329	53345	dominion soldier
25329	52551	dominion soldier
25345	53343	dominion soldier
25345	53342	dominion soldier
25345	57843	dominion soldier
25345	49350	dominion soldier
25345	43759	dominion soldier
25345	51346	dominion soldier
25345	65744	dominion soldier
25345	57664	dominion soldier
25345	52448	dominion soldier
25345	51828	dominion soldier
25345	52010	dominion soldier
25345	52742	dominion soldier
25345	53345	dominion soldier
25345	52551	dominion soldier
25359	31137	toxic container
25374	32768	greystone demolisher
25374	56614	greystone demolisher
25374	35282	greystone demolisher
25374	32735	greystone demolisher
25374	35246	greystone demolisher
25381	53505	proudhorn stag
25381	30503	proudhorn stag
25381	21713	proudhorn stag
25381	53508	proudhorn stag
25381	18109	proudhorn stag
25395	62589	hycrest militia
25395	61315	hycrest militia
25395	60565	hycrest militia
25396	62589	hycrest militia
25396	61315	hycrest militia
25396	60565	hycrest militia
25397	62589	hycrest militia
25397	61315	hycrest militia
25397	60565	hycrest militia
25578	26385	rockhorde scuttling
25578	57287	rockhorde scuttling
25578	26161	rockhorde scuttling
25578	57288	rockhorde scuttling
25591	52010	dominion researcher
25591	55762	dominion researcher
25591	51828	dominion researcher
25591	44267	dominion researcher
25592	52010	dominion researcher
25592	55762	dominion researcher
25592	51828	dominion researcher
25592	44267	dominion researcher
25675	53343	dominion soldier
25675	53342	dominion soldier
25675	57843	dominion soldier
25675	49350	dominion soldier
25675	43759	dominion soldier
25675	51346	dominion soldier
25675	65744	dominion soldier
25675	57664	dominion soldier
25675	52448	dominion soldier
25675	51828	dominion soldier
25675	52010	dominion soldier
25675	52742	dominion soldier
25675	53345	dominion soldier
25675	52551	dominion soldier
25676	65711	megatech hound
25676	65709	megatech hound
25676	72599	megatech hound
25677	61315	megatech houndmaster
25677	60568	megatech houndmaster
25677	55434	megatech houndmaster
25683	34105	exile mortar
25685	34105	exile mortar
25706	52084	empirius
25706	48788	empirius
25706	51591	empirius
25706	54914	empirius
25708	55120	sarabella
25708	48602	sarabella
25708	54363	sarabella
25709	48668	ignacio
25709	48670	ignacio
25709	48680	ignacio
25709	48683	ignacio
25709	48677	ignacio
25709	48669	ignacio
25719	53286	adora
25720	35930	doctor mendwell
25720	36446	doctor mendwell
25721	43918	greenshoots
25721	48938	greenshoots
25721	49142	greenshoots
25721	48810	greenshoots
25721	48814	greenshoots
25721	49060	greenshoots
25721	48812	greenshoots
25722	51591	syke
25722	48788	syke
25722	54914	syke
25722	52084	syke
25729	55547	mekka
25731	48602	masterson
25731	54363	masterson
25731	55120	masterson
25732	48668	ardent
25732	48683	ardent
25732	48677	ardent
25732	48670	ardent
25732	48680	ardent
25732	48669	ardent
25736	52151	dominion scientist
25736	55763	dominion scientist
25736	66020	dominion scientist
25736	48616	dominion scientist
25736	50080	dominion scientist
25736	44267	dominion scientist
25738	52010	dominion researcher
25738	55762	dominion researcher
25738	51828	dominion researcher
25738	44267	dominion researcher
25746	43507	plagued fields hunter
25746	46040	plagued fields hunter
25746	45302	plagued fields hunter
25746	55289	plagued fields hunter
25746	42362	plagued fields hunter
25753	31117	hycrest counselor
25754	31117	hycrest counselor
25755	31117	hycrest counselor
25756	31117	hycrest counselor
25762	53343	dominion soldier
25762	53342	dominion soldier
25762	57843	dominion soldier
25762	49350	dominion soldier
25762	43759	dominion soldier
25762	51346	dominion soldier
25762	65744	dominion soldier
25762	57664	dominion soldier
25762	52448	dominion soldier
25762	51828	dominion soldier
25762	52010	dominion soldier
25762	52742	dominion soldier
25762	53345	dominion soldier
25762	52551	dominion soldier
25766	31117	hycrest counselor
25777	58478	spotlight
25782	19127	rhok
25782	9743	rhok
25782	16931	rhok
25782	30626	rhok
25783	65709	rex
25783	65711	rex
25783	66239	rex
25783	66057	rex
25784	44263	hycrest guard
25784	44262	hycrest guard
25785	62589	hycrest militia
25785	61315	hycrest militia
25785	60565	hycrest militia
25786	62589	hycrest militia
25786	61315	hycrest militia
25786	60565	hycrest militia
25804	62528	megatech battlebot
25804	58478	megatech battlebot
25805	60568	megatech trooper
25805	61315	megatech trooper
25805	55434	megatech trooper
25806	55426	megatech scientist
25806	53384	megatech scientist
25806	53383	megatech scientist
25887	45294	maimbot r4
25887	48306	maimbot r4
25887	31547	maimbot r4
25890	45294	maimbot r4
25890	48306	maimbot r4
25890	31547	maimbot r4
25936	62528	megatech battlebot
25936	58478	megatech battlebot
25976	53343	dominion soldier
25976	53342	dominion soldier
25976	57843	dominion soldier
25976	49350	dominion soldier
25976	43759	dominion soldier
25976	51346	dominion soldier
25976	65744	dominion soldier
25976	57664	dominion soldier
25976	52448	dominion soldier
25976	51828	dominion soldier
25976	52010	dominion soldier
25976	52742	dominion soldier
25976	53345	dominion soldier
25976	52551	dominion soldier
25979	7031	saltwater snoglug
25979	55329	saltwater snoglug
25979	25763	saltwater snoglug
25986	65795	eldan security construct
25986	52348	eldan security construct
25986	66170	eldan security construct
25986	66144	eldan security construct
25986	55845	eldan security construct
25988	35474	eldan protector
25988	46806	eldan protector
25988	39430	eldan protector
25988	46006	eldan protector
25988	46405	eldan protector
25988	55298	eldan protector
25989	47389	eldan augmentor
25989	44739	eldan augmentor
25989	45833	eldan augmentor
25989	48563	eldan augmentor
25989	44448	eldan augmentor
25989	42445	eldan augmentor
25990	58566	exile trooper
25990	58567	exile trooper
25990	69165	exile trooper
25990	57843	exile trooper
25990	57872	exile trooper
25990	57851	exile trooper
25990	53384	exile trooper
25990	55434	exile trooper
25991	52010	exile gunner
25991	55763	exile gunner
25991	51828	exile gunner
25991	53377	exile gunner
25991	65795	exile gunner
25992	58548	exile warbot
25992	46806	exile warbot
25992	46392	exile warbot
25992	58549	exile warbot
25992	58547	exile warbot
25992	53868	exile warbot
25992	58550	exile warbot
25992	46670	exile warbot
25992	46278	exile warbot
25992	45294	exile warbot
25992	50280	exile warbot
25992	46111	exile warbot
25992	52989	exile warbot
25993	53348	exile turret
25993	52772	exile turret
25993	52777	exile turret
25993	52853	exile turret
25993	52775	exile turret
25994	65795	modified x426 probe
25994	66170	modified x426 probe
25994	56296	modified x426 probe
25994	50080	modified x426 probe
25995	65795	malfunctioning x426 probe
25995	56299	malfunctioning x426 probe
25996	6432	omnivapor steamglider
25996	69815	omnivapor steamglider
25996	6433	omnivapor steamglider
25996	69660	omnivapor steamglider
25996	69756	omnivapor steamglider
25996	69693	omnivapor steamglider
25997	48563	reprogrammed augmentor
25997	45833	reprogrammed augmentor
25997	53370	reprogrammed augmentor
25997	45793	reprogrammed augmentor
25997	44739	reprogrammed augmentor
25997	44468	reprogrammed augmentor
25997	50080	reprogrammed augmentor
25998	57365	soulcore vindicator
25998	16769	soulcore vindicator
25998	32192	soulcore vindicator
25998	47033	soulcore vindicator
25998	46797	soulcore vindicator
25998	16055	soulcore vindicator
25999	32177	soulcore evocator
25999	39675	soulcore evocator
25999	48381	soulcore evocator
25999	30030	soulcore evocator
26000	54916	sabotaged fishbot
26000	42052	sabotaged fishbot
26000	11244	sabotaged fishbot
26000	4699	sabotaged fishbot
26001	66275	soulcore disciple
26001	61315	soulcore disciple
26001	66279	soulcore disciple
26001	63270	soulcore disciple
26001	60595	soulcore disciple
26002	56425	soulcore zealot
26002	53384	soulcore zealot
26002	58566	soulcore zealot
26002	55044	soulcore zealot
26002	54742	soulcore zealot
26002	63270	soulcore zealot
26004	61315	purifier clochron
26004	60566	purifier clochron
26004	50295	purifier clochron
26004	50103	purifier clochron
26004	50007	purifier clochron
26004	51329	purifier clochron
26005	61315	harbringer sveltla
26005	65716	harbringer sveltla
26005	66354	harbringer sveltla
26005	66353	harbringer sveltla
26006	21712	roving dawngrazer
26006	53505	roving dawngrazer
26006	18109	roving dawngrazer
26006	30503	roving dawngrazer
26019	6432	nimble steamglider
26019	6433	nimble steamglider
26019	69660	nimble steamglider
26019	69753	nimble steamglider
26019	69756	nimble steamglider
26021	56298	scout drone
26021	65795	scout drone
26021	55847	scout drone
26026	55282	malverine stalker
26026	48531	malverine stalker
26026	44200	malverine stalker
26034	51828	silverscale cortech
26034	52010	silverscale cortech
26034	55763	silverscale cortech
26036	48924	silverscale aquabionicist
26036	55119	silverscale aquabionicist
26036	65795	silverscale aquabionicist
26036	47669	silverscale aquabionicist
26036	55372	silverscale aquabionicist
26037	53384	prime gillsting
26037	53383	prime gillsting
26037	54327	prime gillsting
26037	54675	prime gillsting
26037	54241	prime gillsting
26037	54299	prime gillsting
26038	66354	silverscale spinelancer
26038	61315	silverscale spinelancer
26038	65716	silverscale spinelancer
26038	66353	silverscale spinelancer
26039	57288	silverscale hydrocrawler
26039	57287	silverscale hydrocrawler
26039	55372	silverscale hydrocrawler
26039	26512	silverscale hydrocrawler
26039	26161	silverscale hydrocrawler
26040	42208	silverscale behemoth
26040	62619	silverscale behemoth
26040	60637	silverscale behemoth
26040	49915	silverscale behemoth
26040	42444	silverscale behemoth
26040	71966	silverscale behemoth
26040	71903	silverscale behemoth
26040	61315	silverscale behemoth
26040	60596	silverscale behemoth
26040	71919	silverscale behemoth
26041	42444	silverscale leviathan
26041	35403	silverscale leviathan
26041	53343	silverscale leviathan
26041	53342	silverscale leviathan
26041	71429	silverscale leviathan
26041	71293	silverscale leviathan
26041	51346	silverscale leviathan
26041	65744	silverscale leviathan
26042	41648	silverscale dreadnaught
26042	42383	silverscale dreadnaught
26042	41827	silverscale dreadnaught
26042	72737	silverscale dreadnaught
26042	42063	silverscale dreadnaught
26042	72748	silverscale dreadnaught
26042	41647	silverscale dreadnaught
26043	52720	shortclaw raptor
26043	65709	shortclaw raptor
26043	65753	shortclaw raptor
26043	52717	shortclaw raptor
26043	52719	shortclaw raptor
26043	54189	shortclaw raptor
26044	58671	silverscale taskmaster
26044	58669	silverscale taskmaster
26044	58673	silverscale taskmaster
26044	33434	silverscale taskmaster
26044	58670	silverscale taskmaster
26045	7460	silversnow medusa
26045	7459	silversnow medusa
26045	30820	silversnow medusa
26045	35041	silversnow medusa
26046	12559	samu-samu minion
26046	31609	samu-samu minion
26046	31613	samu-samu minion
26046	31620	samu-samu minion
26046	31610	samu-samu minion
26046	31641	samu-samu minion
26046	31625	samu-samu minion
26046	26520	samu-samu minion
26047	36847	skeech brawler
26047	65744	skeech brawler
26049	55840	skeech shaman
26049	65849	skeech shaman
26057	34262	fieldclaw scrapper
26057	33249	fieldclaw scrapper
26057	32422	fieldclaw scrapper
26057	35556	fieldclaw scrapper
26057	33250	fieldclaw scrapper
26073	43366	plumclaw prowler
26073	41717	plumclaw prowler
26073	42383	plumclaw prowler
26073	32774	plumclaw prowler
26073	46895	plumclaw prowler
26073	46459	plumclaw prowler
26076	43366	plumclaw howler
26076	44200	plumclaw howler
26076	32774	plumclaw howler
26076	46933	plumclaw howler
26080	43366	plumclaw ripper
26080	43328	plumclaw ripper
26080	48086	plumclaw ripper
26080	41717	plumclaw ripper
26080	48147	plumclaw ripper
26080	32774	plumclaw ripper
26080	47858	plumclaw ripper
26080	46895	plumclaw ripper
26081	53384	kevo
26081	53383	kevo
26081	54241	kevo
26081	54675	kevo
26081	54299	kevo
26081	54327	kevo
26082	44200	plumclaw screecher
26082	43366	plumclaw screecher
26082	32774	plumclaw screecher
26082	46933	plumclaw screecher
26083	42383	plumclaw gasher
26083	32774	plumclaw gasher
26083	43366	plumclaw gasher
26083	41717	plumclaw gasher
26083	46895	plumclaw gasher
26086	57843	doomtide thunder-stalker
26086	61315	doomtide thunder-stalker
26086	60599	doomtide thunder-stalker
26086	58535	doomtide thunder-stalker
26086	63233	doomtide thunder-stalker
26086	75599	doomtide thunder-stalker
26086	69165	doomtide thunder-stalker
26086	75357	doomtide thunder-stalker
26086	76468	doomtide thunder-stalker
26086	75624	doomtide thunder-stalker
26087	31380	grimvoid enforcer
26087	31699	grimvoid enforcer
26087	32921	grimvoid enforcer
26087	46579	grimvoid enforcer
26087	46706	grimvoid enforcer
26087	32177	grimvoid enforcer
26088	53382	doomtide storm-striker
26088	56986	doomtide storm-striker
26088	56683	doomtide storm-striker
26088	65849	doomtide storm-striker
26088	55531	doomtide storm-striker
26088	58566	doomtide storm-striker
26088	57843	doomtide storm-striker
26088	58567	doomtide storm-striker
26088	55371	doomtide storm-striker
26089	53384	kevo
26089	53383	kevo
26089	54241	kevo
26089	54675	kevo
26089	54299	kevo
26089	54327	kevo
26090	53348	grimvoid gunner
26090	56503	grimvoid gunner
26090	54857	grimvoid gunner
26090	65795	grimvoid gunner
26090	50080	grimvoid gunner
26091	53382	doomtide arcanist
26091	56536	doomtide arcanist
26091	56537	doomtide arcanist
26092	60569	grimvoid knave
26092	49792	grimvoid knave
26092	61315	grimvoid knave
26092	49928	grimvoid knave
26093	52010	grimvoid boomer
26093	54128	grimvoid boomer
26093	52151	grimvoid boomer
26093	55761	grimvoid boomer
26094	52742	grimvoid lookout
26094	51828	grimvoid lookout
26094	51899	grimvoid lookout
26094	52010	grimvoid lookout
26095	44739	soulcore interrogator
26095	53370	soulcore interrogator
26095	45833	soulcore interrogator
26095	48563	soulcore interrogator
26095	44448	soulcore interrogator
26096	42083	grimvoid pirate
26096	42111	grimvoid pirate
26096	65744	grimvoid pirate
26096	41619	grimvoid pirate
26097	55371	doomtide hail-striker
26097	53382	doomtide hail-striker
26097	55402	doomtide hail-striker
26097	55401	doomtide hail-striker
26097	55421	doomtide hail-striker
26098	19085	bloodhorn stomper
26098	9743	bloodhorn stomper
26098	30623	bloodhorn stomper
26098	2340	bloodhorn stomper
26098	55151	bloodhorn stomper
26098	32574	bloodhorn stomper
26099	2340	razorhorn
26099	30623	razorhorn
26099	9743	razorhorn
26099	19085	razorhorn
26099	32574	razorhorn
26099	55151	razorhorn
26100	25871	ripjaw thrasher
26100	26512	ripjaw thrasher
26100	54601	ripjaw thrasher
26100	32493	ripjaw thrasher
26100	54600	ripjaw thrasher
26100	54602	ripjaw thrasher
26101	18109	dusktail hart
26101	21713	dusktail hart
26101	53508	dusktail hart
26101	53505	dusktail hart
26101	30503	dusktail hart
26102	53416	rusthoof bull
26102	53436	rusthoof bull
26102	22670	rusthoof bull
26102	30510	rusthoof bull
26102	21704	rusthoof bull
26102	32886	rusthoof bull
26103	14025	goldfang stalker
26103	27974	goldfang stalker
26103	35192	goldfang stalker
26103	26162	goldfang stalker
26103	12425	goldfang stalker
26103	27991	goldfang stalker
26104	53354	doomtide rain-hoarder
26104	53343	doomtide rain-hoarder
26104	53344	doomtide rain-hoarder
26104	57843	doomtide rain-hoarder
26104	52091	doomtide rain-hoarder
26104	55371	doomtide rain-hoarder
26104	75599	doomtide rain-hoarder
26104	75357	doomtide rain-hoarder
26104	55401	doomtide rain-hoarder
26122	65849	doomtide disciple
26122	47175	doomtide disciple
26122	48895	doomtide disciple
26122	56986	doomtide disciple
26122	56990	doomtide disciple
26124	65795	lord venator
26124	47669	lord venator
26124	48918	lord venator
26124	44739	lord venator
26124	56911	lord venator
26124	56020	lord venator
26126	50103	purifier landes
26126	60566	purifier landes
26126	61315	purifier landes
26126	51329	purifier landes
26126	50295	purifier landes
26126	50007	purifier landes
26132	62668	power core
26147	61393	witchwake cutter
26147	60562	witchwake cutter
26147	61426	witchwake cutter
26147	61392	witchwake cutter
26147	61315	witchwake cutter
26148	53429	witchwake finder
26148	53382	witchwake finder
26148	56073	witchwake finder
26148	56074	witchwake finder
26150	53382	witchwake necromancer
26150	56073	witchwake necromancer
26150	56078	witchwake necromancer
26150	54577	witchwake necromancer
26150	56074	witchwake necromancer
26154	44770	honeyhive sentinel
26154	44714	honeyhive sentinel
26154	44650	honeyhive sentinel
26154	36049	honeyhive sentinel
26155	32966	honeyhive guardian
26155	36021	honeyhive guardian
26155	32965	honeyhive guardian
26155	37322	honeyhive guardian
26159	43947	newly risen draken
26159	52454	newly risen draken
26159	53429	newly risen draken
26159	65744	newly risen draken
26159	43946	newly risen draken
26159	41619	newly risen draken
26160	49928	risen draken huntress
26160	61426	risen draken huntress
26160	49792	risen draken huntress
26160	49879	risen draken huntress
26160	61315	risen draken huntress
26160	60568	risen draken huntress
26174	47168	boneclaw buzzard
26174	26162	boneclaw buzzard
26174	28016	boneclaw buzzard
26174	57768	boneclaw buzzard
26174	57765	boneclaw buzzard
26174	20196	boneclaw buzzard
26174	28704	boneclaw buzzard
26175	53505	hivestrike grazer
26175	18109	hivestrike grazer
26175	21712	hivestrike grazer
26175	30503	hivestrike grazer
26182	54753	witchwake risen
26182	61426	witchwake risen
26182	58567	witchwake risen
26182	58566	witchwake risen
26182	61392	witchwake risen
26182	61393	witchwake risen
26186	37322	hivestrike grove drone
26186	32965	hivestrike grove drone
26186	32966	hivestrike grove drone
26186	36021	hivestrike grove drone
26187	66987	calmwater rain-warrior
26187	65994	calmwater rain-warrior
26187	65998	calmwater rain-warrior
26187	75599	calmwater rain-warrior
26187	69165	calmwater rain-warrior
26187	75624	calmwater rain-warrior
26187	75357	calmwater rain-warrior
26189	26385	biting boulder
26189	26161	biting boulder
26189	57287	biting boulder
26189	57288	biting boulder
26190	40781	metal maw prime
26190	69615	metal maw prime
26190	62906	metal maw prime
26190	32244	metal maw prime
26190	77889	metal maw prime
26190	66458	metal maw prime
26190	66604	metal maw prime
26190	66606	metal maw prime
26190	63270	metal maw prime
26193	38773	skeledroid defiler
26193	65744	skeledroid defiler
26193	52740	skeledroid defiler
26193	52658	skeledroid defiler
26193	52789	skeledroid defiler
26194	44448	a37 augmentor
26194	44739	a37 augmentor
26194	48563	a37 augmentor
26194	45833	a37 augmentor
26194	47389	a37 augmentor
26194	42445	a37 augmentor
26197	52658	skeledroid ambusher
26197	38773	skeledroid ambusher
26197	52789	skeledroid ambusher
26197	65744	skeledroid ambusher
26197	52740	skeledroid ambusher
26201	45770	skeledroid ravager
26201	32768	skeledroid ravager
26201	34262	skeledroid ravager
26201	32735	skeledroid ravager
26201	45745	skeledroid ravager
26202	52658	skeledroid scrapper
26202	36849	skeledroid scrapper
26202	65744	skeledroid scrapper
26202	52740	skeledroid scrapper
26244	53384	kevo
26244	53383	kevo
26244	54241	kevo
26244	54675	kevo
26244	54299	kevo
26244	54327	kevo
26252	39867	cuboar mutation
26252	32735	cuboar mutation
26252	32379	cuboar mutation
26252	32612	cuboar mutation
26285	37322	honeyhive drone
26285	32965	honeyhive drone
26285	36021	honeyhive drone
26285	32966	honeyhive drone
26304	25930	rockhorde savager
26304	25929	rockhorde savager
26304	55313	rockhorde savager
26307	34262	stoneback the troglodyte
26307	45289	stoneback the troglodyte
26307	32734	stoneback the troglodyte
26307	32735	stoneback the troglodyte
26326	52658	skeledroid scrapper
26326	36849	skeledroid scrapper
26326	65744	skeledroid scrapper
26326	52740	skeledroid scrapper
26327	45770	skeledroid ravager
26327	32768	skeledroid ravager
26327	34262	skeledroid ravager
26327	32735	skeledroid ravager
26327	45745	skeledroid ravager
26331	38233	drowning protostar
26340	57287	silverscale prober
26340	26161	silverscale prober
26340	57288	silverscale prober
26340	26385	silverscale prober
26352	54600	slackjaw
26352	32493	slackjaw
26352	54602	slackjaw
26352	54601	slackjaw
26352	25871	slackjaw
26352	26512	slackjaw
26374	32389	hivestrike protector
26374	53387	hivestrike protector
26374	32388	hivestrike protector
26392	42444	silverscale leviathan
26392	35403	silverscale leviathan
26392	53343	silverscale leviathan
26392	53342	silverscale leviathan
26392	71429	silverscale leviathan
26392	71293	silverscale leviathan
26392	51346	silverscale leviathan
26392	65744	silverscale leviathan
26410	65795	mor'ghin the red
26410	56911	mor'ghin the red
26410	54857	mor'ghin the red
26410	48910	mor'ghin the red
26410	47669	mor'ghin the red
26441	21712	dusktail grazer
26441	30503	dusktail grazer
26441	18109	dusktail grazer
26441	53505	dusktail grazer
26444	61315	high clanlord zhur the risen
26444	50007	high clanlord zhur the risen
26444	60566	high clanlord zhur the risen
26444	50103	high clanlord zhur the risen
26444	50295	high clanlord zhur the risen
26444	51329	high clanlord zhur the risen
26446	52658	skeledroid ambusher
26446	38773	skeledroid ambusher
26446	52789	skeledroid ambusher
26446	65744	skeledroid ambusher
26446	52740	skeledroid ambusher
26453	65737	doomtide corruptordrone
26453	30999	doomtide corruptordrone
26453	53358	doomtide corruptordrone
26453	52721	doomtide corruptordrone
26471	56423	interrogator khamph
26471	58566	interrogator khamph
26471	53384	interrogator khamph
26471	56358	interrogator khamph
26471	56037	interrogator khamph
26471	56390	interrogator khamph
26524	52772	grimvoid trigun
26524	52853	grimvoid trigun
26524	52777	grimvoid trigun
26524	52775	grimvoid trigun
26524	53348	grimvoid trigun
26524	69934	grimvoid trigun
26524	29662	grimvoid trigun
26534	65716	ikthian prisoner
26534	58566	ikthian prisoner
26535	65716	ikthian prisoner
26535	58566	ikthian prisoner
26549	46405	a37 securitybot
26549	46043	a37 securitybot
26549	46006	a37 securitybot
26549	35474	a37 securitybot
26549	39430	a37 securitybot
26574	56333	mozyk masher
26574	56623	mozyk masher
26575	65716	ikthian prisoner
26575	58566	ikthian prisoner
26585	60568	megatech trooper
26585	61315	megatech trooper
26585	55434	megatech trooper
26587	45734	calmwater tide-bringer
26587	56986	calmwater tide-bringer
26590	55426	megatech scientist
26590	53384	megatech scientist
26590	53383	megatech scientist
26591	61315	megatech swordsmaster
26591	60568	megatech swordsmaster
26591	55434	megatech swordsmaster
26620	53382	skeech hag
26620	54622	skeech hag
26620	54621	skeech hag
26620	54628	skeech hag
26620	54626	skeech hag
26621	31395	avalanche
26630	38773	skeledroid slicer
26630	65744	skeledroid slicer
26630	52789	skeledroid slicer
26630	52740	skeledroid slicer
26630	52658	skeledroid slicer
26662	48531	longear mangler
26662	43327	longear mangler
26662	47778	longear mangler
26662	47997	longear mangler
26662	48121	longear mangler
26665	32966	necrohive silencer
26665	32965	necrohive silencer
26665	37322	necrohive silencer
26665	36021	necrohive silencer
26666	32966	necrohive reaper
26666	36021	necrohive reaper
26666	32965	necrohive reaper
26666	37322	necrohive reaper
26677	48822	bloodhowler
26677	48531	bloodhowler
26677	48433	bloodhowler
26677	47778	bloodhowler
26677	44710	bloodhowler
26677	48641	bloodhowler
26693	32966	necrohive king
26693	11859	necrohive king
26700	58566	moruk the wormeaten
26700	61392	moruk the wormeaten
26700	61393	moruk the wormeaten
26700	54753	moruk the wormeaten
26700	61426	moruk the wormeaten
26700	58567	moruk the wormeaten
26713	65753	daggerbeak's phalanx
26713	54189	daggerbeak's phalanx
26713	65709	daggerbeak's phalanx
26713	52717	daggerbeak's phalanx
26716	53377	exile soldier
26716	65795	exile soldier
26716	55763	exile soldier
26716	53371	exile soldier
26716	53383	exile soldier
26716	55434	exile soldier
26716	55764	exile soldier
26716	57872	exile soldier
26716	57843	exile soldier
26716	43759	exile soldier
26717	33937	chieftain rain-fighter
26732	54349	kraggar the earth-render
26732	53433	kraggar the earth-render
26732	53598	kraggar the earth-render
26732	66675	kraggar the earth-render
26732	66702	kraggar the earth-render
26732	56332	kraggar the earth-render
26732	56622	kraggar the earth-render
26732	64967	kraggar the earth-render
26732	47709	kraggar the earth-render
26732	51338	kraggar the earth-render
26732	55683	kraggar the earth-render
26732	58813	kraggar the earth-render
26732	63249	kraggar the earth-render
26748	66987	calmwater rain-warrior
26748	65994	calmwater rain-warrior
26748	65998	calmwater rain-warrior
26748	75599	calmwater rain-warrior
26748	69165	calmwater rain-warrior
26748	75624	calmwater rain-warrior
26748	75357	calmwater rain-warrior
26778	55119	silverscale abductor
26778	65795	silverscale abductor
26778	47669	silverscale abductor
26778	48920	silverscale abductor
26790	25877	protostar brand thresher
26790	25871	protostar brand thresher
26793	32966	honeywing
26793	11859	honeywing
26803	54602	ripjaw snapper
26803	25930	ripjaw snapper
26803	25871	ripjaw snapper
26803	54600	ripjaw snapper
26805	52740	skeledroid stalker
26805	65744	skeledroid stalker
26805	52658	skeledroid stalker
26805	36849	skeledroid stalker
26806	52658	skeledroid scrapper
26806	36849	skeledroid scrapper
26806	65744	skeledroid scrapper
26806	52740	skeledroid scrapper
26808	52658	skeledroid ambusher
26808	38773	skeledroid ambusher
26808	52789	skeledroid ambusher
26808	65744	skeledroid ambusher
26808	52740	skeledroid ambusher
26809	45770	skeledroid ravager
26809	32768	skeledroid ravager
26809	34262	skeledroid ravager
26809	32735	skeledroid ravager
26809	45745	skeledroid ravager
26810	35474	a37 protector
26810	46405	a37 protector
26810	46043	a37 protector
26810	39430	a37 protector
26810	46006	a37 protector
26813	66170	a37 mender
26813	56295	a37 mender
26813	65795	a37 mender
26832	28151	aurin munitions crate
26843	56525	goldclaw brute
26843	65973	goldclaw brute
26844	53343	dominion soldier
26844	53342	dominion soldier
26844	57843	dominion soldier
26844	49350	dominion soldier
26844	43759	dominion soldier
26844	51346	dominion soldier
26844	65744	dominion soldier
26844	57664	dominion soldier
26844	52448	dominion soldier
26844	51828	dominion soldier
26844	52010	dominion soldier
26844	52742	dominion soldier
26844	53345	dominion soldier
26844	52551	dominion soldier
26845	34262	goldclaw savage
26845	35556	goldclaw savage
26845	32422	goldclaw savage
26845	33249	goldclaw savage
26845	33250	goldclaw savage
26846	32734	yogirrok
26846	34262	yogirrok
26846	45289	yogirrok
26846	32735	yogirrok
26846	45335	yogirrok
26860	62531	sabotaged patrolbot
26860	52788	sabotaged patrolbot
26860	62528	sabotaged patrolbot
26860	54212	sabotaged patrolbot
26860	62529	sabotaged patrolbot
26862	32214	water spray
26915	53382	matria segrey
26915	55371	matria segrey
26915	55401	matria segrey
26915	55421	matria segrey
26915	55402	matria segrey
26974	36021	augmented buzzbing
26974	32966	augmented buzzbing
26974	37322	augmented buzzbing
26974	32965	augmented buzzbing
26979	29850	mercenary arkos
26979	32177	mercenary arkos
26979	46692	mercenary arkos
26979	46797	mercenary arkos
26979	46579	mercenary arkos
26979	30131	mercenary arkos
26979	32192	mercenary arkos
26979	47033	mercenary arkos
26994	27256	levian expedition soldier
26995	27256	levian expedition soldier
27011	53349	external memory core
27011	48399	external memory core
27011	55158	external memory core
27011	47747	external memory core
27035	53377	defense turret
27035	69934	defense turret
27035	77485	defense turret
27035	63430	defense turret
27038	12425	savannah stalker
27038	35192	savannah stalker
27038	45494	savannah stalker
27038	13961	savannah stalker
27040	9743	savannah trampler
27040	2340	savannah trampler
27040	32574	savannah trampler
27040	19085	savannah trampler
27040	30623	savannah trampler
27040	55151	savannah trampler
27043	43366	savannah ringtail
27043	32774	savannah ringtail
27043	42383	savannah ringtail
27043	46459	savannah ringtail
27043	46895	savannah ringtail
27043	41717	savannah ringtail
27059	58566	exile trooper
27059	58567	exile trooper
27059	69165	exile trooper
27059	57843	exile trooper
27059	57872	exile trooper
27059	57851	exile trooper
27059	53384	exile trooper
27059	55434	exile trooper
27061	52010	exile gunner
27061	55763	exile gunner
27061	51828	exile gunner
27061	53377	exile gunner
27061	65795	exile gunner
27135	55421	wildvine watcher
27135	55401	wildvine watcher
27135	55402	wildvine watcher
27135	53382	wildvine watcher
27135	55371	wildvine watcher
27136	47669	wildvine hunter
27136	48915	wildvine hunter
27136	65795	wildvine hunter
27146	44770	honeyhive stinger
27146	44714	honeyhive stinger
27146	36049	honeyhive stinger
27146	44650	honeyhive stinger
27149	12425	savannah firefang
27149	27991	savannah firefang
27149	14025	savannah firefang
27149	26162	savannah firefang
27149	27974	savannah firefang
27149	35192	savannah firefang
27184	53369	wildvine settler
27184	56074	wildvine settler
27184	56073	wildvine settler
27186	65711	wildvine howler
27186	65709	wildvine howler
27186	79182	wildvine howler
27186	69165	wildvine howler
27186	79183	wildvine howler
27195	40489	enraged icetail alpha
27195	32774	enraged icetail alpha
27195	41717	enraged icetail alpha
27195	46895	enraged icetail alpha
27197	43327	enraged forlorn icetail
27197	47858	enraged forlorn icetail
27197	48147	enraged forlorn icetail
27197	46895	enraged forlorn icetail
27197	46459	enraged forlorn icetail
27197	32774	enraged forlorn icetail
27197	41717	enraged forlorn icetail
27216	61315	deathmite spiderling
27216	65763	deathmite spiderling
27217	36849	snowshadow technician
27217	65744	snowshadow technician
27217	34552	snowshadow technician
27242	42658	longear thrasher
27242	48531	longear thrasher
27242	34253	longear thrasher
27242	47778	longear thrasher
27303	66987	calmwater rain-warrior
27303	65994	calmwater rain-warrior
27303	65998	calmwater rain-warrior
27303	75599	calmwater rain-warrior
27303	69165	calmwater rain-warrior
27303	75624	calmwater rain-warrior
27303	75357	calmwater rain-warrior
27311	56326	mozyk rumbler
27311	55700	mozyk rumbler
27311	52235	mozyk rumbler
27311	54349	mozyk rumbler
27311	56622	mozyk rumbler
27311	52080	mozyk rumbler
27358	53384	arvin wildvine
27358	56425	arvin wildvine
27358	55044	arvin wildvine
27358	54742	arvin wildvine
27358	58566	arvin wildvine
27369	32739	corporal harlock
27369	26435	corporal harlock
27369	45756	corporal harlock
27369	6103	corporal harlock
27369	27375	corporal harlock
27369	34668	corporal harlock
27375	44777	ravenous frizlet
27375	6910	ravenous frizlet
27375	54563	ravenous frizlet
27375	54381	ravenous frizlet
27397	55282	malverine stalker
27397	48531	malverine stalker
27397	44200	malverine stalker
27399	65795	eldan security construct
27399	52348	eldan security construct
27399	66170	eldan security construct
27399	66144	eldan security construct
27399	55845	eldan security construct
27404	60595	commander durek
27404	61315	commander durek
27404	61014	commander durek
27410	41070	fetid devourer
27410	44466	fetid devourer
27410	43328	fetid devourer
27410	44656	fetid devourer
27411	52765	putrid devourer
27411	52769	putrid devourer
27411	41070	putrid devourer
27411	44466	putrid devourer
27411	44656	putrid devourer
27411	44200	putrid devourer
27411	43759	putrid devourer
27414	34361	red ember nipper
27414	34264	red ember nipper
27414	34266	red ember nipper
27414	34310	red ember nipper
27414	35522	red ember nipper
27415	34266	red ember muncher
27415	34310	red ember muncher
27415	34361	red ember muncher
27415	34264	red ember muncher
27415	35522	red ember muncher
27416	57851	red ember slasher
27416	57843	red ember slasher
27416	58567	red ember slasher
27416	58566	red ember slasher
27416	57872	red ember slasher
27416	69165	red ember slasher
27416	57029	red ember slasher
27417	66275	red ember overseer
27417	60594	red ember overseer
27417	61315	red ember overseer
27417	66279	red ember overseer
27418	62531	red ember repulser
27418	62528	red ember repulser
27418	54212	red ember repulser
27418	62529	red ember repulser
27418	52788	red ember repulser
27421	55763	red ember bomber
27421	51828	red ember bomber
27421	52010	red ember bomber
27422	55119	red ember runner
27422	48924	red ember runner
27422	55372	red ember runner
27422	65795	red ember runner
27422	47669	red ember runner
27425	55383	red ember goon
27425	52010	red ember goon
27425	55763	red ember goon
27425	51828	red ember goon
27433	60566	clugg the crazed
27433	50007	clugg the crazed
27433	50103	clugg the crazed
27433	51329	clugg the crazed
27433	61315	clugg the crazed
27433	50295	clugg the crazed
27442	58566	miss miggins
27442	69165	miss miggins
27442	57843	miss miggins
27442	57851	miss miggins
27442	57872	miss miggins
27442	58567	miss miggins
27442	57029	miss miggins
27443	36847	blackheart rusher
27443	65744	blackheart rusher
27456	52968	blackheart detonator
27456	53034	blackheart detonator
27456	35474	blackheart detonator
27456	57878	blackheart detonator
27456	58263	blackheart detonator
27456	46938	blackheart detonator
27456	56818	blackheart detonator
27456	57831	blackheart detonator
27457	66110	dominion deadeye
27458	57851	dominion defender
27458	57872	dominion defender
27458	57029	dominion defender
27458	58567	dominion defender
27458	69165	dominion defender
27458	57843	dominion defender
27458	58566	dominion defender
27461	17269	blackheart invader
27461	18094	blackheart invader
27461	6103	blackheart invader
27461	54591	blackheart invader
27464	56525	grizzlepaw feralstalker
27464	65973	grizzlepaw feralstalker
27465	65849	blackheart summoner
27466	42383	wildbranch rageclaw
27466	41717	wildbranch rageclaw
27466	43366	wildbranch rageclaw
27466	46895	wildbranch rageclaw
27466	32774	wildbranch rageclaw
27469	35474	summoned horror
27469	46807	summoned horror
27469	58263	summoned horror
27469	56818	summoned horror
27487	35474	undergrove grimspore
27487	52869	undergrove grimspore
27487	46042	undergrove grimspore
27487	46051	undergrove grimspore
27487	47152	undergrove grimspore
27487	54185	undergrove grimspore
27488	46043	undergrove sporeling
27488	35474	undergrove sporeling
27489	35474	undergrove spore herder
27489	45779	undergrove spore herder
27489	47152	undergrove spore herder
27489	46051	undergrove spore herder
27493	45780	wildstrike raptor
27493	46040	wildstrike raptor
27493	40117	wildstrike raptor
27493	34455	wildstrike raptor
27493	57205	wildstrike raptor
27496	34039	navigation control panel
27505	38079	warpwood rootgrabber
27505	6916	warpwood rootgrabber
27505	52762	warpwood rootgrabber
27505	38031	warpwood rootgrabber
27505	52760	warpwood rootgrabber
27505	53868	warpwood rootgrabber
27505	6917	warpwood rootgrabber
27506	6916	warpwood splintertooth
27506	35417	warpwood splintertooth
27506	6917	warpwood splintertooth
27506	35400	warpwood splintertooth
27506	53868	warpwood splintertooth
27507	46149	blackheart spellbinder
27507	30756	blackheart spellbinder
27507	56986	blackheart spellbinder
27511	56990	kaarg the divine
27511	65849	kaarg the divine
27511	47175	kaarg the divine
27511	56986	kaarg the divine
27511	48895	kaarg the divine
27526	38773	wildfall scavenger
27526	37932	wildfall scavenger
27526	65744	wildfall scavenger
27527	45494	torine fastpaw
27527	13961	torine fastpaw
27527	12425	torine fastpaw
27527	35192	torine fastpaw
27530	12425	feralclaw slasher
27530	13961	feralclaw slasher
27530	45494	feralclaw slasher
27530	35192	feralclaw slasher
27532	13959	untamed pouncer
27532	12425	untamed pouncer
27533	14023	eviscerator
27533	12425	eviscerator
27533	27974	eviscerator
27533	26162	eviscerator
27533	46024	eviscerator
27534	27974	feralclaw flanker
27534	27991	feralclaw flanker
27534	14024	feralclaw flanker
27534	26162	feralclaw flanker
27534	12425	feralclaw flanker
27548	53596	toric antevian
27548	53344	toric antevian
27548	53343	toric antevian
27549	65744	firestorm invader
27549	38773	firestorm invader
27549	55438	firestorm invader
27558	53384	firestorm captain
27558	53383	firestorm captain
27558	55426	firestorm captain
27590	56980	tentacular aberration
27590	56981	tentacular aberration
27590	53986	tentacular aberration
27590	53985	tentacular aberration
27669	30756	blackheart enchanter
27669	46149	blackheart enchanter
27669	56986	blackheart enchanter
27673	25764	mosswood lurker
27673	57055	mosswood lurker
27673	57054	mosswood lurker
27673	7031	mosswood lurker
27674	32774	wildbranch clipclaw
27674	44200	wildbranch clipclaw
27674	46933	wildbranch clipclaw
27674	43366	wildbranch clipclaw
27678	69165	torine battlemaiden
27678	58567	torine battlemaiden
27678	58566	torine battlemaiden
27678	57851	torine battlemaiden
27678	57872	torine battlemaiden
27678	57029	torine battlemaiden
27678	57843	torine battlemaiden
27679	51329	torine swordmaiden
27679	50103	torine swordmaiden
27679	60566	torine swordmaiden
27679	61315	torine swordmaiden
27679	50295	torine swordmaiden
27679	50007	torine swordmaiden
27681	65849	torine lifecaller
27681	55595	torine lifecaller
27681	53369	torine lifecaller
27682	69165	torine sister
27682	57843	torine sister
27682	58567	torine sister
27682	58566	torine sister
27682	57872	torine sister
27683	66354	torine longclaw
27683	66353	torine longclaw
27683	61315	torine longclaw
27683	65716	torine longclaw
27684	55595	wildfall cleric
27684	53368	wildfall cleric
27685	53382	wildfall shaman
27685	56074	wildfall shaman
27685	56073	wildfall shaman
27685	54577	wildfall shaman
27685	56078	wildfall shaman
27698	52086	wildfall berserker
27698	57843	wildfall berserker
27698	53343	wildfall berserker
27698	53342	wildfall berserker
27698	75357	wildfall berserker
27698	75599	wildfall berserker
27700	63233	wildfall warrior
27700	57843	wildfall warrior
27700	61315	wildfall warrior
27700	60599	wildfall warrior
27700	58535	wildfall warrior
27700	75599	wildfall warrior
27700	75624	wildfall warrior
27700	69165	wildfall warrior
27700	75357	wildfall warrior
27730	55840	queen myala everstar
27730	65849	queen myala everstar
27760	56295	equalizer security probe
27760	65795	equalizer security probe
27760	66170	equalizer security probe
27761	39430	equalizer protector
27761	46405	equalizer protector
27761	46006	equalizer protector
27761	46043	equalizer protector
27761	35474	equalizer protector
27762	26517	darktide pincher
27762	26161	darktide pincher
27762	58618	darktide pincher
27762	55372	darktide pincher
27762	57288	darktide pincher
27762	57287	darktide pincher
27769	57631	darktide engulfer
27769	51828	darktide engulfer
27769	52010	darktide engulfer
27769	58618	darktide engulfer
27770	54299	darktide obstructer
27770	61315	darktide obstructer
27770	65716	darktide obstructer
27770	54241	darktide obstructer
27770	58619	darktide obstructer
27773	65795	derelict silo maintenance construct
27773	66170	derelict silo maintenance construct
27773	56295	derelict silo maintenance construct
27774	57851	dominion defender
27774	57872	dominion defender
27774	57029	dominion defender
27774	58567	dominion defender
27774	69165	dominion defender
27774	57843	dominion defender
27774	58566	dominion defender
27775	36847	blackheart rusher
27775	65744	blackheart rusher
27780	60595	commander durek
27780	61315	commander durek
27780	61014	commander durek
27781	60595	commander durek
27781	61315	commander durek
27781	61014	commander durek
27787	60595	commander durek
27787	61315	commander durek
27787	61014	commander durek
27856	48563	xt-9 augmentor
27856	45833	xt-9 augmentor
27856	44739	xt-9 augmentor
27856	53370	xt-9 augmentor
27856	44448	xt-9 augmentor
27857	46006	xt-9 protector
27857	35474	xt-9 protector
27857	46043	xt-9 protector
27857	46405	xt-9 protector
27857	39430	xt-9 protector
27859	65795	xt-9 probe
27859	66170	xt-9 probe
27859	56295	xt-9 probe
27860	65744	xt-9 servitor
27860	42111	xt-9 servitor
27860	41619	xt-9 servitor
27860	42083	xt-9 servitor
27861	58566	xt-9 administrator tyson
27861	56037	xt-9 administrator tyson
27861	56423	xt-9 administrator tyson
27861	53384	xt-9 administrator tyson
27861	56358	xt-9 administrator tyson
27861	56390	xt-9 administrator tyson
27867	21878	viridian trundler
27867	21569	viridian trundler
27867	53275	viridian trundler
27867	31135	viridian trundler
27867	53274	viridian trundler
27867	53268	viridian trundler
27949	53384	lain the oppressor
27949	56390	lain the oppressor
27949	56423	lain the oppressor
27949	56358	lain the oppressor
27949	58566	lain the oppressor
27949	56037	lain the oppressor
27956	58566	lain's crony
27956	58567	lain's crony
27956	57843	lain's crony
27956	57872	lain's crony
27956	69165	lain's crony
27957	61315	kezrek warbringer
27957	60568	kezrek warbringer
27957	49792	kezrek warbringer
27957	69304	kezrek warbringer
27958	61315	kezrek warbringer
27958	60568	kezrek warbringer
27958	49792	kezrek warbringer
27958	69304	kezrek warbringer
27960	61315	kezrek warbringer
27960	60568	kezrek warbringer
27960	49792	kezrek warbringer
27960	69304	kezrek warbringer
27962	61315	kezrek warbringer
27962	60568	kezrek warbringer
27962	49792	kezrek warbringer
27962	69304	kezrek warbringer
28023	44256	radiant legionnaire
28023	58567	radiant legionnaire
28023	49888	radiant legionnaire
28023	50103	radiant legionnaire
28023	57029	radiant legionnaire
28023	57872	radiant legionnaire
28023	69165	radiant legionnaire
28023	57843	radiant legionnaire
28023	58566	radiant legionnaire
28023	44255	radiant legionnaire
28023	57851	radiant legionnaire
28026	44256	radiant legionnaire
28026	58567	radiant legionnaire
28026	49888	radiant legionnaire
28026	50103	radiant legionnaire
28026	57029	radiant legionnaire
28026	57872	radiant legionnaire
28026	69165	radiant legionnaire
28026	57843	radiant legionnaire
28026	58566	radiant legionnaire
28026	44255	radiant legionnaire
28026	57851	radiant legionnaire
28038	66151	blackheart creep
28038	61315	blackheart creep
28038	65763	blackheart creep
28038	66155	blackheart creep
28041	53376	red ember auto turret
28105	52567	vicious vlogg
28105	52639	vicious vlogg
28105	52151	vicious vlogg
28105	57631	vicious vlogg
28105	61431	vicious vlogg
28134	65737	wildfall data construct
28134	52721	wildfall data construct
28134	53358	wildfall data construct
28134	30999	wildfall data construct
28156	55595	wildfall cleric
28156	53368	wildfall cleric
28163	43327	airdropped malverine
28163	48121	airdropped malverine
28163	47997	airdropped malverine
28163	48531	airdropped malverine
28163	47778	airdropped malverine
28167	61315	deathbringer kala
28167	50103	deathbringer kala
28167	50295	deathbringer kala
28167	51329	deathbringer kala
28167	60566	deathbringer kala
28167	50007	deathbringer kala
28170	52968	blackheart detonator
28170	53034	blackheart detonator
28170	35474	blackheart detonator
28170	57878	blackheart detonator
28170	58263	blackheart detonator
28170	46938	blackheart detonator
28170	56818	blackheart detonator
28170	57831	blackheart detonator
28195	51828	red ember sharpshooter
28195	52010	red ember sharpshooter
28195	52742	red ember sharpshooter
28195	51899	red ember sharpshooter
28256	57851	freya the handmaiden
28256	57029	freya the handmaiden
28256	58566	freya the handmaiden
28256	57872	freya the handmaiden
28256	58567	freya the handmaiden
28256	69165	freya the handmaiden
28256	57843	freya the handmaiden
28301	57843	vigilant aspirant
28301	58567	vigilant aspirant
28301	58566	vigilant aspirant
28301	69165	vigilant aspirant
28301	57872	vigilant aspirant
28311	21875	graymatter
28311	46125	graymatter
28311	46282	graymatter
28311	21569	graymatter
28313	65795	malfunctioning scout drone
28313	56291	malfunctioning scout drone
28313	55847	malfunctioning scout drone
28313	66144	malfunctioning scout drone
28319	33904	exile battle suit
28319	44023	exile battle suit
28319	33905	exile battle suit
28319	37482	exile battle suit
28333	7031	mosswood slimer
28333	25877	mosswood slimer
28333	57055	mosswood slimer
28333	57054	mosswood slimer
28333	57056	mosswood slimer
28333	57057	mosswood slimer
28344	46878	seher the blooddrinker
28344	46288	seher the blooddrinker
28344	54822	seher the blooddrinker
28344	35474	seher the blooddrinker
28344	54824	seher the blooddrinker
28375	32734	barhun
28375	34262	barhun
28375	32735	barhun
28375	45289	barhun
28375	45335	barhun
28398	54936	darktide destructor
28398	58616	darktide destructor
28398	58618	darktide destructor
28398	54343	darktide destructor
28398	58617	darktide destructor
28398	58620	darktide destructor
28405	43759	sleepy putrid devourer
28405	52769	sleepy putrid devourer
28405	41070	sleepy putrid devourer
28405	44466	sleepy putrid devourer
28405	44200	sleepy putrid devourer
28405	44656	sleepy putrid devourer
28405	52765	sleepy putrid devourer
28424	57287	streaked needler
28424	26161	streaked needler
28424	26385	streaked needler
28424	57288	streaked needler
28429	57287	streaked needler
28429	26161	streaked needler
28429	26385	streaked needler
28429	57288	streaked needler
28483	62528	darkspur destroyerbot
28483	52788	darkspur destroyerbot
28483	54212	darkspur destroyerbot
28483	62529	darkspur destroyerbot
28483	62531	darkspur destroyerbot
28507	31067	laveka the dark-hearted
28532	61315	taskmaster timgaar
28532	51329	taskmaster timgaar
28532	50103	taskmaster timgaar
28532	60566	taskmaster timgaar
28532	50295	taskmaster timgaar
28532	50007	taskmaster timgaar
28541	27256	levian expedition soldier
28551	27256	levian expedition soldier
28564	48147	wired icetail
28564	41717	wired icetail
28564	43327	wired icetail
28564	46895	wired icetail
28564	32774	wired icetail
28564	47858	wired icetail
28564	48086	wired icetail
28599	42008	deadringer shallaos
28599	51524	deadringer shallaos
28599	45481	deadringer shallaos
28599	42104	deadringer shallaos
28600	42008	deadringer shallaos
28600	51524	deadringer shallaos
28600	45481	deadringer shallaos
28600	42104	deadringer shallaos
28640	65795	xt-9 probe
28640	66170	xt-9 probe
28640	56295	xt-9 probe
28641	46006	xt-9 protector
28641	35474	xt-9 protector
28641	46043	xt-9 protector
28641	46405	xt-9 protector
28641	39430	xt-9 protector
28648	48563	xt-9 augmentor
28648	45833	xt-9 augmentor
28648	44739	xt-9 augmentor
28648	53370	xt-9 augmentor
28648	44448	xt-9 augmentor
28720	43328	ondu lifeweaver
28720	43372	ondu lifeweaver
28720	44043	ondu lifeweaver
28721	43328	ondu lifeweaver
28721	43372	ondu lifeweaver
28721	44043	ondu lifeweaver
28727	57229	moldwood overlord skash
28727	42070	moldwood overlord skash
28727	63459	moldwood overlord skash
28727	63469	moldwood overlord skash
28727	56623	moldwood overlord skash
28728	57229	moldwood overlord skash
28728	42070	moldwood overlord skash
28728	63459	moldwood overlord skash
28728	63469	moldwood overlord skash
28728	56623	moldwood overlord skash
28732	52579	rayna darkspeaker
28732	54634	rayna darkspeaker
28732	53110	rayna darkspeaker
28732	42323	rayna darkspeaker
28732	42349	rayna darkspeaker
28733	52579	rayna darkspeaker
28733	54634	rayna darkspeaker
28733	53110	rayna darkspeaker
28733	42323	rayna darkspeaker
28733	42349	rayna darkspeaker
28735	42434	spiritmother selene the corrupted
28735	63437	spiritmother selene the corrupted
28735	42379	spiritmother selene the corrupted
28735	42675	spiritmother selene the corrupted
28735	45014	spiritmother selene the corrupted
28735	58587	spiritmother selene the corrupted
28735	42378	spiritmother selene the corrupted
28736	42434	spiritmother selene the corrupted
28736	63437	spiritmother selene the corrupted
28736	42379	spiritmother selene the corrupted
28736	42675	spiritmother selene the corrupted
28736	45014	spiritmother selene the corrupted
28736	58587	spiritmother selene the corrupted
28736	42378	spiritmother selene the corrupted
28743	46559	deathclaw
28743	44711	deathclaw
28743	42560	deathclaw
28743	42637	deathclaw
28743	74585	deathclaw
28743	74607	deathclaw
28743	39578	deathclaw
28780	58567	lifeweaver warcaller
28780	43480	lifeweaver warcaller
28780	57843	lifeweaver warcaller
28780	58566	lifeweaver warcaller
28789	55840	queen myala everstar
28789	65849	queen myala everstar
28832	60637	darktide champion
28832	62619	darktide champion
28832	61316	darktide champion
28832	71966	darktide champion
28832	61315	darktide champion
28832	71919	darktide champion
28832	71903	darktide champion
28843	55840	queen myala everstar
28843	65849	queen myala everstar
28869	55840	queen myala everstar
28869	65849	queen myala everstar
28883	46807	eldan defender
28883	35474	eldan defender
28883	55298	eldan defender
28943	43328	craterclaw slasher
28943	42637	craterclaw slasher
28943	42560	craterclaw slasher
28943	39578	craterclaw slasher
28943	42657	craterclaw slasher
28947	55119	red ember runner
28947	48924	red ember runner
28947	55372	red ember runner
28947	65795	red ember runner
28947	47669	red ember runner
28985	52154	corrupted edgesmith torian
28985	53383	corrupted edgesmith torian
28985	53384	corrupted edgesmith torian
28985	54362	corrupted edgesmith torian
28985	63680	corrupted edgesmith torian
28985	53915	corrupted edgesmith torian
28985	56080	corrupted edgesmith torian
28986	52154	corrupted edgesmith torian
28986	53383	corrupted edgesmith torian
28986	53384	corrupted edgesmith torian
28986	54362	corrupted edgesmith torian
28986	63680	corrupted edgesmith torian
28986	53915	corrupted edgesmith torian
28986	56080	corrupted edgesmith torian
28992	63588	corrupted lifecaller khalee
28992	53527	corrupted lifecaller khalee
28993	63588	corrupted lifecaller khalee
28993	53527	corrupted lifecaller khalee
28995	53343	corrupted deathbringer dareia
28995	53596	corrupted deathbringer dareia
28995	61268	corrupted deathbringer dareia
28995	45447	corrupted deathbringer dareia
28995	53344	corrupted deathbringer dareia
28995	43226	corrupted deathbringer dareia
28995	45097	corrupted deathbringer dareia
28996	53343	corrupted deathbringer dareia
28996	53596	corrupted deathbringer dareia
28996	61268	corrupted deathbringer dareia
28996	45447	corrupted deathbringer dareia
28996	53344	corrupted deathbringer dareia
28996	43226	corrupted deathbringer dareia
28996	45097	corrupted deathbringer dareia
29020	57851	dominion defender
29020	57872	dominion defender
29020	57029	dominion defender
29020	58567	dominion defender
29020	69165	dominion defender
29020	57843	dominion defender
29020	58566	dominion defender
29021	69165	dominion defender projection
29021	58566	dominion defender projection
29021	57843	dominion defender projection
29021	58567	dominion defender projection
29021	57872	dominion defender projection
29037	69165	dominion defender projection
29037	58566	dominion defender projection
29037	57843	dominion defender projection
29037	58567	dominion defender projection
29037	57872	dominion defender projection
29149	56622	grimstone
29149	56329	grimstone
29149	47929	grimstone
29149	52531	grimstone
29149	54349	grimstone
29149	52475	grimstone
29200	65744	xt-9 servitor
29200	42111	xt-9 servitor
29200	41619	xt-9 servitor
29200	42083	xt-9 servitor
29254	35474	flame-crazed demon
29254	47759	flame-crazed demon
29254	35472	flame-crazed demon
29254	43492	flame-crazed demon
29254	46939	flame-crazed demon
29254	63486	flame-crazed demon
29310	43428	moldwood mauler
29310	46877	moldwood mauler
29310	43448	moldwood mauler
29310	46360	moldwood mauler
29311	43428	moldwood mauler
29311	46877	moldwood mauler
29311	43448	moldwood mauler
29311	46360	moldwood mauler
29320	45622	private paxton
29320	45594	private paxton
29320	45605	private paxton
29320	38773	private paxton
29320	65744	private paxton
29409	57029	exile holocommander
29409	58566	exile holocommander
29409	58567	exile holocommander
29409	57872	exile holocommander
29409	69165	exile holocommander
29409	57843	exile holocommander
29409	57851	exile holocommander
29413	62685	exile holoscout
29413	65716	exile holoscout
29413	65795	exile holoscout
29413	66353	exile holoscout
29413	61315	exile holoscout
29413	66354	exile holoscout
29427	33904	dominion battle suit
29427	33905	dominion battle suit
29427	37482	dominion battle suit
29427	44023	dominion battle suit
29441	30510	coarsehair buck
29441	32886	coarsehair buck
29441	55307	coarsehair buck
29441	21704	coarsehair buck
29441	22670	coarsehair buck
29448	57851	dominion defender
29448	57872	dominion defender
29448	57029	dominion defender
29448	58567	dominion defender
29448	69165	dominion defender
29448	57843	dominion defender
29448	58566	dominion defender
29451	51828	jagged rock grenadier
29451	57631	jagged rock grenadier
29451	52796	jagged rock grenadier
29540	35474	summoned horror
29540	46807	summoned horror
29540	58263	summoned horror
29540	56818	summoned horror
29612	41070	larval infector
29612	43328	larval infector
29612	44466	larval infector
29612	44656	larval infector
29618	60566	hecate the witch
29618	51329	hecate the witch
29618	61315	hecate the witch
29618	50103	hecate the witch
29618	50295	hecate the witch
29618	50007	hecate the witch
29639	47669	savannah gunner
29639	55119	savannah gunner
29639	65795	savannah gunner
29639	48920	savannah gunner
29688	32493	king honeygrave
29688	41482	king honeygrave
29688	64829	king honeygrave
29688	32965	king honeygrave
29688	32966	king honeygrave
29688	41430	king honeygrave
29688	30361	king honeygrave
29692	2095	rimerazor brute
29692	9937	rimerazor brute
29692	53034	rimerazor brute
29692	52968	rimerazor brute
29696	60595	commander durek
29696	61315	commander durek
29696	61014	commander durek
29714	32734	lifecaller guardian
29714	45335	lifecaller guardian
29714	45289	lifecaller guardian
29714	34262	lifecaller guardian
29714	32735	lifecaller guardian
29758	52720	daggerbeak
29758	54189	daggerbeak
29758	65753	daggerbeak
29758	65709	daggerbeak
29758	52717	daggerbeak
29758	52719	daggerbeak
29768	32774	tanglecrash curltail
29768	44200	tanglecrash curltail
29768	43366	tanglecrash curltail
29768	46933	tanglecrash curltail
29769	43366	tanglecrash slashtail
29769	41717	tanglecrash slashtail
29769	42383	tanglecrash slashtail
29769	32774	tanglecrash slashtail
29769	46895	tanglecrash slashtail
29770	47031	tanglecrash clipclaw
29770	44710	tanglecrash clipclaw
29770	43366	tanglecrash clipclaw
29770	46933	tanglecrash clipclaw
29770	32774	tanglecrash clipclaw
29771	44200	tanglecrash fastclaw
29771	43366	tanglecrash fastclaw
29771	32774	tanglecrash fastclaw
29783	27974	feralclaw devourer
29783	14025	feralclaw devourer
29783	27991	feralclaw devourer
29783	26162	feralclaw devourer
29783	12425	feralclaw devourer
29783	35192	feralclaw devourer
29856	52742	exile pilot
29857	52742	exile pilot
29877	36847	exile explorer
29877	65744	exile explorer
29878	36847	exile explorer
29878	65744	exile explorer
29885	33963	pixpox squirmer
29885	64930	pixpox squirmer
29890	44264	fool's hope guard
29890	44267	fool's hope guard
29890	44265	fool's hope guard
29891	44267	wilderrun dominion guard
30055	35474	eldan protector
30055	46806	eldan protector
30055	39430	eldan protector
30055	46006	eldan protector
30055	46405	eldan protector
30055	55298	eldan protector
30142	45780	bleakwing razorbeak
30142	40117	bleakwing razorbeak
30142	46040	bleakwing razorbeak
30142	55137	bleakwing razorbeak
30143	34455	bleakwing charger
30143	45779	bleakwing charger
30143	40117	bleakwing charger
30143	46040	bleakwing charger
30144	40693	oakback roan
30144	30510	oakback roan
30144	53423	oakback roan
30144	24211	oakback roan
30144	30096	oakback roan
30146	65709	longsnout scavenger
30146	65711	longsnout scavenger
30146	69165	longsnout scavenger
30146	79183	longsnout scavenger
30146	79182	longsnout scavenger
30148	43507	longsnout prowler
30148	45302	longsnout prowler
30148	55289	longsnout prowler
30148	46040	longsnout prowler
30148	42362	longsnout prowler
30149	25929	tideborn shellback
30149	25917	tideborn shellback
30154	66354	tideborn wavefin
30154	65716	tideborn wavefin
30154	66353	tideborn wavefin
30154	61315	tideborn wavefin
30155	52010	tideborn techflipper
30155	51828	tideborn techflipper
30155	52742	tideborn techflipper
30155	51899	tideborn techflipper
30156	48920	tideborn researcher
30156	65795	tideborn researcher
30156	55119	tideborn researcher
30156	47669	tideborn researcher
30182	40600	eldan fuel rod
30217	30756	stormseeker wave-caller
30217	46149	stormseeker wave-caller
30217	56986	stormseeker wave-caller
30226	57843	stormseeker mist-dancer
30226	53342	stormseeker mist-dancer
30226	52086	stormseeker mist-dancer
30226	53343	stormseeker mist-dancer
30226	75357	stormseeker mist-dancer
30226	75599	stormseeker mist-dancer
30233	60562	darkloam gatherer
30233	61426	darkloam gatherer
30233	61315	darkloam gatherer
30233	61392	darkloam gatherer
30233	61393	darkloam gatherer
30238	53596	toric antevian
30238	53344	toric antevian
30238	53343	toric antevian
30242	61392	darkloam bonecaller
30242	60562	darkloam bonecaller
30242	61315	darkloam bonecaller
30242	61393	darkloam bonecaller
30242	61426	darkloam bonecaller
30252	58566	darkloam spirit kin
30252	58567	darkloam spirit kin
30252	61426	darkloam spirit kin
30252	61392	darkloam spirit kin
30252	54753	darkloam spirit kin
30252	61393	darkloam spirit kin
30256	53382	pyrius octavian
30256	55851	pyrius octavian
30256	56430	pyrius octavian
30256	56431	pyrius octavian
30259	45302	highland howler
30259	55290	highland howler
30259	55291	highland howler
30259	42362	highland howler
30259	43507	highland howler
30259	46040	highland howler
30262	54577	darkloam painbringer
30262	56073	darkloam painbringer
30262	54716	darkloam painbringer
30262	56078	darkloam painbringer
30262	56074	darkloam painbringer
30262	53382	darkloam painbringer
30263	44805	highland stalker
30263	65709	highland stalker
30263	55294	highland stalker
30263	65711	highland stalker
30263	44804	highland stalker
30263	69165	highland stalker
30266	66057	darkfang prowler
30266	65709	darkfang prowler
30266	65711	darkfang prowler
30266	79182	darkfang prowler
30266	79183	darkfang prowler
30266	69165	darkfang prowler
30267	56622	stoneridge boulder
30267	54349	stoneridge boulder
30267	55306	stoneridge boulder
30267	55700	stoneridge boulder
30267	52080	stoneridge boulder
30267	56325	stoneridge boulder
30267	52235	stoneridge boulder
30268	7031	marshpond snoglug
30268	57055	marshpond snoglug
30268	57054	marshpond snoglug
30268	25877	marshpond snoglug
30268	55329	marshpond snoglug
30269	33243	darkwood fester
30269	69550	darkwood fester
30269	25764	darkwood fester
30269	53868	darkwood fester
30270	46040	darkfang hunter
30270	55289	darkfang hunter
30270	43507	darkfang hunter
30270	45302	darkfang hunter
30270	42362	darkfang hunter
30273	61315	shadowstalker crawler
30273	66155	shadowstalker crawler
30273	66151	shadowstalker crawler
30273	65763	shadowstalker crawler
30274	66155	shadowstalker spitter
30274	58566	shadowstalker spitter
30274	52756	shadowstalker spitter
30274	65763	shadowstalker spitter
30274	66151	shadowstalker spitter
30280	26895	radiant sharpshot
30281	61315	radiant templar
30281	60594	radiant templar
30282	48531	frenzyclaw malverine
30282	43327	frenzyclaw malverine
30282	47778	frenzyclaw malverine
30282	48121	frenzyclaw malverine
30282	47997	frenzyclaw malverine
30283	36847	vigilant acolyte
30283	65744	vigilant acolyte
30284	36847	vigilant acolyte
30284	65744	vigilant acolyte
30285	25877	ferocious darkspire slank
30285	69550	ferocious darkspire slank
30285	69568	ferocious darkspire slank
30285	33243	ferocious darkspire slank
30285	53868	ferocious darkspire slank
30286	53382	lightreach high priest
30286	55531	lightreach high priest
30286	55371	lightreach high priest
30295	58567	viralist zarkin
30295	57851	viralist zarkin
30295	57029	viralist zarkin
30295	57872	viralist zarkin
30295	69165	viralist zarkin
30295	58566	viralist zarkin
30295	57843	viralist zarkin
30296	65716	darkpool alchemist
30296	61315	darkpool alchemist
30296	66354	darkpool alchemist
30296	66353	darkpool alchemist
30300	6916	darkloam shadowroot
30300	38079	darkloam shadowroot
30300	52760	darkloam shadowroot
30300	52762	darkloam shadowroot
30300	53868	darkloam shadowroot
30300	38031	darkloam shadowroot
30300	6917	darkloam shadowroot
30303	39503	voreth ember
30303	39488	voreth ember
30305	70252	voreth flame
30305	66856	voreth flame
30305	70251	voreth flame
30305	64833	voreth flame
30310	52062	voreth weaponmaster
30310	49911	voreth weaponmaster
30310	73113	voreth weaponmaster
30310	73116	voreth weaponmaster
30310	49915	voreth weaponmaster
30310	42208	voreth weaponmaster
30316	52062	voreth forger
30316	49911	voreth forger
30316	42208	voreth forger
30316	49915	voreth forger
30316	73113	voreth forger
30316	73116	voreth forger
30317	60594	voreth overseer
30317	61315	voreth overseer
30317	73237	voreth overseer
30317	73289	voreth overseer
30317	73234	voreth overseer
30317	63761	voreth overseer
30317	42302	voreth overseer
30317	35382	voreth overseer
30318	52063	voreth chainforger
30318	49911	voreth chainforger
30318	42208	voreth chainforger
30318	49915	voreth chainforger
30318	73113	voreth chainforger
30318	73116	voreth chainforger
30318	73134	voreth chainforger
30321	44714	doomsting
30321	11860	doomsting
30321	32966	doomsting
30321	71203	doomsting
30322	44770	dazeroot hiveguard
30322	44650	dazeroot hiveguard
30322	36049	dazeroot hiveguard
30322	44714	dazeroot hiveguard
30325	9937	needlebrook brute
30325	53034	needlebrook brute
30325	2095	needlebrook brute
30325	52968	needlebrook brute
30326	30979	needlebrook shambler
30326	2095	needlebrook shambler
30326	10118	needlebrook shambler
30326	10132	needlebrook shambler
30327	18109	sunhorn roamer
30327	21712	sunhorn roamer
30327	30503	sunhorn roamer
30327	53505	sunhorn roamer
30328	21713	sunhorn gildrunner
30328	53508	sunhorn gildrunner
30328	30503	sunhorn gildrunner
30328	53505	sunhorn gildrunner
30328	18109	sunhorn gildrunner
30330	65753	mossbeak shredder
30330	52717	mossbeak shredder
30330	65709	mossbeak shredder
30330	52720	mossbeak shredder
30330	54189	mossbeak shredder
30330	52719	mossbeak shredder
30331	61315	razen the preyfinder
30331	49792	razen the preyfinder
30331	69304	razen the preyfinder
30331	60568	razen the preyfinder
30332	49792	bonerazer bloodspiller
30332	61315	bonerazer bloodspiller
30332	49928	bonerazer bloodspiller
30332	49879	bonerazer bloodspiller
30332	60568	bonerazer bloodspiller
30333	58566	bonerazer bloodmauler
30333	54742	bonerazer bloodmauler
30333	53384	bonerazer bloodmauler
30333	54817	bonerazer bloodmauler
30334	53368	bonerazer huntstalker
30334	55595	bonerazer huntstalker
30339	42111	forge thrall
30339	41619	forge thrall
30339	65744	forge thrall
30339	42083	forge thrall
30347	52062	battlesworn warmonger
30347	42208	battlesworn warmonger
30347	49915	battlesworn warmonger
30347	73134	battlesworn warmonger
30347	73113	battlesworn warmonger
30347	73116	battlesworn warmonger
30347	49911	battlesworn warmonger
30347	6972	battlesworn warmonger
30359	52062	voreth bladesmith
30359	49911	voreth bladesmith
30359	6972	voreth bladesmith
30359	42208	voreth bladesmith
30359	49915	voreth bladesmith
30359	73134	voreth bladesmith
30359	73113	voreth bladesmith
30359	73116	voreth bladesmith
30374	65849	voreth occultist
30374	53382	voreth occultist
30377	31618	voreth fiend
30377	30936	voreth fiend
30377	30095	voreth fiend
30377	71187	voreth fiend
30377	6972	voreth fiend
30380	65754	voreth corpser
30380	65753	voreth corpser
30380	69165	voreth corpser
30380	66394	voreth corpser
30380	6972	voreth corpser
30380	66393	voreth corpser
30386	56322	voreth beastmaster
30386	62619	voreth beastmaster
30386	51959	voreth beastmaster
30386	51338	voreth beastmaster
30386	35403	voreth beastmaster
30386	42444	voreth beastmaster
30386	72910	voreth beastmaster
30386	6972	voreth beastmaster
30386	56972	voreth beastmaster
30386	65744	voreth beastmaster
30386	72918	voreth beastmaster
30387	46877	summoned life and death essence
30387	35474	summoned life and death essence
30387	58263	summoned life and death essence
30387	57831	summoned life and death essence
30387	56818	summoned life and death essence
30389	60569	firestorm firethrasher
30389	49792	firestorm firethrasher
30389	63270	firestorm firethrasher
30389	61315	firestorm firethrasher
30389	49928	firestorm firethrasher
30394	36303	gorgesh the trainer
30394	65744	gorgesh the trainer
30394	42192	gorgesh the trainer
30394	36615	gorgesh the trainer
30394	6972	gorgesh the trainer
30396	48381	firestorm embermancer
30396	39675	firestorm embermancer
30396	30030	firestorm embermancer
30396	32177	firestorm embermancer
30400	55885	firestorm pyroslinger
30400	55761	firestorm pyroslinger
30400	50080	firestorm pyroslinger
30408	55885	firestorm pyroamper
30408	55761	firestorm pyroamper
30408	50080	firestorm pyroamper
30414	49792	firestorm incinerator
30414	61315	firestorm incinerator
30414	63270	firestorm incinerator
30414	49928	firestorm incinerator
30414	60569	firestorm incinerator
30414	49879	firestorm incinerator
30416	6917	frenzied ashthorn
30416	6916	frenzied ashthorn
30416	35400	frenzied ashthorn
30416	35417	frenzied ashthorn
30416	53868	frenzied ashthorn
30417	6916	scorched ashthorn
30417	35400	scorched ashthorn
30417	6917	scorched ashthorn
30417	53868	scorched ashthorn
30417	35417	scorched ashthorn
30417	52760	scorched ashthorn
30433	6972	rash lola
30433	32735	rash lola
30433	33245	rash lola
30433	32379	rash lola
30433	30095	rash lola
30434	53381	argratha the dark witch
30434	65849	argratha the dark witch
30434	6972	argratha the dark witch
30434	57151	argratha the dark witch
30434	35901	argratha the dark witch
30434	35943	argratha the dark witch
30436	56333	mal'aroth the warherald
30436	62619	mal'aroth the warherald
30436	6972	mal'aroth the warherald
30436	49915	mal'aroth the warherald
30436	42234	mal'aroth the warherald
30436	42208	mal'aroth the warherald
30437	35474	scorched tangleroot
30437	46806	scorched tangleroot
30437	55316	scorched tangleroot
30442	53382	voreth soul flayer
30442	56430	voreth soul flayer
30442	56431	voreth soul flayer
30445	65716	soulrotted minion
30445	61315	soulrotted minion
30445	66353	soulrotted minion
30445	66354	soulrotted minion
30446	30503	greenbough stag
30446	35506	greenbough stag
30446	53508	greenbough stag
30446	18109	greenbough stag
30446	21715	greenbough stag
30446	53505	greenbough stag
30447	35506	greenbough grazer
30447	21714	greenbough grazer
30447	53505	greenbough grazer
30447	18109	greenbough grazer
30447	30503	greenbough grazer
30449	21712	greenbough calf
30449	18109	greenbough calf
30449	35506	greenbough calf
30450	56990	stormseeker tome-binder
30450	65849	stormseeker tome-binder
30450	48895	stormseeker tome-binder
30450	47175	stormseeker tome-binder
30450	56986	stormseeker tome-binder
30452	35474	underbrush creeper
30452	47152	underbrush creeper
30452	45779	underbrush creeper
30452	46051	underbrush creeper
30454	53382	stormseeker acolyte
30454	56536	stormseeker acolyte
30454	56537	stormseeker acolyte
30459	53368	stormseeker seer
30459	55595	stormseeker seer
30461	57843	stormseeker rain-warrior
30461	58535	stormseeker rain-warrior
30461	63233	stormseeker rain-warrior
30461	69165	stormseeker rain-warrior
30461	75624	stormseeker rain-warrior
30461	75599	stormseeker rain-warrior
30461	60599	stormseeker rain-warrior
30461	75357	stormseeker rain-warrior
30461	61315	stormseeker rain-warrior
30462	65849	stormseeker high priest
30462	56986	stormseeker high priest
30462	56990	stormseeker high priest
30462	47175	stormseeker high priest
30462	48895	stormseeker high priest
30464	37932	stormseeker villager
30464	38773	stormseeker villager
30464	65744	stormseeker villager
30466	34433	cinderfoot stag
30466	21713	cinderfoot stag
30466	18109	cinderfoot stag
30466	35506	cinderfoot stag
30467	21712	cinderfoot runner
30467	18109	cinderfoot runner
30467	35506	cinderfoot runner
30468	45779	underbrush rootling
30468	46051	underbrush rootling
30468	47152	underbrush rootling
30468	35474	underbrush rootling
30470	53376	lightreach defense turret
30471	42083	soulrotted digger
30471	42111	soulrotted digger
30471	65744	soulrotted digger
30471	41619	soulrotted digger
30479	63233	stormseeker ice-heart
30479	57843	stormseeker ice-heart
30479	60599	stormseeker ice-heart
30479	58535	stormseeker ice-heart
30479	75357	stormseeker ice-heart
30479	75624	stormseeker ice-heart
30479	75599	stormseeker ice-heart
30479	61315	stormseeker ice-heart
30479	69165	stormseeker ice-heart
30481	65711	fringe pack rover
30481	65709	fringe pack rover
30481	79182	fringe pack rover
30481	69165	fringe pack rover
30481	79183	fringe pack rover
30482	65753	sky cutter
30482	69165	sky cutter
30482	65754	sky cutter
30482	66394	sky cutter
30482	66393	sky cutter
30488	65762	greenbark lasher
30488	65761	greenbark lasher
30488	57627	greenbark lasher
30488	59937	greenbark lasher
30488	57659	greenbark lasher
30488	57624	greenbark lasher
30488	57625	greenbark lasher
30490	58566	slenderskin abductor
30490	56390	slenderskin abductor
30490	56423	slenderskin abductor
30490	56037	slenderskin abductor
30490	53384	slenderskin abductor
30490	56358	slenderskin abductor
30492	34151	firestorm embersnapper
30492	28937	firestorm embersnapper
30492	54602	firestorm embersnapper
30492	54600	firestorm embersnapper
30492	32177	firestorm embersnapper
30495	52117	null system daemon
30495	48563	null system daemon
30495	47389	null system daemon
30495	46812	null system daemon
30495	43443	null system daemon
30495	43478	null system daemon
30495	43370	null system daemon
30495	56578	null system daemon
30495	43477	null system daemon
30496	43443	binary system daemon
30496	52117	binary system daemon
30496	48563	binary system daemon
30496	47389	binary system daemon
30496	43478	binary system daemon
30496	56578	binary system daemon
30496	46812	binary system daemon
30496	43370	binary system daemon
30496	43477	binary system daemon
30497	45506	maelstrom authority
30497	44393	maelstrom authority
30497	53200	maelstrom authority
30497	44394	maelstrom authority
30497	52011	maelstrom authority
30497	44527	maelstrom authority
30497	44347	maelstrom authority
30497	55634	maelstrom authority
30497	45326	maelstrom authority
30497	64942	maelstrom authority
30497	44325	maelstrom authority
30498	43976	gloomclaw
30498	42420	gloomclaw
30498	44322	gloomclaw
30498	22083	gloomclaw
30499	22797	megalith
30499	47361	megalith
30499	49884	megalith
30499	53076	megalith
30499	73207	megalith
30499	49916	megalith
30499	52959	megalith
30499	50078	megalith
30500	52874	hydroflux
30500	46957	hydroflux
30500	47067	hydroflux
30500	47326	hydroflux
30500	74326	hydroflux
30500	46968	hydroflux
30500	41498	hydroflux
30500	44956	hydroflux
30500	41887	hydroflux
30500	52911	hydroflux
30500	53192	hydroflux
30501	47752	visceralus
30501	44956	visceralus
30501	73177	visceralus
30501	47900	visceralus
30501	41716	visceralus
30501	53769	visceralus
30501	47593	visceralus
30501	48093	visceralus
30502	39682	aileron
30502	46331	aileron
30502	46802	aileron
30502	46885	aileron
30502	46799	aileron
30502	52011	aileron
30503	47759	pyrobane
30503	51352	pyrobane
30503	49886	pyrobane
30503	52077	pyrobane
30503	52959	pyrobane
30503	52976	pyrobane
30503	53196	pyrobane
30503	52876	pyrobane
30503	46331	pyrobane
30503	53000	pyrobane
30503	52705	pyrobane
30503	73095	pyrobane
30504	52006	mnemesis
30504	46331	mnemesis
30504	47571	mnemesis
30504	47756	mnemesis
30504	47757	mnemesis
30504	52483	mnemesis
30504	78853	mnemesis
30504	47907	mnemesis
30504	78410	mnemesis
30504	74563	mnemesis
30505	47024	avatus
30505	46952	avatus
30505	44451	avatus
30505	70567	avatus
30505	70507	avatus
30505	44727	avatus
30505	46806	avatus
30505	44703	avatus
30505	44649	avatus
30505	46335	avatus
30505	44785	avatus
30505	44452	avatus
30505	45371	avatus
30505	44913	avatus
30505	46727	avatus
30505	69579	avatus
30505	46870	avatus
30505	47023	avatus
30505	78363	avatus
30506	65737	stormseeker drone
30506	52721	stormseeker drone
30506	53358	stormseeker drone
30506	30999	stormseeker drone
30507	56986	stormseeker arcanist
30507	30756	stormseeker arcanist
30507	46149	stormseeker arcanist
30510	56508	tech seeker logistician
30510	56504	tech seeker logistician
30510	56510	tech seeker logistician
30510	53382	tech seeker logistician
30511	55595	tech seeker researcher
30511	53368	tech seeker researcher
30513	51899	lancer ranger
30513	52742	lancer ranger
30513	52010	lancer ranger
30513	51828	lancer ranger
30514	55371	lancer tempest
30514	55531	lancer tempest
30514	53382	lancer tempest
30515	65709	lancer pointer
30515	65711	lancer pointer
30515	66057	lancer pointer
30520	48531	giantcrusher
30520	43327	giantcrusher
30520	47778	giantcrusher
30520	48121	giantcrusher
30520	47997	giantcrusher
30538	47669	slenderskin implementer
30538	48920	slenderskin implementer
30538	65795	slenderskin implementer
30538	55119	slenderskin implementer
30539	55840	queen myala everstar
30539	65849	queen myala everstar
30541	26161	slenderskin crawler
30541	26385	slenderskin crawler
30541	57287	slenderskin crawler
30541	57288	slenderskin crawler
30543	60595	commander durek
30543	61315	commander durek
30543	61014	commander durek
30545	53383	avra darkos
30545	53384	avra darkos
30545	55426	avra darkos
30549	65744	battlesworn initiate
30549	36847	battlesworn initiate
30549	35403	battlesworn initiate
30549	40694	battlesworn initiate
30549	6972	battlesworn initiate
30549	72910	battlesworn initiate
30549	72918	battlesworn initiate
30550	57872	vigilant heart defender
30550	69165	vigilant heart defender
30550	58567	vigilant heart defender
30550	58566	vigilant heart defender
30550	57851	vigilant heart defender
30550	57843	vigilant heart defender
30551	57872	vigilant heart defender
30551	69165	vigilant heart defender
30551	58567	vigilant heart defender
30551	58566	vigilant heart defender
30551	57851	vigilant heart defender
30551	57843	vigilant heart defender
30553	66354	slenderskin slicer
30553	66353	slenderskin slicer
30553	65716	slenderskin slicer
30553	61315	slenderskin slicer
30558	63761	battlesworn overseer
30558	42302	battlesworn overseer
30558	6972	battlesworn overseer
30558	35382	battlesworn overseer
30558	73234	battlesworn overseer
30558	73237	battlesworn overseer
30558	60569	battlesworn overseer
30558	61315	battlesworn overseer
30558	73289	battlesworn overseer
30596	53368	soulrotted dark mender
30596	55595	soulrotted dark mender
30597	65849	voreth acolyte
30597	53381	voreth acolyte
30597	6972	voreth acolyte
30600	54817	bonerazer ambusher
30600	53384	bonerazer ambusher
30600	54742	bonerazer ambusher
30600	58566	bonerazer ambusher
30618	54241	voreth thrall
30618	54299	voreth thrall
30618	58566	voreth thrall
30618	53384	voreth thrall
30618	6972	voreth thrall
30634	65711	fringe scavenger
30634	66057	fringe scavenger
30634	65709	fringe scavenger
30635	42533	osun fire breather trap
30635	34286	osun fire breather trap
30635	42523	osun fire breather trap
30635	42531	osun fire breather trap
30649	65753	sky cutter
30649	69165	sky cutter
30649	65754	sky cutter
30649	66394	sky cutter
30649	66393	sky cutter
30672	55329	greenbark spewer
30672	25878	greenbark spewer
30672	57054	greenbark spewer
30672	57056	greenbark spewer
30672	57055	greenbark spewer
30672	7031	greenbark spewer
30672	57057	greenbark spewer
30680	55840	queen myala everstar
30680	65849	queen myala everstar
30750	44711	gl-03 titan
30750	40728	gl-03 titan
30750	57879	gl-03 titan
30750	57882	gl-03 titan
30750	40506	gl-03 titan
30750	46392	gl-03 titan
30755	53596	toric antevian
30755	53344	toric antevian
30755	53343	toric antevian
30832	42111	wounded soldier
30832	65744	wounded soldier
30832	42083	wounded soldier
30832	41619	wounded soldier
30833	42111	wounded soldier
30833	65744	wounded soldier
30833	42083	wounded soldier
30833	41619	wounded soldier
30835	42111	wounded soldier
30835	65744	wounded soldier
30835	42083	wounded soldier
30835	41619	wounded soldier
30838	42111	wounded soldier
30838	65744	wounded soldier
30838	42083	wounded soldier
30838	41619	wounded soldier
30839	34866	primal phylax jar
30869	4699	malfunctioning medbot
30869	11241	malfunctioning medbot
30873	56261	artillerybot
30873	56291	artillerybot
30873	56779	artillerybot
30882	39404	voreth furnace
30896	65795	cortex prime whitewater
30896	47669	cortex prime whitewater
30896	48920	cortex prime whitewater
30896	55119	cortex prime whitewater
30902	61315	kezrek warbringer
30902	60568	kezrek warbringer
30902	49792	kezrek warbringer
30902	69304	kezrek warbringer
30925	58566	darkloam cook
30925	61426	darkloam cook
30925	58567	darkloam cook
30925	61392	darkloam cook
30925	54753	darkloam cook
30925	61393	darkloam cook
30928	55290	mistclaw
30928	65709	mistclaw
30928	69165	mistclaw
30928	44805	mistclaw
30928	54098	mistclaw
30928	72965	mistclaw
30928	72964	mistclaw
30949	53596	toric antevian
30949	53344	toric antevian
30949	53343	toric antevian
30994	35828	generator access panel
30999	58859	scaleborn leviathan
30999	54937	scaleborn leviathan
30999	54343	scaleborn leviathan
30999	58864	scaleborn leviathan
30999	58858	scaleborn leviathan
30999	58862	scaleborn leviathan
31000	52567	cortex breachscale
31000	57631	cortex breachscale
31000	52151	cortex breachscale
31000	61431	cortex breachscale
31000	52639	cortex breachscale
31002	35847	laboratory access panel
31003	35847	production access panel
31004	35847	repository access panel
31007	61315	cadet catian
31007	60594	cadet catian
31023	65763	tunnelweb creepling
31023	58566	tunnelweb creepling
31023	55328	tunnelweb creepling
31023	66151	tunnelweb creepling
31023	66155	tunnelweb creepling
31024	58566	tunnelweb widow
31024	65763	tunnelweb widow
31024	66151	tunnelweb widow
31024	66155	tunnelweb widow
31024	55328	tunnelweb widow
31045	40650	poison canisters
31056	44710	raedon the ox snatcher
31056	48531	raedon the ox snatcher
31056	48641	raedon the ox snatcher
31056	48433	raedon the ox snatcher
31056	47778	raedon the ox snatcher
31056	48822	raedon the ox snatcher
31085	6917	highland stumpkin
31085	6916	highland stumpkin
31085	52762	highland stumpkin
31085	52760	highland stumpkin
31085	53868	highland stumpkin
31085	38031	highland stumpkin
31085	38079	highland stumpkin
31116	53382	zutara the firebinder
31116	56431	zutara the firebinder
31116	55851	zutara the firebinder
31116	56430	zutara the firebinder
31120	48531	duskfang
31120	47778	duskfang
31120	48641	duskfang
31120	48433	duskfang
31120	44710	duskfang
31120	48822	duskfang
31135	60594	bonerazer hunter
31135	61315	bonerazer hunter
31136	65716	bonerazer huntress
31136	66354	bonerazer huntress
31136	61315	bonerazer huntress
31136	66353	bonerazer huntress
31137	58567	bonerazer helmstriker
31137	57843	bonerazer helmstriker
31137	57872	bonerazer helmstriker
31137	58566	bonerazer helmstriker
31137	69165	bonerazer helmstriker
31144	58566	chief umballah
31144	61393	chief umballah
31144	58567	chief umballah
31144	61392	chief umballah
31144	61426	chief umballah
31144	54753	chief umballah
31164	53384	kevo
31164	53383	kevo
31164	54241	kevo
31164	54675	kevo
31164	54299	kevo
31164	54327	kevo
31170	44717	essence of logic
31170	47915	essence of logic
31171	55531	bloodtalon windweaver
31171	55371	bloodtalon windweaver
31171	53382	bloodtalon windweaver
31173	55119	roboticist anglefin
31173	47669	roboticist anglefin
31173	48924	roboticist anglefin
31173	65795	roboticist anglefin
31173	55372	roboticist anglefin
31198	65716	darkpool alchemist
31198	61315	darkpool alchemist
31198	66354	darkpool alchemist
31198	66353	darkpool alchemist
31200	66354	darkpool shadowdagger
31200	66353	darkpool shadowdagger
31200	61315	darkpool shadowdagger
31200	65716	darkpool shadowdagger
31225	55539	crimson hook cannibal
31225	39914	crimson hook cannibal
31225	38774	crimson hook cannibal
31225	65744	crimson hook cannibal
31236	53372	berserker sentinel
31236	42086	berserker sentinel
31236	53373	berserker sentinel
31236	43759	berserker sentinel
31237	45953	longshot sentinel
31237	46402	longshot sentinel
31238	40809	enforcer sentinel
31238	65744	enforcer sentinel
31238	42083	enforcer sentinel
31239	53382	defender sentinel
31239	65849	defender sentinel
31249	32389	greenbough guardian
31249	53387	greenbough guardian
31249	32388	greenbough guardian
31299	53596	toric antevian
31299	53344	toric antevian
31299	53343	toric antevian
31349	34262	stonepaw mangler
31349	33250	stonepaw mangler
31349	33242	stonepaw mangler
31349	35556	stonepaw mangler
31353	21713	lightkeeper
31353	18109	lightkeeper
31353	30503	lightkeeper
31353	53508	lightkeeper
31353	53505	lightkeeper
31361	66354	darkpool shadowdagger
31361	66353	darkpool shadowdagger
31361	61315	darkpool shadowdagger
31361	65716	darkpool shadowdagger
31421	53384	elder marok
31421	54675	elder marok
31421	54299	elder marok
31421	54327	elder marok
31421	53383	elder marok
31421	54241	elder marok
31422	53383	elder dakkar
31422	54327	elder dakkar
31422	53384	elder dakkar
31422	54299	elder dakkar
31422	54675	elder dakkar
31422	54241	elder dakkar
31471	27256	levian expedition soldier
31474	53376	hijacked eldan probe
31474	47747	hijacked eldan probe
31474	55158	hijacked eldan probe
31507	46537	snap trap
31508	66322	calidor antevian
31508	56504	calidor antevian
31508	73258	calidor antevian
31508	78263	calidor antevian
31508	78229	calidor antevian
31508	78137	calidor antevian
31508	78673	calidor antevian
31508	78677	calidor antevian
31508	56510	calidor antevian
31510	47111	fire
31510	63270	fire
31510	69458	fire
31510	35914	fire
31511	47111	fire
31511	63270	fire
31511	69458	fire
31511	35914	fire
31512	47111	fire
31512	63270	fire
31512	69458	fire
31512	35914	fire
31533	69550	darkspire hoarder slank
31533	25877	darkspire hoarder slank
31533	53868	darkspire hoarder slank
31533	33243	darkspire hoarder slank
31533	69568	darkspire hoarder slank
31583	19180	highland calf
31583	18120	highland calf
31583	30510	highland calf
31583	32886	highland calf
31585	30510	highland bull
31585	22670	highland bull
31585	53416	highland bull
31585	53436	highland bull
31585	32886	highland bull
31585	21704	highland bull
31586	30510	stormhoof
31586	32886	stormhoof
31586	53436	stormhoof
31586	22670	stormhoof
31586	21704	stormhoof
31586	53416	stormhoof
31645	47111	fire
31645	63270	fire
31645	69458	fire
31645	35914	fire
31654	70664	augmented behemoth
31654	56622	augmented behemoth
31654	70632	augmented behemoth
31654	56332	augmented behemoth
31654	55700	augmented behemoth
31665	46966	fragmented memory probe
31667	46996	optimized memory probe p2-z
31667	47025	optimized memory probe p2-z
31667	71846	optimized memory probe p2-z
31667	47028	optimized memory probe p2-z
31669	44200	anti-viral core protector
31669	46949	anti-viral core protector
31670	44006	firewall core protector
31670	44200	firewall core protector
31673	46952	scape augmentor psychopath
31673	46005	scape augmentor psychopath
31673	53370	scape augmentor psychopath
31673	48563	scape augmentor psychopath
31673	45793	scape augmentor psychopath
31674	62567	frostbringer warlock
31674	62522	frostbringer warlock
31674	45779	frostbringer warlock
31674	74396	frostbringer warlock
31674	45503	frostbringer warlock
31674	62555	frostbringer warlock
31676	72597	spinecleaver walatusk
31676	48794	spinecleaver walatusk
31676	56862	spinecleaver walatusk
31676	48798	spinecleaver walatusk
31677	35475	frost-boulder avalanche
31677	71575	frost-boulder avalanche
31677	39985	frost-boulder avalanche
31677	71576	frost-boulder avalanche
31677	71626	frost-boulder avalanche
31677	35248	frost-boulder avalanche
31677	45503	frost-boulder avalanche
31677	44501	frost-boulder avalanche
31678	61275	icespike hordling
31678	25877	icespike hordling
31690	66057	darkfang prowler
31690	65709	darkfang prowler
31690	65711	darkfang prowler
31690	79182	darkfang prowler
31690	79183	darkfang prowler
31690	69165	darkfang prowler
31691	46040	darkfang hunter
31691	55289	darkfang hunter
31691	43507	darkfang hunter
31691	45302	darkfang hunter
31691	42362	darkfang hunter
31703	25763	greenbark slurper
31703	7031	greenbark slurper
31703	55329	greenbark slurper
31734	32389	greenbough guardian
31734	53387	greenbough guardian
31734	32388	greenbough guardian
31738	11859	dazeroot stinger
31738	32966	dazeroot stinger
31778	6916	toxic stumpkin
31778	35417	toxic stumpkin
31778	35400	toxic stumpkin
31778	53868	toxic stumpkin
31778	6917	toxic stumpkin
31792	46392	megatech warbot
31792	58550	megatech warbot
31792	45623	megatech warbot
31792	58549	megatech warbot
31792	58548	megatech warbot
31792	58547	megatech warbot
31792	46042	megatech warbot
31792	53868	megatech warbot
31793	52063	voreth raider
31793	49911	voreth raider
31793	42208	voreth raider
31793	49915	voreth raider
31793	73113	voreth raider
31793	73134	voreth raider
31793	73116	voreth raider
31795	61315	voreth sapper
31795	60594	voreth sapper
31795	35382	voreth sapper
31795	42302	voreth sapper
31795	63761	voreth sapper
31795	73289	voreth sapper
31795	73234	voreth sapper
31795	73237	voreth sapper
31798	53382	magoth the unclean
31798	55851	magoth the unclean
31798	56430	magoth the unclean
31798	56431	magoth the unclean
31800	52063	voreth slave master
31800	49911	voreth slave master
31800	42208	voreth slave master
31800	49915	voreth slave master
31800	73116	voreth slave master
31800	73113	voreth slave master
31800	73134	voreth slave master
31806	42111	wounded soldier
31806	65744	wounded soldier
31806	42083	wounded soldier
31806	41619	wounded soldier
31807	42111	wounded soldier
31807	65744	wounded soldier
31807	42083	wounded soldier
31807	41619	wounded soldier
31809	42111	wounded soldier
31809	65744	wounded soldier
31809	42083	wounded soldier
31809	41619	wounded soldier
31820	25930	bonerazer snaptooth
31820	54600	bonerazer snaptooth
31820	54602	bonerazer snaptooth
31820	25871	bonerazer snaptooth
31846	25871	muddybrook ripjaw
31846	54602	muddybrook ripjaw
31846	26512	muddybrook ripjaw
31846	54600	muddybrook ripjaw
31846	54601	muddybrook ripjaw
31846	32493	muddybrook ripjaw
31850	47111	fire
31850	63270	fire
31850	69458	fire
31850	35914	fire
31851	47111	fire
31851	63270	fire
31851	69458	fire
31851	35914	fire
31852	47111	fire
31852	63270	fire
31852	69458	fire
31852	35914	fire
31858	56333	bruiserbot
31858	56367	bruiserbot
31858	56779	bruiserbot
31864	55434	megatech merc
31864	61315	megatech merc
31864	60568	megatech merc
31865	33242	risen stalker
31865	33250	risen stalker
31865	34262	risen stalker
31865	35556	risen stalker
31868	44265	glenview guard
31868	44264	glenview guard
31872	54936	tech seeker dataminer
31872	46270	tech seeker dataminer
31872	69164	tech seeker dataminer
31872	65737	tech seeker dataminer
31872	72729	tech seeker dataminer
31872	72728	tech seeker dataminer
31879	66353	lancer infiltrator
31879	65716	lancer infiltrator
31879	61315	lancer infiltrator
31879	66354	lancer infiltrator
31885	46652	bio-enhanced broodmother
31885	47683	bio-enhanced broodmother
31885	46672	bio-enhanced broodmother
31885	46696	bio-enhanced broodmother
31894	60950	skrappy
31894	65709	skrappy
31894	66239	skrappy
31894	79183	skrappy
31894	69165	skrappy
31894	65711	skrappy
31894	72964	skrappy
31895	53384	megatech contractor
31895	53383	megatech contractor
31895	55426	megatech contractor
31908	42083	dominion bio-weaponizer
31908	65744	dominion bio-weaponizer
31908	42111	dominion bio-weaponizer
31908	41619	dominion bio-weaponizer
31921	53382	ashenna brightsun
31921	65849	ashenna brightsun
31923	55421	brinlanya moonstone
31923	53382	brinlanya moonstone
31923	55401	brinlanya moonstone
31923	55371	brinlanya moonstone
31923	55402	brinlanya moonstone
31929	35474	augmented creeper
31929	45779	augmented creeper
31929	46051	augmented creeper
31929	47152	augmented creeper
31930	43507	darkfang packleader
31930	46040	darkfang packleader
31930	42362	darkfang packleader
31930	45302	darkfang packleader
31930	55289	darkfang packleader
31931	53382	voreth bonebinder
31931	55851	voreth bonebinder
31931	56430	voreth bonebinder
31931	56431	voreth bonebinder
31932	35403	voreth brawler
31932	40694	voreth brawler
31932	72910	voreth brawler
31932	36849	voreth brawler
31932	72918	voreth brawler
31932	65744	voreth brawler
31973	44264	woodhaven guard
31973	44265	woodhaven guard
31981	44257	grimveil guard
31981	44256	grimveil guard
32029	70622	repairbot
32054	69550	pesky vermin
32054	25763	pesky vermin
32054	33243	pesky vermin
32064	42111	forge thrall
32064	41619	forge thrall
32064	65744	forge thrall
32064	42083	forge thrall
32096	26511	shaleshell spineclaw
32096	26161	shaleshell spineclaw
32096	57288	shaleshell spineclaw
32096	57287	shaleshell spineclaw
32096	57289	shaleshell spineclaw
32096	57290	shaleshell spineclaw
32101	44257	grimveil guard
32101	44256	grimveil guard
32213	48531	augmented malverine
32213	44711	augmented malverine
32213	47853	augmented malverine
32213	47806	augmented malverine
32214	35474	augmented rootling
32214	46051	augmented rootling
32214	45779	augmented rootling
32214	47152	augmented rootling
32325	24990	ragebot driller
32325	35622	ragebot driller
32325	34982	ragebot driller
32325	35223	ragebot driller
32325	34585	ragebot driller
32326	42570	axiom
32326	40728	axiom
32326	44350	axiom
32326	58548	axiom
32326	45623	axiom
32326	44200	axiom
32326	58550	axiom
32326	43502	axiom
32326	32465	axiom
32326	51563	axiom
32379	44265	glenview guard
32379	44264	glenview guard
32380	44265	glenview guard
32380	44264	glenview guard
32386	44265	glenview guard
32386	44264	glenview guard
32391	46266	pressure valve
32476	53219	lucy lazarin
32476	38773	lucy lazarin
32476	65744	lucy lazarin
32476	52551	lucy lazarin
32476	53247	lucy lazarin
32477	26512	steelscale gnasher
32477	25871	steelscale gnasher
32477	54600	steelscale gnasher
32477	54602	steelscale gnasher
32477	54601	steelscale gnasher
32477	32493	steelscale gnasher
32478	12425	vicious manstalker
32478	13961	vicious manstalker
32478	45494	vicious manstalker
32478	35192	vicious manstalker
32479	47152	mossy vinecreeper
32479	46051	mossy vinecreeper
32479	35474	mossy vinecreeper
32479	45779	mossy vinecreeper
32488	66354	torine huntress
32488	65716	torine huntress
32488	66353	torine huntress
32488	61315	torine huntress
32491	36759	webwood queen
32491	47508	webwood queen
32491	44739	webwood queen
32491	70403	webwood queen
32492	36759	webwood spitter
32492	70403	webwood spitter
32492	47508	webwood spitter
32492	44739	webwood spitter
32493	66151	webwood pincher
32493	58566	webwood pincher
32493	65763	webwood pincher
32493	44739	webwood pincher
32493	66155	webwood pincher
32497	42111	ravenous ripper
32497	65744	ravenous ripper
32497	41619	ravenous ripper
32497	42083	ravenous ripper
32498	21713	defiant dawngrazer
32498	30503	defiant dawngrazer
32498	53508	defiant dawngrazer
32498	18109	defiant dawngrazer
32498	53505	defiant dawngrazer
32502	61315	ravenous reaver
32502	66353	ravenous reaver
32502	65716	ravenous reaver
32502	66354	ravenous reaver
32504	34262	rockside mangler
32504	32735	rockside mangler
32504	32379	rockside mangler
32505	26161	rockside prickler
32505	26385	rockside prickler
32505	57287	rockside prickler
32505	57288	rockside prickler
32508	6916	infused lifesplinter
32508	6917	infused lifesplinter
32508	38079	infused lifesplinter
32508	53868	infused lifesplinter
32508	52760	infused lifesplinter
32508	38031	infused lifesplinter
32508	52762	infused lifesplinter
32509	66322	calidor antevian
32509	56504	calidor antevian
32509	73258	calidor antevian
32509	78263	calidor antevian
32509	78229	calidor antevian
32509	78137	calidor antevian
32509	78673	calidor antevian
32509	78677	calidor antevian
32509	56510	calidor antevian
32521	44739	ah47 augmentor
32521	45833	ah47 augmentor
32521	48563	ah47 augmentor
32521	47389	ah47 augmentor
32521	42445	ah47 augmentor
32521	44448	ah47 augmentor
32522	39430	ah47 protector
32522	46006	ah47 protector
32522	46405	ah47 protector
32522	46043	ah47 protector
32522	35474	ah47 protector
32523	69165	torine battlemaiden
32523	58567	torine battlemaiden
32523	58566	torine battlemaiden
32523	57851	torine battlemaiden
32523	57872	torine battlemaiden
32523	57029	torine battlemaiden
32523	57843	torine battlemaiden
32524	28626	augmented rockside digclaw
32524	56899	augmented rockside digclaw
32524	30936	augmented rockside digclaw
32524	31619	augmented rockside digclaw
32526	31619	stray rockside digger
32526	56664	stray rockside digger
32526	30936	stray rockside digger
32526	56684	stray rockside digger
32531	59217	forgemaster trogun
32531	58830	forgemaster trogun
32531	49820	forgemaster trogun
32531	51859	forgemaster trogun
32531	51970	forgemaster trogun
32531	29850	forgemaster trogun
32531	28821	forgemaster trogun
32531	58767	forgemaster trogun
32531	52512	forgemaster trogun
32531	38802	forgemaster trogun
32531	63107	forgemaster trogun
32534	32726	grond the corpsemaker
32534	33242	grond the corpsemaker
32534	37585	grond the corpsemaker
32534	37223	grond the corpsemaker
32534	33250	grond the corpsemaker
32534	33245	grond the corpsemaker
32534	48829	grond the corpsemaker
32534	37315	grond the corpsemaker
32535	32726	grond the corpsemaker
32535	33242	grond the corpsemaker
32535	37585	grond the corpsemaker
32535	37223	grond the corpsemaker
32535	33250	grond the corpsemaker
32535	33245	grond the corpsemaker
32535	48829	grond the corpsemaker
32535	37315	grond the corpsemaker
32536	51563	slavemaster drokk
32536	24431	slavemaster drokk
32536	39293	slavemaster drokk
32536	24376	slavemaster drokk
32536	39342	slavemaster drokk
32536	38250	slavemaster drokk
32536	63131	slavemaster drokk
32536	40712	slavemaster drokk
32536	39685	slavemaster drokk
32539	51563	slavemaster drokk
32539	24431	slavemaster drokk
32539	39293	slavemaster drokk
32539	24376	slavemaster drokk
32539	39342	slavemaster drokk
32539	38250	slavemaster drokk
32539	63131	slavemaster drokk
32539	40712	slavemaster drokk
32539	39685	slavemaster drokk
32553	6433	treebound protector
32553	6432	treebound protector
32553	69753	treebound protector
32553	69756	treebound protector
32553	69660	treebound protector
32554	58566	sanctum blademaster
32554	58567	sanctum blademaster
32554	57851	sanctum blademaster
32554	69165	sanctum blademaster
32554	57872	sanctum blademaster
32554	57843	sanctum blademaster
32554	57029	sanctum blademaster
32555	62620	voreth battlesworn
32555	62615	voreth battlesworn
32555	53418	voreth battlesworn
32555	51959	voreth battlesworn
32555	62619	voreth battlesworn
32556	62620	voreth battlesworn
32556	62615	voreth battlesworn
32556	53418	voreth battlesworn
32556	51959	voreth battlesworn
32556	62619	voreth battlesworn
32572	36367	edp station 1
32581	72728	zeta i-bot
32581	65737	zeta i-bot
32581	72729	zeta i-bot
32581	54937	zeta i-bot
32581	69164	zeta i-bot
32581	46270	zeta i-bot
32581	50080	zeta i-bot
32582	72728	zeta core courier
32582	65737	zeta core courier
32582	72729	zeta core courier
32582	54936	zeta core courier
32582	46270	zeta core courier
32582	69164	zeta core courier
32583	57882	zeta warbot
32583	46392	zeta warbot
32583	50280	zeta warbot
32583	45780	zeta warbot
32583	57879	zeta warbot
32583	45623	zeta warbot
32583	40506	zeta warbot
32585	62528	zeta terminalbot
32585	62531	zeta terminalbot
32585	62529	zeta terminalbot
32585	54212	zeta terminalbot
32585	52788	zeta terminalbot
32586	40631	zeta agent
32586	51828	zeta agent
32586	48381	zeta agent
32586	40707	zeta agent
32586	51960	zeta agent
32586	39679	zeta agent
32586	30500	zeta agent
32587	58566	zeta equalizer
32587	50007	zeta equalizer
32587	50103	zeta equalizer
32587	58567	zeta equalizer
32587	49888	zeta equalizer
32587	57843	zeta equalizer
32587	63270	zeta equalizer
32587	69165	zeta equalizer
32587	57872	zeta equalizer
32588	57631	zeta sharpshooter
32588	62866	zeta sharpshooter
32588	64817	zeta sharpshooter
32588	63270	zeta sharpshooter
32588	65459	zeta sharpshooter
32588	66109	zeta sharpshooter
32589	66354	zeta cycler
32589	65716	zeta cycler
32589	61315	zeta cycler
32589	66353	zeta cycler
32590	50007	axis vonotron
32590	60566	axis vonotron
32590	50103	axis vonotron
32590	51329	axis vonotron
32590	61315	axis vonotron
32590	50295	axis vonotron
32602	41699	eldan security beam laser
32618	40708	voreth darkwitch
32618	40702	voreth darkwitch
32618	24873	voreth darkwitch
32618	32864	voreth darkwitch
32619	40708	voreth darkwitch
32619	40702	voreth darkwitch
32619	24873	voreth darkwitch
32619	32864	voreth darkwitch
32661	6917	glenroot sapling
32661	35417	glenroot sapling
32661	53868	glenroot sapling
32661	6916	glenroot sapling
32661	35400	glenroot sapling
32665	53376	bio-mech warder
32665	47747	bio-mech warder
32665	55158	bio-mech warder
32680	32774	shadetail scrambler
32680	42383	shadetail scrambler
32680	46895	shadetail scrambler
32680	43366	shadetail scrambler
32680	41717	shadetail scrambler
32681	66151	nightfang weaver
32681	61315	nightfang weaver
32681	65763	nightfang weaver
32681	66155	nightfang weaver
32682	52756	nightfang widow
32682	58566	nightfang widow
32682	65763	nightfang widow
32682	66151	nightfang widow
32682	66155	nightfang widow
32683	46006	n22 protector
32683	35474	n22 protector
32683	46043	n22 protector
32683	46405	n22 protector
32683	39430	n22 protector
32684	45833	n22 augmentor
32684	48563	n22 augmentor
32684	47389	n22 augmentor
32684	42445	n22 augmentor
32684	44739	n22 augmentor
32684	44448	n22 augmentor
32685	53985	glitchbyte leecher
32685	56981	glitchbyte leecher
32685	56980	glitchbyte leecher
32685	53986	glitchbyte leecher
32686	54563	glitchbyte thrasher
32686	54381	glitchbyte thrasher
32686	6910	glitchbyte thrasher
32686	44777	glitchbyte thrasher
32688	41442	bio-mech sentry
32688	28691	bio-mech sentry
32688	41445	bio-mech sentry
32688	41202	bio-mech sentry
32689	65744	drugaur the rotted
32689	41619	drugaur the rotted
32689	52454	drugaur the rotted
32689	42083	drugaur the rotted
32689	42111	drugaur the rotted
32698	65795	bio-mech enhancer
32698	56295	bio-mech enhancer
32698	66170	bio-mech enhancer
32703	35474	aethros
32703	46043	aethros
32703	39730	aethros
32703	39682	aethros
32703	36042	aethros
32703	26621	aethros
32744	36367	edp station 2
32745	36367	edp station 3
32746	36367	edp station 4
32747	36367	edp station 5
32754	32379	shadetree growler
32754	34262	shadetree growler
32754	32735	shadetree growler
32755	50199	lirawn the lifewalker
32755	32493	lirawn the lifewalker
32755	32489	lirawn the lifewalker
32755	50097	lirawn the lifewalker
32755	25544	lirawn the lifewalker
32755	35321	lirawn the lifewalker
32755	42609	lirawn the lifewalker
32756	69660	lifeglade glider
32756	69753	lifeglade glider
32756	6432	lifeglade glider
32756	6433	lifeglade glider
32756	69756	lifeglade glider
32764	36759	augmented nightfang weaver
32764	70403	augmented nightfang weaver
32764	47508	augmented nightfang weaver
32780	53343	dominion soldier
32780	53342	dominion soldier
32780	57843	dominion soldier
32780	49350	dominion soldier
32780	43759	dominion soldier
32780	51346	dominion soldier
32780	65744	dominion soldier
32780	57664	dominion soldier
32780	52448	dominion soldier
32780	51828	dominion soldier
32780	52010	dominion soldier
32780	52742	dominion soldier
32780	53345	dominion soldier
32780	52551	dominion soldier
32781	53343	dominion soldier
32781	53342	dominion soldier
32781	57843	dominion soldier
32781	49350	dominion soldier
32781	43759	dominion soldier
32781	51346	dominion soldier
32781	65744	dominion soldier
32781	57664	dominion soldier
32781	52448	dominion soldier
32781	51828	dominion soldier
32781	52010	dominion soldier
32781	52742	dominion soldier
32781	53345	dominion soldier
32781	52551	dominion soldier
32789	55185	augmented explorer clone
32789	58566	augmented explorer clone
32789	53384	augmented explorer clone
32789	54817	augmented explorer clone
32790	53384	augmented researcher clone
32790	58566	augmented researcher clone
32790	54817	augmented researcher clone
32790	55185	augmented researcher clone
32791	52740	augmented scientist clone
32791	65744	augmented scientist clone
32791	38773	augmented scientist clone
32791	52789	augmented scientist clone
32791	52658	augmented scientist clone
32792	52740	augmented archaeologist clone
32792	38773	augmented archaeologist clone
32792	52658	augmented archaeologist clone
32792	65744	augmented archaeologist clone
32792	52789	augmented archaeologist clone
32807	53370	mau 9000
32807	48563	mau 9000
32807	45833	mau 9000
32807	45793	mau 9000
32807	44468	mau 9000
32807	44739	mau 9000
32814	53383	ravenous deadrot
32814	53384	ravenous deadrot
32814	54299	ravenous deadrot
32814	54675	ravenous deadrot
32814	54241	ravenous deadrot
32814	54327	ravenous deadrot
32814	57396	ravenous deadrot
32822	52151	dominion scientist
32822	55763	dominion scientist
32822	66020	dominion scientist
32822	48616	dominion scientist
32822	50080	dominion scientist
32822	44267	dominion scientist
32823	52010	dominion researcher
32823	55762	dominion researcher
32823	51828	dominion researcher
32823	44267	dominion researcher
32835	30936	tanglemore munchkin
32835	31618	tanglemore munchkin
32837	34266	tanglemore chomper
32837	35522	tanglemore chomper
32837	34310	tanglemore chomper
32837	34361	tanglemore chomper
32837	34264	tanglemore chomper
32843	42111	ravenous freak
32843	65744	ravenous freak
32843	57396	ravenous freak
32843	41619	ravenous freak
32843	42083	ravenous freak
32844	53384	ravenous stalker
32844	53383	ravenous stalker
32844	54241	ravenous stalker
32844	54327	ravenous stalker
32844	54675	ravenous stalker
32844	57396	ravenous stalker
32844	54299	ravenous stalker
32845	65744	ravenous brute
32845	57396	ravenous brute
32845	42111	ravenous brute
32845	52454	ravenous brute
32845	43947	ravenous brute
32845	41619	ravenous brute
32847	70406	spider egg
32849	43366	bushtail screecher
32849	46933	bushtail screecher
32849	32774	bushtail screecher
32849	44200	bushtail screecher
32858	35474	bio-mech guardian
32858	46006	bio-mech guardian
32858	46152	bio-mech guardian
32858	47284	bio-mech guardian
32858	46042	bio-mech guardian
32864	61315	kezrek warbringer
32864	60568	kezrek warbringer
32864	49792	kezrek warbringer
32864	69304	kezrek warbringer
32866	56684	lowland burrower
32866	56664	lowland burrower
32866	30936	lowland burrower
32866	31619	lowland burrower
32867	46040	lowland darkwing
32867	58612	lowland darkwing
32867	46042	lowland darkwing
32867	55137	lowland darkwing
32867	40117	lowland darkwing
32868	35400	lowland stumpkin
32868	53868	lowland stumpkin
32868	6916	lowland stumpkin
32868	6917	lowland stumpkin
32868	35417	lowland stumpkin
32890	35192	tangleclaw stalker
32890	45494	tangleclaw stalker
32890	12425	tangleclaw stalker
32890	13961	tangleclaw stalker
32894	54824	gormash the lopp-crusher
32894	46878	gormash the lopp-crusher
32894	35474	gormash the lopp-crusher
32894	46288	gormash the lopp-crusher
32894	54822	gormash the lopp-crusher
32897	58567	torine bladesister
32897	58566	torine bladesister
32897	69165	torine bladesister
32897	57843	torine bladesister
32897	57872	torine bladesister
32901	56295	ah47 probe
32901	66170	ah47 probe
32901	65795	ah47 probe
32912	34266	tanglemore gobbler
32912	35522	tanglemore gobbler
32912	34310	tanglemore gobbler
32912	34264	tanglemore gobbler
32912	34361	tanglemore gobbler
32974	54557	deactivated zeta agent
32983	65763	augmented spider
32983	66155	augmented spider
32983	66151	augmented spider
32983	58566	augmented spider
32983	52756	augmented spider
33018	42111	ravenous savage
33018	41619	ravenous savage
33018	42083	ravenous savage
33018	65744	ravenous savage
33018	57396	ravenous savage
33049	44305	darkwitch gurka
33049	53381	darkwitch gurka
33049	51974	darkwitch gurka
33050	44305	darkwitch gurka
33050	53381	darkwitch gurka
33050	51974	darkwitch gurka
33059	53384	ravenous otokar vosmara
33059	54675	ravenous otokar vosmara
33059	53383	ravenous otokar vosmara
33059	54241	ravenous otokar vosmara
33059	54299	ravenous otokar vosmara
33059	54327	ravenous otokar vosmara
33080	70403	augmented nightfang widow
33080	36759	augmented nightfang widow
33080	47508	augmented nightfang widow
33082	44656	energized hillscourge scratcher
33082	44466	energized hillscourge scratcher
33082	43328	energized hillscourge scratcher
33082	41070	energized hillscourge scratcher
33083	41070	energized hillscourge rumbler
33083	52765	energized hillscourge rumbler
33083	52769	energized hillscourge rumbler
33083	44200	energized hillscourge rumbler
33083	44466	energized hillscourge rumbler
33083	44656	energized hillscourge rumbler
33083	43759	energized hillscourge rumbler
33133	40631	zeta agent
33133	51828	zeta agent
33133	48381	zeta agent
33133	40707	zeta agent
33133	51960	zeta agent
33133	39679	zeta agent
33133	30500	zeta agent
33137	58566	webwood skitter
33137	65763	webwood skitter
33137	44739	webwood skitter
33162	66322	calidor antevian
33162	56504	calidor antevian
33162	73258	calidor antevian
33162	78263	calidor antevian
33162	78229	calidor antevian
33162	78137	calidor antevian
33162	78673	calidor antevian
33162	78677	calidor antevian
33162	56510	calidor antevian
33213	61315	deathbringer cordemia
33213	50103	deathbringer cordemia
33213	50295	deathbringer cordemia
33213	60566	deathbringer cordemia
33213	51329	deathbringer cordemia
33213	50007	deathbringer cordemia
33214	47980	junk
33219	55840	queen myala everstar
33219	65849	queen myala everstar
33233	61315	ravenous erzebet vosmara
33233	66353	ravenous erzebet vosmara
33233	65716	ravenous erzebet vosmara
33233	66354	ravenous erzebet vosmara
33234	42111	ravenous arnost vosmara
33234	65744	ravenous arnost vosmara
33234	41619	ravenous arnost vosmara
33234	42083	ravenous arnost vosmara
33340	65754	crimson bonepicker
33340	65753	crimson bonepicker
33340	66393	crimson bonepicker
33340	69165	crimson bonepicker
33340	66394	crimson bonepicker
33367	46692	ravenous malignant
33367	24059	ravenous malignant
33367	29850	ravenous malignant
33367	46797	ravenous malignant
33377	35192	tangleclaw stalker
33377	45494	tangleclaw stalker
33377	12425	tangleclaw stalker
33377	13961	tangleclaw stalker
33404	53343	dominion soldier
33404	53342	dominion soldier
33404	57843	dominion soldier
33404	49350	dominion soldier
33404	43759	dominion soldier
33404	51346	dominion soldier
33404	65744	dominion soldier
33404	57664	dominion soldier
33404	52448	dominion soldier
33404	51828	dominion soldier
33404	52010	dominion soldier
33404	52742	dominion soldier
33404	53345	dominion soldier
33404	52551	dominion soldier
33405	44362	blade-wind the invoker
33405	38786	blade-wind the invoker
33405	44481	blade-wind the invoker
33405	47206	blade-wind the invoker
33405	43003	blade-wind the invoker
33405	39891	blade-wind the invoker
33405	46910	blade-wind the invoker
33406	51987	stormtalon
33406	52009	stormtalon
33406	44325	stormtalon
33406	52012	stormtalon
33406	63124	stormtalon
33406	52016	stormtalon
33406	70501	stormtalon
33422	35530	blacktalon
33422	44200	blacktalon
33422	42875	blacktalon
33422	55137	blacktalon
33422	58483	blacktalon
33434	45779	lowland nester
33434	46040	lowland nester
33434	34455	lowland nester
33434	40117	lowland nester
33435	45779	lowland hatchling
33435	46040	lowland hatchling
33437	51329	equalizer cyboc
33437	61315	equalizer cyboc
33437	50295	equalizer cyboc
33437	50007	equalizer cyboc
33437	50103	equalizer cyboc
33437	60566	equalizer cyboc
33439	34310	the munchking
33439	34264	the munchking
33439	34361	the munchking
33439	34266	the munchking
33439	35522	the munchking
33538	33243	slank scavenger
33538	20111	slank scavenger
33548	36808	eldan security mine
33551	32774	grimvoid razortail
33551	41717	grimvoid razortail
33551	43366	grimvoid razortail
33551	46895	grimvoid razortail
33551	42383	grimvoid razortail
33556	63272	monkey mine
33560	33249	spirit guardian bohumir
33560	33250	spirit guardian bohumir
33560	34262	spirit guardian bohumir
33560	35556	spirit guardian bohumir
33560	32422	spirit guardian bohumir
33577	29850	grimvoid thug
33577	46692	grimvoid thug
33577	23762	grimvoid thug
33608	58566	zeta equalizer
33608	50007	zeta equalizer
33608	50103	zeta equalizer
33608	58567	zeta equalizer
33608	49888	zeta equalizer
33608	57843	zeta equalizer
33608	63270	zeta equalizer
33608	69165	zeta equalizer
33608	57872	zeta equalizer
33609	57631	zeta sharpshooter
33609	62866	zeta sharpshooter
33609	64817	zeta sharpshooter
33609	63270	zeta sharpshooter
33609	65459	zeta sharpshooter
33609	66109	zeta sharpshooter
33670	44267	expedition guard
33721	62668	power core
33734	32388	grendelus the guardian
33734	32389	grendelus the guardian
33734	63215	grendelus the guardian
33734	41664	grendelus the guardian
33767	29850	mercenary arkos
33767	32177	mercenary arkos
33767	46692	mercenary arkos
33767	46797	mercenary arkos
33767	46579	mercenary arkos
33767	30131	mercenary arkos
33767	32192	mercenary arkos
33767	47033	mercenary arkos
33772	7031	mistymurk snoglug
33772	57057	mistymurk snoglug
33772	25877	mistymurk snoglug
33772	57055	mistymurk snoglug
33772	57056	mistymurk snoglug
33772	57054	mistymurk snoglug
33787	65795	n22 blaster
33787	56299	n22 blaster
33788	65795	n22 blaster
33788	56299	n22 blaster
33817	41699	eldan security beam
33821	46405	a37 securitybot
33821	46043	a37 securitybot
33821	46006	a37 securitybot
33821	35474	a37 securitybot
33821	39430	a37 securitybot
33830	54895	wildvine protector
33830	53383	wildvine protector
33830	53384	wildvine protector
33830	54817	wildvine protector
33830	54742	wildvine protector
33830	54838	wildvine protector
33831	55628	wildvine lookout
33831	55713	wildvine lookout
33831	57382	wildvine lookout
33831	57383	wildvine lookout
33835	65754	spirit stalker
33835	65711	spirit stalker
33847	62958	memory core fragment
33850	66151	darkbite
33850	61315	darkbite
33850	65763	darkbite
33850	66155	darkbite
33850	54225	darkbite
33850	52756	darkbite
33850	77373	darkbite
33873	41699	eldan security beam
33874	41699	eldan security beam
33876	57625	vitara's rose
33876	57624	vitara's rose
33876	57627	vitara's rose
33876	65761	vitara's rose
33876	65762	vitara's rose
33876	57626	vitara's rose
33902	40600	eldan fuel rod
33921	27974	tangleclaw slasher
33921	14025	tangleclaw slasher
33921	27991	tangleclaw slasher
33921	26162	tangleclaw slasher
33921	12425	tangleclaw slasher
33921	35192	tangleclaw slasher
33951	52473	celestial razortusk
33951	48792	celestial razortusk
33951	45851	celestial razortusk
33951	52536	celestial razortusk
33951	48515	celestial razortusk
33968	66170	n22 sentinel
33968	56295	n22 sentinel
33968	65795	n22 sentinel
33969	56293	malfunctioning n22 blaster
33969	65795	malfunctioning n22 blaster
33969	66144	malfunctioning n22 blaster
33972	56986	rime hide shaman
33972	30756	rime hide shaman
33972	46149	rime hide shaman
33975	18094	rime hide scratcher
33975	6103	rime hide scratcher
33975	17269	rime hide scratcher
33975	54595	rime hide scratcher
33975	54591	rime hide scratcher
33977	46149	rime hide diviner
33977	30756	rime hide diviner
33977	56986	rime hide diviner
33987	53370	ke-73 enhancer
33987	48563	ke-73 enhancer
33987	44448	ke-73 enhancer
33987	45833	ke-73 enhancer
33987	44739	ke-73 enhancer
34017	57829	exile mine
34017	38258	exile mine
34018	38258	dominion mine
34081	36849	augmented human
34081	65744	augmented human
34081	52740	augmented human
34081	52658	augmented human
34082	57843	augmented granok
34082	58567	augmented granok
34082	57872	augmented granok
34082	58566	augmented granok
34082	69165	augmented granok
34084	57631	augmented mordesh
34084	51828	augmented mordesh
34084	52796	augmented mordesh
34099	36021	augmented buzzbing
34099	32966	augmented buzzbing
34099	37322	augmented buzzbing
34099	32965	augmented buzzbing
34100	65763	augmented spider
34100	66155	augmented spider
34100	66151	augmented spider
34100	58566	augmented spider
34100	52756	augmented spider
34108	38114	rock debris
34148	53382	wawalo the firesworn
34148	56431	wawalo the firesworn
34148	56430	wawalo the firesworn
34148	55851	wawalo the firesworn
34203	46878	squirg giant
34203	54824	squirg giant
34203	54822	squirg giant
34203	35474	squirg giant
34203	46288	squirg giant
34210	9937	colossal terror
34210	2095	colossal terror
34210	53034	colossal terror
34210	52968	colossal terror
34214	44256	shroud gloom guard
34214	44255	shroud gloom guard
34214	44257	shroud gloom guard
34215	44256	shroud gloom guard
34215	44255	shroud gloom guard
34215	44257	shroud gloom guard
34237	46878	squirg giant
34237	54824	squirg giant
34237	54822	squirg giant
34237	35474	squirg giant
34237	46288	squirg giant
34262	69660	mistborn lifeglider
34262	6432	mistborn lifeglider
34262	6433	mistborn lifeglider
34262	69756	mistborn lifeglider
34262	69753	mistborn lifeglider
34274	44257	sylvan glade guard
34274	44256	sylvan glade guard
34275	44265	viridian guard
34275	44264	viridian guard
34276	44265	viridian guard
34276	44264	viridian guard
34278	52010	xas researcher
34278	51828	xas researcher
34278	45429	xas researcher
34278	44257	xas researcher
34278	44256	xas researcher
34281	52010	xas researcher
34281	51828	xas researcher
34281	45429	xas researcher
34281	44257	xas researcher
34281	44256	xas researcher
34285	39259	sparrek cloudborn
34285	60569	sparrek cloudborn
34285	66122	sparrek cloudborn
34285	61315	sparrek cloudborn
34285	66118	sparrek cloudborn
34314	54621	rime hide matron
34314	53382	rime hide matron
34314	54622	rime hide matron
34314	54626	rime hide matron
34314	54628	rime hide matron
34355	60595	commander durek
34355	61315	commander durek
34355	61014	commander durek
34385	36759	webwood spitter
34385	70403	webwood spitter
34385	47508	webwood spitter
34385	44739	webwood spitter
34386	66151	webwood pincher
34386	58566	webwood pincher
34386	65763	webwood pincher
34386	44739	webwood pincher
34386	66155	webwood pincher
34387	58566	webwood skitter
34387	65763	webwood skitter
34387	44739	webwood skitter
34427	53382	skywing stormmother
34427	55402	skywing stormmother
34427	55421	skywing stormmother
34427	55401	skywing stormmother
34427	55371	skywing stormmother
34446	55762	inventor trappa
34446	50080	inventor trappa
34446	66020	inventor trappa
34446	48616	inventor trappa
34447	57383	equalizer julius
34447	57382	equalizer julius
34447	55628	equalizer julius
34447	55713	equalizer julius
34447	56624	equalizer julius
34448	60566	cycler kolo
34448	51329	cycler kolo
34448	50007	cycler kolo
34448	61315	cycler kolo
34448	50103	cycler kolo
34448	50295	cycler kolo
34470	51329	torine swordmaiden
34470	50103	torine swordmaiden
34470	60566	torine swordmaiden
34470	61315	torine swordmaiden
34470	50295	torine swordmaiden
34470	50007	torine swordmaiden
34474	65849	torine lifecaller
34474	55595	torine lifecaller
34474	53369	torine lifecaller
34475	57843	torine sentinel
34475	58567	torine sentinel
34475	58566	torine sentinel
34475	57029	torine sentinel
34475	69165	torine sentinel
34475	57851	torine sentinel
34475	57872	torine sentinel
34540	44265	grimhold trooper
34540	44264	grimhold trooper
34540	44267	grimhold trooper
34541	44265	grimhold trooper
34541	44264	grimhold trooper
34541	44267	grimhold trooper
34566	26896	dominion guard
34566	44267	dominion guard
34567	26896	dominion guard
34567	44267	dominion guard
34578	65849	torine lifebringer
34578	51965	torine lifebringer
34578	47777	torine lifebringer
34578	55402	torine lifebringer
34578	46990	torine lifebringer
34629	39391	terraformer
34629	39501	terraformer
34629	38560	terraformer
34629	63367	terraformer
34629	38579	terraformer
34689	57843	thundercall acolyte
34689	63233	thundercall acolyte
34689	60598	thundercall acolyte
34689	61315	thundercall acolyte
34689	58535	thundercall acolyte
34689	75357	thundercall acolyte
34689	75599	thundercall acolyte
34720	57288	rockshell blitzer
34720	26161	rockshell blitzer
34720	57287	rockshell blitzer
34720	26385	rockshell blitzer
34721	26161	rockshell skitter
34721	57288	rockshell skitter
34721	57287	rockshell skitter
34721	26385	rockshell skitter
34725	42807	darkspur enforcer
34725	41298	darkspur enforcer
34725	56541	darkspur enforcer
34725	28691	darkspur enforcer
34725	56503	darkspur enforcer
34725	33781	darkspur enforcer
34725	43353	darkspur enforcer
34725	49792	darkspur enforcer
34725	43158	darkspur enforcer
34725	49928	darkspur enforcer
34725	43102	darkspur enforcer
34725	49350	darkspur enforcer
34725	43759	darkspur enforcer
34725	38793	darkspur enforcer
34725	46579	darkspur enforcer
34725	42570	darkspur enforcer
34725	46706	darkspur enforcer
34725	45507	darkspur enforcer
34728	58566	darkspur loader
34728	65716	darkspur loader
34728	54742	darkspur loader
34728	54299	darkspur loader
34728	54817	darkspur loader
34728	63270	darkspur loader
34728	54241	darkspur loader
34729	57631	darkspur commando
34729	66109	darkspur commando
34729	65459	darkspur commando
34729	66284	darkspur commando
34731	65795	darkspur hitman
34731	47669	darkspur hitman
34731	48916	darkspur hitman
34731	55119	darkspur hitman
34731	30905	darkspur hitman
34731	30906	darkspur hitman
34731	54857	darkspur hitman
34731	56503	darkspur hitman
34731	50080	darkspur hitman
34732	28750	robo-cultist initiate
34732	29346	robo-cultist initiate
34732	54916	robo-cultist initiate
34732	42563	robo-cultist initiate
34732	31762	robo-cultist initiate
34732	28716	robo-cultist initiate
34732	24990	robo-cultist initiate
34732	35223	robo-cultist initiate
34734	34361	darkspur chompacabra
34734	35522	darkspur chompacabra
34734	34310	darkspur chompacabra
34734	34264	darkspur chompacabra
34734	34266	darkspur chompacabra
34735	62528	preacherbot v.6.6.6
34735	54212	preacherbot v.6.6.6
34735	52788	preacherbot v.6.6.6
34735	62529	preacherbot v.6.6.6
34735	52972	preacherbot v.6.6.6
34735	42566	preacherbot v.6.6.6
34736	54822	fleshrender
34736	46288	fleshrender
34736	46878	fleshrender
34736	35474	fleshrender
34736	54824	fleshrender
34738	61315	foulflesh grappler
34738	66354	foulflesh grappler
34738	65716	foulflesh grappler
34738	66353	foulflesh grappler
34739	56295	eldan defense construct
34739	66170	eldan defense construct
34739	65795	eldan defense construct
34741	45793	eldan interrogator
34741	53370	eldan interrogator
34741	48563	eldan interrogator
34741	45833	eldan interrogator
34741	44739	eldan interrogator
34741	44468	eldan interrogator
34742	46043	eldan executioner
34742	35474	eldan executioner
34742	46006	eldan executioner
34742	39430	eldan executioner
34745	58566	darkspur butcher
34745	58567	darkspur butcher
34745	66279	darkspur butcher
34745	66275	darkspur butcher
34745	57851	darkspur butcher
34745	69165	darkspur butcher
34745	57872	darkspur butcher
34745	57029	darkspur butcher
34745	57843	darkspur butcher
34745	49792	darkspur butcher
34745	49879	darkspur butcher
34745	49928	darkspur butcher
34746	65795	marcel vinos
34746	62685	marcel vinos
34757	30096	sandswept roan
34757	30510	sandswept roan
34757	21725	sandswept roan
34758	39040	halon ring market terminal
34760	65753	blightwing circler
34760	69165	blightwing circler
34760	66393	blightwing circler
34760	65754	blightwing circler
34760	66394	blightwing circler
34764	53268	red shaleback
34764	53274	red shaleback
34764	21569	red shaleback
34764	21878	red shaleback
34764	31135	red shaleback
34764	53275	red shaleback
34766	34266	bloodthirsty chompling
34766	34264	bloodthirsty chompling
34766	34310	bloodthirsty chompling
34766	34361	bloodthirsty chompling
34766	35522	bloodthirsty chompling
34769	34266	grizzled chomper
34769	35522	grizzled chomper
34769	34361	grizzled chomper
34769	34310	grizzled chomper
34769	34264	grizzled chomper
34772	46040	sunbeak strider
34772	45780	sunbeak strider
34772	34455	sunbeak strider
34772	40117	sunbeak strider
34772	57205	sunbeak strider
34773	53505	roughback grazer
34773	21712	roughback grazer
34773	30503	roughback grazer
34773	18109	roughback grazer
34775	56525	snapjaw prowler
34775	65973	snapjaw prowler
34781	42665	chompacabra mound
34803	56430	carmine lucido
34803	53382	carmine lucido
34803	56431	carmine lucido
34803	50080	carmine lucido
34803	55851	carmine lucido
34804	61315	sandwisp crawler
34804	65763	sandwisp crawler
34804	66155	sandwisp crawler
34804	66151	sandwisp crawler
34805	66151	sandwisp venom spitter
34805	61315	sandwisp venom spitter
34805	65763	sandwisp venom spitter
34805	66155	sandwisp venom spitter
34806	40488	facility x1bb administrator
34806	40506	facility x1bb administrator
34806	45468	facility x1bb administrator
34806	45779	facility x1bb administrator
34806	45501	facility x1bb administrator
34807	57829	land mine
34807	39279	land mine
34808	57287	shinysand burrower
34808	26161	shinysand burrower
34808	57288	shinysand burrower
34808	26385	shinysand burrower
34809	26511	pelagic the tidebreaker
34809	26161	pelagic the tidebreaker
34809	57290	pelagic the tidebreaker
34809	57287	pelagic the tidebreaker
34809	57289	pelagic the tidebreaker
34809	57288	pelagic the tidebreaker
34810	61315	mr. chitters
34810	65763	mr. chitters
34810	52756	mr. chitters
34810	66151	mr. chitters
34810	66155	mr. chitters
34810	54225	mr. chitters
34810	77373	mr. chitters
34811	25871	sawtooth piranha
34811	25877	sawtooth piranha
34813	54212	securitybot
34813	32405	securitybot
34813	31015	securitybot
34813	29344	securitybot
34813	54916	securitybot
34813	26901	securitybot
34813	42052	securitybot
34814	54212	securitybot
34814	32405	securitybot
34814	31015	securitybot
34814	29344	securitybot
34814	54916	securitybot
34814	26901	securitybot
34814	42052	securitybot
34815	55859	venomtip crawler
34815	55861	venomtip crawler
34815	54225	venomtip crawler
34815	55862	venomtip crawler
34815	53988	venomtip crawler
34815	65763	venomtip crawler
34815	55860	venomtip crawler
34833	46797	spectral pillager
34833	57365	spectral pillager
34833	32192	spectral pillager
34833	47033	spectral pillager
34833	15661	spectral pillager
34835	60562	spectral brigand
34835	57843	spectral brigand
34835	63270	spectral brigand
34835	61315	spectral brigand
34835	57872	spectral brigand
34835	69165	spectral brigand
34836	55763	spectral gunslinger
34836	51828	spectral gunslinger
34836	52796	spectral gunslinger
34836	63270	spectral gunslinger
34836	52996	spectral gunslinger
34837	60566	flint-hearted polly
34837	61315	flint-hearted polly
34837	50103	flint-hearted polly
34837	50295	flint-hearted polly
34837	50007	flint-hearted polly
34837	51329	flint-hearted polly
34838	55372	gargleblast scrapper
34838	65744	gargleblast scrapper
34838	42111	gargleblast scrapper
34838	41619	gargleblast scrapper
34838	43947	gargleblast scrapper
34840	58566	hard-drinkin' eberhart
34840	56425	hard-drinkin' eberhart
34840	54742	hard-drinkin' eberhart
34840	53384	hard-drinkin' eberhart
34840	55044	hard-drinkin' eberhart
34842	31700	coal-lung carl
34842	32921	coal-lung carl
34842	32177	coal-lung carl
34842	32630	coal-lung carl
34842	32192	coal-lung carl
34842	46579	coal-lung carl
34842	47033	coal-lung carl
34847	24626	darkspur supervisor
34847	29850	darkspur supervisor
34847	46692	darkspur supervisor
34847	32177	darkspur supervisor
34847	46797	darkspur supervisor
34848	48381	tin-ear tatum
34848	39675	tin-ear tatum
34848	32177	tin-ear tatum
34848	30030	tin-ear tatum
34849	40809	darkspur mechanic
34849	65744	darkspur mechanic
34849	41298	darkspur mechanic
34849	52551	darkspur mechanic
34849	41619	darkspur mechanic
34850	61315	black bret
34850	60568	black bret
34850	49792	black bret
34850	69304	black bret
34851	34149	groundswell surgeshot
34851	30500	groundswell surgeshot
34851	51960	groundswell surgeshot
34851	51828	groundswell surgeshot
34851	48381	groundswell surgeshot
34851	39675	groundswell surgeshot
34852	53988	sandsnapper vermin
34852	55859	sandsnapper vermin
34852	65763	sandsnapper vermin
34852	54225	sandsnapper vermin
34852	55860	sandsnapper vermin
34854	32177	darkspur dockhand
34854	48381	darkspur dockhand
34854	30030	darkspur dockhand
34854	39675	darkspur dockhand
34856	55861	orius the scrab king
34856	55862	orius the scrab king
34856	53988	orius the scrab king
34856	65763	orius the scrab king
34856	54225	orius the scrab king
34856	55859	orius the scrab king
34856	55860	orius the scrab king
34862	55371	merciless mek
34862	55421	merciless mek
34862	55401	merciless mek
34862	53382	merciless mek
34862	55402	merciless mek
34867	30936	witherdust runt
34867	31618	witherdust runt
34868	32735	witherdust yearling
34868	35246	witherdust yearling
34868	32768	witherdust yearling
34868	35282	witherdust yearling
34869	56664	witherdust burrower
34869	30936	witherdust burrower
34869	31619	witherdust burrower
34869	56684	witherdust burrower
34871	4699	robo-cultist acolyte
34871	11245	robo-cultist acolyte
34871	54916	robo-cultist acolyte
34871	42052	robo-cultist acolyte
34871	42563	robo-cultist acolyte
34873	58566	gargleblast drunkard
34873	57843	gargleblast drunkard
34873	57851	gargleblast drunkard
34873	57872	gargleblast drunkard
34873	57029	gargleblast drunkard
34873	69165	gargleblast drunkard
34873	58567	gargleblast drunkard
34874	24059	gargleblast bludger
34874	46692	gargleblast bludger
34874	29850	gargleblast bludger
34874	46797	gargleblast bludger
34875	55119	gargleblast shooter
34875	47669	gargleblast shooter
34875	48924	gargleblast shooter
34875	65795	gargleblast shooter
34875	55372	gargleblast shooter
34876	55531	gargleblast striker
34876	55371	gargleblast striker
34876	53382	gargleblast striker
34877	53382	gargleblast manipulator
34877	55421	gargleblast manipulator
34877	55401	gargleblast manipulator
34877	55371	gargleblast manipulator
34877	55402	gargleblast manipulator
34878	56074	foulflesh windshaman
34878	56073	foulflesh windshaman
34878	53369	foulflesh windshaman
34879	56358	foulflesh boneclaw
34879	56037	foulflesh boneclaw
34879	56390	foulflesh boneclaw
34879	56423	foulflesh boneclaw
34879	53384	foulflesh boneclaw
34879	58566	foulflesh boneclaw
34880	57851	foulflesh brute
34880	58566	foulflesh brute
34880	57029	foulflesh brute
34880	57872	foulflesh brute
34880	69165	foulflesh brute
34880	58567	foulflesh brute
34880	57843	foulflesh brute
34881	56074	foulflesh sandshaman
34881	56073	foulflesh sandshaman
34881	53369	foulflesh sandshaman
34882	61315	foulflesh boneblade
34882	50103	foulflesh boneblade
34882	50295	foulflesh boneblade
34882	60566	foulflesh boneblade
34882	50007	foulflesh boneblade
34882	51329	foulflesh boneblade
34890	36759	spidertron
34890	70403	spidertron
34890	47508	spidertron
34894	65716	spectral raider
34894	63270	spectral raider
34894	66354	spectral raider
34894	66353	spectral raider
34894	61315	spectral raider
34897	57287	shinysand digger
34897	26385	shinysand digger
34897	57288	shinysand digger
34897	26161	shinysand digger
34900	25929	shinysand creeper
34900	25917	shinysand creeper
34901	53988	sandsnapper stinger
34901	55861	sandsnapper stinger
34901	55859	sandsnapper stinger
34901	54225	sandsnapper stinger
34901	55860	sandsnapper stinger
34901	55862	sandsnapper stinger
34901	65763	sandsnapper stinger
34907	21725	longhorn cow
34907	30096	longhorn cow
34907	30510	longhorn cow
34937	47284	eldan exterminator
34937	46042	eldan exterminator
34937	46152	eldan exterminator
34937	46006	eldan exterminator
34937	35474	eldan exterminator
34938	65795	eldan security construct
34938	52348	eldan security construct
34938	66170	eldan security construct
34938	66144	eldan security construct
34938	55845	eldan security construct
34952	55763	slenderskin sentinel
34952	51828	slenderskin sentinel
34952	52010	slenderskin sentinel
34956	20111	watersniffer slank
34956	33243	watersniffer slank
34961	57288	rockshell blitzer
34961	26161	rockshell blitzer
34961	57287	rockshell blitzer
34961	26385	rockshell blitzer
34962	26161	rockshell skitter
34962	57288	rockshell skitter
34962	57287	rockshell skitter
34962	26385	rockshell skitter
34963	65763	sandwisp stalker
34963	66151	sandwisp stalker
34963	58566	sandwisp stalker
34963	66155	sandwisp stalker
34963	52756	sandwisp stalker
34964	25871	sawtooth frenzied piranha
34964	25877	sawtooth frenzied piranha
34965	26511	rockshell clicker
34965	57287	rockshell clicker
34965	57289	rockshell clicker
34965	26161	rockshell clicker
34965	57288	rockshell clicker
34965	57290	rockshell clicker
34975	54212	securitybot
34975	32405	securitybot
34975	31015	securitybot
34975	29344	securitybot
34975	54916	securitybot
34975	26901	securitybot
34975	42052	securitybot
34998	57365	throg smasher
34998	15661	throg smasher
34998	47033	throg smasher
34998	46797	throg smasher
34998	32192	throg smasher
34999	66354	throg striker
34999	66353	throg striker
34999	65716	throg striker
34999	61315	throg striker
35000	65795	throg gunner
35000	47669	throg gunner
35000	46393	throg gunner
35000	51960	throg gunner
35000	55119	throg gunner
35000	51828	throg gunner
35000	48928	throg gunner
35003	50115	throg pounder
35003	47669	throg pounder
35003	55119	throg pounder
35003	48908	throg pounder
35003	65795	throg pounder
35003	65744	throg pounder
35003	46398	throg pounder
35003	45813	throg pounder
35027	48918	macs manning
35027	65795	macs manning
35027	56911	macs manning
35027	47669	macs manning
35027	56020	macs manning
35027	44739	macs manning
35030	65849	storm-bringer the crazed
35030	48895	storm-bringer the crazed
35030	56986	storm-bringer the crazed
35030	47175	storm-bringer the crazed
35030	56990	storm-bringer the crazed
35044	42713	rich lodestone
35078	53382	boss munik
35078	55421	boss munik
35078	55371	boss munik
35078	55401	boss munik
35078	55402	boss munik
35123	40600	eldan fuel rod
35134	46878	gust elemental
35134	69072	gust elemental
35134	69378	gust elemental
35134	65456	gust elemental
35134	35474	gust elemental
35192	42725	slush still
35210	58566	darkspur loader
35210	65716	darkspur loader
35210	54742	darkspur loader
35210	54299	darkspur loader
35210	54817	darkspur loader
35210	63270	darkspur loader
35210	54241	darkspur loader
35216	28691	site 14 probe
35216	41445	site 14 probe
35216	41202	site 14 probe
35216	41442	site 14 probe
35251	30936	augmented rockhound guardian
35251	28626	augmented rockhound guardian
35251	31619	augmented rockhound guardian
35251	56899	augmented rockhound guardian
35270	39445	blooming hellrose
35308	30983	disabled probe
35308	4617	disabled probe
35312	25917	witherdust creeper
35312	25929	witherdust creeper
35320	52742	mad ernest vern
35320	51828	mad ernest vern
35320	51899	mad ernest vern
35320	52010	mad ernest vern
35323	69164	flammable canister
35323	66020	flammable canister
35343	39953	dust devil
35397	52775	malfunctioning tripod
35397	41524	malfunctioning tripod
35397	52777	malfunctioning tripod
35424	38384	destructo construct
35424	39293	destructo construct
35430	28411	generator controls
35441	56492	spinebiting terror
35441	56490	spinebiting terror
35441	32735	spinebiting terror
35441	32734	spinebiting terror
35446	46043	decommissioned xt-9 protector
35446	35474	decommissioned xt-9 protector
35446	46006	decommissioned xt-9 protector
35446	39430	decommissioned xt-9 protector
35501	60566	dominion saboteur
35501	50007	dominion saboteur
35501	50103	dominion saboteur
35501	49888	dominion saboteur
35501	61315	dominion saboteur
35501	65823	dominion saboteur
35562	45302	highland howler
35562	55290	highland howler
35562	55291	highland howler
35562	42362	highland howler
35562	43507	highland howler
35562	46040	highland howler
35608	27543	mistymurk guard
35608	44262	mistymurk guard
35608	44263	mistymurk guard
35608	44267	mistymurk guard
35609	27543	mistymurk guard
35609	44262	mistymurk guard
35609	44263	mistymurk guard
35609	44267	mistymurk guard
35611	32735	vishal-dagh howler
35611	32734	vishal-dagh howler
35611	30095	vishal-dagh howler
35611	33245	vishal-dagh howler
35611	71187	vishal-dagh howler
35613	32734	vishal-dagh mongrel
35613	30095	vishal-dagh mongrel
35613	33245	vishal-dagh mongrel
35613	32735	vishal-dagh mongrel
35614	32735	vishal-dagh alpha
35614	30095	vishal-dagh alpha
35614	32734	vishal-dagh alpha
35614	33245	vishal-dagh alpha
35614	71187	vishal-dagh alpha
35616	32735	vishal-dagh bloodhound
35616	33245	vishal-dagh bloodhound
35616	32734	vishal-dagh bloodhound
35616	30095	vishal-dagh bloodhound
35616	71187	vishal-dagh bloodhound
35617	35605	water twister
35617	24474	water twister
35621	44264	woodhaven guard
35621	44265	woodhaven guard
35623	28626	augmented canimid
35623	30936	augmented canimid
35623	56899	augmented canimid
35623	31619	augmented canimid
35626	43328	energized hillscourge biter
35626	41070	energized hillscourge biter
35626	44466	energized hillscourge biter
35626	44656	energized hillscourge biter
35631	52063	voreth raider
35631	49911	voreth raider
35631	42208	voreth raider
35631	49915	voreth raider
35631	73113	voreth raider
35631	73134	voreth raider
35631	73116	voreth raider
35632	30510	ironcleft roamer
35632	19180	ironcleft roamer
35632	32886	ironcleft roamer
35632	18120	ironcleft roamer
35635	20195	zomclaw screecher
35635	28016	zomclaw screecher
35635	26162	zomclaw screecher
35635	47168	zomclaw screecher
35635	57765	zomclaw screecher
35635	28704	zomclaw screecher
35667	52063	voreth raider
35667	49911	voreth raider
35667	42208	voreth raider
35667	49915	voreth raider
35667	73113	voreth raider
35667	73134	voreth raider
35667	73116	voreth raider
35668	39435	malgrave hellrose
35668	39445	malgrave hellrose
35669	39435	malgrave hellrose
35669	39445	malgrave hellrose
35687	61315	dust digger
35687	65763	dust digger
35689	61315	vishal-dagh tracker
35689	35382	vishal-dagh tracker
35689	42302	vishal-dagh tracker
35689	63761	vishal-dagh tracker
35689	73234	vishal-dagh tracker
35689	73237	vishal-dagh tracker
35689	73289	vishal-dagh tracker
35689	60594	vishal-dagh tracker
35690	60595	vishal-dagh beastmaster
35690	35382	vishal-dagh beastmaster
35690	73237	vishal-dagh beastmaster
35690	73234	vishal-dagh beastmaster
35690	61315	vishal-dagh beastmaster
35691	56430	vishal-dagh packmatron
35691	53382	vishal-dagh packmatron
35691	56431	vishal-dagh packmatron
35691	55851	vishal-dagh packmatron
35699	32734	vishal-dagh pup
35699	30095	vishal-dagh pup
35699	33245	vishal-dagh pup
35699	32735	vishal-dagh pup
35699	71187	vishal-dagh pup
35715	69164	flammable canister
35715	66020	flammable canister
35747	36849	granok engineer
35747	65744	granok engineer
35747	34552	granok engineer
35753	41699	eldan security beam
35757	41699	eldan security beam
35846	44264	dominion eradicator
35846	44267	dominion eradicator
35846	27544	dominion eradicator
35846	35987	dominion eradicator
35848	44264	dominion eradicator
35848	44267	dominion eradicator
35848	27544	dominion eradicator
35848	35987	dominion eradicator
35889	39914	scourwind mudrunner
35889	55539	scourwind mudrunner
35889	65744	scourwind mudrunner
35889	38774	scourwind mudrunner
35890	61283	scourwind render
35890	63209	scourwind render
35890	55044	scourwind render
35890	55185	scourwind render
35893	55539	scourwind headthumper
35893	39914	scourwind headthumper
35893	38774	scourwind headthumper
35893	65744	scourwind headthumper
35895	57843	scourwind challenger
35895	66118	scourwind challenger
35895	66113	scourwind challenger
35895	60562	scourwind challenger
35895	74514	scourwind challenger
35895	61315	scourwind challenger
35895	69165	scourwind challenger
35912	56430	flamedancer pyre-caller
35912	55851	flamedancer pyre-caller
35912	53382	flamedancer pyre-caller
35912	56431	flamedancer pyre-caller
35914	65744	flamedancer acolyte
35914	37932	flamedancer acolyte
35914	38773	flamedancer acolyte
35916	57843	flamedancer zealot
35916	52086	flamedancer zealot
35916	53342	flamedancer zealot
35916	75357	flamedancer zealot
35916	75599	flamedancer zealot
35916	53343	flamedancer zealot
35919	44739	augmented sandwisp crawler
35919	70403	augmented sandwisp crawler
35919	36759	augmented sandwisp crawler
35919	47508	augmented sandwisp crawler
35920	44483	augmented sandswarm stalker
35920	44413	augmented sandswarm stalker
35920	11862	augmented sandswarm stalker
35920	32966	augmented sandswarm stalker
35920	44491	augmented sandswarm stalker
35921	61315	broodlord morkhel
35921	60562	broodlord morkhel
35921	66122	broodlord morkhel
35921	66113	broodlord morkhel
35921	66118	broodlord morkhel
35921	57843	broodlord morkhel
35921	69165	broodlord morkhel
35921	74514	broodlord morkhel
35924	35474	elder cube guardian
35924	46042	elder cube guardian
35924	46006	elder cube guardian
35924	46152	elder cube guardian
35924	47284	elder cube guardian
35925	46043	elder cube protector
35925	39430	elder cube protector
35925	35474	elder cube protector
35925	46006	elder cube protector
35926	56295	elder repair module
35926	65795	elder repair module
35926	66170	elder repair module
35927	28691	elder neutralization module
35927	41202	elder neutralization module
35927	41445	elder neutralization module
35927	41442	elder neutralization module
35928	70128	elder cube augmentation construct
35928	61315	elder cube augmentation construct
35928	44634	elder cube augmentation construct
35940	49906	creekwater primordial
35940	16029	creekwater primordial
35940	35321	creekwater primordial
35940	45732	creekwater primordial
35940	31752	creekwater primordial
35941	31619	augmented bucktooth
35941	30936	augmented bucktooth
35941	28626	augmented bucktooth
35941	56899	augmented bucktooth
35942	47669	sandthorne pistolier
35942	48915	sandthorne pistolier
35942	65795	sandthorne pistolier
35943	53383	sandthorne leafblade
35943	55044	sandthorne leafblade
35943	6972	sandthorne leafblade
35943	53384	sandthorne leafblade
35943	55498	sandthorne leafblade
35944	53384	sandthorne razorvine
35944	54742	sandthorne razorvine
35944	53383	sandthorne razorvine
35944	54838	sandthorne razorvine
35944	54895	sandthorne razorvine
35944	54817	sandthorne razorvine
35946	55498	sandthorne thornpoint
35946	53384	sandthorne thornpoint
35946	58566	sandthorne thornpoint
35946	55044	sandthorne thornpoint
35947	48531	sandthorne malverine
35947	47778	sandthorne malverine
35947	43328	sandthorne malverine
35947	47997	sandthorne malverine
35955	46806	crackling stormgust
35955	69072	crackling stormgust
35955	65456	crackling stormgust
35955	35474	crackling stormgust
35961	61315	skittering flayer
35961	65763	skittering flayer
35961	66151	skittering flayer
35961	66155	skittering flayer
35962	66155	skittering fury
35962	65763	skittering fury
35962	66151	skittering fury
35962	61315	skittering fury
35964	65763	skittering venomfang
35964	66151	skittering venomfang
35964	58566	skittering venomfang
35964	66155	skittering venomfang
35964	52756	skittering venomfang
35967	56622	augmented stonebound
35967	56332	augmented stonebound
35967	70664	augmented stonebound
35967	55700	augmented stonebound
35967	70632	augmented stonebound
35970	61315	dreadfang
35970	66155	dreadfang
35970	65763	dreadfang
35970	52756	dreadfang
35970	54225	dreadfang
35970	77373	dreadfang
35970	66151	dreadfang
35971	70403	toxic weaver
35971	36759	toxic weaver
35971	47508	toxic weaver
35971	44739	toxic weaver
35974	36759	toxic empress
35974	47508	toxic empress
35974	70403	toxic empress
35974	44739	toxic empress
35980	32965	sandswarm stalker
35980	36021	sandswarm stalker
35980	37322	sandswarm stalker
35980	32966	sandswarm stalker
35982	36049	sandswarm doomsting
35982	44714	sandswarm doomsting
35982	44770	sandswarm doomsting
35982	44650	sandswarm doomsting
35983	55531	scourwind stormspeaker
35983	53382	scourwind stormspeaker
35983	55371	scourwind stormspeaker
35984	34262	direclaw mutilator
35984	32422	direclaw mutilator
35984	33250	direclaw mutilator
35984	33249	direclaw mutilator
35984	35556	direclaw mutilator
35987	65762	fangstem
35987	65761	fangstem
35987	57627	fangstem
35987	57624	fangstem
35987	57625	fangstem
35987	57626	fangstem
35988	31395	raging rapids
35989	65753	blightwing howler
35989	66393	blightwing howler
35989	69165	blightwing howler
35989	65754	blightwing howler
35989	66394	blightwing howler
35990	20196	blightwing skyhunter
35990	28704	blightwing skyhunter
35990	57768	blightwing skyhunter
35990	26162	blightwing skyhunter
35990	57765	blightwing skyhunter
35990	28016	blightwing skyhunter
35990	47168	blightwing skyhunter
35991	33249	grimclaw
35991	33250	grimclaw
35991	34262	grimclaw
35991	35556	grimclaw
35991	32422	grimclaw
35994	46051	dew grabber
35994	45779	dew grabber
35994	35474	dew grabber
35994	47152	dew grabber
36002	35474	moisture sapper
36002	54185	moisture sapper
36002	46051	moisture sapper
36002	45780	moisture sapper
36002	47152	moisture sapper
36004	55683	lady briarthorn
36004	65849	lady briarthorn
36004	55702	lady briarthorn
36004	51827	lady briarthorn
36004	55706	lady briarthorn
36006	65849	sandthorne sandshifter
36006	51827	sandthorne sandshifter
36006	55683	sandthorne sandshifter
36007	65849	sandthorne sandshifter
36007	51827	sandthorne sandshifter
36007	55683	sandthorne sandshifter
36008	32965	swiftstrike
36008	32966	swiftstrike
36008	37314	swiftstrike
36008	36094	swiftstrike
36008	36021	swiftstrike
36030	65744	fort communications specialist
36030	36849	fort communications specialist
36030	34552	fort communications specialist
36065	65763	burning weaver
36065	44739	burning weaver
36065	58566	burning weaver
36065	66155	burning weaver
36065	66151	burning weaver
36092	45833	crimson augmentor
36092	47389	crimson augmentor
36092	44739	crimson augmentor
36092	44448	crimson augmentor
36092	42445	crimson augmentor
36092	48563	crimson augmentor
36112	39914	scourwind mudrunner
36112	55539	scourwind mudrunner
36112	65744	scourwind mudrunner
36112	38774	scourwind mudrunner
36113	65744	scourwind skullthumper
36113	38774	scourwind skullthumper
36113	39914	scourwind skullthumper
36113	55539	scourwind skullthumper
36114	74514	scourwind raider
36114	57843	scourwind raider
36114	66113	scourwind raider
36114	60562	scourwind raider
36114	61315	scourwind raider
36114	66118	scourwind raider
36114	69165	scourwind raider
36115	53382	scourwind perchmaster
36115	55421	scourwind perchmaster
36115	55371	scourwind perchmaster
36115	55401	scourwind perchmaster
36115	55402	scourwind perchmaster
36120	65763	aeacus
36120	61315	aeacus
36120	52756	aeacus
36120	66155	aeacus
36120	54225	aeacus
36120	77373	aeacus
36120	66151	aeacus
36121	47152	darkspire tormentor
36121	52869	darkspire tormentor
36121	46042	darkspire tormentor
36121	54185	darkspire tormentor
36121	35474	darkspire tormentor
36121	46051	darkspire tormentor
36127	18120	strawgrazer calf
36127	19174	strawgrazer calf
36129	35474	deathcap
36129	46042	deathcap
36129	52869	deathcap
36129	46051	deathcap
36129	54185	deathcap
36129	47152	deathcap
36142	54936	scarhide tick
36142	65737	scarhide tick
36143	53369	scarhide exorcist
36143	56073	scarhide exorcist
36143	56074	scarhide exorcist
36146	66353	scarhide scalper
36146	66354	scarhide scalper
36146	65716	scarhide scalper
36146	61315	scarhide scalper
36147	54299	scarhide butcher
36147	54327	scarhide butcher
36147	53383	scarhide butcher
36147	53384	scarhide butcher
36147	54675	scarhide butcher
36147	54241	scarhide butcher
36148	55763	scarhide deadshot
36148	52010	scarhide deadshot
36148	51828	scarhide deadshot
36151	39668	poison steam
36155	51899	palehusk dreglord
36155	52010	palehusk dreglord
36155	52742	palehusk dreglord
36155	51828	palehusk dreglord
36222	62529	scarhide tank
36222	54212	scarhide tank
36222	62531	scarhide tank
36222	52788	scarhide tank
36222	62528	scarhide tank
36265	53384	kevo
36265	53383	kevo
36265	54241	kevo
36265	54675	kevo
36265	54299	kevo
36265	54327	kevo
36513	55426	fierce dominion scrapper
36513	53384	fierce dominion scrapper
36513	53383	fierce dominion scrapper
36571	39435	malgrave hellrose
36571	39445	malgrave hellrose
36606	36849	augmented human
36606	65744	augmented human
36606	52740	augmented human
36606	52658	augmented human
36609	70252	windscourge
36609	70251	windscourge
36609	64929	windscourge
36609	68533	windscourge
36619	30936	ridge nibbler
36619	31618	ridge nibbler
36620	34264	ridge chomper
36620	35522	ridge chomper
36620	34361	ridge chomper
36620	34266	ridge chomper
36620	34310	ridge chomper
36622	32379	razorback cuboar
36622	32735	razorback cuboar
36622	39867	razorback cuboar
36622	32612	razorback cuboar
36623	26385	shifty stoneback
36623	57288	shifty stoneback
36623	57287	shifty stoneback
36623	26161	shifty stoneback
36657	42111	forge laborer
36657	42083	forge laborer
36657	65744	forge laborer
36657	41619	forge laborer
36702	44466	hillscourge rumbler
36702	41070	hillscourge rumbler
36702	52769	hillscourge rumbler
36702	44656	hillscourge rumbler
36702	52765	hillscourge rumbler
36702	44200	hillscourge rumbler
36702	43759	hillscourge rumbler
36729	58567	torine bladesister
36729	58566	torine bladesister
36729	69165	torine bladesister
36729	57843	torine bladesister
36729	57872	torine bladesister
36765	39953	dust devil
36787	44265	grimhold trooper
36787	44264	grimhold trooper
36787	44267	grimhold trooper
36798	35321	fellspring
36798	35440	fellspring
36798	32388	fellspring
36798	33828	fellspring
36798	49906	fellspring
36798	31740	fellspring
36810	70252	vortan
36810	70251	vortan
36810	68533	vortan
36810	64929	vortan
36839	32734	dustclaw
36839	34262	dustclaw
36839	45335	dustclaw
36839	32735	dustclaw
36839	45289	dustclaw
36843	59465	flamedancer fire-singer
36843	61331	flamedancer fire-singer
36843	56431	flamedancer fire-singer
36843	55851	flamedancer fire-singer
36843	74524	flamedancer fire-singer
36843	74594	flamedancer fire-singer
36843	74546	flamedancer fire-singer
36893	28868	elder stalagmight
36893	21881	elder stalagmight
36893	21569	elder stalagmight
36893	40171	elder stalagmight
36893	31135	elder stalagmight
36923	53382	voice of osiric
36923	55401	voice of osiric
36923	55402	voice of osiric
36923	55371	voice of osiric
36923	55421	voice of osiric
36925	44257	sylvan glade guard
36925	44256	sylvan glade guard
36949	47669	slenderskin raider
36949	65795	slenderskin raider
36949	55372	slenderskin raider
36949	48924	slenderskin raider
36949	55119	slenderskin raider
36950	62619	slenderskin crusher
36950	56325	slenderskin crusher
36950	49915	slenderskin crusher
36950	42208	slenderskin crusher
36950	42444	slenderskin crusher
36950	58566	slenderskin crusher
36950	71966	slenderskin crusher
36950	71903	slenderskin crusher
36950	41648	slenderskin crusher
36950	72748	slenderskin crusher
36950	59630	slenderskin crusher
36950	72737	slenderskin crusher
36950	72927	slenderskin crusher
36950	56622	slenderskin crusher
36950	58567	slenderskin crusher
36950	41647	slenderskin crusher
36950	71919	slenderskin crusher
36967	53505	silverhorn
36967	18109	silverhorn
36967	53508	silverhorn
36967	30503	silverhorn
36967	21713	silverhorn
36968	53505	duskmoon dawngrazer
36968	18109	duskmoon dawngrazer
36968	30503	duskmoon dawngrazer
36968	21712	duskmoon dawngrazer
36969	21710	duskmoon fawn
36969	18109	duskmoon fawn
36977	45833	crimson augmentor
36977	47389	crimson augmentor
36977	44739	crimson augmentor
36977	44448	crimson augmentor
36977	42445	crimson augmentor
36977	48563	crimson augmentor
37025	32422	rotter the undying
37025	33250	rotter the undying
37025	33249	rotter the undying
37025	34262	rotter the undying
37025	35556	rotter the undying
37119	31117	blood pit slave
37121	31117	blood pit slave
37123	31117	blood pit slave
37155	41699	eldan security beam
37195	65795	xas camp guard
37195	62685	xas camp guard
37195	60569	xas camp guard
37195	61315	xas camp guard
37195	44256	xas camp guard
37195	72717	xas camp guard
37213	53054	grevitch the gruesome
37213	36569	grevitch the gruesome
37213	52968	grevitch the gruesome
37213	53034	grevitch the gruesome
37213	9945	grevitch the gruesome
37213	30979	grevitch the gruesome
37213	2095	grevitch the gruesome
37314	33249	corrupted mutilator
37314	33250	corrupted mutilator
37314	32422	corrupted mutilator
37314	35556	corrupted mutilator
37314	34262	corrupted mutilator
37315	65744	risen darkspur brute
37315	42111	risen darkspur brute
37315	41619	risen darkspur brute
37315	42083	risen darkspur brute
37316	42111	risen darkspur raider
37316	42083	risen darkspur raider
37316	65744	risen darkspur raider
37316	41619	risen darkspur raider
37320	53382	grim alchemist nekijel
37320	56430	grim alchemist nekijel
37320	56431	grim alchemist nekijel
37320	55851	grim alchemist nekijel
37335	55762	dred scorcher
37335	48616	dred scorcher
37335	50080	dred scorcher
37335	66020	dred scorcher
37336	57631	arifo the rascal
37336	52639	arifo the rascal
37336	61431	arifo the rascal
37336	52567	arifo the rascal
37336	52151	arifo the rascal
37343	52235	gloomstone the stranded
37343	55700	gloomstone the stranded
37343	56622	gloomstone the stranded
37343	56326	gloomstone the stranded
37343	40524	gloomstone the stranded
37343	52080	gloomstone the stranded
37343	54349	gloomstone the stranded
37369	66987	flamedancer guardian
37369	65998	flamedancer guardian
37369	65751	flamedancer guardian
37369	64926	flamedancer guardian
37369	63699	flamedancer guardian
37369	75772	flamedancer guardian
37369	75793	flamedancer guardian
37369	75792	flamedancer guardian
37369	65742	flamedancer guardian
37372	58566	professor mcmanus
37372	53384	professor mcmanus
37372	56037	professor mcmanus
37372	56423	professor mcmanus
37372	56358	professor mcmanus
37372	56390	professor mcmanus
37421	53345	hostile deadrock inmate
37421	65744	hostile deadrock inmate
37421	46398	hostile deadrock inmate
37421	53342	hostile deadrock inmate
37421	52454	hostile deadrock inmate
37421	52448	hostile deadrock inmate
37421	51346	hostile deadrock inmate
37421	54299	hostile deadrock inmate
37421	54241	hostile deadrock inmate
37423	53345	hostile deadrock inmate
37423	65744	hostile deadrock inmate
37423	46398	hostile deadrock inmate
37423	53342	hostile deadrock inmate
37423	52454	hostile deadrock inmate
37423	52448	hostile deadrock inmate
37423	51346	hostile deadrock inmate
37423	54299	hostile deadrock inmate
37423	54241	hostile deadrock inmate
37428	53345	hostile deadrock inmate
37428	65744	hostile deadrock inmate
37428	46398	hostile deadrock inmate
37428	53342	hostile deadrock inmate
37428	52454	hostile deadrock inmate
37428	52448	hostile deadrock inmate
37428	51346	hostile deadrock inmate
37428	54299	hostile deadrock inmate
37428	54241	hostile deadrock inmate
37430	53345	hostile deadrock inmate
37430	65744	hostile deadrock inmate
37430	46398	hostile deadrock inmate
37430	53342	hostile deadrock inmate
37430	52454	hostile deadrock inmate
37430	52448	hostile deadrock inmate
37430	51346	hostile deadrock inmate
37430	54299	hostile deadrock inmate
37430	54241	hostile deadrock inmate
37431	53345	hostile deadrock inmate
37431	65744	hostile deadrock inmate
37431	46398	hostile deadrock inmate
37431	53342	hostile deadrock inmate
37431	52454	hostile deadrock inmate
37431	52448	hostile deadrock inmate
37431	51346	hostile deadrock inmate
37431	54299	hostile deadrock inmate
37431	54241	hostile deadrock inmate
37433	53345	hostile deadrock inmate
37433	65744	hostile deadrock inmate
37433	46398	hostile deadrock inmate
37433	53342	hostile deadrock inmate
37433	52454	hostile deadrock inmate
37433	52448	hostile deadrock inmate
37433	51346	hostile deadrock inmate
37433	54299	hostile deadrock inmate
37433	54241	hostile deadrock inmate
37469	42875	bonetalon
37469	55137	bonetalon
37469	58483	bonetalon
37469	44200	bonetalon
37469	34455	bonetalon
37469	35530	bonetalon
37526	57057	stranded snoglug
37526	25877	stranded snoglug
37526	57054	stranded snoglug
37526	57056	stranded snoglug
37526	7031	stranded snoglug
37526	57055	stranded snoglug
37545	42111	deadly deadrock inmate
37545	42083	deadly deadrock inmate
37545	52454	deadly deadrock inmate
37545	65744	deadly deadrock inmate
37545	41619	deadly deadrock inmate
37546	61315	rioting deadrock inmate
37546	65716	rioting deadrock inmate
37546	66353	rioting deadrock inmate
37546	66354	rioting deadrock inmate
37570	55763	dominion breechloader
37570	51828	dominion breechloader
37570	52010	dominion breechloader
37571	55372	dominion trooper
37571	47389	dominion trooper
37571	53345	dominion trooper
37571	50115	dominion trooper
37571	65744	dominion trooper
37572	48931	dominion captain
37572	55119	dominion captain
37572	55372	dominion captain
37572	47669	dominion captain
37572	65795	dominion captain
37572	46393	dominion captain
37572	51828	dominion captain
37572	51960	dominion captain
37577	47389	augmentor construct
37577	42445	augmentor construct
37577	45833	augmentor construct
37577	48563	augmentor construct
37577	44739	augmentor construct
37577	44448	augmentor construct
37591	57768	deathcaw
37591	20196	deathcaw
37591	28704	deathcaw
37591	57765	deathcaw
37591	28016	deathcaw
37591	26162	deathcaw
37591	47168	deathcaw
37593	58567	sergeant kruka
37593	57029	sergeant kruka
37593	57843	sergeant kruka
37593	69165	sergeant kruka
37593	57872	sergeant kruka
37593	58566	sergeant kruka
37593	57851	sergeant kruka
37595	32630	eli redstone
37595	32192	eli redstone
37595	31700	eli redstone
37595	47033	eli redstone
37595	32921	eli redstone
37595	46579	eli redstone
37595	32177	eli redstone
37597	48920	zynian bloodleaf
37597	65795	zynian bloodleaf
37597	55119	zynian bloodleaf
37597	47669	zynian bloodleaf
37600	46393	skywatch trooper
37600	46402	skywatch trooper
37600	48920	skywatch trooper
37600	51960	skywatch trooper
37600	51828	skywatch trooper
37600	55119	skywatch trooper
37603	46393	skywatch trooper
37603	46402	skywatch trooper
37603	48920	skywatch trooper
37603	51960	skywatch trooper
37603	51828	skywatch trooper
37603	55119	skywatch trooper
37626	65744	deadrock dirtdigger
37626	41619	deadrock dirtdigger
37626	42111	deadrock dirtdigger
37626	42083	deadrock dirtdigger
37627	65849	de'kar the summoner
37627	56990	de'kar the summoner
37627	47175	de'kar the summoner
37627	56986	de'kar the summoner
37627	48895	de'kar the summoner
37628	42111	deadrock runner
37628	65744	deadrock runner
37628	41619	deadrock runner
37628	52454	deadrock runner
37628	42083	deadrock runner
37630	35474	rysej the devastation
37630	57878	rysej the devastation
37630	57744	rysej the devastation
37630	57831	rysej the devastation
37630	46878	rysej the devastation
37630	57008	rysej the devastation
37630	38501	rysej the devastation
37640	52658	augmented xas scientist
37640	36849	augmented xas scientist
37640	65744	augmented xas scientist
37640	52740	augmented xas scientist
37641	52658	augmented xas scientist
37641	36849	augmented xas scientist
37641	65744	augmented xas scientist
37641	52740	augmented xas scientist
37642	52658	augmented xas scientist
37642	36849	augmented xas scientist
37642	65744	augmented xas scientist
37642	52740	augmented xas scientist
37643	46043	site 14 protector
37643	46006	site 14 protector
37643	35474	site 14 protector
37643	39430	site 14 protector
37643	46405	site 14 protector
37648	28691	site 14 probe
37648	41445	site 14 probe
37648	41202	site 14 probe
37648	41442	site 14 probe
37649	56295	site 14 mender
37649	65795	site 14 mender
37649	66170	site 14 mender
37657	27783	invisible unit
37657	40535	invisible unit
37667	47226	compliant deadrock inmate
37667	43159	compliant deadrock inmate
37667	46390	compliant deadrock inmate
37667	65744	compliant deadrock inmate
37679	16057	slush barrel
37723	65744	fort communications specialist
37723	36849	fort communications specialist
37723	34552	fort communications specialist
37745	57287	rockhorde runt
37745	26161	rockhorde runt
37745	57288	rockhorde runt
37745	26385	rockhorde runt
37747	26385	rockhorde burrower
37747	26161	rockhorde burrower
37747	57288	rockhorde burrower
37747	57287	rockhorde burrower
37762	32886	ironcleft bull
37762	53436	ironcleft bull
37762	30510	ironcleft bull
37762	21704	ironcleft bull
37762	22670	ironcleft bull
37762	53416	ironcleft bull
37764	46692	lancer stonework
37764	29850	lancer stonework
37764	23762	lancer stonework
37821	57287	cragroach dredger
37821	26385	cragroach dredger
37821	57288	cragroach dredger
37821	26161	cragroach dredger
37831	57287	cragroach dredger
37831	26385	cragroach dredger
37831	57288	cragroach dredger
37831	26161	cragroach dredger
37860	53596	toric antevian
37860	53344	toric antevian
37860	53343	toric antevian
37864	61315	kezrek warbringer
37864	60568	kezrek warbringer
37864	49792	kezrek warbringer
37864	69304	kezrek warbringer
37871	61315	kezrek warbringer
37871	60568	kezrek warbringer
37871	49792	kezrek warbringer
37871	69304	kezrek warbringer
37899	30756	lucent
37899	56986	lucent
37899	46149	lucent
37901	30756	lucent
37901	56986	lucent
37901	46149	lucent
37962	32734	rancid peep
37962	32735	rancid peep
37962	56490	rancid peep
37962	56492	rancid peep
37963	32379	cinderskin slitherer
37963	39866	cinderskin slitherer
37963	71075	cinderskin slitherer
37963	32735	cinderskin slitherer
37963	72400	cinderskin slitherer
37963	72401	cinderskin slitherer
37964	32966	barbed blightwing
37964	71751	barbed blightwing
37964	11862	barbed blightwing
37964	71676	barbed blightwing
37964	71075	barbed blightwing
37965	53988	corrupted cankertail
37965	55859	corrupted cankertail
37965	55861	corrupted cankertail
37965	55862	corrupted cankertail
37965	65763	corrupted cankertail
37965	54225	corrupted cankertail
37965	55860	corrupted cankertail
37965	41355	corrupted cankertail
37966	70229	strain corruptor
37966	70230	strain corruptor
37966	57588	strain corruptor
37966	57589	strain corruptor
37966	57585	strain corruptor
37969	46878	strain mauler
37969	46360	strain mauler
37969	40361	strain mauler
37969	57688	strain mauler
37969	57665	strain mauler
37969	57672	strain mauler
37970	62528	megatech battlebot
37970	58478	megatech battlebot
37978	55851	witchwake cook
37978	56431	witchwake cook
37978	53382	witchwake cook
37978	56430	witchwake cook
38012	56431	ulgar slavebreaker
38012	53382	ulgar slavebreaker
38012	56430	ulgar slavebreaker
38017	32734	ulgar mauler
38017	32735	ulgar mauler
38017	33245	ulgar mauler
38017	30095	ulgar mauler
38017	71187	ulgar mauler
38018	49915	ulgar skullcrusher
38018	49911	ulgar skullcrusher
38018	52063	ulgar skullcrusher
38018	42208	ulgar skullcrusher
38018	73113	ulgar skullcrusher
38018	73116	ulgar skullcrusher
38018	73134	ulgar skullcrusher
38025	60594	ulgar slavemaker
38025	42302	ulgar slavemaker
38025	63761	ulgar slavemaker
38025	35382	ulgar slavemaker
38025	61315	ulgar slavemaker
38025	73234	ulgar slavemaker
38025	73289	ulgar slavemaker
38025	73237	ulgar slavemaker
38054	45121	creeping spawner
38056	46789	creeping eyestalk
38057	46789	creeping eyestalk
38058	46789	creeping eyestalk
38059	58566	spineridge commander
38059	53384	spineridge commander
38059	57350	spineridge commander
38059	57353	spineridge commander
38059	57355	spineridge commander
38059	57354	spineridge commander
38061	47977	kel ulgar forge
38066	42208	ulgar forger
38066	52062	ulgar forger
38066	49911	ulgar forger
38066	49915	ulgar forger
38066	73113	ulgar forger
38066	73116	ulgar forger
38071	43327	filthclaw fiend
38071	47997	filthclaw fiend
38071	47778	filthclaw fiend
38071	48121	filthclaw fiend
38071	48531	filthclaw fiend
38073	58263	necrotic horror
38073	46877	necrotic horror
38073	57878	necrotic horror
38073	57831	necrotic horror
38073	35474	necrotic horror
38073	56818	necrotic horror
38074	48563	corrupted augmentor
38074	53370	corrupted augmentor
38074	45833	corrupted augmentor
38074	45793	corrupted augmentor
38074	44739	corrupted augmentor
38074	44468	corrupted augmentor
38075	65744	ulgar soulslave
38075	42111	ulgar soulslave
38075	41619	ulgar soulslave
38075	52454	ulgar soulslave
38075	42083	ulgar soulslave
38077	65744	ulgar soulslave
38077	42111	ulgar soulslave
38077	41619	ulgar soulslave
38077	52454	ulgar soulslave
38077	42083	ulgar soulslave
38079	66354	spineridge agent
38079	61315	spineridge agent
38079	65716	spineridge agent
38079	66353	spineridge agent
38081	65744	ulgar soulslave
38081	42111	ulgar soulslave
38081	41619	ulgar soulslave
38081	52454	ulgar soulslave
38081	42083	ulgar soulslave
38082	60594	spineridge watcher
38082	61315	spineridge watcher
38082	66275	spineridge watcher
38082	66279	spineridge watcher
38083	51828	spineridge operative
38083	52010	spineridge operative
38083	55763	spineridge operative
38085	65744	ulgar soulslave
38085	42111	ulgar soulslave
38085	41619	ulgar soulslave
38085	52454	ulgar soulslave
38085	42083	ulgar soulslave
38086	26520	gorgegut the necrotic
38086	26466	gorgegut the necrotic
38086	53320	gorgegut the necrotic
38086	26290	gorgegut the necrotic
38086	72412	gorgegut the necrotic
38086	72394	gorgegut the necrotic
38086	26514	gorgegut the necrotic
38086	71075	gorgegut the necrotic
38086	72277	gorgegut the necrotic
38086	72387	gorgegut the necrotic
38088	65744	ulgar soulslave
38088	42111	ulgar soulslave
38088	41619	ulgar soulslave
38088	52454	ulgar soulslave
38088	42083	ulgar soulslave
38092	57688	blighted mauler
38092	40361	blighted mauler
38092	46878	blighted mauler
38092	57665	blighted mauler
38092	46360	blighted mauler
38092	57672	blighted mauler
38109	26161	essence of earth
38109	26385	essence of earth
38109	57287	essence of earth
38109	57288	essence of earth
38110	12425	woodland wildcat
38110	14025	woodland wildcat
38110	26162	woodland wildcat
38110	27991	woodland wildcat
38110	35192	woodland wildcat
38110	27974	woodland wildcat
38113	7459	essence of water
38113	7460	essence of water
38113	30796	essence of water
38113	30866	essence of water
38115	35474	wildwood entangler
38115	47152	wildwood entangler
38115	45779	wildwood entangler
38115	46051	wildwood entangler
38116	45468	bio-dome 3 custodian
38116	45501	bio-dome 3 custodian
38116	40506	bio-dome 3 custodian
38116	40488	bio-dome 3 custodian
38116	45779	bio-dome 3 custodian
38116	72461	bio-dome 3 custodian
38116	72572	bio-dome 3 custodian
38117	53369	brewsister raken
38117	56073	brewsister raken
38117	56074	brewsister raken
38118	35474	big graw
38118	54822	big graw
38118	46878	big graw
38118	54824	big graw
38118	46288	big graw
38125	56430	brewsister elja
38125	53382	brewsister elja
38125	56431	brewsister elja
38126	65763	desert snapper
38126	53988	desert snapper
38126	54225	desert snapper
38126	55860	desert snapper
38126	55859	desert snapper
38126	55862	desert snapper
38126	55861	desert snapper
38127	43366	savage bloodtail
38127	32774	savage bloodtail
38127	44200	savage bloodtail
38127	46933	savage bloodtail
38130	21704	sandhoof bull
38130	53416	sandhoof bull
38130	22670	sandhoof bull
38130	53436	sandhoof bull
38130	30510	sandhoof bull
38130	32886	sandhoof bull
38132	19180	sandhoof calf
38132	18120	sandhoof calf
38132	30510	sandhoof calf
38132	32886	sandhoof calf
38134	20196	desert scavenger
38134	47168	desert scavenger
38134	57765	desert scavenger
38134	57768	desert scavenger
38134	28016	desert scavenger
38134	28704	desert scavenger
38134	26162	desert scavenger
38136	43366	savage grimtail
38136	42383	savage grimtail
38136	32774	savage grimtail
38136	41717	savage grimtail
38136	46895	savage grimtail
38137	49911	drognar the pulverizer
38137	52063	drognar the pulverizer
38137	42208	drognar the pulverizer
38137	49915	drognar the pulverizer
38137	73113	drognar the pulverizer
38137	73116	drognar the pulverizer
38137	73134	drognar the pulverizer
38140	26385	blackrock pummeler
38140	57288	blackrock pummeler
38140	26161	blackrock pummeler
38140	57287	blackrock pummeler
38141	26385	blackrock pelter
38141	26161	blackrock pelter
38141	57288	blackrock pelter
38141	57287	blackrock pelter
38151	53382	ulgar tower slavekeeper
38151	56430	ulgar tower slavekeeper
38151	56431	ulgar tower slavekeeper
38154	35382	ulgar tower guard
38154	60595	ulgar tower guard
38154	61315	ulgar tower guard
38154	73237	ulgar tower guard
38154	73234	ulgar tower guard
38158	58566	darkspur bladegrinder
38158	57843	darkspur bladegrinder
38158	58567	darkspur bladegrinder
38158	69165	darkspur bladegrinder
38158	57872	darkspur bladegrinder
38159	57625	arid longneck
38159	65761	arid longneck
38159	57624	arid longneck
38159	57627	arid longneck
38159	65762	arid longneck
38159	57626	arid longneck
38160	65795	darkspur bandit
38160	47669	darkspur bandit
38160	48920	darkspur bandit
38160	55119	darkspur bandit
38170	46806	elemental flamewrath
38170	64863	elemental flamewrath
38170	69355	elemental flamewrath
38170	64838	elemental flamewrath
38170	35474	elemental flamewrath
38173	57744	charred abomination
38173	35474	charred abomination
38173	46877	charred abomination
38173	57622	charred abomination
38173	56630	charred abomination
38173	57711	charred abomination
38202	35403	ulgar beastmaster
38202	40694	ulgar beastmaster
38202	36849	ulgar beastmaster
38202	72910	ulgar beastmaster
38202	65744	ulgar beastmaster
38202	72918	ulgar beastmaster
38207	71987	corrupted sporeling
38207	47152	corrupted sporeling
38207	71980	corrupted sporeling
38207	46042	corrupted sporeling
38207	35474	corrupted sporeling
38207	46051	corrupted sporeling
38208	46043	corrupted grimspore
38208	35474	corrupted grimspore
38208	71980	corrupted grimspore
38208	71987	corrupted grimspore
38208	46051	corrupted grimspore
38214	40506	corrupted command construct
38214	45468	corrupted command construct
38214	45779	corrupted command construct
38214	40488	corrupted command construct
38214	45501	corrupted command construct
38214	72572	corrupted command construct
38214	72461	corrupted command construct
38215	53384	kevo
38215	53383	kevo
38215	54241	kevo
38215	54675	kevo
38215	54299	kevo
38215	54327	kevo
38216	58566	corrupted sister
38216	58567	corrupted sister
38216	57843	corrupted sister
38216	57872	corrupted sister
38216	69165	corrupted sister
38218	58567	corrupted swordmaiden
38218	57843	corrupted swordmaiden
38218	57029	corrupted swordmaiden
38218	57851	corrupted swordmaiden
38218	58566	corrupted swordmaiden
38218	57872	corrupted swordmaiden
38218	69165	corrupted swordmaiden
38223	58710	megatech medic
38223	58711	megatech medic
38223	54343	megatech medic
38223	54935	megatech medic
38225	66354	corrupted tamer
38225	65716	corrupted tamer
38225	61315	corrupted tamer
38225	66353	corrupted tamer
38228	60568	megatech shock trooper
38228	61315	megatech shock trooper
38228	55434	megatech shock trooper
38231	12425	corrupted padfoot
38231	26162	corrupted padfoot
38231	14024	corrupted padfoot
38231	27974	corrupted padfoot
38231	27991	corrupted padfoot
38232	14024	corrupted slasher
38232	26162	corrupted slasher
38232	27991	corrupted slasher
38232	27974	corrupted slasher
38232	12425	corrupted slasher
38233	57103	corrupted lifecaller
38233	53382	corrupted lifecaller
38233	57099	corrupted lifecaller
38257	73137	essence of life
38257	6917	essence of life
38257	35417	essence of life
38257	6916	essence of life
38257	53868	essence of life
38257	35400	essence of life
38290	34146	corrupted crusher
38290	35556	corrupted crusher
38290	34262	corrupted crusher
38290	34280	corrupted crusher
38290	72584	corrupted crusher
38290	71075	corrupted crusher
38290	72581	corrupted crusher
38290	34361	corrupted crusher
38291	14025	corrupted prowler
38291	12425	corrupted prowler
38291	26162	corrupted prowler
38291	35192	corrupted prowler
38291	27974	corrupted prowler
38291	27991	corrupted prowler
38292	14024	corrupted stalker
38292	26162	corrupted stalker
38292	27974	corrupted stalker
38292	27991	corrupted stalker
38292	12425	corrupted stalker
38299	12425	corrupted mauler
38299	27974	corrupted mauler
38299	35192	corrupted mauler
38299	14025	corrupted mauler
38299	26162	corrupted mauler
38299	27991	corrupted mauler
38306	44200	malverine shredder
38306	48531	malverine shredder
38306	55282	malverine shredder
38308	32774	corrupted scrambler
38308	43327	corrupted scrambler
38308	41717	corrupted scrambler
38308	34455	corrupted scrambler
38308	71965	corrupted scrambler
38308	42875	corrupted scrambler
38308	71075	corrupted scrambler
38311	32774	corrupted leaper
38311	46042	corrupted leaper
38311	46040	corrupted leaper
38311	34455	corrupted leaper
38311	71965	corrupted leaper
38311	71075	corrupted leaper
38312	32774	corrupted howler
38312	46043	corrupted howler
38312	34455	corrupted howler
38312	46040	corrupted howler
38312	71986	corrupted howler
38312	71979	corrupted howler
38312	71075	corrupted howler
38312	71965	corrupted howler
38313	44200	savannah howler
38313	43366	savannah howler
38313	32774	savannah howler
38313	46933	savannah howler
38314	41717	savannah tailwhipper
38314	32774	savannah tailwhipper
38314	43366	savannah tailwhipper
38314	46895	savannah tailwhipper
38314	42383	savannah tailwhipper
38315	41717	savannah slasher
38315	43366	savannah slasher
38315	32774	savannah slasher
38315	42383	savannah slasher
38315	46895	savannah slasher
38318	34455	corrupted scavenger
38318	34151	corrupted scavenger
38318	34310	corrupted scavenger
38318	54600	corrupted scavenger
38318	34236	corrupted scavenger
38318	71965	corrupted scavenger
38318	71075	corrupted scavenger
38318	28704	corrupted scavenger
38319	34235	corrupted snapper
38319	34151	corrupted snapper
38319	34146	corrupted snapper
38319	28704	corrupted snapper
38319	34455	corrupted snapper
38319	71075	corrupted snapper
38319	71965	corrupted snapper
38320	28704	corrupted ripper
38320	34146	corrupted ripper
38320	34455	corrupted ripper
38320	71986	corrupted ripper
38320	71965	corrupted ripper
38320	71979	corrupted ripper
38320	71075	corrupted ripper
38320	34235	corrupted ripper
38322	32422	manglepaw crusher
38322	33250	manglepaw crusher
38322	35556	manglepaw crusher
38322	34262	manglepaw crusher
38322	33249	manglepaw crusher
38325	45494	savannah prowler
38325	12425	savannah prowler
38325	13961	savannah prowler
38325	35192	savannah prowler
38346	27974	twilight prowler
38346	14024	twilight prowler
38346	27991	twilight prowler
38346	12425	twilight prowler
38346	26162	twilight prowler
38347	13961	twilight stalker
38347	12425	twilight stalker
38347	35192	twilight stalker
38347	45494	twilight stalker
38348	12425	twilight mauler
38348	13961	twilight mauler
38348	45494	twilight mauler
38348	35192	twilight mauler
38357	53219	lucy lazarin
38357	38773	lucy lazarin
38357	65744	lucy lazarin
38357	52551	lucy lazarin
38357	53247	lucy lazarin
38358	32734	strain watcher
38358	32735	strain watcher
38358	56490	strain watcher
38358	56492	strain watcher
38360	32734	strain peeper
38360	32735	strain peeper
38360	56490	strain peeper
38360	56492	strain peeper
38361	2340	savannah behemoth
38361	32574	savannah behemoth
38361	19085	savannah behemoth
38361	9743	savannah behemoth
38361	30623	savannah behemoth
38361	55151	savannah behemoth
38381	35321	raging tide
38381	16029	raging tide
38381	31752	raging tide
38381	49906	raging tide
38381	45732	raging tide
38384	32489	stonelord sklor
38384	32493	stonelord sklor
38384	22797	stonelord sklor
38384	35321	stonelord sklor
38384	50097	stonelord sklor
38386	35474	spirevale scorcher
38386	46806	spirevale scorcher
38386	69355	spirevale scorcher
38386	64838	spirevale scorcher
38386	48194	spirevale scorcher
38386	46670	spirevale scorcher
38387	35474	pyrolos the inferno
38387	46670	pyrolos the inferno
38387	46806	pyrolos the inferno
38387	48196	pyrolos the inferno
38387	48194	pyrolos the inferno
38387	64863	pyrolos the inferno
38398	47389	hybridization augmentor
38398	45833	hybridization augmentor
38398	42445	hybridization augmentor
38398	44739	hybridization augmentor
38398	48563	hybridization augmentor
38398	44448	hybridization augmentor
38402	35474	hybridization sentry
38402	46042	hybridization sentry
38402	46006	hybridization sentry
38402	47284	hybridization sentry
38402	46152	hybridization sentry
38403	65795	kinesis probe
38403	66170	kinesis probe
38403	56295	kinesis probe
38404	41445	kinesis drone
38404	41442	kinesis drone
38404	28691	kinesis drone
38404	41202	kinesis drone
38405	46006	kinesis exterminator
38405	46043	kinesis exterminator
38405	46405	kinesis exterminator
38405	35474	kinesis exterminator
38405	39430	kinesis exterminator
38414	71987	corrupted taproot
38414	46043	corrupted taproot
38414	35474	corrupted taproot
38414	71991	corrupted taproot
38414	71980	corrupted taproot
38414	46051	corrupted taproot
38421	41237	data core: geo
38422	41237	data core: bio
38424	41237	data core: hydro
38431	47508	therafos the stranger
38431	70403	therafos the stranger
38431	36759	therafos the stranger
38432	61315	duskfang hunter
38432	66151	duskfang hunter
38432	65763	duskfang hunter
38432	66155	duskfang hunter
38433	53376	hybridization drone
38433	55158	hybridization drone
38433	47747	hybridization drone
38434	40972	soulrot canister
38451	41619	redmoon bruiser
38451	42111	redmoon bruiser
38451	52504	redmoon bruiser
38451	42083	redmoon bruiser
38451	65744	redmoon bruiser
38452	65795	redmoon bullseye
38452	48917	redmoon bullseye
38452	47669	redmoon bullseye
38452	56911	redmoon bullseye
38453	58566	redmoon slasher
38453	57872	redmoon slasher
38453	57851	redmoon slasher
38453	58567	redmoon slasher
38453	57843	redmoon slasher
38454	29850	redmoon pounder
38454	23762	redmoon pounder
38454	46692	redmoon pounder
38469	43366	ringtail howler
38469	47031	ringtail howler
38469	32774	ringtail howler
38469	46933	ringtail howler
38469	44710	ringtail howler
38510	51828	skydrop specialist
38510	52010	skydrop specialist
38510	52742	skydrop specialist
38510	51899	skydrop specialist
38537	57624	corrupted bloom
38537	57625	corrupted bloom
38537	57659	corrupted bloom
38537	57627	corrupted bloom
38537	65761	corrupted bloom
38537	65762	corrupted bloom
38537	73167	corrupted bloom
38537	73139	corrupted bloom
38538	26896	dominion guard
38538	44267	dominion guard
38556	30756	lucent
38556	56986	lucent
38556	46149	lucent
38579	35474	corrupted protector
38579	46405	corrupted protector
38579	39430	corrupted protector
38579	46006	corrupted protector
38579	46043	corrupted protector
38582	47747	corrupted probe
38582	55158	corrupted probe
38582	53376	corrupted probe
38606	61393	witchwake cutter
38606	60562	witchwake cutter
38606	61426	witchwake cutter
38606	61392	witchwake cutter
38606	61315	witchwake cutter
38608	53429	witchwake finder
38608	53382	witchwake finder
38608	56073	witchwake finder
38608	56074	witchwake finder
38609	53382	witchwake necromancer
38609	56073	witchwake necromancer
38609	56078	witchwake necromancer
38609	54577	witchwake necromancer
38609	56074	witchwake necromancer
38618	62674	cogs
38621	52448	mercenary krugar
38621	57664	mercenary krugar
38625	41702	shipping crate
38638	26895	vigilant sniper
38640	26895	vigilant gunner
38641	65716	wayward guardian
38641	58566	wayward guardian
38642	60569	wayward bladeweaver
38642	61315	wayward bladeweaver
38642	44256	wayward bladeweaver
38642	72717	wayward bladeweaver
38653	41699	eldan security beam
38654	41699	eldan security beam
38667	42001	pell control point
38674	52012	lightning strike
38674	76075	lightning strike
38676	57843	acolyte ember-walker
38676	58567	acolyte ember-walker
38676	56798	acolyte ember-walker
38676	63270	acolyte ember-walker
38676	64916	acolyte ember-walker
38676	58566	acolyte ember-walker
38676	75792	acolyte ember-walker
38676	75793	acolyte ember-walker
38676	75772	acolyte ember-walker
38677	53382	acolyte flame-binder
38677	56430	acolyte flame-binder
38677	55851	acolyte flame-binder
38677	56431	acolyte flame-binder
38683	40112	hybridization complex access node
38684	40112	hybridization complex access node
38685	40112	hybridization complex access node
38686	40112	hybridization complex access node
38691	43366	ringtail scrambler
38691	42383	ringtail scrambler
38691	41717	ringtail scrambler
38691	32774	ringtail scrambler
38691	46895	ringtail scrambler
38719	46051	banespore
38719	46042	banespore
38719	35474	banespore
38719	52869	banespore
38719	47152	banespore
38719	54185	banespore
38743	65763	replete skitterling
38743	66151	replete skitterling
38743	61315	replete skitterling
38743	66155	replete skitterling
38769	43328	juicy lardgrub
38769	41070	juicy lardgrub
38769	44466	juicy lardgrub
38769	44656	juicy lardgrub
38772	43328	plump lardgrub
38772	44466	plump lardgrub
38772	41070	plump lardgrub
38772	44656	plump lardgrub
38774	36021	honeyed drone
38774	32965	honeyed drone
38774	32966	honeyed drone
38774	37322	honeyed drone
38871	35474	the x-periment
38871	70617	the x-periment
38871	46938	the x-periment
38871	70514	the x-periment
38871	46670	the x-periment
38871	70515	the x-periment
38881	65795	exo-lab 13 observer
38881	66170	exo-lab 13 observer
38881	56295	exo-lab 13 observer
38882	46043	exo-lab 13 protector
38882	35474	exo-lab 13 protector
38882	46405	exo-lab 13 protector
38882	46006	exo-lab 13 protector
38882	39430	exo-lab 13 protector
38932	66151	poxbrew infector
38932	65763	poxbrew infector
38932	61315	poxbrew infector
38932	66155	poxbrew infector
38972	53369	lifecaller celes
38972	65849	lifecaller celes
38972	55595	lifecaller celes
38973	53343	dominion soldier
38973	53342	dominion soldier
38973	57843	dominion soldier
38973	49350	dominion soldier
38973	43759	dominion soldier
38973	51346	dominion soldier
38973	65744	dominion soldier
38973	57664	dominion soldier
38973	52448	dominion soldier
38973	51828	dominion soldier
38973	52010	dominion soldier
38973	52742	dominion soldier
38973	53345	dominion soldier
38973	52551	dominion soldier
38974	53343	dominion soldier
38974	53342	dominion soldier
38974	57843	dominion soldier
38974	49350	dominion soldier
38974	43759	dominion soldier
38974	51346	dominion soldier
38974	65744	dominion soldier
38974	57664	dominion soldier
38974	52448	dominion soldier
38974	51828	dominion soldier
38974	52010	dominion soldier
38974	52742	dominion soldier
38974	53345	dominion soldier
38974	52551	dominion soldier
38975	53343	dominion soldier
38975	53342	dominion soldier
38975	57843	dominion soldier
38975	49350	dominion soldier
38975	43759	dominion soldier
38975	51346	dominion soldier
38975	65744	dominion soldier
38975	57664	dominion soldier
38975	52448	dominion soldier
38975	51828	dominion soldier
38975	52010	dominion soldier
38975	52742	dominion soldier
38975	53345	dominion soldier
38975	52551	dominion soldier
38976	53343	dominion soldier
38976	53342	dominion soldier
38976	57843	dominion soldier
38976	49350	dominion soldier
38976	43759	dominion soldier
38976	51346	dominion soldier
38976	65744	dominion soldier
38976	57664	dominion soldier
38976	52448	dominion soldier
38976	51828	dominion soldier
38976	52010	dominion soldier
38976	52742	dominion soldier
38976	53345	dominion soldier
38976	52551	dominion soldier
38977	53343	dominion soldier
38977	53342	dominion soldier
38977	57843	dominion soldier
38977	49350	dominion soldier
38977	43759	dominion soldier
38977	51346	dominion soldier
38977	65744	dominion soldier
38977	57664	dominion soldier
38977	52448	dominion soldier
38977	51828	dominion soldier
38977	52010	dominion soldier
38977	52742	dominion soldier
38977	53345	dominion soldier
38977	52551	dominion soldier
38978	53343	dominion soldier
38978	53342	dominion soldier
38978	57843	dominion soldier
38978	49350	dominion soldier
38978	43759	dominion soldier
38978	51346	dominion soldier
38978	65744	dominion soldier
38978	57664	dominion soldier
38978	52448	dominion soldier
38978	51828	dominion soldier
38978	52010	dominion soldier
38978	52742	dominion soldier
38978	53345	dominion soldier
38978	52551	dominion soldier
38981	53343	dominion soldier
38981	53342	dominion soldier
38981	57843	dominion soldier
38981	49350	dominion soldier
38981	43759	dominion soldier
38981	51346	dominion soldier
38981	65744	dominion soldier
38981	57664	dominion soldier
38981	52448	dominion soldier
38981	51828	dominion soldier
38981	52010	dominion soldier
38981	52742	dominion soldier
38981	53345	dominion soldier
38981	52551	dominion soldier
38998	33250	strain crawler
38998	39866	strain crawler
38998	71075	strain crawler
38998	72400	strain crawler
38998	72401	strain crawler
38998	33242	strain crawler
38998	56492	strain crawler
38998	56490	strain crawler
38998	56493	strain crawler
39023	32965	honeyhive harvester
39023	36021	honeyhive harvester
39023	32966	honeyhive harvester
39023	37322	honeyhive harvester
39027	35282	greystone ambusher
39027	32735	greystone ambusher
39027	32768	greystone ambusher
39027	35246	greystone ambusher
39027	56614	greystone ambusher
39029	35246	greystone tunneler
39029	32768	greystone tunneler
39029	32735	greystone tunneler
39029	35282	greystone tunneler
39066	52742	battalion sniper
39066	51828	battalion sniper
39066	51899	battalion sniper
39066	52010	battalion sniper
39067	6917	tainted splintertooth
39067	35417	tainted splintertooth
39067	53868	tainted splintertooth
39067	35400	tainted splintertooth
39067	6916	tainted splintertooth
39079	52473	celestial razortusk
39079	48792	celestial razortusk
39079	45851	celestial razortusk
39079	52536	celestial razortusk
39079	48515	celestial razortusk
39096	69242	assassin kozrek
39096	69269	assassin kozrek
39096	66206	assassin kozrek
39096	58566	assassin kozrek
39096	66171	assassin kozrek
39096	53384	assassin kozrek
39102	41267	department spotlight
39135	42111	furlo gre
39135	65744	furlo gre
39135	41619	furlo gre
39135	42083	furlo gre
39135	52454	furlo gre
39146	35474	rotgear
39146	46877	rotgear
39146	46893	rotgear
39146	46809	rotgear
39146	39430	rotgear
39170	42183	strainpod
39197	41355	dead corrupted cankertail
39203	70229	strain corruptor
39203	70230	strain corruptor
39203	57588	strain corruptor
39203	57589	strain corruptor
39203	57585	strain corruptor
39209	70230	puslek the corruptor
39209	70229	puslek the corruptor
39209	57589	puslek the corruptor
39209	57585	puslek the corruptor
39209	57588	puslek the corruptor
39210	35321	corrupted life
39210	50097	corrupted life
39210	32493	corrupted life
39210	32489	corrupted life
39210	22797	corrupted life
39225	53988	corrupted cankertail
39225	55859	corrupted cankertail
39225	55861	corrupted cankertail
39225	55862	corrupted cankertail
39225	65763	corrupted cankertail
39225	54225	corrupted cankertail
39225	55860	corrupted cankertail
39225	41355	corrupted cankertail
39275	65763	scuttling death
39275	55860	scuttling death
39275	53988	scuttling death
39275	55859	scuttling death
39275	54225	scuttling death
39275	55861	scuttling death
39275	55862	scuttling death
39362	53383	"pa" thrasher
39362	54241	"pa" thrasher
39362	54299	"pa" thrasher
39362	54675	"pa" thrasher
39362	53384	"pa" thrasher
39362	48891	"pa" thrasher
39362	54327	"pa" thrasher
39407	35474	trilius pates
39407	57008	trilius pates
39407	57878	trilius pates
39407	57831	trilius pates
39407	57744	trilius pates
39407	46878	trilius pates
39407	38501	trilius pates
39516	30936	bio-phage illusion
39516	31618	bio-phage illusion
39573	54327	beastcaller hestara
39573	53384	beastcaller hestara
39573	53383	beastcaller hestara
39573	54241	beastcaller hestara
39573	54299	beastcaller hestara
39573	54675	beastcaller hestara
39579	42208	ragla the breaker
39579	49915	ragla the breaker
39579	52063	ragla the breaker
39579	73113	ragla the breaker
39579	73116	ragla the breaker
39579	73134	ragla the breaker
39579	49911	ragla the breaker
39592	46895	malaki
39592	32774	malaki
39592	41717	malaki
39592	48147	malaki
39592	47858	malaki
39592	48086	malaki
39592	43327	malaki
39598	38114	rock debris
39642	14024	swipe
39642	12425	swipe
39642	27974	swipe
39642	27991	swipe
39642	26162	swipe
39644	53320	bulgoth the wallbreaker
39644	26290	bulgoth the wallbreaker
39644	26514	bulgoth the wallbreaker
39644	26466	bulgoth the wallbreaker
39644	26520	bulgoth the wallbreaker
39644	72387	bulgoth the wallbreaker
39644	72412	bulgoth the wallbreaker
39644	71075	bulgoth the wallbreaker
39644	72277	bulgoth the wallbreaker
39644	72394	bulgoth the wallbreaker
39679	44691	strain mine
39691	56295	deactivated eldan protector
39691	65795	deactivated eldan protector
39691	66170	deactivated eldan protector
39707	65744	ric longshanks
39707	42111	ric longshanks
39707	52454	ric longshanks
39707	41619	ric longshanks
39707	42083	ric longshanks
39857	65763	duskfang stalker
39857	61315	duskfang stalker
39859	61315	kezrek warbringer
39859	60568	kezrek warbringer
39859	49792	kezrek warbringer
39859	69304	kezrek warbringer
39860	41237	data core: terra
39861	41237	data core: vita
39862	41237	data core: aqua
39873	41733	hungering fingers
39994	54936	sabotaged servicebot
39994	65737	sabotaged servicebot
39994	69164	sabotaged servicebot
39994	46270	sabotaged servicebot
39994	72729	sabotaged servicebot
39994	72728	sabotaged servicebot
39995	32111	escaped skug queen
39995	5536	escaped skug queen
39995	5532	escaped skug queen
39995	32142	escaped skug queen
40037	18109	dapplehide buck
40037	30503	dapplehide buck
40037	53505	dapplehide buck
40037	21712	dapplehide buck
40038	30503	dapplehide dasher
40038	18109	dapplehide dasher
40038	21712	dapplehide dasher
40038	53505	dapplehide dasher
40039	18109	dapplehide wanderer
40039	21712	dapplehide wanderer
40039	53505	dapplehide wanderer
40039	30503	dapplehide wanderer
40042	21710	dapplehide fawn
40042	18109	dapplehide fawn
40044	49911	forgemaster kraagor
40044	52063	forgemaster kraagor
40044	49915	forgemaster kraagor
40044	42208	forgemaster kraagor
40044	73116	forgemaster kraagor
40044	73113	forgemaster kraagor
40044	73134	forgemaster kraagor
40055	60595	commander durek
40055	61315	commander durek
40055	61014	commander durek
40057	53383	avra darkos
40057	53384	avra darkos
40057	55426	avra darkos
40083	46806	firebreather
40083	35474	firebreather
40083	64838	firebreather
40083	69355	firebreather
40083	64863	firebreather
40095	53387	wildvine guardian
40095	32389	wildvine guardian
40095	32388	wildvine guardian
40097	53377	exile soldier
40097	65795	exile soldier
40097	55763	exile soldier
40097	53371	exile soldier
40097	53383	exile soldier
40097	55434	exile soldier
40097	55764	exile soldier
40097	57872	exile soldier
40097	57843	exile soldier
40097	43759	exile soldier
40098	53377	exile soldier
40098	65795	exile soldier
40098	55763	exile soldier
40098	53371	exile soldier
40098	53383	exile soldier
40098	55434	exile soldier
40098	55764	exile soldier
40098	57872	exile soldier
40098	57843	exile soldier
40098	43759	exile soldier
40102	53377	exile soldier
40102	65795	exile soldier
40102	55763	exile soldier
40102	53371	exile soldier
40102	53383	exile soldier
40102	55434	exile soldier
40102	55764	exile soldier
40102	57872	exile soldier
40102	57843	exile soldier
40102	43759	exile soldier
40103	53377	exile soldier
40103	65795	exile soldier
40103	55763	exile soldier
40103	53371	exile soldier
40103	53383	exile soldier
40103	55434	exile soldier
40103	55764	exile soldier
40103	57872	exile soldier
40103	57843	exile soldier
40103	43759	exile soldier
40104	53377	exile soldier
40104	65795	exile soldier
40104	55763	exile soldier
40104	53371	exile soldier
40104	53383	exile soldier
40104	55434	exile soldier
40104	55764	exile soldier
40104	57872	exile soldier
40104	57843	exile soldier
40104	43759	exile soldier
40106	53377	exile soldier
40106	65795	exile soldier
40106	55763	exile soldier
40106	53371	exile soldier
40106	53383	exile soldier
40106	55434	exile soldier
40106	55764	exile soldier
40106	57872	exile soldier
40106	57843	exile soldier
40106	43759	exile soldier
40110	53377	exile soldier
40110	65795	exile soldier
40110	55763	exile soldier
40110	53371	exile soldier
40110	53383	exile soldier
40110	55434	exile soldier
40110	55764	exile soldier
40110	57872	exile soldier
40110	57843	exile soldier
40110	43759	exile soldier
40111	53377	exile soldier
40111	65795	exile soldier
40111	55763	exile soldier
40111	53371	exile soldier
40111	53383	exile soldier
40111	55434	exile soldier
40111	55764	exile soldier
40111	57872	exile soldier
40111	57843	exile soldier
40111	43759	exile soldier
40114	55762	road warrior
40114	44267	road warrior
40114	52010	road warrior
40114	51828	road warrior
40115	55762	road warrior
40115	44267	road warrior
40115	52010	road warrior
40115	51828	road warrior
40116	55762	road warrior
40116	44267	road warrior
40116	52010	road warrior
40116	51828	road warrior
40117	55762	road warrior
40117	44267	road warrior
40117	52010	road warrior
40117	51828	road warrior
40118	55762	road warrior
40118	44267	road warrior
40118	52010	road warrior
40118	51828	road warrior
40119	55762	road warrior
40119	44267	road warrior
40119	52010	road warrior
40119	51828	road warrior
40120	55762	road warrior
40120	44267	road warrior
40120	52010	road warrior
40120	51828	road warrior
40148	60595	commander durek
40148	61315	commander durek
40148	61014	commander durek
40168	53505	corrupted buck
40168	72001	corrupted buck
40168	72012	corrupted buck
40168	18109	corrupted buck
40168	21712	corrupted buck
40245	33250	strain crawler
40245	39866	strain crawler
40245	71075	strain crawler
40245	72400	strain crawler
40245	72401	strain crawler
40245	33242	strain crawler
40245	56492	strain crawler
40245	56490	strain crawler
40245	56493	strain crawler
40256	33621	protostar special delivery
40266	50103	vigilant petitioner
40266	60566	vigilant petitioner
40266	61315	vigilant petitioner
40266	51329	vigilant petitioner
40266	50295	vigilant petitioner
40266	50007	vigilant petitioner
40280	27783	invisible unit
40280	40535	invisible unit
40299	53384	kevo
40299	53383	kevo
40299	54241	kevo
40299	54675	kevo
40299	54299	kevo
40299	54327	kevo
40363	69164	flammable canister
40363	66020	flammable canister
40383	53383	avra darkos
40383	53384	avra darkos
40383	55426	avra darkos
40386	46938	big baby
40386	70617	big baby
40386	70514	big baby
40386	70515	big baby
40386	46670	big baby
40386	35474	big baby
40387	31618	voreth fiend
40387	30936	voreth fiend
40387	30095	voreth fiend
40387	71187	voreth fiend
40387	6972	voreth fiend
40397	39040	security control board
40406	46692	haggar the hammer
40406	24059	haggar the hammer
40406	29850	haggar the hammer
40406	46797	haggar the hammer
40472	46806	whirlwind
40472	35474	whirlwind
40472	69072	whirlwind
40472	65456	whirlwind
40474	56622	crushstone titan
40474	54349	crushstone titan
40474	55700	crushstone titan
40474	52080	crushstone titan
40474	56326	crushstone titan
40474	52235	crushstone titan
40502	56431	brewsister meloth
40502	53382	brewsister meloth
40502	56430	brewsister meloth
40522	46393	illium guardsman
40522	44267	illium guardsman
40529	44256	radiant legionnaire
40529	58567	radiant legionnaire
40529	49888	radiant legionnaire
40529	50103	radiant legionnaire
40529	57029	radiant legionnaire
40529	57872	radiant legionnaire
40529	69165	radiant legionnaire
40529	57843	radiant legionnaire
40529	58566	radiant legionnaire
40529	44255	radiant legionnaire
40529	57851	radiant legionnaire
40532	36847	vigilant acolyte
40532	65744	vigilant acolyte
40549	44256	radiant legionnaire
40549	58567	radiant legionnaire
40549	49888	radiant legionnaire
40549	50103	radiant legionnaire
40549	57029	radiant legionnaire
40549	57872	radiant legionnaire
40549	69165	radiant legionnaire
40549	57843	radiant legionnaire
40549	58566	radiant legionnaire
40549	44255	radiant legionnaire
40549	57851	radiant legionnaire
40552	47669	legion cadet
40552	55119	legion cadet
40552	46393	legion cadet
40552	48925	legion cadet
40552	51828	legion cadet
40552	65795	legion cadet
40566	65744	hadrian provectus
40566	36847	hadrian provectus
40605	57843	explorer's guild valet
40605	57029	explorer's guild valet
40605	59349	explorer's guild valet
40605	58566	explorer's guild valet
40605	58567	explorer's guild valet
40611	44256	radiant legionnaire
40611	58567	radiant legionnaire
40611	49888	radiant legionnaire
40611	50103	radiant legionnaire
40611	57029	radiant legionnaire
40611	57872	radiant legionnaire
40611	69165	radiant legionnaire
40611	57843	radiant legionnaire
40611	58566	radiant legionnaire
40611	44255	radiant legionnaire
40611	57851	radiant legionnaire
40620	47669	legion cadet
40620	55119	legion cadet
40620	46393	legion cadet
40620	48925	legion cadet
40620	51828	legion cadet
40620	65795	legion cadet
40626	47669	legion cadet
40626	55119	legion cadet
40626	46393	legion cadet
40626	48925	legion cadet
40626	51828	legion cadet
40626	65795	legion cadet
40627	52742	malvolio's receptionist
40633	47669	legion cadet
40633	55119	legion cadet
40633	46393	legion cadet
40633	48925	legion cadet
40633	51828	legion cadet
40633	65795	legion cadet
40637	44256	radiant legionnaire
40637	58567	radiant legionnaire
40637	49888	radiant legionnaire
40637	50103	radiant legionnaire
40637	57029	radiant legionnaire
40637	57872	radiant legionnaire
40637	69165	radiant legionnaire
40637	57843	radiant legionnaire
40637	58566	radiant legionnaire
40637	44255	radiant legionnaire
40637	57851	radiant legionnaire
40649	46393	radiant guardsman
40649	44267	radiant guardsman
40656	44256	radiant legionnaire
40656	58567	radiant legionnaire
40656	49888	radiant legionnaire
40656	50103	radiant legionnaire
40656	57029	radiant legionnaire
40656	57872	radiant legionnaire
40656	69165	radiant legionnaire
40656	57843	radiant legionnaire
40656	58566	radiant legionnaire
40656	44255	radiant legionnaire
40656	57851	radiant legionnaire
40672	44267	rotwood collective guard
40677	36847	vigilant acolyte
40677	65744	vigilant acolyte
40678	44267	rotwood collective guard
40679	44265	research camp echo guard
40679	44267	research camp echo guard
40679	44257	research camp echo guard
40679	44256	research camp echo guard
40679	44264	research camp echo guard
40680	44265	research camp echo guard
40680	44267	research camp echo guard
40680	44257	research camp echo guard
40680	44256	research camp echo guard
40680	44264	research camp echo guard
40681	44265	research camp echo guard
40681	44267	research camp echo guard
40681	44257	research camp echo guard
40681	44256	research camp echo guard
40681	44264	research camp echo guard
40683	44256	radiant legionnaire
40683	58567	radiant legionnaire
40683	49888	radiant legionnaire
40683	50103	radiant legionnaire
40683	57029	radiant legionnaire
40683	57872	radiant legionnaire
40683	69165	radiant legionnaire
40683	57843	radiant legionnaire
40683	58566	radiant legionnaire
40683	44255	radiant legionnaire
40683	57851	radiant legionnaire
40685	31117	researcher aemilia sabineus
40686	44264	rotwood collective turret
40688	44264	research camp echo turret
40714	61315	kezrek warbringer
40714	60568	kezrek warbringer
40714	49792	kezrek warbringer
40714	69304	kezrek warbringer
40736	65744	beastlord renkel
40736	35403	beastlord renkel
40736	40694	beastlord renkel
40736	72910	beastlord renkel
40736	36849	beastlord renkel
40736	72918	beastlord renkel
40737	32734	pain
40737	30095	pain
40737	33245	pain
40737	32735	pain
40737	71187	pain
40738	32734	suffering
40738	32735	suffering
40738	30095	suffering
40738	33245	suffering
40738	71187	suffering
40797	30756	darkice adept
40797	46149	darkice adept
40797	56986	darkice adept
40800	39953	dust devil
40897	45501	project: broon
40897	45468	project: broon
40897	40506	project: broon
40897	40488	project: broon
40897	73067	project: broon
40897	73023	project: broon
40897	71075	project: broon
40897	72919	project: broon
40897	46043	project: broon
40897	73054	project: broon
40947	33250	lifecaller mangler
40947	34262	lifecaller mangler
40947	33242	lifecaller mangler
40947	35556	lifecaller mangler
40948	42330	ice blizzard
40957	52579	rayna darkspeaker
40957	54634	rayna darkspeaker
40957	53110	rayna darkspeaker
40957	42323	rayna darkspeaker
40957	42349	rayna darkspeaker
40960	58566	torine throneguard
40960	58567	torine throneguard
40960	57872	torine throneguard
40960	69165	torine throneguard
40960	57843	torine throneguard
40964	65849	torine lifecaller
40964	55595	torine lifecaller
40964	53369	torine lifecaller
40970	50103	slice
40970	8167	slice
40970	51329	slice
40970	6541	slice
40970	50007	slice
40970	26464	slice
40970	12425	slice
40970	27974	slice
40970	14263	slice
40970	26162	slice
40970	27991	slice
41189	56031	illium warbot guard
41189	44280	illium warbot guard
41192	61315	bloodfire warrior
41192	60594	bloodfire warrior
41207	65711	young fringe scavenger
41207	65754	young fringe scavenger
41219	46360	hammerfist moldjaw
41219	43432	hammerfist moldjaw
41219	43428	hammerfist moldjaw
41219	46877	hammerfist moldjaw
41219	43448	hammerfist moldjaw
41220	46360	hammerfist moldjaw
41220	43432	hammerfist moldjaw
41220	43428	hammerfist moldjaw
41220	46877	hammerfist moldjaw
41220	43448	hammerfist moldjaw
41226	60569	legion captain
41253	61315	ici agent
41254	61315	ici agent
41256	60569	legion captain
41267	54601	deathroll
41267	54600	deathroll
41267	26512	deathroll
41267	25871	deathroll
41267	54602	deathroll
41267	32493	deathroll
41273	46040	fringe pack alpha
41273	55289	fringe pack alpha
41273	42362	fringe pack alpha
41273	45302	fringe pack alpha
41273	43507	fringe pack alpha
41274	65744	disciple darius
41274	36847	disciple darius
41279	65716	ikthian prisoner
41279	58566	ikthian prisoner
41280	65716	ikthian prisoner
41280	58566	ikthian prisoner
41301	61315	agent pheris
41336	38233	trapped researcher
41701	55595	sanctum seer
41701	53369	sanctum seer
41701	65849	sanctum seer
41706	61315	sanctum slayer
41706	65716	sanctum slayer
41706	66354	sanctum slayer
41706	66353	sanctum slayer
41732	36847	ravenous horror
41732	65744	ravenous horror
41734	47389	ravenous ghoul
41734	54299	ravenous ghoul
41734	54241	ravenous ghoul
41734	53345	ravenous ghoul
41734	50115	ravenous ghoul
41734	65744	ravenous ghoul
41752	57851	ravenous fiend
41752	57872	ravenous fiend
41752	58566	ravenous fiend
41752	57843	ravenous fiend
41752	58567	ravenous fiend
41752	69165	ravenous fiend
41752	57029	ravenous fiend
41791	42587	small dust storm twister
41883	41202	defiled probe
41883	28691	defiled probe
41883	41445	defiled probe
41883	41442	defiled probe
41884	46042	defiled protector
41884	46006	defiled protector
41884	35474	defiled protector
41884	46152	defiled protector
41884	6972	defiled protector
41884	47284	defiled protector
41889	62528	preacherbot v.6.6.6
41889	54212	preacherbot v.6.6.6
41889	52788	preacherbot v.6.6.6
41889	62529	preacherbot v.6.6.6
41889	52972	preacherbot v.6.6.6
41889	42566	preacherbot v.6.6.6
41977	46043	phagelab defector
41977	35474	phagelab defector
41977	39430	phagelab defector
41977	46006	phagelab defector
41977	46405	phagelab defector
41991	56295	phagelab probe
41991	66170	phagelab probe
41991	65795	phagelab probe
42197	43293	phagelab exhaust vent
42457	74698	crate
42457	72299	crate
42457	44679	crate
42540	41699	eldan security beam
42546	65709	ghostwing
42546	65753	ghostwing
42546	52719	ghostwing
42546	52717	ghostwing
42546	52720	ghostwing
42546	54189	ghostwing
42838	30623	augmented bighorn
42838	55151	augmented bighorn
42838	9743	augmented bighorn
42838	19085	augmented bighorn
42838	32574	augmented bighorn
42838	2340	augmented bighorn
42874	57816	vorion the corruptor
42874	65758	vorion the corruptor
42874	57797	vorion the corruptor
42874	62619	vorion the corruptor
42874	70382	vorion the corruptor
42874	57798	vorion the corruptor
42895	62674	cogs
42897	52448	mercenary krugar
42897	57664	mercenary krugar
43083	12425	feralclaw slasher
43083	13961	feralclaw slasher
43083	45494	feralclaw slasher
43083	35192	feralclaw slasher
43121	52994	system core console
43122	52994	initializing socket panel
43247	71227	barrel
43435	53219	lucy lazarin
43435	38773	lucy lazarin
43435	65744	lucy lazarin
43435	52551	lucy lazarin
43435	53247	lucy lazarin
43446	36847	ulgar watchslave
43446	65744	ulgar watchslave
43447	36847	ulgar watchslave
43447	65744	ulgar watchslave
43448	36847	ulgar watchslave
43448	65744	ulgar watchslave
43449	36847	ulgar watchslave
43449	65744	ulgar watchslave
43450	36847	ulgar watchslave
43450	65744	ulgar watchslave
43506	39596	zoetic
43506	69713	zoetic
43506	48120	zoetic
43506	40488	zoetic
43506	35322	zoetic
43506	28583	zoetic
43610	35474	charred fiend
43610	46043	charred fiend
43827	62528	ragebot scanner
43827	54212	ragebot scanner
43827	62529	ragebot scanner
43827	52788	ragebot scanner
43827	62531	ragebot scanner
44024	42658	darktide dragoon
44024	42570	darktide dragoon
44024	41648	darktide dragoon
44024	41647	darktide dragoon
44024	41827	darktide dragoon
44024	72737	darktide dragoon
44024	72748	darktide dragoon
44024	72927	darktide dragoon
44029	57287	darktide finripper
44029	57288	darktide finripper
44029	26161	darktide finripper
44029	26385	darktide finripper
44134	60595	commander durek
44134	61315	commander durek
44134	61014	commander durek
44426	48563	derelict silo augmentor ds-01
44426	47389	derelict silo augmentor ds-01
44426	45833	derelict silo augmentor ds-01
44426	42445	derelict silo augmentor ds-01
44426	44448	derelict silo augmentor ds-01
44426	44739	derelict silo augmentor ds-01
44435	44711	derelict silo command construct
44435	72461	derelict silo command construct
44435	40488	derelict silo command construct
44435	72572	derelict silo command construct
44480	25877	lunarfin stalker
44480	25871	lunarfin stalker
44518	48563	derelict silo augmentor ds-x5
44518	45833	derelict silo augmentor ds-x5
44518	47389	derelict silo augmentor ds-x5
44518	44739	derelict silo augmentor ds-x5
44518	44448	derelict silo augmentor ds-x5
44518	42445	derelict silo augmentor ds-x5
44677	65760	shatterforce guard
44677	53371	shatterforce guard
44677	53370	shatterforce guard
44678	65760	shatterforce guard
44678	53371	shatterforce guard
44678	53370	shatterforce guard
44680	53383	shatterforce commando
44680	57872	shatterforce commando
44680	43759	shatterforce commando
44680	57843	shatterforce commando
44680	53371	shatterforce commando
44680	53384	shatterforce commando
44680	55763	shatterforce commando
44681	53383	shatterforce commando
44681	57872	shatterforce commando
44681	43759	shatterforce commando
44681	57843	shatterforce commando
44681	53371	shatterforce commando
44681	53384	shatterforce commando
44681	55763	shatterforce commando
44682	53382	shatterforce esper
44683	53383	shatterforce commando
44683	57872	shatterforce commando
44683	43759	shatterforce commando
44683	57843	shatterforce commando
44683	53371	shatterforce commando
44683	53384	shatterforce commando
44683	55763	shatterforce commando
44693	65744	shatterforce tanker
44693	36847	shatterforce tanker
44716	46040	plum-necked strutter
44716	45780	plum-necked strutter
44716	40117	plum-necked strutter
44716	34455	plum-necked strutter
44716	57205	plum-necked strutter
44721	61315	kezrek warbringer
44721	60568	kezrek warbringer
44721	49792	kezrek warbringer
44721	69304	kezrek warbringer
44735	56986	torine raincaller
44735	30756	torine raincaller
44735	46149	torine raincaller
44742	30756	torine stormcaller
44742	46149	torine stormcaller
44742	56986	torine stormcaller
44766	45618	derelict silo squirg overseer
44766	21665	derelict silo squirg overseer
44792	57103	torine purger
44792	57099	torine purger
44792	53382	torine purger
44793	53382	torine lifesealer
44793	57114	torine lifesealer
44793	57103	torine lifesealer
44793	57107	torine lifesealer
44793	57099	torine lifesealer
44794	65849	torine lifebringer
44794	51965	torine lifebringer
44794	47777	torine lifebringer
44794	55402	torine lifebringer
44794	46990	torine lifebringer
44795	35321	bound life
44795	22797	bound life
44795	50097	bound life
44795	32493	bound life
44795	32489	bound life
44796	65737	wildfall watcher
44796	52721	wildfall watcher
44796	30999	wildfall watcher
44796	53358	wildfall watcher
44877	56031	thayd warbot guard
44877	44280	thayd warbot guard
44885	44267	thayd guardsman
44885	60563	thayd guardsman
44885	61315	thayd guardsman
44885	62685	thayd guardsman
44885	62589	thayd guardsman
44885	65795	thayd guardsman
44885	44283	thayd guardsman
44885	45429	thayd guardsman
44885	72717	thayd guardsman
44886	44267	thayd guardsman
44886	60563	thayd guardsman
44886	61315	thayd guardsman
44886	62685	thayd guardsman
44886	62589	thayd guardsman
44886	65795	thayd guardsman
44886	44283	thayd guardsman
44886	45429	thayd guardsman
44886	72717	thayd guardsman
44887	44267	thayd guardsman
44887	60563	thayd guardsman
44887	61315	thayd guardsman
44887	62685	thayd guardsman
44887	62589	thayd guardsman
44887	65795	thayd guardsman
44887	44283	thayd guardsman
44887	45429	thayd guardsman
44887	72717	thayd guardsman
44888	44267	thayd guardsman
44888	60563	thayd guardsman
44888	61315	thayd guardsman
44888	62685	thayd guardsman
44888	62589	thayd guardsman
44888	65795	thayd guardsman
44888	44283	thayd guardsman
44888	45429	thayd guardsman
44888	72717	thayd guardsman
44938	5536	moonfell walker
44938	5532	moonfell walker
44938	32111	moonfell walker
44938	32140	moonfell walker
44938	24603	moonfell walker
44940	32388	lumbering hulker
44940	32389	lumbering hulker
44940	53387	lumbering hulker
44942	44267	thayd guardsman
44942	60563	thayd guardsman
44942	61315	thayd guardsman
44942	62685	thayd guardsman
44942	62589	thayd guardsman
44942	65795	thayd guardsman
44942	44283	thayd guardsman
44942	45429	thayd guardsman
44942	72717	thayd guardsman
45056	44264	gallow peacekeeper
45056	44265	gallow peacekeeper
45103	62531	old scrappy
45103	52788	old scrappy
45103	54212	old scrappy
45103	62529	old scrappy
45103	62528	old scrappy
45104	54936	salvagebot
45104	65737	salvagebot
45258	57843	prison guard
45258	57029	prison guard
45258	57851	prison guard
45258	58567	prison guard
45258	69165	prison guard
45258	57872	prison guard
45258	58566	prison guard
45283	51828	ikthian machinist
45283	55763	ikthian machinist
45283	52010	ikthian machinist
45323	47389	augmentor construct
45323	42445	augmentor construct
45323	45833	augmentor construct
45323	48563	augmentor construct
45323	44739	augmentor construct
45323	44448	augmentor construct
45435	44265	grimhold trooper
45435	44264	grimhold trooper
45435	44267	grimhold trooper
45449	55860	subterranean scrab
45449	53988	subterranean scrab
45449	54225	subterranean scrab
45449	65763	subterranean scrab
45449	55859	subterranean scrab
45454	26161	subterrestrial rockhorde
45454	26385	subterrestrial rockhorde
45454	57288	subterrestrial rockhorde
45454	57287	subterrestrial rockhorde
45480	31135	angry rock
45480	21878	angry rock
45480	53275	angry rock
45480	21569	angry rock
45480	53268	angry rock
45480	53274	angry rock
45489	52720	highland broadwing
45489	65709	highland broadwing
45489	52719	highland broadwing
45489	65753	highland broadwing
45489	52717	highland broadwing
45489	54189	highland broadwing
45491	25763	marshgrass snoglug
45491	7031	marshgrass snoglug
45491	55329	marshgrass snoglug
45495	53596	toric antevian
45495	53344	toric antevian
45495	53343	toric antevian
45556	42111	wounded soldier
45556	65744	wounded soldier
45556	42083	wounded soldier
45556	41619	wounded soldier
45570	27307	doomthorn the ancient
45570	6561	doomthorn the ancient
45570	6562	doomthorn the ancient
45570	63705	doomthorn the ancient
45570	57624	doomthorn the ancient
45570	63652	doomthorn the ancient
45578	65761	deadbough
45578	57627	deadbough
45578	57624	deadbough
45578	57625	deadbough
45578	65762	deadbough
45578	57626	deadbough
45580	33250	barebones
45580	32422	barebones
45580	33249	barebones
45580	35556	barebones
45580	34262	barebones
45581	42111	wounded soldier
45581	65744	wounded soldier
45581	42083	wounded soldier
45581	41619	wounded soldier
45583	6916	wormwood the wraithmaker
45583	38031	wormwood the wraithmaker
45583	38079	wormwood the wraithmaker
45583	53868	wormwood the wraithmaker
45583	52760	wormwood the wraithmaker
45583	6917	wormwood the wraithmaker
45583	52762	wormwood the wraithmaker
45586	53382	wormwood acolyte
45586	56430	wormwood acolyte
45586	56431	wormwood acolyte
45596	35530	ashwin the stormcrested
45596	44200	ashwin the stormcrested
45596	55137	ashwin the stormcrested
45596	42875	ashwin the stormcrested
45596	34455	ashwin the stormcrested
45596	58483	ashwin the stormcrested
45597	40506	claymore xt-9
45597	45468	claymore xt-9
45597	45501	claymore xt-9
45597	40488	claymore xt-9
45597	45779	claymore xt-9
45597	72461	claymore xt-9
45597	72572	claymore xt-9
45598	62528	ag5 blitzbuster
45598	62530	ag5 blitzbuster
45598	62529	ag5 blitzbuster
45598	62531	ag5 blitzbuster
45598	63270	ag5 blitzbuster
45598	66296	ag5 blitzbuster
45599	50103	nym maiden of mercy
45599	50007	nym maiden of mercy
45599	50295	nym maiden of mercy
45599	60566	nym maiden of mercy
45599	61315	nym maiden of mercy
45599	51329	nym maiden of mercy
45600	55595	asteria
45600	53369	asteria
45600	65849	asteria
45601	58567	acacia
45601	57843	acacia
45601	58566	acacia
45601	69165	acacia
45601	57872	acacia
45602	65716	atethys
45602	61315	atethys
45602	66354	atethys
45602	66353	atethys
45603	29850	mikolai the malevolent
45603	24059	mikolai the malevolent
45603	46797	mikolai the malevolent
45603	46692	mikolai the malevolent
45639	53219	lucy lazarin
45639	38773	lucy lazarin
45639	65744	lucy lazarin
45639	52551	lucy lazarin
45639	53247	lucy lazarin
45709	42111	wounded soldier
45709	65744	wounded soldier
45709	42083	wounded soldier
45709	41619	wounded soldier
45710	42111	wounded soldier
45710	65744	wounded soldier
45710	42083	wounded soldier
45710	41619	wounded soldier
45711	42111	wounded soldier
45711	65744	wounded soldier
45711	42083	wounded soldier
45711	41619	wounded soldier
45712	42111	wounded soldier
45712	65744	wounded soldier
45712	42083	wounded soldier
45712	41619	wounded soldier
45734	55763	bonerazer sharpshot
45734	51828	bonerazer sharpshot
45734	52010	bonerazer sharpshot
45740	58566	bonerazer cleaver
45740	58567	bonerazer cleaver
45740	69165	bonerazer cleaver
45740	57872	bonerazer cleaver
45740	57843	bonerazer cleaver
45743	53384	bonerazer shredder
45743	53383	bonerazer shredder
45743	54327	bonerazer shredder
45743	54241	bonerazer shredder
45743	54299	bonerazer shredder
45743	54675	bonerazer shredder
45744	60567	bonerazer predator
45744	50295	bonerazer predator
45744	51329	bonerazer predator
45744	61315	bonerazer predator
45744	50103	bonerazer predator
45764	40506	n22 commandbot
45764	45779	n22 commandbot
45764	45468	n22 commandbot
45764	45501	n22 commandbot
45764	40488	n22 commandbot
45764	72461	n22 commandbot
45764	72572	n22 commandbot
45779	45434	clashing forces
45782	52777	protostar a.h.v.u.p.a.d.m.
45782	52772	protostar a.h.v.u.p.a.d.m.
45782	53348	protostar a.h.v.u.p.a.d.m.
45782	52853	protostar a.h.v.u.p.a.d.m.
45782	52775	protostar a.h.v.u.p.a.d.m.
45797	45951	squirg clampjaw
45797	25871	squirg clampjaw
45797	25877	squirg clampjaw
45799	79182	squirg ripfang
45799	65709	squirg ripfang
45799	65711	squirg ripfang
45799	45820	squirg ripfang
45809	5536	big birther
45809	5532	big birther
45809	24594	big birther
45849	41619	floating eyeballs
45849	65744	floating eyeballs
45849	42111	floating eyeballs
45849	42083	floating eyeballs
45866	42111	enraged lamp
45866	65744	enraged lamp
45866	41619	enraged lamp
45866	42083	enraged lamp
45879	42111	sentient shadow
45879	65744	sentient shadow
45879	42083	sentient shadow
45879	41619	sentient shadow
45903	41619	hallucinating worker
45903	42111	hallucinating worker
45903	42083	hallucinating worker
45903	65744	hallucinating worker
45904	41619	hallucinating worker
45904	42111	hallucinating worker
45904	42083	hallucinating worker
45904	65744	hallucinating worker
45905	34982	hijacked drillbot
45905	24990	hijacked drillbot
45905	35223	hijacked drillbot
45905	35622	hijacked drillbot
45908	20111	mole slank
45908	33243	mole slank
45909	21881	crystalback burrower
45909	40171	crystalback burrower
45909	28868	crystalback burrower
45909	21569	crystalback burrower
45909	31135	crystalback burrower
45912	12294	angry regurgitated buzzbing
45913	55761	chua incinerator
45913	55885	chua incinerator
45914	65744	chua saboteur
45914	38773	chua saboteur
45914	55438	chua saboteur
45932	38773	cassian medic
45932	55438	cassian medic
45932	65744	cassian medic
45978	69304	drillmaster gurren
45978	61315	drillmaster gurren
45978	49792	drillmaster gurren
45978	60568	drillmaster gurren
46054	57055	murkshore snoglug
46054	25764	murkshore snoglug
46054	7031	murkshore snoglug
46054	57054	murkshore snoglug
46098	30820	terros medusa
46098	7460	terros medusa
46098	30796	terros medusa
46098	7459	terros medusa
46098	30865	terros medusa
46100	6916	lowland strongbark
46100	52760	lowland strongbark
46100	52762	lowland strongbark
46100	27755	lowland strongbark
46100	6917	lowland strongbark
46114	53348	dominion turret
46114	44283	dominion turret
46114	42235	dominion turret
46114	52775	dominion turret
46114	52772	dominion turret
46114	52853	dominion turret
46114	52777	dominion turret
46119	27543	exile guard
46119	44264	exile guard
46119	44267	exile guard
46161	36847	dominion informant
46161	65744	dominion informant
46227	65763	spiderling
46227	58566	spiderling
46227	44739	spiderling
46274	47168	bluff bonestripper
46274	28016	bluff bonestripper
46274	57765	bluff bonestripper
46274	26162	bluff bonestripper
46274	57768	bluff bonestripper
46274	20196	bluff bonestripper
46274	28704	bluff bonestripper
46275	47284	facility safeguard
46275	46042	facility safeguard
46275	46152	facility safeguard
46275	35474	facility safeguard
46275	46006	facility safeguard
46275	6972	facility safeguard
46276	48563	facility augmentor
46276	44739	facility augmentor
46276	45833	facility augmentor
46276	53356	facility augmentor
46276	44448	facility augmentor
46276	6972	facility augmentor
46277	34266	sandswept gnasher
46277	34264	sandswept gnasher
46277	34361	sandswept gnasher
46277	35522	sandswept gnasher
46277	34310	sandswept gnasher
46279	55859	dusty barbclaw
46279	53988	dusty barbclaw
46279	54225	dusty barbclaw
46279	65763	dusty barbclaw
46279	55860	dusty barbclaw
46280	66170	facility supportbot
46280	56294	facility supportbot
46280	65795	facility supportbot
46280	6972	facility supportbot
46281	57288	sandy spikehorn
46281	26161	sandy spikehorn
46281	26385	sandy spikehorn
46281	57287	sandy spikehorn
46282	56525	sandswept mauler
46282	65973	sandswept mauler
46283	45779	creeping blightshard
46283	47152	creeping blightshard
46283	46051	creeping blightshard
46283	35474	creeping blightshard
46284	57768	windswept bonestripper
46284	57765	windswept bonestripper
46284	26162	windswept bonestripper
46284	28016	windswept bonestripper
46284	47168	windswept bonestripper
46284	28704	windswept bonestripper
46284	20196	windswept bonestripper
46285	65762	viridian spineback
46285	57624	viridian spineback
46285	65761	viridian spineback
46285	57627	viridian spineback
46285	57626	viridian spineback
46285	57625	viridian spineback
46286	34361	drymaw nipper
46286	34266	drymaw nipper
46286	34264	drymaw nipper
46286	35522	drymaw nipper
46286	34310	drymaw nipper
46287	55859	sandy snapper
46287	65763	sandy snapper
46287	54225	sandy snapper
46287	53988	sandy snapper
46287	55860	sandy snapper
46288	57287	sandstone skitter
46288	26385	sandstone skitter
46288	26161	sandstone skitter
46288	57288	sandstone skitter
46289	46878	grancor's cage
46289	35474	grancor's cage
46289	54822	grancor's cage
46289	46288	grancor's cage
46289	54824	grancor's cage
46291	32735	desolate savage
46291	34262	desolate savage
46291	32768	desolate savage
46291	45770	desolate savage
46291	45745	desolate savage
46293	35474	grancor
46293	46878	grancor
46293	54824	grancor
46293	54822	grancor
46293	46288	grancor
46294	33249	sunbleached longtooth
46294	33250	sunbleached longtooth
46294	34262	sunbleached longtooth
46294	32422	sunbleached longtooth
46294	35556	sunbleached longtooth
46295	31619	dusty hellion
46295	56899	dusty hellion
46295	30936	dusty hellion
46295	28626	dusty hellion
46299	35474	arid spore
46299	45779	arid spore
46299	46051	arid spore
46299	47152	arid spore
46301	35246	sunbleached hellion
46301	32735	sunbleached hellion
46301	35282	sunbleached hellion
46301	32768	sunbleached hellion
46302	65762	subject s- leviathan
46302	57626	subject s- leviathan
46302	57627	subject s- leviathan
46302	65761	subject s- leviathan
46302	57625	subject s- leviathan
46302	57624	subject s- leviathan
46303	70403	subject c- horror
46303	36759	subject c- horror
46303	47508	subject c- horror
46304	56622	subject o - bloodstone
46304	56332	subject o - bloodstone
46304	55700	subject o - bloodstone
46304	70664	subject o - bloodstone
46304	70632	subject o - bloodstone
46305	9743	subject t - mammoth
46305	32574	subject t - mammoth
46305	55151	subject t - mammoth
46305	2340	subject t - mammoth
46305	19085	subject t - mammoth
46305	30623	subject t - mammoth
46307	29850	forsaken raider
46307	46692	forsaken raider
46307	46797	forsaken raider
46307	24059	forsaken raider
46308	55371	forsaken aviator
46308	55421	forsaken aviator
46308	55401	forsaken aviator
46308	53382	forsaken aviator
46308	55402	forsaken aviator
46309	42111	forsaken pillager
46309	65744	forsaken pillager
46309	42083	forsaken pillager
46309	52504	forsaken pillager
46309	41619	forsaken pillager
46310	26520	subject y - titan
46310	26466	subject y - titan
46310	26115	subject y - titan
46310	26289	subject y - titan
46310	53320	subject y - titan
46311	70514	subject h - goliath
46311	46938	subject h - goliath
46311	70617	subject h - goliath
46311	46670	subject h - goliath
46311	35474	subject h - goliath
46311	70515	subject h - goliath
46312	26161	sandstone runt
46312	57287	sandstone runt
46312	57288	sandstone runt
46312	26385	sandstone runt
46312	6972	sandstone runt
46313	65761	shattered leviathan
46313	57624	shattered leviathan
46313	57625	shattered leviathan
46313	57627	shattered leviathan
46313	65762	shattered leviathan
46313	57626	shattered leviathan
46314	62619	disgraced champion
46314	49915	disgraced champion
46314	61398	disgraced champion
46314	42208	disgraced champion
46315	56431	infernal cleric
46315	56430	infernal cleric
46315	55851	infernal cleric
46315	53382	infernal cleric
46317	44267	redsand defense system
46322	46043	facility sentinel
46322	46006	facility sentinel
46322	46405	facility sentinel
46322	35474	facility sentinel
46322	39430	facility sentinel
46324	45833	facility guardian
46324	45793	facility guardian
46324	44739	facility guardian
46324	44468	facility guardian
46324	48563	facility guardian
46324	53370	facility guardian
46329	44267	dominus termination station
46330	71075	creeping crawler
46330	32735	creeping crawler
46330	32379	creeping crawler
46330	72400	creeping crawler
46330	72401	creeping crawler
46330	39866	creeping crawler
46341	44264	dominion eradicator
46341	44267	dominion eradicator
46341	27544	dominion eradicator
46341	35987	dominion eradicator
46353	65754	dunbeak scavenger
46353	66393	dunbeak scavenger
46353	69165	dunbeak scavenger
46353	66394	dunbeak scavenger
46353	65753	dunbeak scavenger
46356	65754	greycrest flier
46356	65753	greycrest flier
46357	61383	the shadow queen
46357	65763	the shadow queen
46357	66151	the shadow queen
46357	77373	the shadow queen
46357	52756	the shadow queen
46357	66155	the shadow queen
46359	61315	shadow crawler
46359	65763	shadow crawler
46359	66151	shadow crawler
46359	66155	shadow crawler
46360	33250	rockhide rumbler
46360	34262	rockhide rumbler
46360	35556	rockhide rumbler
46360	33242	rockhide rumbler
46382	30510	bluff bull
46382	40693	bluff bull
46382	24211	bluff bull
46382	30096	bluff bull
46382	53423	bluff bull
46386	44264	dominion eradicator
46386	44267	dominion eradicator
46386	27544	dominion eradicator
46386	35987	dominion eradicator
46396	19180	sunhoof bull
46396	18120	sunhoof bull
46396	32886	sunhoof bull
46396	30510	sunhoof bull
46401	18109	sand stag
46401	21710	sand stag
46405	31618	bloodsnout charger
46405	30936	bloodsnout charger
46405	71187	bloodsnout charger
46405	30095	bloodsnout charger
46406	30936	corpsetusk bull
46406	31619	corpsetusk bull
46406	31810	corpsetusk bull
46406	31801	corpsetusk bull
46406	31808	corpsetusk bull
46407	52475	flintrock
46407	47929	flintrock
46407	56622	flintrock
46407	56329	flintrock
46407	54349	flintrock
46407	52531	flintrock
46408	54349	gorignak
46408	56622	gorignak
46408	52475	gorignak
46408	47929	gorignak
46408	56329	gorignak
46408	52531	gorignak
46411	39866	cinderskin crawler
46411	71075	cinderskin crawler
46411	32735	cinderskin crawler
46411	72400	cinderskin crawler
46411	72401	cinderskin crawler
46411	32379	cinderskin crawler
46413	65754	dunbeak shadow
46413	65753	dunbeak shadow
46413	66393	dunbeak shadow
46413	66394	dunbeak shadow
46413	69165	dunbeak shadow
46414	52475	granitefist
46414	56329	granitefist
46414	52531	granitefist
46414	54349	granitefist
46414	56622	granitefist
46414	47929	granitefist
46418	44264	dominion eradicator
46418	44267	dominion eradicator
46418	27544	dominion eradicator
46418	35987	dominion eradicator
46420	44264	dominion eradicator
46420	44267	dominion eradicator
46420	27544	dominion eradicator
46420	35987	dominion eradicator
46422	45851	snapper matriarch
46422	38305	snapper matriarch
46425	54349	sandstone brawler
46425	56331	sandstone brawler
46425	56622	sandstone brawler
46425	52235	sandstone brawler
46450	53384	kothacheyah, the star slayer
46450	58566	kothacheyah, the star slayer
46450	57350	kothacheyah, the star slayer
46450	57353	kothacheyah, the star slayer
46450	57354	kothacheyah, the star slayer
46450	57355	kothacheyah, the star slayer
46451	6433	corrupted cryoglider
46451	6432	corrupted cryoglider
46451	69660	corrupted cryoglider
46451	69756	corrupted cryoglider
46451	69753	corrupted cryoglider
46460	34455	reconfigured ravenok hd
46460	46040	reconfigured ravenok hd
46460	45780	reconfigured ravenok hd
46460	57205	reconfigured ravenok hd
46460	40117	reconfigured ravenok hd
46462	47853	weapon 24
46462	44711	weapon 24
46462	47806	weapon 24
46462	48531	weapon 24
46472	44711	reprogrammed razortail
46472	32774	reprogrammed razortail
46472	47711	reprogrammed razortail
46472	47760	reprogrammed razortail
46479	52742	darkpool artillerist
46479	51899	darkpool artillerist
46479	52010	darkpool artillerist
46479	51828	darkpool artillerist
46481	48920	darkpool gunslinger
46481	55119	darkpool gunslinger
46481	47669	darkpool gunslinger
46481	65795	darkpool gunslinger
46483	40558	exact change 3.0
46483	39905	exact change 3.0
46483	35474	exact change 3.0
46483	39897	exact change 3.0
46483	45780	exact change 3.0
46483	39430	exact change 3.0
46505	53383	avra darkos
46505	53384	avra darkos
46505	55426	avra darkos
46525	35474	loving mutation
46525	44200	loving mutation
46525	45890	loving mutation
46525	45826	loving mutation
46525	39943	loving mutation
46525	44281	loving mutation
46544	32388	megadroid zealbot v. 1.0
46544	31975	megadroid zealbot v. 1.0
46549	65753	greycrest striker
46549	65709	greycrest striker
46549	52717	greycrest striker
46549	54189	greycrest striker
46550	54916	megadroid zealbot v. 2.0
46550	32773	megadroid zealbot v. 2.0
46550	32388	megadroid zealbot v. 2.0
46550	42052	megadroid zealbot v. 2.0
46556	53505	rusthorn runner
46556	30503	rusthorn runner
46556	21712	rusthorn runner
46556	18109	rusthorn runner
46557	53508	rusthorn stag
46557	30503	rusthorn stag
46557	53505	rusthorn stag
46557	18109	rusthorn stag
46557	21713	rusthorn stag
46558	65973	rockhide mauler
46558	56525	rockhide mauler
46561	26161	blackshell burrower
46561	26385	blackshell burrower
46561	57287	blackshell burrower
46561	57288	blackshell burrower
46562	26161	tealspike tunneler
46562	57287	tealspike tunneler
46562	26385	tealspike tunneler
46562	57288	tealspike tunneler
46563	25917	greenspike snapper
46563	25929	greenspike snapper
46564	19180	blackridge grazer
46564	18120	blackridge grazer
46564	30510	blackridge grazer
46564	32886	blackridge grazer
46565	18120	blackridge calf
46565	19174	blackridge calf
46566	31618	bloodsnout bellower
46566	71187	bloodsnout bellower
46566	30095	bloodsnout bellower
46566	30936	bloodsnout bellower
46567	55862	goreback impaler
46567	55861	goreback impaler
46567	53988	goreback impaler
46567	54225	goreback impaler
46567	65763	goreback impaler
46567	55859	goreback impaler
46567	55860	goreback impaler
46568	65763	goreback pincer
46568	54225	goreback pincer
46568	53988	goreback pincer
46568	55860	goreback pincer
46568	55859	goreback pincer
46569	44650	barbwing stinger
46569	44714	barbwing stinger
46569	12295	barbwing stinger
46570	32966	barbwing drone
46570	32965	barbwing drone
46570	36021	barbwing drone
46570	37322	barbwing drone
46571	30936	corpsetusk trampler
46571	31801	corpsetusk trampler
46571	31619	corpsetusk trampler
46571	31809	corpsetusk trampler
46578	45779	grimspore strangler
46578	47152	grimspore strangler
46578	35474	grimspore strangler
46578	46051	grimspore strangler
46579	46043	grimspore rootling
46579	35474	grimspore rootling
46589	79428	weather station
46643	52536	augmented celestial razortusk
46643	52473	augmented celestial razortusk
46643	48792	augmented celestial razortusk
46643	45851	augmented celestial razortusk
46643	48515	augmented celestial razortusk
46663	54918	grand poohbot
46663	42052	grand poohbot
46663	33493	grand poohbot
46663	33247	grand poohbot
46663	54916	grand poohbot
46684	41293	heat vent
46698	35002	augmented nightfang creeper
46706	70403	augmented nightfang flayer
46706	36759	augmented nightfang flayer
46706	47508	augmented nightfang flayer
46708	36759	augmented nightfang spitter
46708	70403	augmented nightfang spitter
46708	47508	augmented nightfang spitter
46734	54936	megadroid servitor v 1.0
46734	65737	megadroid servitor v 1.0
46813	11244	exile digbot
46813	4699	exile digbot
46813	41908	exile digbot
46813	54916	exile digbot
46815	11245	exile smashbot
46815	44886	exile smashbot
46815	42052	exile smashbot
46815	4699	exile smashbot
46815	54916	exile smashbot
46817	53384	tekli the admonisher
46817	57350	tekli the admonisher
46817	57355	tekli the admonisher
46817	57354	tekli the admonisher
46817	58566	tekli the admonisher
46817	57353	tekli the admonisher
46871	45545	volatile zurias
46939	45779	creeping blightspawn
46939	35474	creeping blightspawn
46939	46051	creeping blightspawn
46939	47152	creeping blightspawn
46961	72572	facility warden
46961	40488	facility warden
46961	45779	facility warden
46961	72461	facility warden
46961	45501	facility warden
46961	40506	facility warden
46961	45468	facility warden
46961	6972	facility warden
46962	72572	facility warden
46962	40488	facility warden
46962	45779	facility warden
46962	72461	facility warden
46962	45501	facility warden
46962	40506	facility warden
46962	45468	facility warden
46962	6972	facility warden
46983	52012	lost worker
46984	52012	lost worker
47001	41293	heat vent
47026	33828	unbound hydroguard
47026	32388	unbound hydroguard
47026	49906	unbound hydroguard
47026	35321	unbound hydroguard
47026	35440	unbound hydroguard
47026	31740	unbound hydroguard
47027	35474	larallen sentinel
47027	46877	larallen sentinel
47027	46809	larallen sentinel
47027	39430	larallen sentinel
47027	46893	larallen sentinel
47046	43759	exile defender
47046	49350	exile defender
47046	55119	exile defender
47046	46393	exile defender
47046	65795	exile defender
47046	51960	exile defender
47046	51828	exile defender
47046	48922	exile defender
47046	47669	exile defender
47046	43482	exile defender
47061	79428	weather station
47082	53596	toric antevian
47082	53344	toric antevian
47082	53343	toric antevian
47083	53383	avra darkos
47083	53384	avra darkos
47083	55426	avra darkos
47085	42083	dominion bio-weaponizer
47085	65744	dominion bio-weaponizer
47085	42111	dominion bio-weaponizer
47085	41619	dominion bio-weaponizer
47113	35474	arid brute
47113	46042	arid brute
47113	54185	arid brute
47113	46051	arid brute
47113	52869	arid brute
47113	47152	arid brute
47116	55310	mystwing shredder
47116	46040	mystwing shredder
47116	46042	mystwing shredder
47120	2340	grimhorn trampler
47120	32574	grimhorn trampler
47120	30623	grimhorn trampler
47120	55151	grimhorn trampler
47120	9743	grimhorn trampler
47120	19085	grimhorn trampler
47129	62589	sandstone guard
47129	60564	sandstone guard
47129	44267	sandstone guard
47129	72717	sandstone guard
47129	61315	sandstone guard
47129	44256	sandstone guard
47165	27256	levian expedition soldier
47167	27256	levian expedition soldier
47171	27256	levian expedition soldier
47194	27256	levian expedition soldier
47196	27256	levian expedition soldier
47211	31619	dusty savager
47211	56899	dusty savager
47211	28626	dusty savager
47211	30936	dusty savager
47296	34310	grimtooth shredder
47296	34361	grimtooth shredder
47296	34264	grimtooth shredder
47296	34266	grimtooth shredder
47296	35522	grimtooth shredder
47297	34361	grimtooth nibbler
47297	34266	grimtooth nibbler
47297	34264	grimtooth nibbler
47297	35522	grimtooth nibbler
47297	34310	grimtooth nibbler
47374	42111	rioting prisoner
47374	41619	rioting prisoner
47374	65744	rioting prisoner
47374	42083	rioting prisoner
47379	65744	ric longshanks
47379	42111	ric longshanks
47379	52454	ric longshanks
47379	41619	ric longshanks
47379	42083	ric longshanks
47386	48602	masterson
47386	54363	masterson
47386	55120	masterson
47408	45174	umbra
47408	33430	umbra
47408	31298	umbra
47415	35322	lord hoarfrost
47415	38466	lord hoarfrost
47415	38422	lord hoarfrost
47415	38425	lord hoarfrost
47415	39579	lord hoarfrost
47417	54349	glaciax
47417	52079	glaciax
47417	56622	glaciax
47417	47916	glaciax
47417	56327	glaciax
47418	45779	the frozen corrupter
47418	44411	the frozen corrupter
47418	45500	the frozen corrupter
47418	6972	the frozen corrupter
47418	45390	the frozen corrupter
47418	81661	the frozen corrupter
47430	65795	eldan security construct
47430	52348	eldan security construct
47430	66170	eldan security construct
47430	66144	eldan security construct
47430	55845	eldan security construct
47432	27256	levian expedition soldier
47433	27256	levian expedition soldier
47435	61315	shadow webwalker
47435	65763	shadow webwalker
47437	61315	shadow spinner
47437	65763	shadow spinner
47437	66155	shadow spinner
47437	66151	shadow spinner
47438	65763	shadow brute
47438	58566	shadow brute
47438	66155	shadow brute
47438	66151	shadow brute
47438	52756	shadow brute
47440	66151	shadow defiler
47440	65763	shadow defiler
47440	61315	shadow defiler
47440	66155	shadow defiler
47457	9937	wildmane howler
47457	53034	wildmane howler
47457	2095	wildmane howler
47457	52968	wildmane howler
47458	9937	wildmane ravager
47458	2095	wildmane ravager
47458	53034	wildmane ravager
47460	2095	wildmane ambusher
47460	9937	wildmane ambusher
47460	53034	wildmane ambusher
47465	65763	shadow hatchling
47465	61315	shadow hatchling
47562	55840	queen myala everstar
47562	65849	queen myala everstar
47577	43327	wildclaw albino
47577	48531	wildclaw albino
47577	48121	wildclaw albino
47577	47778	wildclaw albino
47577	47997	wildclaw albino
47578	47997	wildclaw hunter
47578	48531	wildclaw hunter
47578	43328	wildclaw hunter
47578	47778	wildclaw hunter
47579	48531	wildclaw savage
47579	34253	wildclaw savage
47579	42658	wildclaw savage
47579	47778	wildclaw savage
47585	54343	black hoods agent
47585	54937	black hoods agent
47585	58766	black hoods agent
47585	58771	black hoods agent
47585	53384	black hoods agent
47585	54299	black hoods agent
47585	53383	black hoods agent
47585	54241	black hoods agent
47586	54343	black hoods agent
47586	54937	black hoods agent
47586	58766	black hoods agent
47586	58771	black hoods agent
47586	53384	black hoods agent
47586	54299	black hoods agent
47586	53383	black hoods agent
47586	54241	black hoods agent
47587	54343	black hoods agent
47587	54937	black hoods agent
47587	58766	black hoods agent
47587	58771	black hoods agent
47587	53384	black hoods agent
47587	54299	black hoods agent
47587	53383	black hoods agent
47587	54241	black hoods agent
47588	54343	black hoods agent
47588	54937	black hoods agent
47588	58766	black hoods agent
47588	58771	black hoods agent
47588	53384	black hoods agent
47588	54299	black hoods agent
47588	53383	black hoods agent
47588	54241	black hoods agent
47597	45468	project: mutt
47597	40488	project: mutt
47597	40506	project: mutt
47597	45779	project: mutt
47597	45501	project: mutt
47598	44280	fool's hope warbot guard
47608	44267	thayd guardsman
47608	60563	thayd guardsman
47608	61315	thayd guardsman
47608	62685	thayd guardsman
47608	62589	thayd guardsman
47608	65795	thayd guardsman
47608	44283	thayd guardsman
47608	45429	thayd guardsman
47608	72717	thayd guardsman
47615	62528	thayd battlebot guard
47615	44277	thayd battlebot guard
47629	32493	wildriver snapper
47629	54601	wildriver snapper
47629	26512	wildriver snapper
47629	25871	wildriver snapper
47629	54600	wildriver snapper
47629	54602	wildriver snapper
47634	44264	fool's hope guard
47634	44267	fool's hope guard
47634	44265	fool's hope guard
47635	44264	fool's hope guard
47635	44267	fool's hope guard
47635	44265	fool's hope guard
47636	44264	fool's hope guard
47636	44267	fool's hope guard
47636	44265	fool's hope guard
47637	44264	fool's hope guard
47637	44267	fool's hope guard
47637	44265	fool's hope guard
47647	44267	xas scientist
47647	44256	xas scientist
47647	44264	xas scientist
47647	44257	xas scientist
47647	44265	xas scientist
47648	44267	xas scientist
47648	44256	xas scientist
47648	44264	xas scientist
47648	44257	xas scientist
47648	44265	xas scientist
47649	72572	gamma watcher
47649	72461	gamma watcher
47649	40488	gamma watcher
47649	40506	gamma watcher
47649	45501	gamma watcher
47649	45468	gamma watcher
47649	45779	gamma watcher
47656	70406	spider egg
47660	32965	barbwing soldier
47660	32966	barbwing soldier
47660	36021	barbwing soldier
47660	37314	barbwing soldier
47660	36094	barbwing soldier
47661	11862	blightwing swarmer
47661	32966	blightwing swarmer
47661	71676	blightwing swarmer
47661	71075	blightwing swarmer
47661	71751	blightwing swarmer
47662	47111	fire
47662	63270	fire
47662	69458	fire
47662	35914	fire
47664	21878	sandstone turtle
47664	21569	sandstone turtle
47664	53268	sandstone turtle
47664	53275	sandstone turtle
47664	53274	sandstone turtle
47664	31135	sandstone turtle
47666	53349	thayd turret
47666	44283	thayd turret
47683	55426	fierce dominion scrapper
47683	53384	fierce dominion scrapper
47683	53383	fierce dominion scrapper
47687	53343	dominion soldier
47687	53342	dominion soldier
47687	57843	dominion soldier
47687	49350	dominion soldier
47687	43759	dominion soldier
47687	51346	dominion soldier
47687	65744	dominion soldier
47687	57664	dominion soldier
47687	52448	dominion soldier
47687	51828	dominion soldier
47687	52010	dominion soldier
47687	52742	dominion soldier
47687	53345	dominion soldier
47687	52551	dominion soldier
47688	53343	dominion soldier
47688	53342	dominion soldier
47688	57843	dominion soldier
47688	49350	dominion soldier
47688	43759	dominion soldier
47688	51346	dominion soldier
47688	65744	dominion soldier
47688	57664	dominion soldier
47688	52448	dominion soldier
47688	51828	dominion soldier
47688	52010	dominion soldier
47688	52742	dominion soldier
47688	53345	dominion soldier
47688	52551	dominion soldier
47711	32389	arborian watcher
47711	32388	arborian watcher
47711	28330	arborian watcher
47711	44407	arborian watcher
47748	55840	queen myala everstar
47748	65849	queen myala everstar
47749	60595	commander durek
47749	61315	commander durek
47749	61014	commander durek
47753	58548	exile warbot
47753	46806	exile warbot
47753	46392	exile warbot
47753	58549	exile warbot
47753	58547	exile warbot
47753	53868	exile warbot
47753	58550	exile warbot
47753	46670	exile warbot
47753	46278	exile warbot
47753	45294	exile warbot
47753	50280	exile warbot
47753	46111	exile warbot
47753	52989	exile warbot
47754	53343	dominion soldier
47754	53342	dominion soldier
47754	57843	dominion soldier
47754	49350	dominion soldier
47754	43759	dominion soldier
47754	51346	dominion soldier
47754	65744	dominion soldier
47754	57664	dominion soldier
47754	52448	dominion soldier
47754	51828	dominion soldier
47754	52010	dominion soldier
47754	52742	dominion soldier
47754	53345	dominion soldier
47754	52551	dominion soldier
47755	53343	dominion soldier
47755	53342	dominion soldier
47755	57843	dominion soldier
47755	49350	dominion soldier
47755	43759	dominion soldier
47755	51346	dominion soldier
47755	65744	dominion soldier
47755	57664	dominion soldier
47755	52448	dominion soldier
47755	51828	dominion soldier
47755	52010	dominion soldier
47755	52742	dominion soldier
47755	53345	dominion soldier
47755	52551	dominion soldier
47774	70403	subject c- horror
47774	36759	subject c- horror
47774	47508	subject c- horror
47775	65762	subject s- leviathan
47775	57626	subject s- leviathan
47775	57627	subject s- leviathan
47775	65761	subject s- leviathan
47775	57625	subject s- leviathan
47775	57624	subject s- leviathan
47776	56622	subject o - bloodstone
47776	56332	subject o - bloodstone
47776	55700	subject o - bloodstone
47776	70664	subject o - bloodstone
47776	70632	subject o - bloodstone
47781	31117	thayd citizen
47782	70514	subject h - goliath
47782	46938	subject h - goliath
47782	70617	subject h - goliath
47782	46670	subject h - goliath
47782	35474	subject h - goliath
47782	70515	subject h - goliath
47795	26520	subject y - titan
47795	26466	subject y - titan
47795	26115	subject y - titan
47795	26289	subject y - titan
47795	53320	subject y - titan
47797	62619	disgraced champion
47797	49915	disgraced champion
47797	61398	disgraced champion
47797	42208	disgraced champion
47816	56431	infernal cleric
47816	56430	infernal cleric
47816	55851	infernal cleric
47816	53382	infernal cleric
47820	29850	forsaken raider
47820	46692	forsaken raider
47820	46797	forsaken raider
47820	24059	forsaken raider
47821	55371	forsaken aviator
47821	55421	forsaken aviator
47821	55401	forsaken aviator
47821	53382	forsaken aviator
47821	55402	forsaken aviator
47822	42111	forsaken pillager
47822	65744	forsaken pillager
47822	42083	forsaken pillager
47822	52504	forsaken pillager
47822	41619	forsaken pillager
47830	31117	thayd citizen
47894	58550	ex-01 destroyer
47894	46042	ex-01 destroyer
47894	46392	ex-01 destroyer
47894	45623	ex-01 destroyer
47894	58547	ex-01 destroyer
47894	53868	ex-01 destroyer
47894	58548	ex-01 destroyer
47894	58549	ex-01 destroyer
47895	62528	crimson clanker
47895	54212	crimson clanker
47895	62531	crimson clanker
47895	52788	crimson clanker
47895	62529	crimson clanker
47902	65795	lancer quickshot
47902	62685	lancer quickshot
47909	65716	lancer scout
47909	61315	lancer scout
47909	66353	lancer scout
47909	66354	lancer scout
47914	58566	lancer guardian
47914	57843	lancer guardian
47914	57029	lancer guardian
47914	69165	lancer guardian
47914	57872	lancer guardian
47914	58567	lancer guardian
47914	57851	lancer guardian
47924	31117	thayd citizen
47929	31117	thayd citizen
47930	31117	thayd citizen
47942	35474	eldan protector
47942	46806	eldan protector
47942	39430	eldan protector
47942	46006	eldan protector
47942	46405	eldan protector
47942	55298	eldan protector
47946	36847	exile explorer
47946	65744	exile explorer
47973	31117	thayd citizen
47975	31117	thayd citizen
47976	31117	thayd citizen
47977	31117	thayd citizen
47978	31117	thayd citizen
47979	31117	thayd citizen
47980	31117	thayd citizen
47993	53384	arborian peacekeeper
47993	53383	arborian peacekeeper
47993	44256	arborian peacekeeper
47993	44257	arborian peacekeeper
47994	53384	arborian peacekeeper
47994	53383	arborian peacekeeper
47994	44256	arborian peacekeeper
47994	44257	arborian peacekeeper
48065	47863	hyper-accelerated skeledroid
48065	65759	hyper-accelerated skeledroid
48126	56818	oozing horror
48126	46807	oozing horror
48126	58263	oozing horror
48126	35474	oozing horror
48126	74922	oozing horror
48127	34361	corrupted rockpaw
48127	34262	corrupted rockpaw
48127	35556	corrupted rockpaw
48127	34280	corrupted rockpaw
48127	72581	corrupted rockpaw
48127	71075	corrupted rockpaw
48127	72584	corrupted rockpaw
48127	34146	corrupted rockpaw
48130	46042	prime facility sentinel
48130	35474	prime facility sentinel
48130	47284	prime facility sentinel
48130	46152	prime facility sentinel
48130	46006	prime facility sentinel
48131	46042	prime facility sentinel
48131	35474	prime facility sentinel
48131	47284	prime facility sentinel
48131	46152	prime facility sentinel
48131	46006	prime facility sentinel
48132	65795	auxiliary probe
48132	56299	auxiliary probe
48133	41442	prime destroyer probe
48133	41445	prime destroyer probe
48133	41202	prime destroyer probe
48133	28691	prime destroyer probe
48144	30936	rotwind skitter
48144	31618	rotwind skitter
48145	56490	rotwind creeper
48145	32735	rotwind creeper
48145	32734	rotwind creeper
48145	56492	rotwind creeper
48146	72400	vilelimb crawler
48146	32379	vilelimb crawler
48146	32735	vilelimb crawler
48146	71075	vilelimb crawler
48146	72401	vilelimb crawler
48146	39866	vilelimb crawler
48147	72401	vilelimb agitator
48147	72400	vilelimb agitator
48147	32379	vilelimb agitator
48147	32735	vilelimb agitator
48147	39866	vilelimb agitator
48147	71075	vilelimb agitator
48148	70230	warptooth corruptor
48148	57589	warptooth corruptor
48148	70229	warptooth corruptor
48148	57588	warptooth corruptor
48148	57585	warptooth corruptor
48149	72001	balehoof charger
48149	18109	balehoof charger
48149	72012	balehoof charger
48149	72030	balehoof charger
48149	21712	balehoof charger
48151	30503	balehoof grazer
48151	72012	balehoof grazer
48151	72001	balehoof grazer
48151	21713	balehoof grazer
48151	18109	balehoof grazer
48152	69165	fetid scavenger
48152	66393	fetid scavenger
48152	65753	fetid scavenger
48152	66394	fetid scavenger
48152	65754	fetid scavenger
48153	65753	fetid screecher
48153	65754	fetid screecher
48154	57843	corrupted commander
48154	58567	corrupted commander
48154	58566	corrupted commander
48154	69165	corrupted commander
48154	57872	corrupted commander
48155	21665	corrupted specialist
48155	71072	corrupted specialist
48155	71075	corrupted specialist
48157	65744	corrupted handler
48157	36847	corrupted handler
48158	45780	corrupted ripjaw
48158	71075	corrupted ripjaw
48158	46040	corrupted ripjaw
48158	34455	corrupted ripjaw
48158	71965	corrupted ripjaw
48159	65711	corrupted ripfang
48159	65812	corrupted ripfang
48159	71075	corrupted ripfang
48159	71326	corrupted ripfang
48159	71304	corrupted ripfang
48163	65744	corrupted wrangler
48163	36847	corrupted wrangler
48167	44710	intrusion detection handler
48167	44473	intrusion detection handler
48167	46900	intrusion detection handler
48171	52079	logic guided rockslide
48171	54349	logic guided rockslide
48171	47807	logic guided rockslide
48171	57219	logic guided rockslide
48171	66167	logic guided rockslide
48171	47940	logic guided rockslide
48172	47596	flammable dracus
48172	47633	flammable dracus
48172	47627	flammable dracus
48172	58263	flammable dracus
48172	35474	flammable dracus
48172	56818	flammable dracus
48173	47512	smoldering stumpkin
48173	47528	smoldering stumpkin
48173	47518	smoldering stumpkin
48173	72946	smoldering stumpkin
48173	72945	smoldering stumpkin
48173	47490	smoldering stumpkin
48173	38082	smoldering stumpkin
48173	53868	smoldering stumpkin
48174	21871	obsidian spikehorde
48174	20111	obsidian spikehorde
48174	35234	obsidian spikehorde
48175	47684	bio-enhanced arachnid
48175	65763	bio-enhanced arachnid
48175	48436	bio-enhanced arachnid
48175	53370	bio-enhanced arachnid
48176	47758	performance enhanced malverine
48176	46806	performance enhanced malverine
48176	47778	performance enhanced malverine
48176	47724	performance enhanced malverine
48176	48531	performance enhanced malverine
48177	47689	grand warmonger tar'gresh
48177	47709	grand warmonger tar'gresh
48177	47703	grand warmonger tar'gresh
48177	47691	grand warmonger tar'gresh
48177	52876	grand warmonger tar'gresh
48179	53372	blazing firesoul
48179	47182	blazing firesoul
48179	47385	blazing firesoul
48179	49140	blazing firesoul
48179	47220	blazing firesoul
48186	57872	crazed scout
48186	58567	crazed scout
48186	57843	crazed scout
48186	69165	crazed scout
48186	58566	crazed scout
48187	42111	crazed researcher
48187	65744	crazed researcher
48187	41619	crazed researcher
48187	42083	crazed researcher
48188	21667	crazed sniper
48188	71072	crazed sniper
48188	71075	crazed sniper
48188	71112	crazed sniper
48189	34552	crazed medic
48189	65744	crazed medic
48189	36849	crazed medic
48199	39435	malgrave hellrose
48199	39445	malgrave hellrose
48223	54936	crimson skitterbot
48223	69164	crimson skitterbot
48223	46270	crimson skitterbot
48223	72728	crimson skitterbot
48223	72729	crimson skitterbot
48223	65737	crimson skitterbot
48236	39953	dust devil
48281	46676	cactoid
48295	71678	warmonger agratha
48295	35161	warmonger agratha
48295	33536	warmonger agratha
48315	46878	grancor's maw
48315	54824	grancor's maw
48315	35474	grancor's maw
48315	46288	grancor's maw
48315	54822	grancor's maw
48359	54299	crimson regimental recruit
48359	53384	crimson regimental recruit
48359	54241	crimson regimental recruit
48359	54742	crimson regimental recruit
48359	58566	crimson regimental recruit
48359	54817	crimson regimental recruit
48363	30164	absolute zero manifestation
48363	33249	absolute zero manifestation
48363	47174	absolute zero manifestation
48363	35873	absolute zero manifestation
48365	48539	deep freeze survival process
48365	48536	deep freeze survival process
48365	48533	deep freeze survival process
48366	48572	rime-covered behemoth
48366	48563	rime-covered behemoth
48366	55154	rime-covered behemoth
48380	55762	road warrior
48380	44267	road warrior
48380	52010	road warrior
48380	51828	road warrior
48398	39866	hungry cinderskin slitherer
48398	32379	hungry cinderskin slitherer
48398	32735	hungry cinderskin slitherer
48398	72401	hungry cinderskin slitherer
48398	71075	hungry cinderskin slitherer
48398	72400	hungry cinderskin slitherer
48413	60618	bone cage
48422	54343	black hoods agent
48422	54937	black hoods agent
48422	58766	black hoods agent
48422	58771	black hoods agent
48422	53384	black hoods agent
48422	54299	black hoods agent
48422	53383	black hoods agent
48422	54241	black hoods agent
48454	62528	bash brother
48454	54212	bash brother
48454	62529	bash brother
48454	62531	bash brother
48454	52788	bash brother
48458	62528	bash brother
48458	54212	bash brother
48458	62529	bash brother
48458	62531	bash brother
48458	52788	bash brother
48477	10118	blightclaw brawler
48477	2095	blightclaw brawler
48477	30979	blightclaw brawler
48477	10136	blightclaw brawler
48477	73115	blightclaw brawler
48477	73105	blightclaw brawler
48478	6432	fetid glider
48478	6433	fetid glider
48478	69693	fetid glider
48478	69660	fetid glider
48479	32734	grimtongue scrambler
48479	32735	grimtongue scrambler
48479	56490	grimtongue scrambler
48479	56492	grimtongue scrambler
48482	46834	destroyed engine
48492	44256	radiant legionnaire
48492	58567	radiant legionnaire
48492	49888	radiant legionnaire
48492	50103	radiant legionnaire
48492	57029	radiant legionnaire
48492	57872	radiant legionnaire
48492	69165	radiant legionnaire
48492	57843	radiant legionnaire
48492	58566	radiant legionnaire
48492	44255	radiant legionnaire
48492	57851	radiant legionnaire
48514	56032	fort vigilance warbot guard
48535	21710	fledgling calf
48535	18109	fledgling calf
48536	53508	rusthorn stag
48536	30503	rusthorn stag
48536	53505	rusthorn stag
48536	18109	rusthorn stag
48536	21713	rusthorn stag
48537	53505	rusthorn runner
48537	30503	rusthorn runner
48537	21712	rusthorn runner
48537	18109	rusthorn runner
48570	62528	reprogrammed guardbot
48570	54212	reprogrammed guardbot
48570	43402	reprogrammed guardbot
48592	61315	voresk venomgill
48592	71972	voresk venomgill
48592	60595	voresk venomgill
48592	72036	voresk venomgill
48598	52869	dreadmorel
48598	47152	dreadmorel
48598	46042	dreadmorel
48598	46051	dreadmorel
48598	35474	dreadmorel
48598	54185	dreadmorel
48613	65795	major rhadman
48613	55119	major rhadman
48613	48920	major rhadman
48613	47669	major rhadman
48617	58566	lieutenant feraakh
48617	49792	lieutenant feraakh
48617	51383	lieutenant feraakh
48617	58567	lieutenant feraakh
48617	53384	lieutenant feraakh
48617	54327	lieutenant feraakh
48617	54675	lieutenant feraakh
48617	54299	lieutenant feraakh
48617	54241	lieutenant feraakh
48647	65795	regulator 11
48647	66170	regulator 11
48647	56295	regulator 11
48648	65795	auxiliary probe
48648	56299	auxiliary probe
48650	25877	ghostfin
48650	25871	ghostfin
48651	64929	torrent
48651	68533	torrent
48651	70251	torrent
48651	70252	torrent
48661	72945	flamekin
48661	6917	flamekin
48662	46806	whirlwind
48662	35474	whirlwind
48662	69072	whirlwind
48662	65456	whirlwind
48704	60595	riptide the stone serpent
48704	61315	riptide the stone serpent
48704	71903	riptide the stone serpent
48704	71966	riptide the stone serpent
48704	71919	riptide the stone serpent
48729	34262	dreadbone
48729	33250	dreadbone
48729	33249	dreadbone
48729	35556	dreadbone
48729	32422	dreadbone
48736	65795	quin quickdraw
48736	44739	quin quickdraw
48736	56911	quin quickdraw
48736	48918	quin quickdraw
48736	47669	quin quickdraw
48736	56020	quin quickdraw
48737	53368	andara the seer
48737	55595	andara the seer
48739	29850	crog the smasher
48739	46692	crog the smasher
48739	23762	crog the smasher
48739	79657	crog the smasher
48743	65737	ax-12 defender
48743	46394	ax-12 defender
48743	41840	ax-12 defender
48743	30999	ax-12 defender
48743	31018	ax-12 defender
48745	65737	er-7 explorer
48745	53358	er-7 explorer
48745	52721	er-7 explorer
48745	30999	er-7 explorer
48747	57321	guardian xeltos
48747	6147	guardian xeltos
48747	26162	guardian xeltos
48747	57320	guardian xeltos
48747	13894	guardian xeltos
48747	57329	guardian xeltos
48749	6147	guardian zelkix
48749	57321	guardian zelkix
48749	57329	guardian zelkix
48749	13894	guardian zelkix
48749	57320	guardian zelkix
48749	26162	guardian zelkix
48751	57882	torgal the devastator
48751	40506	torgal the devastator
48751	57879	torgal the devastator
48751	40728	torgal the devastator
48751	44711	torgal the devastator
48751	46392	torgal the devastator
48753	44200	augmented ragetail
48753	32774	augmented ragetail
48754	46878	gorax the putrid
48754	46360	gorax the putrid
48754	57665	gorax the putrid
48754	57672	gorax the putrid
48754	40361	gorax the putrid
48754	57688	gorax the putrid
48755	70230	scabclaw
48755	57585	scabclaw
48755	70229	scabclaw
48755	57589	scabclaw
48755	57588	scabclaw
48822	40506	xl-51 goliath
48822	44711	xl-51 goliath
48822	40728	xl-51 goliath
48822	57882	xl-51 goliath
48822	57879	xl-51 goliath
48822	46392	xl-51 goliath
48823	32966	queen bizzelt
48823	44650	queen bizzelt
48823	44714	queen bizzelt
48823	11860	queen bizzelt
48825	52639	captain fripeti
48825	52151	captain fripeti
48825	57631	captain fripeti
48825	61431	captain fripeti
48825	52567	captain fripeti
48828	23762	groundswell guardsman
48828	29850	groundswell guardsman
48828	46692	groundswell guardsman
48829	62529	rg3 blitzbuster
48829	62531	rg3 blitzbuster
48829	52788	rg3 blitzbuster
48829	54212	rg3 blitzbuster
48829	62528	rg3 blitzbuster
48832	50007	exterminator cryvex
48832	60566	exterminator cryvex
48832	51329	exterminator cryvex
48832	61315	exterminator cryvex
48832	50103	exterminator cryvex
48832	50295	exterminator cryvex
48834	70252	veshra the eye of the storm
48834	70251	veshra the eye of the storm
48834	64929	veshra the eye of the storm
48834	68533	veshra the eye of the storm
48836	34361	slopper
48836	34264	slopper
48836	35522	slopper
48836	34266	slopper
48836	34310	slopper
48837	57843	gravek the swale-striker
48837	63233	gravek the swale-striker
48837	58535	gravek the swale-striker
48837	75599	gravek the swale-striker
48837	75357	gravek the swale-striker
48837	75624	gravek the swale-striker
48837	69165	gravek the swale-striker
48837	77385	gravek the swale-striker
48837	77361	gravek the swale-striker
48837	77187	gravek the swale-striker
48837	61315	gravek the swale-striker
48837	60601	gravek the swale-striker
48838	52063	veldrok the vindicator
48838	42208	veldrok the vindicator
48838	49915	veldrok the vindicator
48838	49911	veldrok the vindicator
48838	73113	veldrok the vindicator
48838	73116	veldrok the vindicator
48838	73134	veldrok the vindicator
48839	39914	moreg the mauler
48839	38774	moreg the mauler
48839	55539	moreg the mauler
48839	65744	moreg the mauler
48840	53382	zersa the betrothed
48840	55421	zersa the betrothed
48840	55402	zersa the betrothed
48840	55401	zersa the betrothed
48840	55371	zersa the betrothed
48841	70403	toxic hatchling
48841	36759	toxic hatchling
48841	66155	toxic hatchling
48841	44739	toxic hatchling
48841	58566	toxic hatchling
48841	65763	toxic hatchling
48841	66151	toxic hatchling
48871	19180	blackridge grazer
48871	18120	blackridge grazer
48871	30510	blackridge grazer
48871	32886	blackridge grazer
48873	18120	blackridge calf
48873	19174	blackridge calf
48891	57029	fort vigilance technician
48891	58567	fort vigilance technician
48891	57843	fort vigilance technician
48891	58566	fort vigilance technician
48891	57851	fort vigilance technician
48891	69165	fort vigilance technician
48891	57872	fort vigilance technician
48892	57672	monolith mauler
48892	46360	monolith mauler
48892	57665	monolith mauler
48892	40361	monolith mauler
48892	57688	monolith mauler
48892	46878	monolith mauler
48893	44256	radiant legionnaire
48893	58567	radiant legionnaire
48893	49888	radiant legionnaire
48893	50103	radiant legionnaire
48893	57029	radiant legionnaire
48893	57872	radiant legionnaire
48893	69165	radiant legionnaire
48893	57843	radiant legionnaire
48893	58566	radiant legionnaire
48893	44255	radiant legionnaire
48893	57851	radiant legionnaire
48896	44256	radiant legionnaire
48896	58567	radiant legionnaire
48896	49888	radiant legionnaire
48896	50103	radiant legionnaire
48896	57029	radiant legionnaire
48896	57872	radiant legionnaire
48896	69165	radiant legionnaire
48896	57843	radiant legionnaire
48896	58566	radiant legionnaire
48896	44255	radiant legionnaire
48896	57851	radiant legionnaire
48904	72717	sunstorm guard
48904	60564	sunstorm guard
48904	61315	sunstorm guard
48904	62589	sunstorm guard
48904	44256	sunstorm guard
48904	44267	sunstorm guard
48914	62589	sandstone guard
48914	60564	sandstone guard
48914	44267	sandstone guard
48914	72717	sandstone guard
48914	61315	sandstone guard
48914	44256	sandstone guard
48916	71678	warmonger chuna
48916	35161	warmonger chuna
48917	71678	warmonger talarii
48917	35162	warmonger talarii
48917	71565	warmonger talarii
48917	71467	warmonger talarii
48917	33536	warmonger talarii
48921	39675	fool's hope satcom tech
48921	32177	fool's hope satcom tech
48921	48381	fool's hope satcom tech
48921	30030	fool's hope satcom tech
48954	46807	eldan defender
48954	35474	eldan defender
48954	55298	eldan defender
48996	47260	steel serpent mainframe cortex
49006	47189	exposed wire
49040	54349	crystal titan
49040	56622	crystal titan
49040	55306	crystal titan
49040	56331	crystal titan
49045	46393	sunstorm guard captain
49045	44267	sunstorm guard captain
49198	47769	experiment x-89
49198	47270	experiment x-89
49198	47351	experiment x-89
49198	47269	experiment x-89
49198	43428	experiment x-89
49198	47279	experiment x-89
49198	47328	experiment x-89
49198	49297	experiment x-89
49198	47316	experiment x-89
49198	47286	experiment x-89
49198	47332	experiment x-89
49341	51828	battalion pistolier
49341	52010	battalion pistolier
49341	51899	battalion pistolier
49341	52742	battalion pistolier
49369	47778	filthclaw freak
49369	48531	filthclaw freak
49369	43328	filthclaw freak
49369	47997	filthclaw freak
49372	26162	grimhide prowler
49372	14025	grimhide prowler
49372	12425	grimhide prowler
49372	27974	grimhide prowler
49372	35192	grimhide prowler
49372	27991	grimhide prowler
49374	12425	grimhide stalker
49374	13959	grimhide stalker
49385	53219	lucy lazarin
49385	38773	lucy lazarin
49385	65744	lucy lazarin
49385	52551	lucy lazarin
49385	53247	lucy lazarin
49387	57589	warptooth defiler
49387	70230	warptooth defiler
49387	57588	warptooth defiler
49387	57585	warptooth defiler
49387	70229	warptooth defiler
49424	60595	commander durek
49424	61315	commander durek
49424	61014	commander durek
49430	53383	avra darkos
49430	53384	avra darkos
49430	55426	avra darkos
49493	58263	oozing sludge
49493	56818	oozing sludge
49493	35474	oozing sludge
49493	74922	oozing sludge
49493	46807	oozing sludge
49543	57659	corrupted stemdragon
49543	57625	corrupted stemdragon
49543	57627	corrupted stemdragon
49543	57624	corrupted stemdragon
49543	73167	corrupted stemdragon
49543	73139	corrupted stemdragon
49543	65762	corrupted stemdragon
49543	65761	corrupted stemdragon
49548	47495	eyebeam ground target
49555	65795	n22 nanite recharger
49555	56299	n22 nanite recharger
49586	46405	gamma protector
49586	46043	gamma protector
49586	35474	gamma protector
49586	39430	gamma protector
49586	46006	gamma protector
49642	70229	the lobotomizer
49642	57589	the lobotomizer
49642	70230	the lobotomizer
49642	57585	the lobotomizer
49642	57588	the lobotomizer
49659	51899	dropteam charger
49659	52010	dropteam charger
49659	52742	dropteam charger
49659	51828	dropteam charger
49702	28016	cerulean glider
49702	25764	cerulean glider
49731	26161	aspect of earth
49731	26385	aspect of earth
49731	57287	aspect of earth
49731	57288	aspect of earth
49795	48920	infantry pistolier
49795	55119	infantry pistolier
49795	47669	infantry pistolier
49795	65795	infantry pistolier
49825	46878	moris dustland
49825	35474	moris dustland
49825	57008	moris dustland
49825	57744	moris dustland
49825	57831	moris dustland
49825	57878	moris dustland
49825	38501	moris dustland
50043	65795	ke-19 watcher
50043	66170	ke-19 watcher
50043	56295	ke-19 watcher
50068	66322	calidor antevian
50068	56504	calidor antevian
50068	73258	calidor antevian
50068	78263	calidor antevian
50068	78229	calidor antevian
50068	78137	calidor antevian
50068	78673	calidor antevian
50068	78677	calidor antevian
50068	56510	calidor antevian
50141	65744	insane scientist
50141	34552	insane scientist
50141	36849	insane scientist
50143	21665	insane ranger
50143	71072	insane ranger
50143	71075	insane ranger
50148	41202	malfunctioning exo-lab 13 observer
50148	41442	malfunctioning exo-lab 13 observer
50148	41445	malfunctioning exo-lab 13 observer
50148	28691	malfunctioning exo-lab 13 observer
50184	62528	reprogrammed guardbot
50184	54212	reprogrammed guardbot
50184	43402	reprogrammed guardbot
50226	57585	malicious corruptor
50226	70229	malicious corruptor
50226	57589	malicious corruptor
50226	70230	malicious corruptor
50226	57588	malicious corruptor
50268	51329	torine sword
50268	60566	torine sword
50268	50103	torine sword
50268	50007	torine sword
50268	61315	torine sword
50268	50295	torine sword
50298	41202	rotlink
50298	28691	rotlink
50298	41442	rotlink
50298	41445	rotlink
50308	35474	rotgear
50308	46877	rotgear
50308	46893	rotgear
50308	46809	rotgear
50308	39430	rotgear
50380	49915	corrupted abomination
50380	42208	corrupted abomination
50380	52063	corrupted abomination
50380	49911	corrupted abomination
50380	73113	corrupted abomination
50380	73116	corrupted abomination
50380	73134	corrupted abomination
50456	21667	doctor rotthrall
50456	45658	doctor rotthrall
50456	45668	doctor rotthrall
50456	45669	doctor rotthrall
50457	35246	depraved rottenclaw
50457	32768	depraved rottenclaw
50457	35282	depraved rottenclaw
50457	32735	depraved rottenclaw
50458	31619	depraved viletooth
50458	30936	depraved viletooth
50458	56684	depraved viletooth
50458	56664	depraved viletooth
50501	7459	cryobolli ephyra
50501	7460	cryobolli ephyra
50502	7460	cryobolli
50502	7459	cryobolli
50502	30866	cryobolli
50502	30796	cryobolli
50510	69165	torine sister
50510	57843	torine sister
50510	58567	torine sister
50510	58566	torine sister
50510	57872	torine sister
50512	66453	logic elemental
50512	66668	logic elemental
50512	35474	logic elemental
50512	46807	logic elemental
50513	65849	torine lifecaller
50513	55595	torine lifecaller
50513	53369	torine lifecaller
50514	57624	augmented stemdragon
50514	65762	augmented stemdragon
50514	57626	augmented stemdragon
50514	57627	augmented stemdragon
50514	65761	augmented stemdragon
50514	57625	augmented stemdragon
50516	47596	augmented skeletal gorganoth
50516	70401	augmented skeletal gorganoth
50516	70515	augmented skeletal gorganoth
50516	35474	augmented skeletal gorganoth
50516	70514	augmented skeletal gorganoth
50516	50080	augmented skeletal gorganoth
50516	70617	augmented skeletal gorganoth
50524	52740	augmented skeledroid
50524	36849	augmented skeledroid
50524	65744	augmented skeledroid
50524	52658	augmented skeledroid
50527	11861	augmented buzzbing adult
50527	32966	augmented buzzbing adult
50527	44491	augmented buzzbing adult
50527	44483	augmented buzzbing adult
50528	32966	augmented buzzbing youth
50528	11859	augmented buzzbing youth
50530	43328	augmented bladefoot
50530	42637	augmented bladefoot
50530	39578	augmented bladefoot
50530	42657	augmented bladefoot
50530	42560	augmented bladefoot
50557	6909	twitchy surgeling
50557	6910	twitchy surgeling
50558	56981	energy worm
50558	56980	energy worm
50558	53985	energy worm
50558	53986	energy worm
50560	65716	wayward guardian
50560	58566	wayward guardian
50562	60569	wayward bladeweaver
50562	61315	wayward bladeweaver
50562	44256	wayward bladeweaver
50562	72717	wayward bladeweaver
50564	46806	corrupted rootbrute
50564	35474	corrupted rootbrute
50564	71980	corrupted rootbrute
50564	71987	corrupted rootbrute
50583	32403	fouleye
50583	29485	fouleye
50623	14023	kalifa
50623	12425	kalifa
50623	46024	kalifa
50623	26162	kalifa
50623	27974	kalifa
50633	35474	flamesurge
50633	69355	flamesurge
50633	64838	flamesurge
50633	64863	flamesurge
50633	46806	flamesurge
50667	35474	corrupted ship waste
50667	46878	corrupted ship waste
50667	57878	corrupted ship waste
50667	57744	corrupted ship waste
50667	57008	corrupted ship waste
50667	38501	corrupted ship waste
50667	57831	corrupted ship waste
50683	27783	invisible unit
50683	40535	invisible unit
50691	45851	hunting cankertail
50691	38305	hunting cankertail
50700	47947	eldan defense probe
50700	39037	eldan defense probe
50739	32735	savageclaw
50739	32768	savageclaw
50739	35246	savageclaw
50739	56614	savageclaw
50739	35282	savageclaw
50740	31700	grug the executioner
50740	32177	grug the executioner
50740	32630	grug the executioner
50740	47033	grug the executioner
50740	32192	grug the executioner
50740	32921	grug the executioner
50740	46579	grug the executioner
50741	48531	blightfang
50741	44710	blightfang
50741	47778	blightfang
50741	48641	blightfang
50741	48433	blightfang
50741	48822	blightfang
50742	55539	basher grogek
50742	65744	basher grogek
50742	39914	basher grogek
50742	38774	basher grogek
50743	53382	flame-binder trovin
50743	56431	flame-binder trovin
50743	55851	flame-binder trovin
50743	56430	flame-binder trovin
50744	27116	queen tizzet
50744	11865	queen tizzet
50744	32966	queen tizzet
50788	25877	kel ulgar leatherback
50788	25871	kel ulgar leatherback
50795	26512	ulgar longtooth
50795	25871	ulgar longtooth
50795	54601	ulgar longtooth
50795	54600	ulgar longtooth
50795	54602	ulgar longtooth
50795	32493	ulgar longtooth
50809	14023	the terror of bloodstone
50809	46024	the terror of bloodstone
50809	27974	the terror of bloodstone
50809	26162	the terror of bloodstone
50809	12425	the terror of bloodstone
50810	54577	zakan the necroshaman
50810	56074	zakan the necroshaman
50810	54716	zakan the necroshaman
50810	56078	zakan the necroshaman
50810	56073	zakan the necroshaman
50810	53382	zakan the necroshaman
50813	31700	"hotshot" braz
50813	46579	"hotshot" braz
50813	32192	"hotshot" braz
50813	32177	"hotshot" braz
50813	47033	"hotshot" braz
50813	32630	"hotshot" braz
50813	32921	"hotshot" braz
50848	44260	clubhouse yatish guard
50849	44260	clubhouse yatish guard
50855	26162	felidax
50855	14023	felidax
50855	27974	felidax
50855	46024	felidax
50855	12425	felidax
50859	30623	wrath of niwha
50859	2340	wrath of niwha
50859	32574	wrath of niwha
50859	55151	wrath of niwha
50859	19085	wrath of niwha
50859	9743	wrath of niwha
50860	55401	gavwyn the verdant defender
50860	53382	gavwyn the verdant defender
50860	55421	gavwyn the verdant defender
50860	55402	gavwyn the verdant defender
50860	55371	gavwyn the verdant defender
50861	52765	terminus rex
50861	41070	terminus rex
50861	44200	terminus rex
50861	44656	terminus rex
50861	52769	terminus rex
50861	43759	terminus rex
50861	44466	terminus rex
50875	27256	levian expedition soldier
50887	54601	steel jaw
50887	25871	steel jaw
50887	54600	steel jaw
50887	26512	steel jaw
50887	54602	steel jaw
50887	32493	steel jaw
50888	61426	nakaz the deadlord
50888	61393	nakaz the deadlord
50888	54753	nakaz the deadlord
50888	61392	nakaz the deadlord
50888	58567	nakaz the deadlord
50888	58566	nakaz the deadlord
50890	35556	subject: rho
50890	32422	subject: rho
50890	33250	subject: rho
50890	34262	subject: rho
50890	33249	subject: rho
50892	46878	the endless hunger
50892	35474	the endless hunger
50892	57878	the endless hunger
50892	57008	the endless hunger
50892	57831	the endless hunger
50892	57744	the endless hunger
50892	38501	the endless hunger
50893	53382	arianna wildgrass
50893	55421	arianna wildgrass
50893	55383	arianna wildgrass
50893	55402	arianna wildgrass
50893	55401	arianna wildgrass
50893	55371	arianna wildgrass
50895	66367	arianna's assassin
50895	66353	arianna's assassin
50895	66354	arianna's assassin
50895	65716	arianna's assassin
50895	61315	arianna's assassin
50907	33250	strain crawler
50907	39866	strain crawler
50907	71075	strain crawler
50907	72400	strain crawler
50907	72401	strain crawler
50907	33242	strain crawler
50907	56492	strain crawler
50907	56490	strain crawler
50907	56493	strain crawler
50908	56980	strain blaster
50908	53985	strain blaster
50908	56981	strain blaster
50908	53986	strain blaster
50909	31618	strain swarmer
50909	30936	strain swarmer
50920	55847	malfunctioning security construct
50920	65795	malfunctioning security construct
50920	56291	malfunctioning security construct
50920	66144	malfunctioning security construct
50943	6103	prodigy
50943	54595	prodigy
50943	17269	prodigy
50943	18094	prodigy
50943	54591	prodigy
50945	55401	nomjin
50945	55371	nomjin
50945	55402	nomjin
50945	53382	nomjin
50945	55786	nomjin
50946	31740	frostshard
50946	46128	frostshard
50946	14022	frostshard
50946	27991	frostshard
50946	12425	frostshard
50947	62958	marauder mine
50948	49792	beastmaster xix
50948	60568	beastmaster xix
50948	61315	beastmaster xix
50948	69304	beastmaster xix
50950	25930	iiksy
50950	54602	iiksy
50950	54600	iiksy
50950	25871	iiksy
50990	65849	chief blackheart
50990	48895	chief blackheart
50990	56990	chief blackheart
50990	56986	chief blackheart
50990	47175	chief blackheart
50993	57843	rondo
50993	58567	rondo
50993	57872	rondo
50993	57029	rondo
50993	69165	rondo
50993	58566	rondo
50993	57851	rondo
50994	55763	rondo's squad
50994	51828	rondo's squad
50994	52010	rondo's squad
50995	46405	xt-9 alpha
50995	35474	xt-9 alpha
50995	46043	xt-9 alpha
50995	39430	xt-9 alpha
50995	46006	xt-9 alpha
50996	40171	crystalback
50996	31135	crystalback
50996	21569	crystalback
50996	28868	crystalback
50996	21881	crystalback
50997	55851	rashanna the soul drinker
50997	56431	rashanna the soul drinker
50997	56430	rashanna the soul drinker
50997	53382	rashanna the soul drinker
51000	35474	the embermaster
51000	69355	the embermaster
51000	46806	the embermaster
51000	64863	the embermaster
51000	64838	the embermaster
51001	43507	rotfang
51001	46040	rotfang
51001	60950	rotfang
51001	55289	rotfang
51001	42362	rotfang
51001	45302	rotfang
51003	34455	blightbeak
51003	40117	blightbeak
51003	57205	blightbeak
51003	45780	blightbeak
51003	46040	blightbeak
51006	32735	deathpaw
51006	56614	deathpaw
51006	35282	deathpaw
51006	32768	deathpaw
51006	35246	deathpaw
51007	53416	grudder
51007	53436	grudder
51007	21704	grudder
51007	32886	grudder
51007	22670	grudder
51007	30510	grudder
51008	32379	quiggles
51008	32735	quiggles
51008	39867	quiggles
51008	32612	quiggles
51010	55862	king cruelclaw
51010	54225	king cruelclaw
51010	55860	king cruelclaw
51010	53988	king cruelclaw
51010	55859	king cruelclaw
51010	65763	king cruelclaw
51010	55861	king cruelclaw
51011	36094	queen kizzek
51011	32965	queen kizzek
51011	32966	queen kizzek
51011	36021	queen kizzek
51011	37314	queen kizzek
51013	48121	razorclaw
51013	48531	razorclaw
51013	43327	razorclaw
51013	47778	razorclaw
51013	47997	razorclaw
51020	53382	grovekeeper fellia
51020	54577	grovekeeper fellia
51020	56074	grovekeeper fellia
51020	56073	grovekeeper fellia
51020	56078	grovekeeper fellia
51042	72964	bloodtail
51042	65709	bloodtail
51042	79183	bloodtail
51042	69165	bloodtail
51042	65711	bloodtail
51042	66239	bloodtail
51042	60950	bloodtail
51059	61315	trooper koren
51059	60568	trooper koren
51059	55434	trooper koren
51068	50318	blood pit gladiator
51068	62619	blood pit gladiator
51068	65770	blood pit gladiator
51068	49913	blood pit gladiator
51075	56366	engineer - hostile invisible - bruiserbot
51082	62528	firestorm burnblaster
51082	62529	firestorm burnblaster
51082	58478	firestorm burnblaster
51082	66296	firestorm burnblaster
51082	63270	firestorm burnblaster
51082	62531	firestorm burnblaster
51082	62530	firestorm burnblaster
51083	65737	firestorm flamebot
51083	72729	firestorm flamebot
51083	72728	firestorm flamebot
51083	69164	firestorm flamebot
51083	54937	firestorm flamebot
51083	46270	firestorm flamebot
51083	50080	firestorm flamebot
51091	35321	primal sacrifice
51091	50199	primal sacrifice
51091	32493	primal sacrifice
51091	50097	primal sacrifice
51091	42609	primal sacrifice
51091	32489	primal sacrifice
51091	25544	primal sacrifice
51116	61315	kezrek warbringer
51116	60568	kezrek warbringer
51116	49792	kezrek warbringer
51116	69304	kezrek warbringer
51126	9940	yeti snowstalker
51126	2095	yeti snowstalker
51126	44496	yeti snowstalker
51126	53034	yeti snowstalker
51148	47389	eldan augmentor
51148	44739	eldan augmentor
51148	45833	eldan augmentor
51148	48563	eldan augmentor
51148	44448	eldan augmentor
51148	42445	eldan augmentor
51150	47389	eldan augmentor
51150	44739	eldan augmentor
51150	45833	eldan augmentor
51150	48563	eldan augmentor
51150	44448	eldan augmentor
51150	42445	eldan augmentor
51153	33250	augmented girrok
51153	33249	augmented girrok
51153	35556	augmented girrok
51153	34262	augmented girrok
51153	32422	augmented girrok
51304	4699	megadroid minion
51304	11241	megadroid minion
51305	11241	megadroid pulverizer
51305	4699	megadroid pulverizer
51306	32388	megadroid zealot
51306	31975	megadroid zealot
51324	40600	eldan fuel rod
51401	9937	dustden fracas
51401	2095	dustden fracas
51401	53034	dustden fracas
51402	2095	dustden howler
51402	10132	dustden howler
51402	30979	dustden howler
51402	10118	dustden howler
51403	53054	galegut
51403	36569	galegut
51403	30979	galegut
51403	52968	galegut
51403	53034	galegut
51403	9945	galegut
51403	2095	galegut
51404	53268	gullyrock heaver
51404	53275	gullyrock heaver
51404	53274	gullyrock heaver
51404	21569	gullyrock heaver
51404	21878	gullyrock heaver
51404	31135	gullyrock heaver
51422	49452	fissure
51422	48502	fissure
51431	49452	fissure
51431	48502	fissure
51440	53382	pyrius octavian
51440	55851	pyrius octavian
51440	56430	pyrius octavian
51440	56431	pyrius octavian
51503	57768	shadowfall
51503	20196	shadowfall
51503	28016	shadowfall
51503	26162	shadowfall
51503	28704	shadowfall
51503	57765	shadowfall
51503	47168	shadowfall
51508	56622	stonepile
51508	52531	stonepile
51508	56329	stonepile
51508	52475	stonepile
51508	47929	stonepile
51508	54349	stonepile
51510	52567	stanch
51510	57631	stanch
51510	61431	stanch
51510	52639	stanch
51510	52151	stanch
51555	58566	lieutenant feraakh
51555	49792	lieutenant feraakh
51555	51383	lieutenant feraakh
51555	58567	lieutenant feraakh
51555	53384	lieutenant feraakh
51555	54327	lieutenant feraakh
51555	54675	lieutenant feraakh
51555	54299	lieutenant feraakh
51555	54241	lieutenant feraakh
51559	13894	megawatt
51559	57320	megawatt
51559	26162	megawatt
51559	57329	megawatt
51559	57321	megawatt
51559	6147	megawatt
51596	61315	fresh hatchling
51596	65763	fresh hatchling
51597	36759	augmented spiderling
51597	70403	augmented spiderling
51597	47508	augmented spiderling
51597	44739	augmented spiderling
51598	36759	augmented recluse
51598	70403	augmented recluse
51598	44739	augmented recluse
51598	47508	augmented recluse
51599	9743	cryodin wanderer
51599	32574	cryodin wanderer
51599	19085	cryodin wanderer
51599	55151	cryodin wanderer
51599	2340	cryodin wanderer
51599	30623	cryodin wanderer
51600	2340	cryodin bull
51600	55151	cryodin bull
51600	32574	cryodin bull
51600	30623	cryodin bull
51600	9743	cryodin bull
51600	19085	cryodin bull
51724	35246	gnawer
51724	32735	gnawer
51724	32768	gnawer
51724	35282	gnawer
51724	56614	gnawer
51736	56664	captured rockside digger
51736	30936	captured rockside digger
51736	31619	captured rockside digger
51736	56684	captured rockside digger
51742	53219	lucy lazarin
51742	38773	lucy lazarin
51742	65744	lucy lazarin
51742	52551	lucy lazarin
51742	53247	lucy lazarin
51743	44634	defiled augmentor
51743	70128	defiled augmentor
51743	61315	defiled augmentor
51771	57320	gigawatt
51771	13894	gigawatt
51771	6147	gigawatt
51771	26162	gigawatt
51771	57321	gigawatt
51771	57329	gigawatt
51811	43366	feralplain climber
51811	46933	feralplain climber
51811	44200	feralplain climber
51811	32774	feralplain climber
51812	32774	feralplain slasher
51812	41717	feralplain slasher
51812	43366	feralplain slasher
51812	46895	feralplain slasher
51812	42383	feralplain slasher
51813	20196	feralplain scavenger
51813	57768	feralplain scavenger
51813	28016	feralplain scavenger
51813	28704	feralplain scavenger
51813	47168	feralplain scavenger
51813	57765	feralplain scavenger
51813	26162	feralplain scavenger
51814	28704	feralplain buzzard
51814	47168	feralplain buzzard
51814	28016	feralplain buzzard
51814	20196	feralplain buzzard
51814	57768	feralplain buzzard
51814	26162	feralplain buzzard
51814	57765	feralplain buzzard
51860	53069	green plasma leak
51870	53343	dominion soldier
51870	53342	dominion soldier
51870	57843	dominion soldier
51870	49350	dominion soldier
51870	43759	dominion soldier
51870	51346	dominion soldier
51870	65744	dominion soldier
51870	57664	dominion soldier
51870	52448	dominion soldier
51870	51828	dominion soldier
51870	52010	dominion soldier
51870	52742	dominion soldier
51870	53345	dominion soldier
51870	52551	dominion soldier
51871	53221	green plasma burst
51944	53382	corrupted thought-blaster
51944	56712	corrupted thought-blaster
51944	56633	corrupted thought-blaster
51946	56492	corrupted eyebyte
51946	32735	corrupted eyebyte
51946	32734	corrupted eyebyte
51946	56490	corrupted eyebyte
51947	70128	nursery prober
51947	61315	nursery prober
51947	44634	nursery prober
51948	36847	preyfinder hunter
51948	65744	preyfinder hunter
51949	28691	nursery patroller
51949	41442	nursery patroller
51949	41202	nursery patroller
51949	41445	nursery patroller
51950	46006	nursery defender
51950	46152	nursery defender
51950	46042	nursery defender
51950	35474	nursery defender
51952	69378	gale
51952	46878	gale
51952	69072	gale
51952	35474	gale
51952	65456	gale
51953	22797	crag
51953	50097	crag
51953	32493	crag
51953	35321	crag
51953	32489	crag
51954	46806	flare
51954	35474	flare
51954	69355	flare
51954	64838	flare
51954	64863	flare
51957	16029	frost
51957	35321	frost
51957	45732	frost
51957	49906	frost
51957	31752	frost
51960	61336	corrupted mind-seizer
51960	74756	corrupted mind-seizer
51960	61386	corrupted mind-seizer
51960	56640	corrupted mind-seizer
51960	56636	corrupted mind-seizer
51960	56633	corrupted mind-seizer
51960	56712	corrupted mind-seizer
51961	56504	corrupted thought-mender
51961	53382	corrupted thought-mender
51961	56508	corrupted thought-mender
51965	21569	rockslide boulderback
51965	21878	rockslide boulderback
51965	31135	rockslide boulderback
51965	53268	rockslide boulderback
51965	53274	rockslide boulderback
51965	53275	rockslide boulderback
51974	44328	primal blaze
51974	65744	primal blaze
51974	46398	primal blaze
51974	43947	primal blaze
51974	64838	primal blaze
51974	44200	primal blaze
51974	35474	primal blaze
51974	69355	primal blaze
51975	42111	primal torrent
51975	65744	primal torrent
51975	41619	primal torrent
51975	42083	primal torrent
51982	11243	grinder smashbot
51982	4699	grinder smashbot
51982	54916	grinder smashbot
51982	42052	grinder smashbot
51982	6972	grinder smashbot
51988	31618	ingress nibbler
51988	30936	ingress nibbler
51989	46807	withering lasher
51989	71987	withering lasher
51989	71991	withering lasher
51989	35474	withering lasher
51989	71980	withering lasher
51990	35474	withering whipper
51990	46806	withering whipper
51990	71987	withering whipper
51990	71980	withering whipper
51993	11862	poxpollen stinger
51993	32966	poxpollen stinger
51993	71075	poxpollen stinger
51993	71751	poxpollen stinger
51993	71676	poxpollen stinger
51994	71751	poxpollen buzzer
51994	11862	poxpollen buzzer
51994	32966	poxpollen buzzer
51994	71676	poxpollen buzzer
51994	71075	poxpollen buzzer
51995	35474	harrowing sludge
51995	46877	harrowing sludge
51995	58263	harrowing sludge
51995	57878	harrowing sludge
51995	57831	harrowing sludge
51995	56818	harrowing sludge
51996	18109	golden stag
51996	30503	golden stag
51996	53505	golden stag
51996	21712	golden stag
51997	21712	golden grazer
51997	18109	golden grazer
51997	30503	golden grazer
51997	53505	golden grazer
51999	46040	yellowtail hopper
51999	46042	yellowtail hopper
51999	55137	yellowtail hopper
51999	40117	yellowtail hopper
51999	58612	yellowtail hopper
52000	6147	gilded guardian
52000	57329	gilded guardian
52000	57320	gilded guardian
52000	13894	gilded guardian
52000	57321	gilded guardian
52000	26162	gilded guardian
52001	71979	darktail strider
52001	46042	darktail strider
52001	34455	darktail strider
52001	71986	darktail strider
52001	71075	darktail strider
52001	71965	darktail strider
52001	46040	darktail strider
52002	46040	darktail hopper
52002	45779	darktail hopper
52004	21711	ebony stag
52004	72001	ebony stag
52004	72012	ebony stag
52004	18109	ebony stag
52005	72001	ebony grazer
52005	18109	ebony grazer
52005	72012	ebony grazer
52005	21711	ebony grazer
52006	65711	deathpaw howler
52006	71075	deathpaw howler
52006	71326	deathpaw howler
52006	65812	deathpaw howler
52006	71304	deathpaw howler
52008	46895	exofur hooligan
52008	41717	exofur hooligan
52008	32774	exofur hooligan
52008	43366	exofur hooligan
52008	42383	exofur hooligan
52009	32774	exofur thief
52009	44200	exofur thief
52009	43366	exofur thief
52013	24528	cankertog
52013	45987	cankertog
52013	45905	cankertog
52013	21879	cankertog
52013	21569	cankertog
52018	54381	tubular frizlet
52018	6910	tubular frizlet
52018	44777	tubular frizlet
52018	54563	tubular frizlet
52019	54381	tubular frizlet
52019	6910	tubular frizlet
52019	44777	tubular frizlet
52019	54563	tubular frizlet
52020	43328	cankerfoot
52020	42657	cankerfoot
52020	42637	cankerfoot
52020	39578	cankerfoot
52020	42560	cankerfoot
52021	43328	cankerfoot dame
52021	42637	cankerfoot dame
52021	42657	cankerfoot dame
52021	39578	cankerfoot dame
52021	42560	cankerfoot dame
52022	34311	cankertube sawtooth
52022	28704	cankertube sawtooth
52022	71965	cankertube sawtooth
52022	34455	cankertube sawtooth
52022	71075	cankertube sawtooth
52022	34151	cankertube sawtooth
52022	34310	cankertube sawtooth
52022	54600	cankertube sawtooth
52022	54602	cankertube sawtooth
52023	42875	cankertube clampjaw
52023	36309	cankertube clampjaw
52023	34455	cankertube clampjaw
52023	71075	cankertube clampjaw
52023	71965	cankertube clampjaw
52023	71986	cankertube clampjaw
52023	71979	cankertube clampjaw
52023	37281	cankertube clampjaw
52023	54602	cankertube clampjaw
52023	54600	cankertube clampjaw
52023	34151	cankertube clampjaw
52023	39578	cankertube clampjaw
52023	54601	cankertube clampjaw
52024	30935	cankertube skug
52024	28673	cankertube skug
52024	28654	cankertube skug
52024	28937	cankertube skug
52025	30935	cankertube skug
52025	28673	cankertube skug
52025	28654	cankertube skug
52025	28937	cankertube skug
52026	53427	cankertube skug princess
52026	72116	cankertube skug princess
52026	54293	cankertube skug princess
52026	72117	cankertube skug princess
52026	53426	cankertube skug princess
52026	53424	cankertube skug princess
52026	53868	cankertube skug princess
52027	46042	lab protector
52027	35474	lab protector
52027	47284	lab protector
52027	46006	lab protector
52027	46152	lab protector
52029	33963	psiplorg
52041	70230	enthralled corruptor spawn
52041	57585	enthralled corruptor spawn
52041	70229	enthralled corruptor spawn
52041	57589	enthralled corruptor spawn
52041	57588	enthralled corruptor spawn
52042	70229	enthralled corruptor
52042	57585	enthralled corruptor
52042	70230	enthralled corruptor
52042	57589	enthralled corruptor
52042	57588	enthralled corruptor
52045	55763	enthralled gunner
52045	51828	enthralled gunner
52045	52010	enthralled gunner
52047	53219	lucy lazarin
52047	38773	lucy lazarin
52047	65744	lucy lazarin
52047	52551	lucy lazarin
52047	53247	lucy lazarin
52048	53368	enthralled mender
52048	55595	enthralled mender
52049	53369	enthralled therapist
52049	56073	enthralled therapist
52049	56074	enthralled therapist
52051	65716	enthralled slasher
52051	66353	enthralled slasher
52051	66354	enthralled slasher
52051	61315	enthralled slasher
52052	61315	enthralled duelist
52052	60594	enthralled duelist
52052	66279	enthralled duelist
52052	66275	enthralled duelist
52053	55763	enthralled exterminator
52053	51828	enthralled exterminator
52053	52010	enthralled exterminator
52055	55761	enthralled executioner
52055	66020	enthralled executioner
52055	50080	enthralled executioner
52057	65744	enthralled booster
52057	41619	enthralled booster
52057	52551	enthralled booster
52057	38773	enthralled booster
52058	65744	enthralled saboteur
52058	52551	enthralled saboteur
52058	38773	enthralled saboteur
52058	41619	enthralled saboteur
52071	42111	furlo gre
52071	65744	furlo gre
52071	41619	furlo gre
52071	42083	furlo gre
52071	52454	furlo gre
52072	48563	phagelab defender
52072	47389	phagelab defender
52072	42445	phagelab defender
52072	44448	phagelab defender
52072	45833	phagelab defender
52072	44739	phagelab defender
52112	31015	goonbot
52112	39401	goonbot
52112	54212	goonbot
52112	31026	goonbot
52112	31059	goonbot
52112	31060	goonbot
52112	31033	goonbot
52166	53383	"pa" thrasher
52166	54241	"pa" thrasher
52166	54299	"pa" thrasher
52166	54675	"pa" thrasher
52166	53384	"pa" thrasher
52166	48891	"pa" thrasher
52166	54327	"pa" thrasher
52187	46692	haggar the hammer
52187	24059	haggar the hammer
52187	29850	haggar the hammer
52187	46797	haggar the hammer
52198	57851	"scars" bragg
52198	57843	"scars" bragg
52198	57029	"scars" bragg
52198	57872	"scars" bragg
52198	69165	"scars" bragg
52198	58567	"scars" bragg
52198	58566	"scars" bragg
52198	54328	"scars" bragg
52198	54315	"scars" bragg
52198	54330	"scars" bragg
52199	55848	"hot stuff" grazati
52199	55849	"hot stuff" grazati
52199	53382	"hot stuff" grazati
52199	54315	"hot stuff" grazati
52199	54328	"hot stuff" grazati
52199	54330	"hot stuff" grazati
52200	55119	"double tap" vincenzok
52200	65795	"double tap" vincenzok
52200	48923	"double tap" vincenzok
52200	47669	"double tap" vincenzok
52200	54330	"double tap" vincenzok
52200	54328	"double tap" vincenzok
52200	54315	"double tap" vincenzok
52201	52010	"bigtime" zorgg
52201	51899	"bigtime" zorgg
52201	51828	"bigtime" zorgg
52201	55761	"bigtime" zorgg
52201	54328	"bigtime" zorgg
52201	54330	"bigtime" zorgg
52201	54315	"bigtime" zorgg
52231	52473	celestial razortusk
52231	48792	celestial razortusk
52231	45851	celestial razortusk
52231	52536	celestial razortusk
52231	48515	celestial razortusk
52257	46006	nursery defender
52257	46152	nursery defender
52257	46042	nursery defender
52257	35474	nursery defender
52258	33963	weighty psiplorg
52259	33963	fleeting psiplorg
52265	65763	grave weaver
52265	66151	grave weaver
52265	58566	grave weaver
52265	66155	grave weaver
52265	52756	grave weaver
52287	43328	gnarly hookfoot
52287	42637	gnarly hookfoot
52287	42657	gnarly hookfoot
52287	39578	gnarly hookfoot
52287	42560	gnarly hookfoot
52289	54293	dramatic skug queen
52289	53424	dramatic skug queen
52289	53427	dramatic skug queen
52289	72116	dramatic skug queen
52289	53426	dramatic skug queen
52289	72117	dramatic skug queen
52289	53868	dramatic skug queen
52291	5289	annex warden
52291	6147	annex warden
52291	14202	annex warden
52291	6541	annex warden
52291	8167	annex warden
52291	44264	annex warden
52291	35987	annex warden
52292	5289	annex warden
52292	6147	annex warden
52292	14202	annex warden
52292	6541	annex warden
52292	8167	annex warden
52292	44264	annex warden
52292	35987	annex warden
52293	5289	annex warden
52293	6147	annex warden
52293	14202	annex warden
52293	6541	annex warden
52293	8167	annex warden
52293	44264	annex warden
52293	35987	annex warden
52294	5289	annex warden
52294	6147	annex warden
52294	14202	annex warden
52294	6541	annex warden
52294	8167	annex warden
52294	44264	annex warden
52294	35987	annex warden
52295	61331	elyona the mad
52295	63507	elyona the mad
52295	63508	elyona the mad
52295	58613	elyona the mad
52295	58626	elyona the mad
52307	42637	radical hookfoot
52307	42657	radical hookfoot
52307	43328	radical hookfoot
52307	39578	radical hookfoot
52307	42560	radical hookfoot
52330	32735	greystone masher
52330	32768	greystone masher
52330	35246	greystone masher
52330	35282	greystone masher
52336	44259	aurelian guard
52336	44267	aurelian guard
52340	44259	aurelian guard
52340	44267	aurelian guard
52391	54557	deactivated zeta agent
52400	36569	crazed zubblehead
52400	52968	crazed zubblehead
52400	53034	crazed zubblehead
52400	2095	crazed zubblehead
52400	9945	crazed zubblehead
52400	30979	crazed zubblehead
52400	53054	crazed zubblehead
52413	36021	honeyhive swarmer
52413	32965	honeyhive swarmer
52413	32966	honeyhive swarmer
52413	37322	honeyhive swarmer
52414	36094	honeyhive soldier
52414	37314	honeyhive soldier
52414	32965	honeyhive soldier
52414	32966	honeyhive soldier
52414	36021	honeyhive soldier
52415	37322	honeyhive drone
52415	32965	honeyhive drone
52415	36021	honeyhive drone
52415	32966	honeyhive drone
52416	44256	titian guard
52416	44255	titian guard
52416	44267	titian guard
52417	44256	titian guard
52417	44255	titian guard
52417	44267	titian guard
52432	52084	empirius
52432	48788	empirius
52432	51591	empirius
52432	54914	empirius
52434	55120	sarabella
52434	48602	sarabella
52434	54363	sarabella
52435	48668	ignacio
52435	48670	ignacio
52435	48680	ignacio
52435	48683	ignacio
52435	48677	ignacio
52435	48669	ignacio
52441	62528	wiped supervisorbot
52441	62531	wiped supervisorbot
52441	62530	wiped supervisorbot
52441	66296	wiped supervisorbot
52469	13961	warped wavecutter
52469	45685	warped wavecutter
52469	12425	warped wavecutter
52469	45732	warped wavecutter
52470	12559	samu-samu minion
52470	31609	samu-samu minion
52470	31613	samu-samu minion
52470	31620	samu-samu minion
52470	31610	samu-samu minion
52470	31641	samu-samu minion
52470	31625	samu-samu minion
52470	26520	samu-samu minion
52472	30936	warped sandeater
52472	31618	warped sandeater
52472	71187	warped sandeater
52472	30095	warped sandeater
52474	60594	cadet eborian
52474	61315	cadet eborian
52477	30936	warped earthshaker
52477	56664	warped earthshaker
52477	31619	warped earthshaker
52477	56684	warped earthshaker
52478	32735	warped canimid
52478	32768	warped canimid
52478	35246	warped canimid
52478	35282	warped canimid
52480	6909	warped qubit
52480	6910	warped qubit
52481	24528	warped exatryte
52481	21569	warped exatryte
52481	21879	warped exatryte
52481	45905	warped exatryte
52481	45987	warped exatryte
52492	45779	warped magmaborn
52492	35474	warped magmaborn
52492	46051	warped magmaborn
52492	47152	warped magmaborn
52493	35474	warped rootbrute
52493	45779	warped rootbrute
52493	46051	warped rootbrute
52493	47152	warped rootbrute
52505	65744	aberrant blaze
52505	42111	aberrant blaze
52505	42083	aberrant blaze
52505	41619	aberrant blaze
52506	65744	aberrant torrent
52506	42111	aberrant torrent
52506	41619	aberrant torrent
52506	42083	aberrant torrent
52507	65744	aberrant geode
52507	42111	aberrant geode
52507	42083	aberrant geode
52507	41619	aberrant geode
52508	42111	aberrant vortex
52508	65744	aberrant vortex
52508	41619	aberrant vortex
52508	42083	aberrant vortex
52510	65744	aberrant byte
52510	42111	aberrant byte
52510	41619	aberrant byte
52510	42083	aberrant byte
52512	41619	aberrant spirit
52512	65744	aberrant spirit
52512	42111	aberrant spirit
52512	42083	aberrant spirit
52514	70251	twisted air elemental
52514	64929	twisted air elemental
52514	70252	twisted air elemental
52514	68533	twisted air elemental
52515	32388	twisted water elemental
52515	35321	twisted water elemental
52515	49906	twisted water elemental
52515	33828	twisted water elemental
52515	35440	twisted water elemental
52515	31740	twisted water elemental
52516	46670	twisted fire elemental
52516	35474	twisted fire elemental
52516	64863	twisted fire elemental
52516	48196	twisted fire elemental
52516	46806	twisted fire elemental
52516	48194	twisted fire elemental
52517	46807	twisted logic elemental
52517	35474	twisted logic elemental
52517	66433	twisted logic elemental
52517	66453	twisted logic elemental
52517	65498	twisted logic elemental
52519	35321	twisted earth elemental
52519	22797	twisted earth elemental
52519	32493	twisted earth elemental
52519	32489	twisted earth elemental
52519	50097	twisted earth elemental
52530	42560	augmented daggerfoot
52530	39578	augmented daggerfoot
52530	42637	augmented daggerfoot
52530	42657	augmented daggerfoot
52530	43328	augmented daggerfoot
52559	44805	highland stalker
52559	65709	highland stalker
52559	55294	highland stalker
52559	65711	highland stalker
52559	44804	highland stalker
52559	69165	highland stalker
52579	56031	thayd warbot guard
52579	44280	thayd warbot guard
52646	41442	malfunctioning a37 probe
52646	28691	malfunctioning a37 probe
52646	41202	malfunctioning a37 probe
52646	41445	malfunctioning a37 probe
52680	28016	witchwake screecher
52680	57768	witchwake screecher
52680	28704	witchwake screecher
52680	26162	witchwake screecher
52680	57765	witchwake screecher
52680	20196	witchwake screecher
52680	47168	witchwake screecher
52780	57099	corrupted elder
52780	57110	corrupted elder
52780	57114	corrupted elder
52780	57103	corrupted elder
52780	74756	corrupted elder
52780	61386	corrupted elder
52780	53382	corrupted elder
52781	43328	kesselbug burrower
52781	44466	kesselbug burrower
52781	41070	kesselbug burrower
52781	44656	kesselbug burrower
52782	44656	kesselbug larva
52782	43328	kesselbug larva
52782	41070	kesselbug larva
52782	44466	kesselbug larva
52787	40488	boiling ravager
52787	45779	boiling ravager
52787	45501	boiling ravager
52787	40506	boiling ravager
52787	45468	boiling ravager
52827	35474	silverlimb creeper
52827	71987	silverlimb creeper
52827	46806	silverlimb creeper
52827	71980	silverlimb creeper
52828	35474	silverlimb crawler
52828	71987	silverlimb crawler
52828	46806	silverlimb crawler
52828	71980	silverlimb crawler
52830	65753	wastebeak lurker
52830	69165	wastebeak lurker
52830	65754	wastebeak lurker
52830	66393	wastebeak lurker
52830	66394	wastebeak lurker
52831	65753	wastebeak watcher
52831	65754	wastebeak watcher
52839	54225	silvertail lancer
52839	53988	silvertail lancer
52839	55859	silvertail lancer
52839	65763	silvertail lancer
52839	55860	silvertail lancer
52840	45851	silvertail stinger
52840	38305	silvertail stinger
52841	56622	grimrock devastator
52841	56328	grimrock devastator
52841	55700	grimrock devastator
52841	54349	grimrock devastator
52844	57627	withervine ambusher
52844	65762	withervine ambusher
52844	65761	withervine ambusher
52844	57659	withervine ambusher
52844	57625	withervine ambusher
52844	57624	withervine ambusher
52844	73167	withervine ambusher
52844	73139	withervine ambusher
52862	54349	grimrock smasher
52862	56622	grimrock smasher
52862	56332	grimrock smasher
52863	56332	grimrock pummeler
52863	54349	grimrock pummeler
52863	56622	grimrock pummeler
52867	28691	dominion engineer
52867	44427	dominion engineer
52867	45953	dominion engineer
52867	46389	dominion engineer
52867	65744	dominion engineer
52867	45813	dominion engineer
52867	46398	dominion engineer
52877	65753	wastebeak lurker
52877	69165	wastebeak lurker
52877	65754	wastebeak lurker
52877	66393	wastebeak lurker
52877	66394	wastebeak lurker
52935	58566	bonerazer bloodmauler
52935	54742	bonerazer bloodmauler
52935	53384	bonerazer bloodmauler
52935	54817	bonerazer bloodmauler
52957	40488	absolute terror
52957	45779	absolute terror
52957	40506	absolute terror
52957	45468	absolute terror
52957	45501	absolute terror
52958	35474	mind gutter
52958	46877	mind gutter
52958	57744	mind gutter
52958	57622	mind gutter
52958	56630	mind gutter
52958	57711	mind gutter
52959	46806	thought flayer
52959	57744	thought flayer
52959	35474	thought flayer
52959	57711	thought flayer
52969	60623	kuralak the defiler
52969	56474	kuralak the defiler
52969	56649	kuralak the defiler
52969	56578	kuralak the defiler
52969	56473	kuralak the defiler
52969	60845	kuralak the defiler
52974	60835	phage maw
52974	57662	phage maw
52974	63234	phage maw
52974	60442	phage maw
53031	60159	pillar of the genetic library
53031	60366	pillar of the genetic library
53031	56578	pillar of the genetic library
53057	56610	air bursterbot
53063	60569	bloodfire guard
53063	61315	bloodfire guard
53063	72717	bloodfire guard
53063	44256	bloodfire guard
53064	60569	bloodfire guard
53064	61315	bloodfire guard
53064	72717	bloodfire guard
53064	44256	bloodfire guard
53066	6147	endless vigil guard
53066	13889	endless vigil guard
53066	44262	endless vigil guard
53066	44263	endless vigil guard
53067	44267	feralplain guard
53071	30820	drifter
53071	7460	drifter
53071	7459	drifter
53071	30865	drifter
53071	30796	drifter
53082	56648	osiric totem
53082	56647	osiric totem
53089	14023	abyss
53089	12425	abyss
53089	46024	abyss
53089	26162	abyss
53089	27974	abyss
53090	33249	deadpaws
53090	33250	deadpaws
53090	35556	deadpaws
53090	32422	deadpaws
53090	34262	deadpaws
53091	35474	alpha guard one
53091	46877	alpha guard one
53091	46809	alpha guard one
53091	46893	alpha guard one
53091	39430	alpha guard one
53092	56430	keeper of fire
53092	56431	keeper of fire
53092	53382	keeper of fire
53092	55851	keeper of fire
53100	53382	keeper of air
53100	55401	keeper of air
53100	55371	keeper of air
53100	55421	keeper of air
53100	55402	keeper of air
53101	53382	keeper of life
53101	56074	keeper of life
53101	56078	keeper of life
53101	54577	keeper of life
53101	56073	keeper of life
53103	60594	strainblade
53103	66275	strainblade
53103	61315	strainblade
53103	66279	strainblade
53104	57768	the vultch
53104	28704	the vultch
53104	28016	the vultch
53104	26162	the vultch
53104	57765	the vultch
53104	47168	the vultch
53104	20196	the vultch
53105	72030	deathgrazer
53105	18109	deathgrazer
53105	21712	deathgrazer
53105	72001	deathgrazer
53105	72012	deathgrazer
53106	71751	beelzebug
53106	32966	beelzebug
53106	71075	beelzebug
53106	11862	beelzebug
53106	71676	beelzebug
53107	52968	dreich
53107	36569	dreich
53107	9945	dreich
53107	53054	dreich
53107	30979	dreich
53107	2095	dreich
53107	53034	dreich
53108	48531	whitefang
53108	48433	whitefang
53108	48822	whitefang
53108	48641	whitefang
53108	44710	whitefang
53108	47778	whitefang
53110	52531	detritus
53110	54349	detritus
53110	52475	detritus
53110	47929	detritus
53110	56622	detritus
53110	56329	detritus
53111	30503	lifegrazer
53111	53508	lifegrazer
53111	53505	lifegrazer
53111	21713	lifegrazer
53111	18109	lifegrazer
53113	71676	the queen
53113	32966	the queen
53113	71751	the queen
53113	11862	the queen
53113	71075	the queen
53114	32735	blinky
53114	56493	blinky
53114	56490	blinky
53114	56492	blinky
53114	32734	blinky
53115	40488	the ravagist
53115	45501	the ravagist
53115	45468	the ravagist
53115	40506	the ravagist
53115	45779	the ravagist
53116	65761	amorphomorph
53116	57624	amorphomorph
53116	57627	amorphomorph
53116	65762	amorphomorph
53116	57625	amorphomorph
53116	57626	amorphomorph
53119	56331	king grimrock
53119	55700	king grimrock
53119	56622	king grimrock
53123	53988	scrabbles
53123	55859	scrabbles
53123	55861	scrabbles
53123	55860	scrabbles
53123	55862	scrabbles
53123	65763	scrabbles
53123	54225	scrabbles
53124	66275	sgt. garog
53124	60594	sgt. garog
53124	61315	sgt. garog
53124	66279	sgt. garog
53127	35474	gorganoth prime
53127	47596	gorganoth prime
53127	70514	gorganoth prime
53127	70617	gorganoth prime
53127	70515	gorganoth prime
53127	50080	gorganoth prime
53127	70401	gorganoth prime
53132	34310	fluffy
53132	34266	fluffy
53132	34361	fluffy
53132	34264	fluffy
53132	35522	fluffy
53175	27926	troublemaker
53175	34552	troublemaker
53175	65744	troublemaker
53175	38773	troublemaker
53175	34489	troublemaker
53175	37941	troublemaker
53175	51586	troublemaker
53194	48381	field commander telnetia
53194	54631	field commander telnetia
53194	53223	field commander telnetia
53200	53219	lucy lazarin
53200	38773	lucy lazarin
53200	65744	lucy lazarin
53200	52551	lucy lazarin
53200	53247	lucy lazarin
53230	44267	illium gate guard
53230	46393	illium gate guard
53231	44267	illium gate guard
53231	46393	illium gate guard
53283	71092	ingress anklebiter
53283	31619	ingress anklebiter
53283	71127	ingress anklebiter
53283	30936	ingress anklebiter
53293	53247	bot saboteur
53293	65744	bot saboteur
53293	38773	bot saboteur
53293	52551	bot saboteur
53293	53219	bot saboteur
53297	71351	deathpaw stalker
53297	70192	deathpaw stalker
53297	71075	deathpaw stalker
53297	70327	deathpaw stalker
53297	71304	deathpaw stalker
53297	71326	deathpaw stalker
53301	31618	noxpest
53301	30936	noxpest
53301	60626	noxpest
53361	60569	bloodfire guard
53361	61315	bloodfire guard
53361	72717	bloodfire guard
53361	44256	bloodfire guard
53362	60569	bloodfire guard
53362	61315	bloodfire guard
53362	72717	bloodfire guard
53362	44256	bloodfire guard
53388	45218	frostbite
53388	32768	frostbite
53388	34262	frostbite
53388	32735	frostbite
53388	45117	frostbite
53389	12425	icefang
53389	14022	icefang
53389	46128	icefang
53389	27991	icefang
53389	31740	icefang
53390	48792	blubbergut
53390	52536	blubbergut
53390	45851	blubbergut
53390	52473	blubbergut
53390	48515	blubbergut
53391	62531	fr2 blitzer
53391	52788	fr2 blitzer
53391	54212	fr2 blitzer
53391	62528	fr2 blitzer
53391	62529	fr2 blitzer
53393	21931	stormshell
53393	21569	stormshell
53393	28868	stormshell
53393	31135	stormshell
53393	30096	stormshell
53394	53427	grellus the blight queen
53394	72116	grellus the blight queen
53394	53424	grellus the blight queen
53394	72117	grellus the blight queen
53394	54293	grellus the blight queen
53394	53868	grellus the blight queen
53394	53426	grellus the blight queen
53395	24095	drud the demented
53395	46550	drud the demented
53395	32192	drud the demented
53395	47280	drud the demented
53395	47140	drud the demented
53395	29850	drud the demented
53396	26289	skorga the frigid
53396	26466	skorga the frigid
53396	26520	skorga the frigid
53396	53320	skorga the frigid
53396	26115	skorga the frigid
53397	52531	torvex the crystal titan
53397	56622	torvex the crystal titan
53397	54349	torvex the crystal titan
53397	56329	torvex the crystal titan
53397	52475	torvex the crystal titan
53397	47929	torvex the crystal titan
53398	71966	warlord nagvox
53398	71919	warlord nagvox
53398	61315	warlord nagvox
53398	60595	warlord nagvox
53398	71903	warlord nagvox
53399	53370	k9 destroyer
53399	45833	k9 destroyer
53399	45793	k9 destroyer
53399	44739	k9 destroyer
53399	44468	k9 destroyer
53399	48563	k9 destroyer
53414	42111	awakened warrior
53414	41619	awakened warrior
53414	42083	awakened warrior
53414	65744	awakened warrior
53415	42111	awakened warrior
53415	41619	awakened warrior
53415	42083	awakened warrior
53415	65744	awakened warrior
53440	21725	goldmane heifer
53440	30096	goldmane heifer
53440	30510	goldmane heifer
53464	55763	dominion tracker
53464	52010	dominion tracker
53464	51828	dominion tracker
53465	25871	dominion tracking lizard
53465	54600	dominion tracking lizard
53465	25930	dominion tracking lizard
53465	54602	dominion tracking lizard
53481	24990	hermitbot 5000
53481	35622	hermitbot 5000
53481	35223	hermitbot 5000
53481	34982	hermitbot 5000
53481	34585	hermitbot 5000
53498	57382	xas technician
53498	55762	xas technician
53498	57383	xas technician
53498	55628	xas technician
53498	55713	xas technician
53498	52151	xas technician
53577	46797	darkspur purveyor
53577	46692	darkspur purveyor
53577	29850	darkspur purveyor
53577	24059	darkspur purveyor
53604	33245	scout's warhound
53604	32734	scout's warhound
53604	30095	scout's warhound
53604	32735	scout's warhound
53605	60594	vishal slaver scout
53605	35382	vishal slaver scout
53605	63761	vishal slaver scout
53605	42302	vishal slaver scout
53605	61315	vishal slaver scout
53605	73237	vishal slaver scout
53605	73234	vishal slaver scout
53605	73289	vishal slaver scout
53608	58488	phageborn convergence
53621	6433	unbound protector
53621	6432	unbound protector
53736	47111	fire
53736	63270	fire
53736	69458	fire
53736	35914	fire
53749	47111	fire
53749	63270	fire
53749	69458	fire
53749	35914	fire
53750	47111	fire
53750	63270	fire
53750	69458	fire
53750	35914	fire
53751	47111	fire
53751	63270	fire
53751	69458	fire
53751	35914	fire
53752	47111	fire
53752	63270	fire
53752	69458	fire
53752	35914	fire
53753	47111	fire
53753	63270	fire
53753	69458	fire
53753	35914	fire
53758	54675	darktide enforcer
53758	54299	darktide enforcer
53758	53384	darktide enforcer
53758	54327	darktide enforcer
53758	54241	darktide enforcer
53758	58618	darktide enforcer
53758	53383	darktide enforcer
53764	57320	elder grazerguard
53764	57321	elder grazerguard
53764	69165	elder grazerguard
53765	35198	lightning
53766	65744	hallucinated klaacktu
53766	36847	hallucinated klaacktu
53767	30936	hallucinated braatooth
53767	31618	hallucinated braatooth
53918	70073	scorchwing
53918	70067	scorchwing
53918	70296	scorchwing
53918	69942	scorchwing
53918	69922	scorchwing
53918	70192	scorchwing
53918	69880	scorchwing
53918	69980	scorchwing
53920	21720	goldmane calf
53920	30096	goldmane calf
53921	21725	goldmane bull
53921	30510	goldmane bull
53921	30096	goldmane bull
54020	47710	augmented ragemaster
54020	47711	augmented ragemaster
54020	47781	augmented ragemaster
54020	32774	augmented ragemaster
54020	47760	augmented ragemaster
54020	45780	augmented ragemaster
54022	6917	flamekeeper
54022	6916	flamekeeper
54022	52762	flamekeeper
54022	38031	flamekeeper
54022	38079	flamekeeper
54022	53868	flamekeeper
54022	52760	flamekeeper
54029	65715	phagetech augmentor
54029	70128	phagetech augmentor
54029	64839	phagetech augmentor
54030	64846	phagetech fabricator
54030	66486	phagetech fabricator
54030	70128	phagetech fabricator
54030	65715	phagetech fabricator
54031	59706	phagetech protector
54031	46806	phagetech protector
54031	35474	phagetech protector
54032	44466	phagetech commander
54032	59662	phagetech commander
54032	44710	phagetech commander
54033	45618	squirg zombie
54033	65744	squirg zombie
54033	45566	squirg zombie
54033	36615	squirg zombie
54033	45564	squirg zombie
54033	45565	squirg zombie
54033	39024	squirg zombie
54033	34682	squirg zombie
54033	45668	squirg zombie
54033	32740	squirg zombie
54060	31117	thayd citizen
54066	31117	thayd citizen
54067	31117	thayd citizen
54199	34253	sharpclaw malverine
54199	47717	sharpclaw malverine
54199	47778	sharpclaw malverine
54199	43327	sharpclaw malverine
54199	48531	sharpclaw malverine
54233	30510	cliffside grazer
54233	18120	cliffside grazer
54233	19180	cliffside grazer
54233	32886	cliffside grazer
54312	70128	nursery prober
54312	61315	nursery prober
54312	44634	nursery prober
54313	28691	nursery patroller
54313	41442	nursery patroller
54313	41202	nursery patroller
54313	41445	nursery patroller
54314	46006	nursery defender
54314	46152	nursery defender
54314	46042	nursery defender
54314	35474	nursery defender
54366	60682	cryo-freeze canister
54366	59458	cryo-freeze canister
54384	62619	xarophet the executioner
54384	65758	xarophet the executioner
54384	57797	xarophet the executioner
54384	57816	xarophet the executioner
54384	57798	xarophet the executioner
54384	70382	xarophet the executioner
54390	52010	dominion researcher
54390	55762	dominion researcher
54390	51828	dominion researcher
54390	44267	dominion researcher
54395	54591	blackheart marauder
54395	6103	blackheart marauder
54395	17269	blackheart marauder
54395	18094	blackheart marauder
54395	54595	blackheart marauder
54402	41445	sim core defense protocol
54402	41202	sim core defense protocol
54402	41442	sim core defense protocol
54402	28691	sim core defense protocol
54406	42111	furlo gre
54406	65744	furlo gre
54406	41619	furlo gre
54406	42083	furlo gre
54406	52454	furlo gre
54496	27974	goldeye stalker
54496	12425	goldeye stalker
54496	27991	goldeye stalker
54496	26162	goldeye stalker
54496	14024	goldeye stalker
54532	12425	goldeye prowler
54532	14025	goldeye prowler
54532	27974	goldeye prowler
54532	35192	goldeye prowler
54532	26162	goldeye prowler
54532	27991	goldeye prowler
54537	32735	exomole burrower
54537	32768	exomole burrower
54537	35246	exomole burrower
54537	35282	exomole burrower
54538	32735	exomole tunneler
54538	35246	exomole tunneler
54538	32768	exomole tunneler
54538	35282	exomole tunneler
54551	48531	frenzyclaw malverine
54551	43327	frenzyclaw malverine
54551	47778	frenzyclaw malverine
54551	48121	frenzyclaw malverine
54551	47997	frenzyclaw malverine
54552	45779	underbrush rootling
54552	46051	underbrush rootling
54552	47152	underbrush rootling
54552	35474	underbrush rootling
54553	35474	underbrush creeper
54553	47152	underbrush creeper
54553	45779	underbrush creeper
54553	46051	underbrush creeper
54582	21725	goldhoof heifer
54582	30096	goldhoof heifer
54582	30510	goldhoof heifer
54584	30096	goldhoof bull
54584	21725	goldhoof bull
54584	30510	goldhoof bull
54596	34146	grimhowl devourer
54596	34262	grimhowl devourer
54596	34280	grimhowl devourer
54596	71075	grimhowl devourer
54596	72584	grimhowl devourer
54596	34361	grimhowl devourer
54596	72581	grimhowl devourer
54596	35556	grimhowl devourer
54597	6916	darkwood stump
54597	35417	darkwood stump
54597	53868	darkwood stump
54597	6917	darkwood stump
54597	35400	darkwood stump
54598	72945	darkwood log
54598	6917	darkwood log
54599	43328	grimpest burrower
54599	41070	grimpest burrower
54599	44466	grimpest burrower
54599	44656	grimpest burrower
54600	44656	grimpest digger
54600	43328	grimpest digger
54600	44466	grimpest digger
54600	41070	grimpest digger
54601	56328	darkstone watcher
54601	56622	darkstone watcher
54601	54349	darkstone watcher
54601	55700	darkstone watcher
54653	35321	roseguard
54653	50199	roseguard
54653	25544	roseguard
54653	32493	roseguard
54653	42609	roseguard
54653	32489	roseguard
54653	50097	roseguard
54666	65754	scorchwing scorchling
54666	65753	scorchwing scorchling
54668	20111	lab slank specimen
54668	33243	lab slank specimen
54669	10132	scorchwing lunch
54669	2095	scorchwing lunch
54669	10118	scorchwing lunch
54669	30979	scorchwing lunch
54670	10118	scorchwing breakfast
54670	2095	scorchwing breakfast
54670	10132	scorchwing breakfast
54670	30979	scorchwing breakfast
54742	63396	platform
54757	75200	syra, queen of the direweb
54757	65763	syra, queen of the direweb
54757	61383	syra, queen of the direweb
54757	66151	syra, queen of the direweb
54757	66155	syra, queen of the direweb
54774	57797	koral the defiler
54774	62686	koral the defiler
54774	65758	koral the defiler
54774	62619	koral the defiler
54774	57816	koral the defiler
54774	57798	koral the defiler
54774	70382	koral the defiler
54785	45779	phagetech guardian c-148
54785	40506	phagetech guardian c-148
54785	45468	phagetech guardian c-148
54785	61273	phagetech guardian c-148
54787	45468	phagetech guardian c-432
54787	61273	phagetech guardian c-432
54787	45779	phagetech guardian c-432
54787	40506	phagetech guardian c-432
54791	66354	silverscale spinelancer
54791	61315	silverscale spinelancer
54791	65716	silverscale spinelancer
54791	66353	silverscale spinelancer
54808	53505	perfect stag
54808	53508	perfect stag
54808	30503	perfect stag
54808	21713	perfect stag
54808	18109	perfect stag
54809	18109	perfect buck
54809	30503	perfect buck
54809	21712	perfect buck
54809	53505	perfect buck
54811	21878	rolling earth
54811	21569	rolling earth
54811	53275	rolling earth
54811	53268	rolling earth
54811	53274	rolling earth
54811	31135	rolling earth
54812	21881	lightback
54812	28868	lightback
54812	40171	lightback
54812	31135	lightback
54812	21569	lightback
54815	30503	grace
54815	21713	grace
54815	53505	grace
54815	18109	grace
54815	53508	grace
54824	65716	intern technician
54824	66353	intern technician
54824	61315	intern technician
54824	66354	intern technician
54825	65716	intern technician
54825	66353	intern technician
54825	61315	intern technician
54825	66354	intern technician
54826	57382	xas technician
54826	55762	xas technician
54826	57383	xas technician
54826	55628	xas technician
54826	55713	xas technician
54826	52151	xas technician
54827	57382	xas technician
54827	55762	xas technician
54827	57383	xas technician
54827	55628	xas technician
54827	55713	xas technician
54827	52151	xas technician
54828	54343	xas academic
54828	54937	xas academic
54828	55761	xas academic
54828	52151	xas academic
54828	52010	xas academic
54828	58825	xas academic
54828	54128	xas academic
54828	58828	xas academic
54829	54343	xas academic
54829	54937	xas academic
54829	55761	xas academic
54829	52151	xas academic
54829	52010	xas academic
54829	58825	xas academic
54829	54128	xas academic
54829	58828	xas academic
54834	65849	xas protector
54834	53383	xas protector
54834	54241	xas protector
54834	55700	xas protector
54834	54299	xas protector
54834	53384	xas protector
54834	55683	xas protector
54834	44255	xas protector
54834	44256	xas protector
54835	65849	xas protector
54835	53383	xas protector
54835	54241	xas protector
54835	55700	xas protector
54835	54299	xas protector
54835	53384	xas protector
54835	55683	xas protector
54835	44255	xas protector
54835	44256	xas protector
54836	51828	xas sentinel
54836	52796	xas sentinel
54836	57631	xas sentinel
54837	51828	xas sentinel
54837	52796	xas sentinel
54837	57631	xas sentinel
54838	32921	xas shield
54838	32920	xas shield
54838	46550	xas shield
54838	46872	xas shield
54838	32475	xas shield
54838	32630	xas shield
54838	46706	xas shield
54838	46579	xas shield
54838	46817	xas shield
54839	32921	xas shield
54839	32920	xas shield
54839	46550	xas shield
54839	46872	xas shield
54839	32475	xas shield
54839	32630	xas shield
54839	46706	xas shield
54839	46579	xas shield
54839	46817	xas shield
54840	54241	apprentice researcher
54840	50116	apprentice researcher
54840	65744	apprentice researcher
54840	54299	apprentice researcher
54840	52448	apprentice researcher
54840	53342	apprentice researcher
54840	53345	apprentice researcher
54840	46398	apprentice researcher
54841	54241	apprentice researcher
54841	50116	apprentice researcher
54841	65744	apprentice researcher
54841	54299	apprentice researcher
54841	52448	apprentice researcher
54841	53342	apprentice researcher
54841	53345	apprentice researcher
54841	46398	apprentice researcher
54842	41563	collegium researcher
54842	52149	collegium researcher
54842	42111	collegium researcher
54842	41619	collegium researcher
54842	65744	collegium researcher
54843	41563	collegium researcher
54843	52149	collegium researcher
54843	42111	collegium researcher
54843	41619	collegium researcher
54843	65744	collegium researcher
54844	55761	collegium analyst
54844	52151	collegium analyst
54844	52010	collegium analyst
54844	54128	collegium analyst
54845	55761	collegium analyst
54845	52151	collegium analyst
54845	52010	collegium analyst
54845	54128	collegium analyst
54850	51828	collegium specialist
54850	48497	collegium specialist
54850	52010	collegium specialist
54850	48512	collegium specialist
54850	55683	collegium specialist
54850	55762	collegium specialist
54850	65849	collegium specialist
54851	51828	collegium specialist
54851	48497	collegium specialist
54851	52010	collegium specialist
54851	48512	collegium specialist
54851	55683	collegium specialist
54851	55762	collegium specialist
54851	65849	collegium specialist
54852	57631	collegium protector
54852	51828	collegium protector
54852	52796	collegium protector
54853	57631	collegium protector
54853	51828	collegium protector
54853	52796	collegium protector
54856	35474	executioner construct
54856	46006	executioner construct
54856	46043	executioner construct
54856	39430	executioner construct
54857	47284	ballistic construct
54857	46042	ballistic construct
54857	46006	ballistic construct
54857	46152	ballistic construct
54857	35474	ballistic construct
54858	41445	patrol unit
54858	41202	patrol unit
54858	41442	patrol unit
54858	28691	patrol unit
54859	56295	repair construct
54859	66170	repair construct
54859	65795	repair construct
54860	47747	enforcer construct
54860	53349	enforcer construct
54860	55158	enforcer construct
54860	48399	enforcer construct
54861	21569	stonemaw burrower
54861	53268	stonemaw burrower
54861	21878	stonemaw burrower
54861	53274	stonemaw burrower
54861	31135	stonemaw burrower
54861	53275	stonemaw burrower
54862	18109	perfection corrupted
54862	21712	perfection corrupted
54862	72030	perfection corrupted
54862	72001	perfection corrupted
54862	72012	perfection corrupted
54863	32734	corrupted creeper
54863	32735	corrupted creeper
54863	56490	corrupted creeper
54863	56492	corrupted creeper
54865	32735	corrupted skulker
54865	32734	corrupted skulker
54865	56490	corrupted skulker
54865	56492	corrupted skulker
54866	32734	corrupted gnasher
54866	32735	corrupted gnasher
54866	70590	corrupted gnasher
54866	71092	corrupted gnasher
54866	71135	corrupted gnasher
54866	71127	corrupted gnasher
54867	30936	corrupted gnawer
54867	31619	corrupted gnawer
54867	71127	corrupted gnawer
54867	71092	corrupted gnawer
54868	21712	pusbelly
54868	72012	pusbelly
54868	72001	pusbelly
54868	18109	pusbelly
54868	72030	pusbelly
54869	58566	slad
54869	54742	slad
54869	53384	slad
54869	55044	slad
54869	56425	slad
54870	29850	randok
54870	46550	randok
54870	32192	randok
54870	47280	randok
54870	47140	randok
54870	24095	randok
54871	55498	quickclaw assassin
54871	53384	quickclaw assassin
54871	53383	quickclaw assassin
54871	54299	quickclaw assassin
54871	54241	quickclaw assassin
54871	54742	quickclaw assassin
54871	54817	quickclaw assassin
54871	55044	quickclaw assassin
54872	55498	quickclaw assassin
54872	53384	quickclaw assassin
54872	53383	quickclaw assassin
54872	54299	quickclaw assassin
54872	54241	quickclaw assassin
54872	54742	quickclaw assassin
54872	54817	quickclaw assassin
54872	55044	quickclaw assassin
54873	55498	quickclaw assassin
54873	53384	quickclaw assassin
54873	53383	quickclaw assassin
54873	54299	quickclaw assassin
54873	54241	quickclaw assassin
54873	54742	quickclaw assassin
54873	54817	quickclaw assassin
54873	55044	quickclaw assassin
54874	65795	tessa
54874	62685	tessa
54874	55628	tessa
54897	56492	mawborn skitterling
54897	32734	mawborn skitterling
54897	56490	mawborn skitterling
54897	32735	mawborn skitterling
54898	56490	mawborn observer
54898	32734	mawborn observer
54898	32735	mawborn observer
54898	56492	mawborn observer
54899	32735	mawborn crawler
54899	72400	mawborn crawler
54899	32379	mawborn crawler
54899	71075	mawborn crawler
54899	72401	mawborn crawler
54900	45833	corrupted keeper
54900	48563	corrupted keeper
54900	53370	corrupted keeper
54900	44468	corrupted keeper
54900	45793	corrupted keeper
54900	44739	corrupted keeper
54901	46043	corrupted warden
54901	35474	corrupted warden
54901	46006	corrupted warden
54901	39430	corrupted warden
54902	65744	captured breeze
54902	36847	captured breeze
54903	65744	captured gust
54903	36847	captured gust
54904	36847	captured dust
54904	65744	captured dust
54905	36847	captured rock
54905	65744	captured rock
54906	36847	captured flicker
54906	65744	captured flicker
54907	36847	captured flame
54907	65744	captured flame
54908	65744	captured growth
54908	36847	captured growth
54909	36847	captured breath
54909	65744	captured breath
54910	65744	captured thought
54910	36847	captured thought
54911	36847	captured concept
54911	65744	captured concept
54912	65744	captured drop
54912	36847	captured drop
54913	36847	captured pool
54913	65744	captured pool
54914	42657	highland hook
54914	39578	highland hook
54914	42560	highland hook
54914	43327	highland hook
54915	43327	highland grabber
54915	42657	highland grabber
54915	42560	highland grabber
54915	39578	highland grabber
54916	65753	highland brightplume
54916	52717	highland brightplume
54916	65709	highland brightplume
54916	54189	highland brightplume
54917	65709	highland prismcrest
54917	65753	highland prismcrest
54917	54189	highland prismcrest
54917	52720	highland prismcrest
54917	52719	highland prismcrest
54917	52717	highland prismcrest
54918	64929	primal air
54918	70251	primal air
54918	70252	primal air
54918	68533	primal air
54919	46670	primal fire
54919	48196	primal fire
54919	46806	primal fire
54919	64863	primal fire
54919	35474	primal fire
54919	48194	primal fire
54920	50199	primal life
54920	32493	primal life
54920	35321	primal life
54920	32489	primal life
54920	42609	primal life
54920	50097	primal life
54920	25544	primal life
54921	46807	primal logic
54921	66453	primal logic
54921	65498	primal logic
54921	66433	primal logic
54921	35474	primal logic
54922	35321	primal water
54922	32388	primal water
54922	31740	primal water
54922	35440	primal water
54922	49906	primal water
54922	33828	primal water
54923	35321	primal earth
54923	32493	primal earth
54923	22797	primal earth
54923	50097	primal earth
54923	32489	primal earth
54927	57878	flood
54927	35474	flood
54927	57831	flood
54927	46877	flood
54927	56818	flood
54927	58263	flood
54931	44711	the enlightened
54931	40488	the enlightened
54931	72461	the enlightened
54931	72572	the enlightened
54935	61322	malfunctioning dynamo
54935	61389	malfunctioning dynamo
54935	62868	malfunctioning dynamo
54935	61354	malfunctioning dynamo
54935	63260	malfunctioning dynamo
54935	61449	malfunctioning dynamo
54937	65763	chittering direweb
54937	61315	chittering direweb
54937	66155	chittering direweb
54937	66151	chittering direweb
54938	66155	direweb weaver
54938	65763	direweb weaver
54938	61315	direweb weaver
54938	66151	direweb weaver
54939	58566	direweb recluse
54939	65763	direweb recluse
54939	66151	direweb recluse
54939	66155	direweb recluse
54939	52756	direweb recluse
54940	61315	corrupted chitterling
54940	65763	corrupted chitterling
54940	71075	corrupted chitterling
54940	66151	corrupted chitterling
54941	66151	corrupted weaver
54941	71075	corrupted weaver
54941	61315	corrupted weaver
54941	65763	corrupted weaver
54942	65763	corrupted recluse
54942	71075	corrupted recluse
54942	74735	corrupted recluse
54942	66151	corrupted recluse
54942	61383	corrupted recluse
54943	32966	sourhive drone
54943	32965	sourhive drone
54943	36021	sourhive drone
54943	37322	sourhive drone
54944	44650	sourhive soldier
54944	44714	sourhive soldier
54944	12295	sourhive soldier
54945	71676	sourhive worker
54945	71075	sourhive worker
54945	11862	sourhive worker
54945	71751	sourhive worker
54945	32966	sourhive worker
54946	32966	sourhive warrior
54946	11862	sourhive warrior
54946	71751	sourhive warrior
54946	71075	sourhive warrior
54946	71676	sourhive warrior
54947	11865	chirae, queen of the sourhive
54947	32966	chirae, queen of the sourhive
54947	27116	chirae, queen of the sourhive
54948	70229	proliferator
54948	70230	proliferator
54948	57589	proliferator
54948	57588	proliferator
54948	57585	proliferator
54949	32965	tainted drone
54949	32966	tainted drone
54949	36021	tainted drone
54949	37322	tainted drone
54950	71075	tainted direweb
54950	66151	tainted direweb
54950	61315	tainted direweb
54950	65763	tainted direweb
54951	65763	deathbite
54951	58566	deathbite
54951	66155	deathbite
54951	52756	deathbite
54951	54225	deathbite
54951	66151	deathbite
54952	32966	the outsider
54952	11865	the outsider
54952	27116	the outsider
54968	57128	genetic monstrosity
54968	69962	genetic monstrosity
54968	56623	genetic monstrosity
54968	61357	genetic monstrosity
54977	75200	syra, queen of the direweb
54977	65763	syra, queen of the direweb
54977	61383	syra, queen of the direweb
54977	66151	syra, queen of the direweb
54977	66155	syra, queen of the direweb
54996	37281	dreadsiege peeper
54996	37282	dreadsiege peeper
54996	56490	dreadsiege peeper
54996	35788	dreadsiege peeper
54996	56492	dreadsiege peeper
54997	56490	dreadsiege detector
54997	37281	dreadsiege detector
54997	37282	dreadsiege detector
54997	56492	dreadsiege detector
54997	35788	dreadsiege detector
54998	34362	dreadsiege slither
54998	34361	dreadsiege slither
54998	72400	dreadsiege slither
54998	72401	dreadsiege slither
54998	35788	dreadsiege slither
54998	71075	dreadsiege slither
54999	57711	dreadsiege blob
54999	35474	dreadsiege blob
54999	57744	dreadsiege blob
54999	57622	dreadsiege blob
54999	56630	dreadsiege blob
54999	46877	dreadsiege blob
55000	28233	dreadsiege oozer
55000	7031	dreadsiege oozer
55000	28442	dreadsiege oozer
55000	71861	dreadsiege oozer
55000	71259	dreadsiege oozer
55001	7031	dreadsiege slimer
55001	28233	dreadsiege slimer
55001	71259	dreadsiege slimer
55001	28442	dreadsiege slimer
55001	71861	dreadsiege slimer
55002	21665	dreadsiege striker
55002	71072	dreadsiege striker
55002	71075	dreadsiege striker
55003	36849	dreadsiege supplicant
55003	34552	dreadsiege supplicant
55003	65744	dreadsiege supplicant
55004	57843	dreadsiege brute
55004	58567	dreadsiege brute
55004	58566	dreadsiege brute
55004	57029	dreadsiege brute
55004	57872	dreadsiege brute
55004	69165	dreadsiege brute
55004	57851	dreadsiege brute
55005	65744	dreadsiege ruffian
55005	41619	dreadsiege ruffian
55005	42083	dreadsiege ruffian
55005	42111	dreadsiege ruffian
55006	65744	dreadsiege ruffian
55006	41619	dreadsiege ruffian
55006	42083	dreadsiege ruffian
55006	42111	dreadsiege ruffian
55007	57843	dreadsiege brute
55007	58567	dreadsiege brute
55007	58566	dreadsiege brute
55007	57029	dreadsiege brute
55007	57872	dreadsiege brute
55007	69165	dreadsiege brute
55007	57851	dreadsiege brute
55008	21665	dreadsiege striker
55008	71072	dreadsiege striker
55008	71075	dreadsiege striker
55009	34310	dreadsiege keeper
55009	34361	dreadsiege keeper
55009	33240	dreadsiege keeper
55010	46878	dreadsiege oppressor
55010	46360	dreadsiege oppressor
55010	57665	dreadsiege oppressor
55010	40361	dreadsiege oppressor
55010	57688	dreadsiege oppressor
55010	57672	dreadsiege oppressor
55011	44710	dreadsiege tormentor
55011	40506	dreadsiege tormentor
55011	44069	dreadsiege tormentor
55011	45468	dreadsiege tormentor
55011	44683	dreadsiege tormentor
55011	40488	dreadsiege tormentor
55011	73067	dreadsiege tormentor
55011	73054	dreadsiege tormentor
55011	72919	dreadsiege tormentor
55011	71075	dreadsiege tormentor
55011	73023	dreadsiege tormentor
55013	38431	dreadsiege darkbloom
55013	65761	dreadsiege darkbloom
55013	65762	dreadsiege darkbloom
55013	57625	dreadsiege darkbloom
55013	57624	dreadsiege darkbloom
55013	57627	dreadsiege darkbloom
55013	44675	dreadsiege darkbloom
55014	44466	dreadsiege jawbelly
55014	44710	dreadsiege jawbelly
55015	63813	rhubikant, architect of sorrow
55015	74724	rhubikant, architect of sorrow
55015	61331	rhubikant, architect of sorrow
55016	56318	keg'nazzo, conductor of vice
55016	73113	keg'nazzo, conductor of vice
55016	73116	keg'nazzo, conductor of vice
55016	73134	keg'nazzo, conductor of vice
55016	62619	keg'nazzo, conductor of vice
55017	51329	barborech'ya, machinist of deceit
55017	50295	barborech'ya, machinist of deceit
55017	50103	barborech'ya, machinist of deceit
55017	50007	barborech'ya, machinist of deceit
55017	60566	barborech'ya, machinist of deceit
55017	61315	barborech'ya, machinist of deceit
55018	71972	skurmoglione, surveyor of agony
55018	60595	skurmoglione, surveyor of agony
55018	61315	skurmoglione, surveyor of agony
55018	72036	skurmoglione, surveyor of agony
55019	74798	dreadwatcher
55019	74770	dreadwatcher
55019	74762	dreadwatcher
55019	74761	dreadwatcher
55019	74758	dreadwatcher
55019	71075	dreadwatcher
55051	46878	spineridge scourge
55051	35474	spineridge scourge
55051	57744	spineridge scourge
55051	57008	spineridge scourge
55051	38501	spineridge scourge
55051	57878	spineridge scourge
55051	57831	spineridge scourge
55061	47669	trinette the renegade
55061	65795	trinette the renegade
55061	48918	trinette the renegade
55061	44739	trinette the renegade
55061	56911	trinette the renegade
55061	56020	trinette the renegade
55066	61497	malfunctioning gear
55079	47669	stephanus the traitor
55079	56911	stephanus the traitor
55079	48918	stephanus the traitor
55079	65795	stephanus the traitor
55079	56020	stephanus the traitor
55079	44739	stephanus the traitor
55082	40488	executor
55082	40506	executor
55082	45501	executor
55082	46042	executor
55082	71075	executor
55082	72807	executor
55082	72835	executor
56106	62568	malfunctioning piston
56106	35474	malfunctioning piston
56106	43155	malfunctioning piston
56106	46938	malfunctioning piston
56106	62554	malfunctioning piston
56129	25764	goldbrush slimer
56129	7031	goldbrush slimer
56129	57054	goldbrush slimer
56129	57055	goldbrush slimer
56130	25764	goldbrush watcher
56130	7031	goldbrush watcher
56130	57055	goldbrush watcher
56130	57054	goldbrush watcher
56133	6432	hallow glider
56133	6433	hallow glider
56133	69693	hallow glider
56133	69660	hallow glider
56152	65973	rockhide mauler
56152	56525	rockhide mauler
56153	33250	rockhide rumbler
56153	34262	rockhide rumbler
56153	35556	rockhide rumbler
56153	33242	rockhide rumbler
56163	62709	gravitron
56163	70448	gravitron
56167	20111	exocave slank
56167	33243	exocave slank
56178	62936	hideously malformed mutant
56178	69894	hideously malformed mutant
56178	54406	hideously malformed mutant
56184	62652	gravitron operator
56184	62948	gravitron operator
56184	62736	gravitron operator
56200	35475	frost-boulder avalanche
56200	71575	frost-boulder avalanche
56200	39985	frost-boulder avalanche
56200	71576	frost-boulder avalanche
56200	71626	frost-boulder avalanche
56200	35248	frost-boulder avalanche
56200	45503	frost-boulder avalanche
56200	44501	frost-boulder avalanche
56341	58566	exile trooper
56341	58567	exile trooper
56341	69165	exile trooper
56341	57843	exile trooper
56341	57872	exile trooper
56341	57851	exile trooper
56341	53384	exile trooper
56341	55434	exile trooper
56354	53596	toric antevian
56354	53344	toric antevian
56354	53343	toric antevian
56377	44411	fetid miscreation
56377	62947	fetid miscreation
56377	46042	fetid miscreation
56377	46040	fetid miscreation
56386	65759	gladiator rolock
56386	62619	gladiator rolock
56386	42208	gladiator rolock
56489	65711	ridgepaw sniffer
56489	65812	ridgepaw sniffer
56489	71304	ridgepaw sniffer
56489	71075	ridgepaw sniffer
56489	71326	ridgepaw sniffer
56490	65812	ridgepaw hunter
56490	65711	ridgepaw hunter
56490	71326	ridgepaw hunter
56490	71304	ridgepaw hunter
56490	71075	ridgepaw hunter
56501	32966	spineridge stinger
56501	71676	spineridge stinger
56501	71751	spineridge stinger
56501	71075	spineridge stinger
56501	11862	spineridge stinger
56576	61315	kezrek warbringer
56576	60568	kezrek warbringer
56576	49792	kezrek warbringer
56576	69304	kezrek warbringer
56578	60595	commander durek
56578	61315	commander durek
56578	61014	commander durek
56614	62855	strain egg
56706	63229	strain bile sac
56742	80220	dreadsiege barricade
56801	46789	creeping eyestalk
56829	71075	gargantua
56829	72412	gargantua
56829	72387	gargantua
56829	32773	gargantua
56829	32388	gargantua
56829	72277	gargantua
56829	72394	gargantua
56843	74735	corrupted overseer
56843	47226	corrupted overseer
56843	39582	corrupted overseer
56843	38305	corrupted overseer
56843	71075	corrupted overseer
56843	72807	corrupted overseer
56843	46939	corrupted overseer
56843	40488	corrupted overseer
56843	72835	corrupted overseer
56908	55762	engineer brille
56908	48616	engineer brille
56908	66020	engineer brille
56908	50080	engineer brille
56923	45823	exile assault tank
56925	45823	dominion assault tank
56942	31015	goonbot
56942	39401	goonbot
56942	54212	goonbot
56942	31026	goonbot
56942	31059	goonbot
56942	31060	goonbot
56942	31033	goonbot
56943	26896	tragg
56943	30956	tragg
56943	30959	tragg
56948	51335	elder gorganoth
56948	75042	elder gorganoth
56948	52347	elder gorganoth
56948	63470	elder gorganoth
56948	63408	elder gorganoth
56948	70400	elder gorganoth
56948	63683	elder gorganoth
56948	63695	elder gorganoth
56948	50080	elder gorganoth
56948	63797	elder gorganoth
56948	52008	elder gorganoth
56948	63686	elder gorganoth
56948	63446	elder gorganoth
56948	50251	elder gorganoth
56950	14025	ice-spiked predator
56950	46128	ice-spiked predator
56950	31740	ice-spiked predator
56950	12425	ice-spiked predator
56950	27991	ice-spiked predator
56950	45732	ice-spiked predator
56950	45685	ice-spiked predator
56950	45819	ice-spiked predator
56965	65709	thermock stray
56965	79182	thermock stray
56965	79183	thermock stray
56965	69165	thermock stray
56965	65711	thermock stray
56966	52742	professor goldbough
56966	47731	professor goldbough
56967	45507	jarak
56967	47835	jarak
56967	44854	jarak
56967	44466	jarak
56967	32513	jarak
56967	35324	jarak
56969	52010	crisis crew gunner
56969	51899	crisis crew gunner
56969	51828	crisis crew gunner
56969	52742	crisis crew gunner
56971	51828	crisis crew sniper
56971	51899	crisis crew sniper
56971	52010	crisis crew sniper
56971	52742	crisis crew sniper
56972	53368	crisis crew medic
56972	55595	crisis crew medic
56973	53369	crisis crew strutter
56973	56074	crisis crew strutter
56973	56073	crisis crew strutter
56974	54675	crisis crew carver
56974	54241	crisis crew carver
56974	54327	crisis crew carver
56974	53383	crisis crew carver
56974	54299	crisis crew carver
56974	53384	crisis crew carver
56975	66279	crisis crew butcher
56975	61315	crisis crew butcher
56975	60594	crisis crew butcher
56975	66275	crisis crew butcher
56976	51899	striketeam ranger
56976	52010	striketeam ranger
56976	51828	striketeam ranger
56976	52742	striketeam ranger
56977	66020	striketeam cremator
56977	55761	striketeam cremator
56977	50080	striketeam cremator
56978	38773	striketeam saboteur
56978	65744	striketeam saboteur
56978	52551	striketeam saboteur
56978	41619	striketeam saboteur
56979	52551	striketeam guerilla
56979	41619	striketeam guerilla
56979	38773	striketeam guerilla
56979	65744	striketeam guerilla
56980	61315	striketeam cleaver
56980	66279	striketeam cleaver
56980	60594	striketeam cleaver
56980	66275	striketeam cleaver
56981	53384	striketeam slasher
56981	53383	striketeam slasher
56981	54299	striketeam slasher
56981	54675	striketeam slasher
56981	54327	striketeam slasher
56981	54241	striketeam slasher
57033	57768	subject v - tempest
57033	20196	subject v - tempest
57033	28704	subject v - tempest
57033	57765	subject v - tempest
57033	26162	subject v - tempest
57033	47168	subject v - tempest
57033	28016	subject v - tempest
57040	33242	subject j - fiend
57040	34262	subject j - fiend
57040	45795	subject j - fiend
57040	45745	subject j - fiend
57040	33250	subject j - fiend
57040	45770	subject j - fiend
57046	28626	subject k - brute
57046	31619	subject k - brute
57046	30936	subject k - brute
57046	56899	subject k - brute
57072	58566	darkspur loader
57072	65716	darkspur loader
57072	54742	darkspur loader
57072	54299	darkspur loader
57072	54817	darkspur loader
57072	63270	darkspur loader
57072	54241	darkspur loader
57076	42807	darkspur enforcer
57076	41298	darkspur enforcer
57076	56541	darkspur enforcer
57076	28691	darkspur enforcer
57076	56503	darkspur enforcer
57076	33781	darkspur enforcer
57076	43353	darkspur enforcer
57076	49792	darkspur enforcer
57076	43158	darkspur enforcer
57076	49928	darkspur enforcer
57076	43102	darkspur enforcer
57076	49350	darkspur enforcer
57076	43759	darkspur enforcer
57076	38793	darkspur enforcer
57076	46579	darkspur enforcer
57076	42570	darkspur enforcer
57076	46706	darkspur enforcer
57076	45507	darkspur enforcer
57099	44264	forward guard emplacement
57100	44267	exile forward guard
57130	60568	forward camp guard
57130	61315	forward camp guard
57130	44256	forward camp guard
57130	72717	forward camp guard
57130	44257	forward camp guard
57139	60568	forward camp guard
57139	61315	forward camp guard
57139	44256	forward camp guard
57139	72717	forward camp guard
57139	44257	forward camp guard
57141	74798	dreadwatcher
57141	74770	dreadwatcher
57141	74762	dreadwatcher
57141	74761	dreadwatcher
57141	74758	dreadwatcher
57141	71075	dreadwatcher
57148	44770	enhanced dazeroot hivestriker
57148	44714	enhanced dazeroot hivestriker
57148	44650	enhanced dazeroot hivestriker
57148	36049	enhanced dazeroot hivestriker
57171	64930	grubling
57171	33963	grubling
57201	74698	crate
57201	72299	crate
57201	44679	crate
57202	71227	barrel
58253	56329	ultraform smasher
58253	52531	ultraform smasher
58253	47929	ultraform smasher
58253	54349	ultraform smasher
58253	56622	ultraform smasher
58253	52475	ultraform smasher
58254	2340	ultraform charger
58254	30623	ultraform charger
58254	9743	ultraform charger
58254	32574	ultraform charger
58254	19085	ultraform charger
58254	55151	ultraform charger
58256	49915	ultraform juggernaut
58256	42208	ultraform juggernaut
58256	52063	ultraform juggernaut
58256	73116	ultraform juggernaut
58256	73134	ultraform juggernaut
58256	49911	ultraform juggernaut
58256	73113	ultraform juggernaut
58258	60595	ultraform triton
58258	61315	ultraform triton
58258	71903	ultraform triton
58258	71966	ultraform triton
58258	71919	ultraform triton
58259	57624	ultraform lasher
58259	65762	ultraform lasher
58259	57627	ultraform lasher
58259	57626	ultraform lasher
58259	65761	ultraform lasher
58259	57625	ultraform lasher
58261	26514	ultraform titan
58261	53320	ultraform titan
58261	26466	ultraform titan
58261	26290	ultraform titan
58261	26520	ultraform titan
58261	72412	ultraform titan
58261	71075	ultraform titan
58261	72277	ultraform titan
58261	72394	ultraform titan
58261	53387	ultraform titan
58261	72387	ultraform titan
58265	28016	ultraform reaper
58265	28704	ultraform reaper
58265	57765	ultraform reaper
58265	20196	ultraform reaper
58265	47168	ultraform reaper
58265	57768	ultraform reaper
58265	26162	ultraform reaper
58277	56329	ultraform smasher
58277	52531	ultraform smasher
58277	47929	ultraform smasher
58277	54349	ultraform smasher
58277	56622	ultraform smasher
58277	52475	ultraform smasher
58278	2340	ultraform charger
58278	30623	ultraform charger
58278	9743	ultraform charger
58278	32574	ultraform charger
58278	19085	ultraform charger
58278	55151	ultraform charger
58279	57624	ultraform lasher
58279	65762	ultraform lasher
58279	57627	ultraform lasher
58279	57626	ultraform lasher
58279	65761	ultraform lasher
58279	57625	ultraform lasher
58280	26514	ultraform titan
58280	53320	ultraform titan
58280	26466	ultraform titan
58280	26290	ultraform titan
58280	26520	ultraform titan
58280	72412	ultraform titan
58280	71075	ultraform titan
58280	72277	ultraform titan
58280	72394	ultraform titan
58280	53387	ultraform titan
58280	72387	ultraform titan
58281	28016	ultraform reaper
58281	28704	ultraform reaper
58281	57765	ultraform reaper
58281	20196	ultraform reaper
58281	47168	ultraform reaper
58281	57768	ultraform reaper
58281	26162	ultraform reaper
58378	46878	writhing devourer
58378	46360	writhing devourer
58378	40361	writhing devourer
58378	57688	writhing devourer
58378	57665	writhing devourer
58378	57672	writhing devourer
58379	62619	hollow tormentor
58379	57797	hollow tormentor
58379	65758	hollow tormentor
58379	57816	hollow tormentor
58379	57798	hollow tormentor
58390	6147	virulent retch
58390	13889	virulent retch
58390	70588	virulent retch
58390	70589	virulent retch
58391	32735	virulent pustule
58391	32734	virulent pustule
58391	56490	virulent pustule
58391	56492	virulent pustule
58392	32379	virulent duskcrawler
58392	72400	virulent duskcrawler
58392	32735	virulent duskcrawler
58392	71075	virulent duskcrawler
58392	72401	virulent duskcrawler
58412	61315	sanctum guard
58412	60569	sanctum guard
58412	44256	sanctum guard
58412	72717	sanctum guard
58476	74735	corrupted overseer
58476	47226	corrupted overseer
58476	39582	corrupted overseer
58476	38305	corrupted overseer
58476	71075	corrupted overseer
58476	72807	corrupted overseer
58476	46939	corrupted overseer
58476	40488	corrupted overseer
58476	72835	corrupted overseer
58507	40488	captain dokar
58507	44711	captain dokar
58507	72572	captain dokar
58507	72461	captain dokar
58541	32966	blightwing boomer
58541	11859	blightwing boomer
58542	53320	sourgut the necrotic
58542	26466	sourgut the necrotic
58542	26520	sourgut the necrotic
58542	26290	sourgut the necrotic
58542	26514	sourgut the necrotic
58542	72394	sourgut the necrotic
58542	71075	sourgut the necrotic
58542	72412	sourgut the necrotic
58542	72277	sourgut the necrotic
58542	72387	sourgut the necrotic
58556	72748	purewater engineer
58556	54299	purewater engineer
58556	47226	purewater engineer
58556	43159	purewater engineer
58556	54241	purewater engineer
58556	47687	purewater engineer
58556	47595	purewater engineer
58556	72737	purewater engineer
58556	41647	purewater engineer
58556	72927	purewater engineer
58557	31618	deadly desolate peep
58557	30936	deadly desolate peep
58584	44267	camp quick guard
58584	44286	camp quick guard
58585	44267	camp quick guard
58585	44286	camp quick guard
58586	44267	camp quick guard
58586	44286	camp quick guard
58592	60569	gallant bastion guard
58594	60569	gallant bastion guard
58595	60569	gallant bastion guard
58596	60569	gallant bastion guard
58611	51329	torine swordmaiden
58611	50103	torine swordmaiden
58611	60566	torine swordmaiden
58611	61315	torine swordmaiden
58611	50295	torine swordmaiden
58611	50007	torine swordmaiden
58612	58567	torine deathbringer
58612	58566	torine deathbringer
58612	69165	torine deathbringer
58612	57029	torine deathbringer
58612	57843	torine deathbringer
58612	57872	torine deathbringer
58612	57851	torine deathbringer
58617	66638	strain spike
58620	53320	golboth the gatecrusher
58620	26466	golboth the gatecrusher
58620	26290	golboth the gatecrusher
58620	26520	golboth the gatecrusher
58620	72412	golboth the gatecrusher
58620	26514	golboth the gatecrusher
58620	72387	golboth the gatecrusher
58620	72394	golboth the gatecrusher
58620	71075	golboth the gatecrusher
58620	72277	golboth the gatecrusher
58626	39953	dust devil
58674	45121	creeping spawner
58675	71972	corrupted scaleblade
58675	60595	corrupted scaleblade
58675	61315	corrupted scaleblade
58675	72036	corrupted scaleblade
58706	42665	chompacabra mound
58709	2340	ultraform charger
58709	30623	ultraform charger
58709	9743	ultraform charger
58709	32574	ultraform charger
58709	19085	ultraform charger
58709	55151	ultraform charger
58710	49915	ultraform juggernaut
58710	42208	ultraform juggernaut
58710	52063	ultraform juggernaut
58710	73116	ultraform juggernaut
58710	73134	ultraform juggernaut
58710	49911	ultraform juggernaut
58710	73113	ultraform juggernaut
58772	36847	researcher anton
58772	65744	researcher anton
58790	58567	writhing soldier
58790	58566	writhing soldier
58790	57872	writhing soldier
58790	57843	writhing soldier
58790	69165	writhing soldier
58791	54343	writhing medic
58791	58710	writhing medic
58791	54935	writhing medic
58791	58711	writhing medic
58792	21665	writhing crewman
58792	71075	writhing crewman
58792	71072	writhing crewman
58794	51828	writhing officer
58794	52742	writhing officer
58794	52010	writhing officer
58794	51899	writhing officer
58825	63398	spore pod
58879	46789	creeping eyestalk
58881	40488	hybridization complex gatekeeper
58881	45779	hybridization complex gatekeeper
58881	40506	hybridization complex gatekeeper
58881	45468	hybridization complex gatekeeper
58881	45501	hybridization complex gatekeeper
58881	72461	hybridization complex gatekeeper
58881	72572	hybridization complex gatekeeper
58892	26896	dominion guard
58892	44267	dominion guard
58920	65716	wayward guardian
58920	58566	wayward guardian
58921	60569	wayward bladeweaver
58921	61315	wayward bladeweaver
58921	44256	wayward bladeweaver
58921	72717	wayward bladeweaver
58942	53219	lucy lazarin
58942	38773	lucy lazarin
58942	65744	lucy lazarin
58942	52551	lucy lazarin
58942	53247	lucy lazarin
58965	56491	test chompacabra
58965	54828	test chompacabra
58966	69420	corruption puddle
58994	53370	ic-79 enhancer
58994	48563	ic-79 enhancer
58994	45833	ic-79 enhancer
58994	44739	ic-79 enhancer
58994	44468	ic-79 enhancer
58995	56295	ic-24 scanner
58995	66170	ic-24 scanner
58995	65795	ic-24 scanner
58996	35474	ic-58 sentinel
58996	39430	ic-58 sentinel
58996	46043	ic-58 sentinel
58996	46006	ic-58 sentinel
58996	46405	ic-58 sentinel
58998	40488	ic-01 prime
58998	72461	ic-01 prime
58998	72572	ic-01 prime
58998	45779	ic-01 prime
58998	40506	ic-01 prime
58998	45501	ic-01 prime
58998	45468	ic-01 prime
59008	42560	augmented daggerfoot
59008	39578	augmented daggerfoot
59008	42637	augmented daggerfoot
59008	42657	augmented daggerfoot
59008	43328	augmented daggerfoot
59011	35474	darkcavern lasher
59011	54185	darkcavern lasher
59011	45780	darkcavern lasher
59011	47152	darkcavern lasher
59011	46051	darkcavern lasher
59014	48531	darkcavern hellion
59014	47778	darkcavern hellion
59014	48822	darkcavern hellion
59014	48641	darkcavern hellion
59014	44710	darkcavern hellion
59014	48433	darkcavern hellion
59015	26385	darkcavern mite
59015	26161	darkcavern mite
59015	57287	darkcavern mite
59015	57288	darkcavern mite
59017	26385	darkcavern snapper
59017	26161	darkcavern snapper
59017	57288	darkcavern snapper
59017	57287	darkcavern snapper
59027	60569	gallant bastion guard
59190	70229	strain corruptor
59190	70230	strain corruptor
59190	57588	strain corruptor
59190	57589	strain corruptor
59190	57585	strain corruptor
59214	31618	sacrificial warpig
59214	30936	sacrificial warpig
59316	44711	scs prime
59316	40488	scs prime
59316	72461	scs prime
59316	72572	scs prime
59327	60566	grinder
59327	50103	grinder
59327	61315	grinder
59327	50007	grinder
59327	50295	grinder
59327	51329	grinder
59407	11241	megadroid pulverizer
59407	4699	megadroid pulverizer
59408	32388	megadroid zealot
59408	31975	megadroid zealot
59486	66113	stormwing guardian
59486	66122	stormwing guardian
59486	60562	stormwing guardian
59486	61315	stormwing guardian
59486	66118	stormwing guardian
59486	57843	stormwing guardian
59486	74514	stormwing guardian
59486	69165	stormwing guardian
59543	49886	guardian pyralos
59545	69826	kythria
59545	69836	kythria
59545	69866	kythria
59545	69821	kythria
59545	70076	kythria
59545	69843	kythria
59613	33243	darkcavern slank
59613	20111	darkcavern slank
59646	57029	first mate jork
59646	58566	first mate jork
59646	57872	first mate jork
59646	57851	first mate jork
59646	58567	first mate jork
59646	57843	first mate jork
59646	69165	first mate jork
59647	60595	vanguard zerish
59647	61315	vanguard zerish
59647	71966	vanguard zerish
59647	71919	vanguard zerish
59647	71903	vanguard zerish
59648	57350	strain overlord
59648	57355	strain overlord
59648	58566	strain overlord
59648	53384	strain overlord
59648	57354	strain overlord
59648	57353	strain overlord
59657	69997	glubglob of the deep
59657	25877	glubglob of the deep
59657	69981	glubglob of the deep
59657	69987	glubglob of the deep
59657	7031	glubglob of the deep
59679	48404	firestorm
59679	50080	firestorm
59829	57320	aeroth the sentinel
59829	57321	aeroth the sentinel
59829	6147	aeroth the sentinel
59829	57329	aeroth the sentinel
59829	13894	aeroth the sentinel
59829	26162	aeroth the sentinel
59831	53376	wretch the impure
59831	70572	wretch the impure
59831	70581	wretch the impure
59836	12295	whimwood stinger
59836	44650	whimwood stinger
59836	44714	whimwood stinger
59837	11859	whimwood swarmer
59837	32966	whimwood swarmer
59838	32966	whimwood bladewing
59838	32965	whimwood bladewing
59838	36021	whimwood bladewing
59838	37322	whimwood bladewing
59839	32965	whimwood mender
59839	32966	whimwood mender
59839	36021	whimwood mender
59839	37322	whimwood mender
59844	56980	bogus fraz
59844	56981	bogus fraz
59844	53985	bogus fraz
59844	53986	bogus fraz
59850	6917	the stump
59850	52760	the stump
59850	6916	the stump
59850	38031	the stump
59850	38079	the stump
59850	53868	the stump
59850	52762	the stump
59852	46877	ng protector one
59852	46893	ng protector one
59852	35474	ng protector one
59852	39430	ng protector one
59852	46809	ng protector one
59853	21878	ruga the ageless
59853	21569	ruga the ageless
59853	53268	ruga the ageless
59853	53275	ruga the ageless
59853	53274	ruga the ageless
59853	31135	ruga the ageless
59854	32735	marmota
59854	35246	marmota
59854	32768	marmota
59854	56614	marmota
59854	35282	marmota
59864	11865	the bumbler
59864	27116	the bumbler
59864	32966	the bumbler
59932	72328	lightning rod
59942	30510	cliffside bull
59942	18120	cliffside bull
59942	19180	cliffside bull
59942	32886	cliffside bull
59943	18120	cliffside calf
59943	30510	cliffside calf
59943	19180	cliffside calf
59943	32886	cliffside calf
60030	27543	exile guard
60030	44264	exile guard
60030	44267	exile guard
60162	73069	wild brambles
60208	52010	xas researcher
60208	51828	xas researcher
60208	45429	xas researcher
60208	44257	xas researcher
60208	44256	xas researcher
60209	52010	xas researcher
60209	51828	xas researcher
60209	45429	xas researcher
60209	44257	xas researcher
60209	44256	xas researcher
60210	44267	xas scientist
60210	44256	xas scientist
60210	44264	xas scientist
60210	44257	xas scientist
60210	44265	xas scientist
60211	44267	xas scientist
60211	44256	xas scientist
60211	44264	xas scientist
60211	44257	xas scientist
60211	44265	xas scientist
60216	36847	exile explorer
60216	65744	exile explorer
60218	36847	exile explorer
60218	65744	exile explorer
60260	44267	xas scientist
60260	44256	xas scientist
60260	44264	xas scientist
60260	44257	xas scientist
60260	44265	xas scientist
60261	44267	xas scientist
60261	44256	xas scientist
60261	44264	xas scientist
60261	44257	xas scientist
60261	44265	xas scientist
60264	44267	xas scientist
60264	44256	xas scientist
60264	44264	xas scientist
60264	44257	xas scientist
60264	44265	xas scientist
60265	65849	xas protector
60265	53383	xas protector
60265	54241	xas protector
60265	55700	xas protector
60265	54299	xas protector
60265	53384	xas protector
60265	55683	xas protector
60265	44255	xas protector
60265	44256	xas protector
60300	62958	burrow bomb
60324	30503	dapplehide dasher
60324	18109	dapplehide dasher
60324	21712	dapplehide dasher
60324	53505	dapplehide dasher
60326	53505	corrupted buck
60326	72001	corrupted buck
60326	72012	corrupted buck
60326	18109	corrupted buck
60326	21712	corrupted buck
61378	72357	explosive splorg
61395	65795	forgotten analyzer
61395	66170	forgotten analyzer
61395	56295	forgotten analyzer
61396	53376	forgotten sentinel
61396	55158	forgotten sentinel
61396	47747	forgotten sentinel
61416	44650	dazeroot impaler
61416	44714	dazeroot impaler
61416	44770	dazeroot impaler
61416	36049	dazeroot impaler
61417	71261	hut-hut
61417	44711	hut-hut
61417	36123	hut-hut
61417	71709	hut-hut
61418	54895	bonerazer firewalker
61418	53383	bonerazer firewalker
61418	54742	bonerazer firewalker
61418	54838	bonerazer firewalker
61418	53384	bonerazer firewalker
61418	54817	bonerazer firewalker
61425	56073	darkloam lichkin
61425	56078	darkloam lichkin
61425	53382	darkloam lichkin
61425	54577	darkloam lichkin
61425	56074	darkloam lichkin
61425	54716	darkloam lichkin
61427	27991	tangleclaw pridelord
61427	27974	tangleclaw pridelord
61427	12425	tangleclaw pridelord
61427	14025	tangleclaw pridelord
61427	26162	tangleclaw pridelord
61427	35192	tangleclaw pridelord
61429	58612	tangleclaw thrasher
61429	46040	tangleclaw thrasher
61429	46042	tangleclaw thrasher
61429	40117	tangleclaw thrasher
61429	55137	tangleclaw thrasher
61430	14025	tangleclaw hunter
61430	35192	tangleclaw hunter
61430	27974	tangleclaw hunter
61430	26162	tangleclaw hunter
61430	12425	tangleclaw hunter
61430	27991	tangleclaw hunter
61431	36759	augmented nightfang lurker
61431	70403	augmented nightfang lurker
61431	47508	augmented nightfang lurker
61432	65763	nightfang lurker
61432	66151	nightfang lurker
61432	52756	nightfang lurker
61432	58566	nightfang lurker
61432	66155	nightfang lurker
61433	58566	shadow skulker
61433	66151	shadow skulker
61433	65763	shadow skulker
61433	66155	shadow skulker
61433	52756	shadow skulker
61434	35474	n22 devastator
61434	46877	n22 devastator
61434	46893	n22 devastator
61434	46809	n22 devastator
61434	39430	n22 devastator
61435	60568	zeta punisher
61435	61315	zeta punisher
61435	50007	zeta punisher
61435	49888	zeta punisher
61435	50103	zeta punisher
61435	63270	zeta punisher
61437	35474	n22 executioner
61437	46042	n22 executioner
61437	46152	n22 executioner
61437	47284	n22 executioner
61437	46006	n22 executioner
61438	34262	shadetree gorepaw
61438	32735	shadetree gorepaw
61438	32379	shadetree gorepaw
61439	65762	greenbark deathvine
61439	57659	greenbark deathvine
61439	57627	greenbark deathvine
61439	65761	greenbark deathvine
61439	57624	greenbark deathvine
61439	59937	greenbark deathvine
61439	57625	greenbark deathvine
61441	32379	stonepaw fleshrender
61441	32735	stonepaw fleshrender
61441	34262	stonepaw fleshrender
61442	55137	verdant shredder
61442	35530	verdant shredder
61442	42875	verdant shredder
61442	34455	verdant shredder
61442	44200	verdant shredder
61442	58483	verdant shredder
61446	69165	torine liferender
61446	58566	torine liferender
61446	58567	torine liferender
61446	57851	torine liferender
61446	57843	torine liferender
61446	57872	torine liferender
61446	57029	torine liferender
61447	53034	needlebrook hulk
61447	2095	needlebrook hulk
61447	9937	needlebrook hulk
61447	52968	needlebrook hulk
61449	46024	vicious matriarch
61449	12425	vicious matriarch
61449	14023	vicious matriarch
61449	26162	vicious matriarch
61449	27974	vicious matriarch
61450	58567	torine warblade
61450	57872	torine warblade
61450	57843	torine warblade
61450	58566	torine warblade
61450	69165	torine warblade
61450	57851	torine warblade
61450	57029	torine warblade
61452	44770	enhanced dazeroot hiveguard
61452	36049	enhanced dazeroot hiveguard
61452	44714	enhanced dazeroot hiveguard
61452	44650	enhanced dazeroot hiveguard
61453	60568	bonerazer vanquisher
61453	49879	bonerazer vanquisher
61453	49928	bonerazer vanquisher
61453	61315	bonerazer vanquisher
61453	49792	bonerazer vanquisher
61454	38079	infused lifewood
61454	52760	infused lifewood
61454	53868	infused lifewood
61454	6916	infused lifewood
61454	6917	infused lifewood
61454	38031	infused lifewood
61454	52762	infused lifewood
61455	25871	muddybrook razortooth
61455	26512	muddybrook razortooth
61455	54600	muddybrook razortooth
61455	32493	muddybrook razortooth
61455	54601	muddybrook razortooth
61455	54602	muddybrook razortooth
61456	53383	ravenous abomination
61456	53384	ravenous abomination
61456	54241	ravenous abomination
61456	54327	ravenous abomination
61456	54675	ravenous abomination
61456	54299	ravenous abomination
61457	54577	darkloam necroshaman
61457	56074	darkloam necroshaman
61457	53382	darkloam necroshaman
61457	56073	darkloam necroshaman
61457	54716	darkloam necroshaman
61457	56078	darkloam necroshaman
61459	53436	highland longhorn
61459	53416	highland longhorn
61459	21705	highland longhorn
61459	32886	highland longhorn
61459	22670	highland longhorn
61459	30510	highland longhorn
61459	55307	highland longhorn
61460	47778	furyclaw malverine
61460	43327	furyclaw malverine
61460	47997	furyclaw malverine
61460	48121	furyclaw malverine
61460	48531	furyclaw malverine
61463	71212	bev-o-rage
61463	75110	bev-o-rage
61463	79320	bev-o-rage
61463	71196	bev-o-rage
61463	71197	bev-o-rage
61472	34262	highland crusher
61472	32735	highland crusher
61472	32379	highland crusher
61475	46040	darkfang alpha
61475	55289	darkfang alpha
61475	43507	darkfang alpha
61475	60950	darkfang alpha
61475	42362	darkfang alpha
61475	45302	darkfang alpha
61476	52869	darkspire strangler
61476	35474	darkspire strangler
61476	46042	darkspire strangler
61476	47152	darkspire strangler
61476	54185	darkspire strangler
61476	46051	darkspire strangler
61477	52756	shadowstalker widower
61477	58566	shadowstalker widower
61477	65763	shadowstalker widower
61477	66151	shadowstalker widower
61477	66155	shadowstalker widower
61478	54602	fierce ungala shocker
61478	25871	fierce ungala shocker
61478	54601	fierce ungala shocker
61478	32493	fierce ungala shocker
61478	54600	fierce ungala shocker
61478	26512	fierce ungala shocker
61480	26162	whitepaw pride guard
61480	12425	whitepaw pride guard
61480	14025	whitepaw pride guard
61480	27991	whitepaw pride guard
61480	27974	whitepaw pride guard
61480	35192	whitepaw pride guard
61486	56078	deadwind doomcaller
61486	54716	deadwind doomcaller
61486	54577	deadwind doomcaller
61486	53382	deadwind doomcaller
61486	56074	deadwind doomcaller
61486	56073	deadwind doomcaller
61487	65849	stormseeker wrath-wielder
61487	56990	stormseeker wrath-wielder
61487	48895	stormseeker wrath-wielder
61487	47175	stormseeker wrath-wielder
61487	56986	stormseeker wrath-wielder
61489	60599	stormseeker torrent-slasher
61489	61315	stormseeker torrent-slasher
61489	57843	stormseeker torrent-slasher
61489	63233	stormseeker torrent-slasher
61489	58535	stormseeker torrent-slasher
61489	75357	stormseeker torrent-slasher
61489	69165	stormseeker torrent-slasher
61489	75624	stormseeker torrent-slasher
61489	75599	stormseeker torrent-slasher
61490	19085	stonetusk behemoth
61490	9743	stonetusk behemoth
61490	2340	stonetusk behemoth
61490	32574	stonetusk behemoth
61490	55151	stonetusk behemoth
61490	30623	stonetusk behemoth
61491	40693	oakback trampler
61491	53423	oakback trampler
61491	24211	oakback trampler
61491	30096	oakback trampler
61491	30510	oakback trampler
61492	2340	irontusk
61492	55151	irontusk
61492	19085	irontusk
61492	9743	irontusk
61492	32574	irontusk
61492	30623	irontusk
61494	44710	gnarlfoot brute
61494	32774	gnarlfoot brute
61494	43366	gnarlfoot brute
61494	46933	gnarlfoot brute
61494	47031	gnarlfoot brute
61495	43507	longsnout terror
61495	60950	longsnout terror
61495	55289	longsnout terror
61495	45302	longsnout terror
61495	42362	longsnout terror
61495	46040	longsnout terror
61496	58566	deadwind executioner
61496	58567	deadwind executioner
61496	54753	deadwind executioner
61496	61392	deadwind executioner
61496	61426	deadwind executioner
61496	61393	deadwind executioner
61497	48531	razorclaw malverine
61497	43327	razorclaw malverine
61497	47717	razorclaw malverine
61497	47778	razorclaw malverine
61497	34253	razorclaw malverine
61499	56390	slenderskin shredder
61499	56423	slenderskin shredder
61499	53384	slenderskin shredder
61499	56358	slenderskin shredder
61499	58566	slenderskin shredder
61499	56037	slenderskin shredder
61500	51899	darkpool bombardier
61500	52742	darkpool bombardier
61500	51828	darkpool bombardier
61500	52010	darkpool bombardier
61503	46024	whitepaw predator
61503	27974	whitepaw predator
61503	14023	whitepaw predator
61503	12425	whitepaw predator
61503	26162	whitepaw predator
61508	46405	site 14 defender
61508	46043	site 14 defender
61508	35474	site 14 defender
61508	46006	site 14 defender
61508	39430	site 14 defender
61509	34262	rockside ravager
61509	32379	rockside ravager
61509	32735	rockside ravager
61510	52769	hillscourge glutton
61510	52765	hillscourge glutton
61510	43759	hillscourge glutton
61510	44200	hillscourge glutton
61510	44656	hillscourge glutton
61510	44466	hillscourge glutton
61510	41070	hillscourge glutton
61511	7031	mistymurk slimer
61511	57057	mistymurk slimer
61511	57055	mistymurk slimer
61511	25877	mistymurk slimer
61511	57056	mistymurk slimer
61511	57054	mistymurk slimer
61518	44656	energized hillscourge glutton
61518	52765	energized hillscourge glutton
61518	44200	energized hillscourge glutton
61518	41070	energized hillscourge glutton
61518	52769	energized hillscourge glutton
61518	44466	energized hillscourge glutton
61518	43759	energized hillscourge glutton
61519	47033	throg ender
61519	46797	throg ender
61519	15661	throg ender
61519	57365	throg ender
61519	32192	throg ender
61520	56899	augmented rockside tunnelclaw
61520	30936	augmented rockside tunnelclaw
61520	31619	augmented rockside tunnelclaw
61520	28626	augmented rockside tunnelclaw
61521	46043	ah47 sentinel
61521	35474	ah47 sentinel
61521	39430	ah47 sentinel
61521	46006	ah47 sentinel
61521	46405	ah47 sentinel
61522	66155	deathmite hunter
61522	52756	deathmite hunter
61522	77373	deathmite hunter
61522	66151	deathmite hunter
61522	61315	deathmite hunter
61522	65763	deathmite hunter
61522	54225	deathmite hunter
61523	40595	deadstar punisher
61523	65744	deadstar punisher
61523	53247	deadstar punisher
61523	55438	deadstar punisher
61523	53219	deadstar punisher
61523	52551	deadstar punisher
61524	19085	bloodhorn behemoth
61524	9743	bloodhorn behemoth
61524	55151	bloodhorn behemoth
61524	2340	bloodhorn behemoth
61524	30623	bloodhorn behemoth
61524	32574	bloodhorn behemoth
61526	46405	n22 servitor
61526	46006	n22 servitor
61526	35474	n22 servitor
61526	46043	n22 servitor
61526	39430	n22 servitor
61528	56073	deadwind elder witchdoctor
61528	54577	deadwind elder witchdoctor
61528	56074	deadwind elder witchdoctor
61528	53382	deadwind elder witchdoctor
61528	56078	deadwind elder witchdoctor
61528	54716	deadwind elder witchdoctor
61529	52742	jagged rock officer
61529	51828	jagged rock officer
61529	51899	jagged rock officer
61529	52010	jagged rock officer
61530	34585	jagged rock extractorbot
61530	34982	jagged rock extractorbot
61530	24990	jagged rock extractorbot
61530	35622	jagged rock extractorbot
61530	35223	jagged rock extractorbot
61531	2340	stonetusk flattener
61531	30623	stonetusk flattener
61531	9743	stonetusk flattener
61531	19085	stonetusk flattener
61531	55151	stonetusk flattener
61531	32574	stonetusk flattener
61532	51828	savannah sniper
61532	51899	savannah sniper
61532	52742	savannah sniper
61532	52010	savannah sniper
61533	25763	marshgrass slimer
61533	7031	marshgrass slimer
61533	55329	marshgrass slimer
61534	65709	highland hunter
61534	65711	highland hunter
61534	72599	highland hunter
61535	56622	stoneridge cragfist
61535	56327	stoneridge cragfist
61535	52235	stoneridge cragfist
61535	55700	stoneridge cragfist
61535	55306	stoneridge cragfist
61535	52080	stoneridge cragfist
61542	57008	putrid oozing sludgeon
61542	35474	putrid oozing sludgeon
61542	46878	putrid oozing sludgeon
61542	57878	putrid oozing sludgeon
61542	57831	putrid oozing sludgeon
61542	38501	putrid oozing sludgeon
61542	57744	putrid oozing sludgeon
61545	34262	decrepit mauler
61545	53429	decrepit mauler
61545	34361	decrepit mauler
61545	34310	decrepit mauler
61545	35556	decrepit mauler
61545	34280	decrepit mauler
61548	66279	dominion executioner
61548	60594	dominion executioner
61548	61315	dominion executioner
61548	66275	dominion executioner
61549	14022	irradiated icetail stalker
61549	31740	irradiated icetail stalker
61549	12425	irradiated icetail stalker
61549	46128	irradiated icetail stalker
61549	27991	irradiated icetail stalker
61550	14022	frostpaw
61550	12425	frostpaw
61550	46128	frostpaw
61550	31740	frostpaw
61550	27991	frostpaw
61551	31700	enforcer drugel
61551	46579	enforcer drugel
61551	32177	enforcer drugel
61551	32921	enforcer drugel
61551	47033	enforcer drugel
61551	32192	enforcer drugel
61551	32630	enforcer drugel
61554	53268	shoveljaw crusher
61554	21569	shoveljaw crusher
61554	21878	shoveljaw crusher
61554	53274	shoveljaw crusher
61554	53275	shoveljaw crusher
61554	31135	shoveljaw crusher
61556	21569	crystalmaw
61556	53275	crystalmaw
61556	21878	crystalmaw
61556	53268	crystalmaw
61556	53274	crystalmaw
61556	31135	crystalmaw
61557	44466	hillscourge demolisher
61557	44200	hillscourge demolisher
61557	52769	hillscourge demolisher
61557	52765	hillscourge demolisher
61557	44656	hillscourge demolisher
61557	43759	hillscourge demolisher
61557	41070	hillscourge demolisher
61558	44200	energized hillscourge demolisher
61558	44466	energized hillscourge demolisher
61558	44656	energized hillscourge demolisher
61558	52765	energized hillscourge demolisher
61558	41070	energized hillscourge demolisher
61558	52769	energized hillscourge demolisher
61558	43759	energized hillscourge demolisher
61559	66155	deathmite predator
61559	52756	deathmite predator
61559	66151	deathmite predator
61559	65763	deathmite predator
61559	58566	deathmite predator
61560	53383	wildwood bladewarden
61560	54895	wildwood bladewarden
61560	54817	wildwood bladewarden
61560	53384	wildwood bladewarden
61560	54742	wildwood bladewarden
61560	54838	wildwood bladewarden
61561	32379	grimstone ravager
61561	32735	grimstone ravager
61561	34262	grimstone ravager
61568	34455	bleakwing knifetalon
61568	45780	bleakwing knifetalon
61568	40117	bleakwing knifetalon
61568	57205	bleakwing knifetalon
61568	46040	bleakwing knifetalon
61569	45780	bleakwing elder
61569	57205	bleakwing elder
61569	34455	bleakwing elder
61569	40117	bleakwing elder
61569	46040	bleakwing elder
61572	46579	crowe enforcer
61572	31700	crowe enforcer
61572	32921	crowe enforcer
61572	32630	crowe enforcer
61572	32177	crowe enforcer
61572	47033	crowe enforcer
61572	32192	crowe enforcer
61573	32177	throg enforcer
61573	46579	throg enforcer
61573	31700	throg enforcer
61573	32921	throg enforcer
61573	32630	throg enforcer
61573	47033	throg enforcer
61573	32192	throg enforcer
61574	53275	gullyrock behemoth
61574	53274	gullyrock behemoth
61574	21569	gullyrock behemoth
61574	53268	gullyrock behemoth
61574	21878	gullyrock behemoth
61574	31135	gullyrock behemoth
61575	45289	rockridge mauler
61575	45335	rockridge mauler
61575	34262	rockridge mauler
61575	32734	rockridge mauler
61575	32735	rockridge mauler
61576	6917	pinewrath branchsnapper
61576	38079	pinewrath branchsnapper
61576	53868	pinewrath branchsnapper
61576	52760	pinewrath branchsnapper
61576	38031	pinewrath branchsnapper
61576	6916	pinewrath branchsnapper
61576	52762	pinewrath branchsnapper
61577	31700	grim enforcer
61577	32177	grim enforcer
61577	32921	grim enforcer
61577	47033	grim enforcer
61577	32192	grim enforcer
61577	32630	grim enforcer
61577	46579	grim enforcer
61578	46809	site 14 devastator
61578	46877	site 14 devastator
61578	35474	site 14 devastator
61578	39430	site 14 devastator
61578	46893	site 14 devastator
61579	55700	augmented slateform demolisher
61579	56332	augmented slateform demolisher
61579	70632	augmented slateform demolisher
61579	70664	augmented slateform demolisher
61579	56622	augmented slateform demolisher
61580	30623	stonetusk earthshaker
61580	9743	stonetusk earthshaker
61580	2340	stonetusk earthshaker
61580	55151	stonetusk earthshaker
61580	32574	stonetusk earthshaker
61580	19085	stonetusk earthshaker
61581	2340	stonetusk veteran
61581	55151	stonetusk veteran
61581	19085	stonetusk veteran
61581	32574	stonetusk veteran
61581	9743	stonetusk veteran
61581	30623	stonetusk veteran
61586	2340	bloodhorn flattener
61586	55151	bloodhorn flattener
61586	9743	bloodhorn flattener
61586	32574	bloodhorn flattener
61586	19085	bloodhorn flattener
61586	30623	bloodhorn flattener
61587	9743	savannah flattener
61587	2340	savannah flattener
61587	32574	savannah flattener
61587	55151	savannah flattener
61587	19085	savannah flattener
61587	30623	savannah flattener
61588	14025	savannah firemane
61588	27974	savannah firemane
61588	27991	savannah firemane
61588	12425	savannah firemane
61588	35192	savannah firemane
61588	26162	savannah firemane
61589	46706	grimvoid strongarm
61589	31380	grimvoid strongarm
61589	46579	grimvoid strongarm
61589	31699	grimvoid strongarm
61589	32921	grimvoid strongarm
61589	32177	grimvoid strongarm
61590	53382	wildvine greenheart
61590	55421	wildvine greenheart
61590	55401	wildvine greenheart
61590	55371	wildvine greenheart
61590	55402	wildvine greenheart
61591	46877	viscous oozing sludgeon
61591	35474	viscous oozing sludgeon
61591	57831	viscous oozing sludgeon
61591	57878	viscous oozing sludgeon
61591	58263	viscous oozing sludgeon
61591	56818	viscous oozing sludgeon
61592	45795	skeledroid horror
61592	45770	skeledroid horror
61592	34262	skeledroid horror
61592	33242	skeledroid horror
61592	33250	skeledroid horror
61592	45745	skeledroid horror
61593	38773	skeledroid terrorizer
61593	52789	skeledroid terrorizer
61593	65744	skeledroid terrorizer
61593	52740	skeledroid terrorizer
61593	52658	skeledroid terrorizer
61594	33250	risen girrok skullchewer
61594	34262	risen girrok skullchewer
61594	35556	risen girrok skullchewer
61594	32422	risen girrok skullchewer
61594	33249	risen girrok skullchewer
61595	53429	vengeful risen draken
61595	43947	vengeful risen draken
61595	65744	vengeful risen draken
61595	43946	vengeful risen draken
61595	41619	vengeful risen draken
61595	52454	vengeful risen draken
61596	54577	witchwake soulsnatcher
61596	53382	witchwake soulsnatcher
61596	56074	witchwake soulsnatcher
61596	56078	witchwake soulsnatcher
61596	56073	witchwake soulsnatcher
61598	54349	stoneridge smasher
61598	47929	stoneridge smasher
61598	52531	stoneridge smasher
61598	56329	stoneridge smasher
61598	52475	stoneridge smasher
61598	56622	stoneridge smasher
61600	43759	highland predator
61600	44804	highland predator
61600	55290	highland predator
61600	42362	highland predator
61600	46040	highland predator
61600	44805	highland predator
61601	6917	pinewrath stumpmaker
61601	38079	pinewrath stumpmaker
61601	6916	pinewrath stumpmaker
61601	52762	pinewrath stumpmaker
61601	53868	pinewrath stumpmaker
61601	52760	pinewrath stumpmaker
61601	38031	pinewrath stumpmaker
61605	55119	grim controller
61605	47669	grim controller
61605	48920	grim controller
61605	65795	grim controller
61606	45335	highland mauler
61606	45289	highland mauler
61606	32734	highland mauler
61606	34262	highland mauler
61606	32735	highland mauler
61609	33249	rockridge fiend
61609	35556	rockridge fiend
61609	33250	rockridge fiend
61609	34262	rockridge fiend
61609	32422	rockridge fiend
61610	53268	gullyrock gargantuan
61610	53274	gullyrock gargantuan
61610	53275	gullyrock gargantuan
61610	21569	gullyrock gargantuan
61610	21878	gullyrock gargantuan
61610	31135	gullyrock gargantuan
61611	48895	stormseeker wave-striker
61611	56990	stormseeker wave-striker
61611	65849	stormseeker wave-striker
61611	47175	stormseeker wave-striker
61611	56986	stormseeker wave-striker
61618	32734	rockside crusher
61618	32735	rockside crusher
61618	45335	rockside crusher
61618	45289	rockside crusher
61618	34262	rockside crusher
61620	30096	fieldhoof bull
61620	53423	fieldhoof bull
61620	24211	fieldhoof bull
61620	30510	fieldhoof bull
61620	40693	fieldhoof bull
61621	46040	swiftpaw pouncer
61621	55290	swiftpaw pouncer
61621	44805	swiftpaw pouncer
61621	44804	swiftpaw pouncer
61621	43759	swiftpaw pouncer
61621	42362	swiftpaw pouncer
61623	32966	honeysting impaler
61623	27116	honeysting impaler
61623	11865	honeysting impaler
61624	32379	grimstone savage
61624	32735	grimstone savage
61624	34262	grimstone savage
61625	61315	darkspur hunter
61625	66275	darkspur hunter
61625	60594	darkspur hunter
61625	66279	darkspur hunter
61627	48641	rageclaw malverine
61627	47778	rageclaw malverine
61627	48531	rageclaw malverine
61627	48433	rageclaw malverine
61627	44710	rageclaw malverine
61627	48822	rageclaw malverine
61628	62528	crimson exterminator
61628	52788	crimson exterminator
61628	54212	crimson exterminator
61628	62529	crimson exterminator
61628	62531	crimson exterminator
61630	54241	crimson ranger
61630	54327	crimson ranger
61630	54675	crimson ranger
61630	53383	crimson ranger
61630	53384	crimson ranger
61630	54299	crimson ranger
61631	44804	darkfang predator
61631	55290	darkfang predator
61631	46040	darkfang predator
61631	43759	darkfang predator
61631	42362	darkfang predator
61631	44805	darkfang predator
61632	53384	crimson assault trooper
61632	53383	crimson assault trooper
61632	54327	crimson assault trooper
61632	54241	crimson assault trooper
61632	54675	crimson assault trooper
61632	54299	crimson assault trooper
61633	66155	shadowstalker ambusher
61633	61315	shadowstalker ambusher
61633	52756	shadowstalker ambusher
61633	77373	shadowstalker ambusher
61633	65763	shadowstalker ambusher
61633	66151	shadowstalker ambusher
61633	54225	shadowstalker ambusher
61635	62619	slenderskin crusher
61635	56325	slenderskin crusher
61635	49915	slenderskin crusher
61635	42208	slenderskin crusher
61635	42444	slenderskin crusher
61635	58566	slenderskin crusher
61635	71966	slenderskin crusher
61635	71903	slenderskin crusher
61635	41648	slenderskin crusher
61635	72748	slenderskin crusher
61635	59630	slenderskin crusher
61635	72737	slenderskin crusher
61635	72927	slenderskin crusher
61635	56622	slenderskin crusher
61635	58567	slenderskin crusher
61635	41647	slenderskin crusher
61635	71919	slenderskin crusher
61636	49792	crimson claymore
61636	49879	crimson claymore
61636	49928	crimson claymore
61636	61315	crimson claymore
61636	60568	crimson claymore
61638	35474	sandstorm elemental
61638	46878	sandstorm elemental
61638	69072	sandstorm elemental
61638	69378	sandstorm elemental
61638	65456	sandstorm elemental
61639	55862	shaleclaw sandstalker
61639	65763	shaleclaw sandstalker
61639	54225	shaleclaw sandstalker
61639	55860	shaleclaw sandstalker
61639	55859	shaleclaw sandstalker
61639	53988	shaleclaw sandstalker
61639	55861	shaleclaw sandstalker
61640	57843	thundercall blade-bearer
61640	58566	thundercall blade-bearer
61640	63270	thundercall blade-bearer
61640	75772	thundercall blade-bearer
61640	75793	thundercall blade-bearer
61640	56798	thundercall blade-bearer
61640	64916	thundercall blade-bearer
61640	58567	thundercall blade-bearer
61640	75792	thundercall blade-bearer
61641	55421	thundercall wind-weaver
61641	55401	thundercall wind-weaver
61641	55371	thundercall wind-weaver
61641	55402	thundercall wind-weaver
61641	53382	thundercall wind-weaver
61642	38793	darkspur strongarm
61642	46392	darkspur strongarm
61642	46692	darkspur strongarm
61642	46797	darkspur strongarm
61642	45421	darkspur strongarm
61642	49792	darkspur strongarm
61642	45427	darkspur strongarm
61642	49928	darkspur strongarm
61642	49879	darkspur strongarm
61643	48920	darkspur dustblaster
61643	55119	darkspur dustblaster
61643	47669	darkspur dustblaster
61643	65795	darkspur dustblaster
61644	62528	crimson slaughtershot
61644	54212	crimson slaughtershot
61644	62531	crimson slaughtershot
61644	62529	crimson slaughtershot
61644	52788	crimson slaughtershot
61645	49879	crimson executioner
61645	61315	crimson executioner
61645	60568	crimson executioner
61645	49792	crimson executioner
61645	49928	crimson executioner
61646	60568	dominion operative
61646	61315	dominion operative
61646	50103	dominion operative
61646	50007	dominion operative
61646	49888	dominion operative
61647	51828	crimson scattershot
61647	52742	crimson scattershot
61647	52010	crimson scattershot
61647	51899	crimson scattershot
61648	53348	crimson duelist
61648	54857	crimson duelist
61648	50080	crimson duelist
61648	56541	crimson duelist
61648	65795	crimson duelist
61648	56503	crimson duelist
61652	30096	galehorn charger
61652	24211	galehorn charger
61652	53423	galehorn charger
61652	40693	galehorn charger
61652	30510	galehorn charger
61655	46042	razorbeak thrasher
61655	55137	razorbeak thrasher
61655	40117	razorbeak thrasher
61655	46040	razorbeak thrasher
61655	58612	razorbeak thrasher
61656	53423	contaminated galehorn charger
61656	30096	contaminated galehorn charger
61656	30510	contaminated galehorn charger
61656	24211	contaminated galehorn charger
61656	40693	contaminated galehorn charger
61657	15661	groundswell enforcer
61657	57365	groundswell enforcer
61657	47033	groundswell enforcer
61657	32192	groundswell enforcer
61657	46797	groundswell enforcer
61684	62528	noxbane direbot
61684	62529	noxbane direbot
61684	52788	noxbane direbot
61684	54212	noxbane direbot
61684	62531	noxbane direbot
61685	60568	noxbane toxicologist
61685	50007	noxbane toxicologist
61685	49888	noxbane toxicologist
61685	50103	noxbane toxicologist
61685	61315	noxbane toxicologist
61697	46040	thrashwind predator
61697	46042	thrashwind predator
61697	55137	thrashwind predator
61697	40117	thrashwind predator
61697	58612	thrashwind predator
61698	30936	augmented gustclaw shredder
61698	31619	augmented gustclaw shredder
61698	28626	augmented gustclaw shredder
61698	56899	augmented gustclaw shredder
61699	11862	augmented sickleswarm divebomber
61699	32966	augmented sickleswarm divebomber
61699	44483	augmented sickleswarm divebomber
61699	44491	augmented sickleswarm divebomber
61699	44413	augmented sickleswarm divebomber
61703	52788	fuelfuze gunnery mech
61703	62529	fuelfuze gunnery mech
61703	54212	fuelfuze gunnery mech
61703	62531	fuelfuze gunnery mech
61703	62528	fuelfuze gunnery mech
61704	55762	fuelfuze pyrotechnic
61704	48616	fuelfuze pyrotechnic
61704	50080	fuelfuze pyrotechnic
61704	66020	fuelfuze pyrotechnic
61705	57627	whimthorn fangstem
61705	57625	whimthorn fangstem
61705	57624	whimthorn fangstem
61705	65761	whimthorn fangstem
61705	65762	whimthorn fangstem
61705	57626	whimthorn fangstem
61706	50295	nytia of the many faces
61706	50007	nytia of the many faces
61706	51329	nytia of the many faces
61706	61315	nytia of the many faces
61706	60566	nytia of the many faces
61706	50103	nytia of the many faces
61707	60568	dominion forward tracker
61707	61315	dominion forward tracker
61707	49792	dominion forward tracker
61707	49879	dominion forward tracker
61707	49928	dominion forward tracker
61709	57627	whimthorn spinestriker
61709	65762	whimthorn spinestriker
61709	65761	whimthorn spinestriker
61709	57625	whimthorn spinestriker
61709	57624	whimthorn spinestriker
61709	57626	whimthorn spinestriker
61710	55539	mudraker flayer
61710	65744	mudraker flayer
61710	38774	mudraker flayer
61710	39914	mudraker flayer
61711	55763	crimson heavy gunner
61711	51828	crimson heavy gunner
61711	52996	crimson heavy gunner
61711	52796	crimson heavy gunner
61712	61315	stormwing roostwatcher
61712	60562	stormwing roostwatcher
61712	66122	stormwing roostwatcher
61712	66113	stormwing roostwatcher
61712	66118	stormwing roostwatcher
61712	57843	stormwing roostwatcher
61712	74514	stormwing roostwatcher
61712	69165	stormwing roostwatcher
61713	36849	vishal-thun oppressor
61713	40694	vishal-thun oppressor
61713	35403	vishal-thun oppressor
61713	72910	vishal-thun oppressor
61713	72918	vishal-thun oppressor
61713	65744	vishal-thun oppressor
61717	60594	vishal-dagh strider
61717	61315	vishal-dagh strider
61717	42302	vishal-dagh strider
61717	35382	vishal-dagh strider
61717	63761	vishal-dagh strider
61717	73234	vishal-dagh strider
61717	73289	vishal-dagh strider
61717	73237	vishal-dagh strider
61718	60568	dominion forward dragoon
61718	49792	dominion forward dragoon
61718	49928	dominion forward dragoon
61718	61315	dominion forward dragoon
61718	49879	dominion forward dragoon
61719	52010	dominion advance sharpshooter
61719	51828	dominion advance sharpshooter
61719	52742	dominion advance sharpshooter
61719	51899	dominion advance sharpshooter
61720	66122	stormwing skywatcher
61720	66113	stormwing skywatcher
61720	66118	stormwing skywatcher
61720	61315	stormwing skywatcher
61720	57843	stormwing skywatcher
61720	69165	stormwing skywatcher
61720	60562	stormwing skywatcher
61720	74514	stormwing skywatcher
61721	53382	stormwing cloudstriker
61721	55421	stormwing cloudstriker
61721	55371	stormwing cloudstriker
61721	55401	stormwing cloudstriker
61721	55402	stormwing cloudstriker
61723	56295	deactivated eldan protector
61723	65795	deactivated eldan protector
61723	66170	deactivated eldan protector
61724	52788	crimson arbalest
61724	62528	crimson arbalest
61724	62531	crimson arbalest
61724	54212	crimson arbalest
61724	62529	crimson arbalest
61727	29850	crimson bludgeoner
61727	24067	crimson bludgeoner
61727	46817	crimson bludgeoner
61727	46872	crimson bludgeoner
61727	46550	crimson bludgeoner
61728	29850	crimson warrant officer
61728	24067	crimson warrant officer
61728	46550	crimson warrant officer
61728	46872	crimson warrant officer
61728	46817	crimson warrant officer
61730	32921	crimson warmonger
61730	31700	crimson warmonger
61730	32177	crimson warmonger
61730	32630	crimson warmonger
61730	46579	crimson warmonger
61730	47033	crimson warmonger
61730	32192	crimson warmonger
61731	44200	razorbeak screecher
61731	42875	razorbeak screecher
61731	55137	razorbeak screecher
61731	34455	razorbeak screecher
61731	35530	razorbeak screecher
61731	58483	razorbeak screecher
61732	53384	dominion pillager
61732	54817	dominion pillager
61732	53383	dominion pillager
61732	54742	dominion pillager
61732	54895	dominion pillager
61732	54838	dominion pillager
61734	36094	honeysting hiveguard
61734	32965	honeysting hiveguard
61734	32966	honeysting hiveguard
61734	36021	honeysting hiveguard
61734	37314	honeysting hiveguard
61735	57879	xv-3 destroyer
61735	40728	xv-3 destroyer
61735	40506	xv-3 destroyer
61735	57882	xv-3 destroyer
61735	44711	xv-3 destroyer
61735	46392	xv-3 destroyer
61737	58483	thrashwind razorwing
61737	55137	thrashwind razorwing
61737	34455	thrashwind razorwing
61737	35530	thrashwind razorwing
61737	44200	thrashwind razorwing
61737	42875	thrashwind razorwing
61738	31619	augmented gustclaw eviscerator
61738	56899	augmented gustclaw eviscerator
61738	28626	augmented gustclaw eviscerator
61738	30936	augmented gustclaw eviscerator
61739	11862	augmented sickleswarm venomstriker
61739	44483	augmented sickleswarm venomstriker
61739	44413	augmented sickleswarm venomstriker
61739	44491	augmented sickleswarm venomstriker
61739	32966	augmented sickleswarm venomstriker
61741	57882	xd-1 dreadnaught
61741	40728	xd-1 dreadnaught
61741	44711	xd-1 dreadnaught
61741	46392	xd-1 dreadnaught
61741	40506	xd-1 dreadnaught
61741	57879	xd-1 dreadnaught
61742	54212	fuelfuze devastator m9
61742	52788	fuelfuze devastator m9
61742	62529	fuelfuze devastator m9
61742	62528	fuelfuze devastator m9
61742	62531	fuelfuze devastator m9
61748	70252	sandsquall elemental
61748	70251	sandsquall elemental
61748	68533	sandsquall elemental
61748	64929	sandsquall elemental
61749	53382	thundercall wind-striker
61749	55421	thundercall wind-striker
61749	55401	thundercall wind-striker
61749	55402	thundercall wind-striker
61749	55371	thundercall wind-striker
61751	32630	darkspur bonebreaker
61751	32177	darkspur bonebreaker
61751	31700	darkspur bonebreaker
61751	32921	darkspur bonebreaker
61751	46579	darkspur bonebreaker
61751	47033	darkspur bonebreaker
61751	32192	darkspur bonebreaker
61754	32966	whimwood barbtail
61754	27116	whimwood barbtail
61754	11865	whimwood barbtail
61755	32734	vishal-dagh mutilator
61755	32735	vishal-dagh mutilator
61755	30095	vishal-dagh mutilator
61755	33245	vishal-dagh mutilator
61755	71187	vishal-dagh mutilator
61757	66122	stormwing sentinel
61757	66118	stormwing sentinel
61757	66113	stormwing sentinel
61757	57843	stormwing sentinel
61757	61315	stormwing sentinel
61757	60562	stormwing sentinel
61759	32630	dominion field commander
61759	31700	dominion field commander
61759	32921	dominion field commander
61759	47033	dominion field commander
61759	46579	dominion field commander
61759	32192	dominion field commander
61759	32177	dominion field commander
61760	53382	stormwing broodmaven
61760	55401	stormwing broodmaven
61760	55421	stormwing broodmaven
61760	55371	stormwing broodmaven
61760	55402	stormwing broodmaven
61766	27974	woodland saberclaw
61766	35192	woodland saberclaw
61766	26162	woodland saberclaw
61766	27991	woodland saberclaw
61766	14025	woodland saberclaw
61766	12425	woodland saberclaw
61772	58566	sandwisp creeper
61772	66151	sandwisp creeper
61772	65763	sandwisp creeper
61772	66155	sandwisp creeper
61772	52756	sandwisp creeper
61773	53274	red shaleback bull
61773	21878	red shaleback bull
61773	31135	red shaleback bull
61773	53275	red shaleback bull
61773	21569	red shaleback bull
61773	53268	red shaleback bull
61774	46042	eldridge
61774	35474	eldridge
61774	46006	eldridge
61774	46152	eldridge
61774	47284	eldridge
61776	57365	spectral bandit
61776	32192	spectral bandit
61776	46797	spectral bandit
61776	16769	spectral bandit
61776	47033	spectral bandit
61776	16055	spectral bandit
61777	52796	spectral crackshot
61777	55763	spectral crackshot
61777	51828	spectral crackshot
61777	52996	spectral crackshot
61779	53988	sandsnapper pincher
61779	55861	sandsnapper pincher
61779	55862	sandsnapper pincher
61779	55859	sandsnapper pincher
61779	55860	sandsnapper pincher
61779	54225	sandsnapper pincher
61779	65763	sandsnapper pincher
61781	56525	snapjaw mauler
61781	65973	snapjaw mauler
61782	40117	sunbeak striker
61782	46040	sunbeak striker
61782	45780	sunbeak striker
61782	34455	sunbeak striker
61782	57205	sunbeak striker
61783	29850	gargleblast irongut
61783	46797	gargleblast irongut
61783	46692	gargleblast irongut
61783	24059	gargleblast irongut
61784	57768	desert corpsefeeder
61784	20196	desert corpsefeeder
61784	47168	desert corpsefeeder
61784	28704	desert corpsefeeder
61784	28016	desert corpsefeeder
61784	26162	desert corpsefeeder
61784	57765	desert corpsefeeder
61785	31619	witherdust tunneler
61785	56664	witherdust tunneler
61785	56684	witherdust tunneler
61785	30936	witherdust tunneler
61789	21878	elder red shaleback
61789	31135	elder red shaleback
61789	21569	elder red shaleback
61789	53274	elder red shaleback
61789	53275	elder red shaleback
61789	53268	elder red shaleback
61790	35474	elemental flamescorcher
61790	46806	elemental flamescorcher
61790	64863	elemental flamescorcher
61790	69355	elemental flamescorcher
61790	64838	elemental flamescorcher
61791	57744	charred monstrosity
61791	35474	charred monstrosity
61791	46877	charred monstrosity
61791	57622	charred monstrosity
61791	57711	charred monstrosity
61791	56630	charred monstrosity
61796	15661	spectral outlaw
61796	57365	spectral outlaw
61796	32192	spectral outlaw
61796	47033	spectral outlaw
61796	46797	spectral outlaw
61798	57624	arid solarbloom
61798	65762	arid solarbloom
61798	57625	arid solarbloom
61798	57626	arid solarbloom
61798	57627	arid solarbloom
61798	65761	arid solarbloom
61799	66151	sandwisp spinner
61799	52756	sandwisp spinner
61799	65763	sandwisp spinner
61799	58566	sandwisp spinner
61799	66155	sandwisp spinner
61800	53988	sandsnapper doomclaw
61800	55859	sandsnapper doomclaw
61800	54225	sandsnapper doomclaw
61800	55861	sandsnapper doomclaw
61800	65763	sandsnapper doomclaw
61800	55862	sandsnapper doomclaw
61800	55860	sandsnapper doomclaw
61801	65973	snapjaw bruiser
61801	56525	snapjaw bruiser
61803	65973	demonpaw
61803	56525	demonpaw
61805	46040	sunbeak fleshrender
61805	45780	sunbeak fleshrender
61805	57205	sunbeak fleshrender
61805	34455	sunbeak fleshrender
61805	40117	sunbeak fleshrender
61806	55401	gargleblast chemist
61806	55371	gargleblast chemist
61806	55421	gargleblast chemist
61806	53382	gargleblast chemist
61806	55402	gargleblast chemist
61808	56684	witherdust crusher
61808	56664	witherdust crusher
61808	30936	witherdust crusher
61808	31619	witherdust crusher
61813	57872	foulflesh barbarian
61813	58567	foulflesh barbarian
61813	57851	foulflesh barbarian
61813	69165	foulflesh barbarian
61813	58566	foulflesh barbarian
61813	57029	foulflesh barbarian
61813	57843	foulflesh barbarian
61814	54212	robo-cultist crusader
61814	62528	robo-cultist crusader
61814	52788	robo-cultist crusader
61814	42566	robo-cultist crusader
61814	52972	robo-cultist crusader
61814	62529	robo-cultist crusader
61815	52788	robo-cultist fanatic
61815	54212	robo-cultist fanatic
61815	62528	robo-cultist fanatic
61815	52972	robo-cultist fanatic
61815	62529	robo-cultist fanatic
61815	42566	robo-cultist fanatic
61816	38793	darkspur strongarm
61816	46392	darkspur strongarm
61816	46692	darkspur strongarm
61816	46797	darkspur strongarm
61816	45421	darkspur strongarm
61816	49792	darkspur strongarm
61816	45427	darkspur strongarm
61816	49928	darkspur strongarm
61816	49879	darkspur strongarm
61817	53383	alex "stabby" boyer
61817	54817	alex "stabby" boyer
61817	53384	alex "stabby" boyer
61817	54895	alex "stabby" boyer
61817	54742	alex "stabby" boyer
61817	54838	alex "stabby" boyer
61818	47024	optimized memory probe tx-67
61818	71846	optimized memory probe tx-67
61818	46996	optimized memory probe tx-67
61818	71550	optimized memory probe tx-67
61819	46996	optimized memory probe ed-1
61819	71846	optimized memory probe ed-1
61819	47024	optimized memory probe ed-1
61819	71562	optimized memory probe ed-1
61837	42657	craterclaw ripper
61837	43328	craterclaw ripper
61837	42560	craterclaw ripper
61837	42637	craterclaw ripper
61837	39578	craterclaw ripper
61840	32111	moonfell roamer
61840	5532	moonfell roamer
61840	5536	moonfell roamer
61840	24603	moonfell roamer
61840	32140	moonfell roamer
61842	54675	blackfrost specialist
61842	53383	blackfrost specialist
61842	54241	blackfrost specialist
61842	53384	blackfrost specialist
61842	54327	blackfrost specialist
61842	54299	blackfrost specialist
61844	54343	darktide cryomancer
61844	54936	darktide cryomancer
61844	58618	darktide cryomancer
61844	58617	darktide cryomancer
61844	58620	darktide cryomancer
61844	58616	darktide cryomancer
61845	53383	darktide hydroprober
61845	53384	darktide hydroprober
61845	58618	darktide hydroprober
61845	54327	darktide hydroprober
61845	54299	darktide hydroprober
61845	54675	darktide hydroprober
61845	54241	darktide hydroprober
61849	57289	darktide dorsalcutter
61849	57287	darktide dorsalcutter
61849	26161	darktide dorsalcutter
61849	57288	darktide dorsalcutter
61849	57290	darktide dorsalcutter
61849	26511	darktide dorsalcutter
61851	34982	exile shatterbot
61851	35223	exile shatterbot
61851	24990	exile shatterbot
61851	34585	exile shatterbot
61851	35622	exile shatterbot
61852	52788	berserk freebot
61852	62531	berserk freebot
61852	62529	berserk freebot
61852	54212	berserk freebot
61852	62528	berserk freebot
61853	62529	exile securitybot
61853	52788	exile securitybot
61853	62531	exile securitybot
61853	62528	exile securitybot
61853	54212	exile securitybot
61854	62531	destructor freebot
61854	52788	destructor freebot
61854	62529	destructor freebot
61854	62528	destructor freebot
61854	54212	destructor freebot
61856	26161	darktide needlefin
61856	57287	darktide needlefin
61856	57289	darktide needlefin
61856	26511	darktide needlefin
61856	57290	darktide needlefin
61856	57288	darktide needlefin
61858	49888	snowshadow executor
61858	50103	snowshadow executor
61858	61315	snowshadow executor
61858	60568	snowshadow executor
61858	50007	snowshadow executor
61859	55763	snowshadow analyst
61859	52796	snowshadow analyst
61859	51828	snowshadow analyst
61859	52996	snowshadow analyst
61861	53275	rime-scaled boulderback
61861	53268	rime-scaled boulderback
61861	21569	rime-scaled boulderback
61861	31135	rime-scaled boulderback
61861	21878	rime-scaled boulderback
61861	53274	rime-scaled boulderback
61862	31135	permafrost boulderback
61862	53274	permafrost boulderback
61862	21569	permafrost boulderback
61862	21878	permafrost boulderback
61862	53268	permafrost boulderback
61862	53275	permafrost boulderback
61864	44710	furious ringtail
61864	46933	furious ringtail
61864	32774	furious ringtail
61864	42524	furious ringtail
61864	47031	furious ringtail
61867	32735	silversnout mauler
61867	32768	silversnout mauler
61867	34262	silversnout mauler
61867	45117	silversnout mauler
61867	45218	silversnout mauler
61868	34262	silversnout crusher
61868	32768	silversnout crusher
61868	45117	silversnout crusher
61868	32735	silversnout crusher
61868	45218	silversnout crusher
61869	46128	ice-claw predator
61869	14022	ice-claw predator
61869	12425	ice-claw predator
61869	27991	ice-claw predator
61869	31740	ice-claw predator
61870	32735	rimewater savage
61870	32768	rimewater savage
61870	45218	rimewater savage
61870	45117	rimewater savage
61870	34262	rimewater savage
61871	32768	rimewater mangler
61871	34262	rimewater mangler
61871	45218	rimewater mangler
61871	32735	rimewater mangler
61871	45117	rimewater mangler
61872	53034	rimerazor bruiser
61872	9937	rimerazor bruiser
61872	2095	rimerazor bruiser
61872	52968	rimerazor bruiser
61873	2340	icehorn trampler
61873	32574	icehorn trampler
61873	30623	icehorn trampler
61873	9743	icehorn trampler
61873	19085	icehorn trampler
61873	55151	icehorn trampler
61875	53034	rimerazor howler
61875	2095	rimerazor howler
61875	52968	rimerazor howler
61875	9937	rimerazor howler
61877	9743	wooly trampler
61877	55151	wooly trampler
61877	30623	wooly trampler
61877	2340	wooly trampler
61877	32574	wooly trampler
61877	19085	wooly trampler
61878	2340	wooly hoartusk
61878	9743	wooly hoartusk
61878	19085	wooly hoartusk
61878	55151	wooly hoartusk
61878	32574	wooly hoartusk
61878	30623	wooly hoartusk
61879	52235	colossal cragfist
61879	56622	colossal cragfist
61879	56329	colossal cragfist
61879	55700	colossal cragfist
61879	52080	colossal cragfist
61880	55700	colossal stonerender
61880	52235	colossal stonerender
61880	56329	colossal stonerender
61880	56622	colossal stonerender
61880	52080	colossal stonerender
61882	62528	sabotaged securitybot
61882	62529	sabotaged securitybot
61882	62531	sabotaged securitybot
61882	52788	sabotaged securitybot
61882	54212	sabotaged securitybot
61883	32921	darkspur seasoned enforcer
61883	46706	darkspur seasoned enforcer
61883	32177	darkspur seasoned enforcer
61883	31380	darkspur seasoned enforcer
61883	46579	darkspur seasoned enforcer
61883	31699	darkspur seasoned enforcer
61885	62528	sabotaged enforcerbot
61885	62531	sabotaged enforcerbot
61885	62529	sabotaged enforcerbot
61885	52788	sabotaged enforcerbot
61885	54212	sabotaged enforcerbot
61886	35474	undergrove direspore
61886	47152	undergrove direspore
61886	52869	undergrove direspore
61886	46042	undergrove direspore
61886	54185	undergrove direspore
61886	46051	undergrove direspore
61887	65973	grizzlepaw forager
61887	56525	grizzlepaw forager
61890	32734	grizzlepaw scarhide
61890	34262	grizzlepaw scarhide
61890	45335	grizzlepaw scarhide
61890	45289	grizzlepaw scarhide
61890	32735	grizzlepaw scarhide
61891	53868	warpwood splitbark
61891	52762	warpwood splitbark
61891	6916	warpwood splitbark
61891	6917	warpwood splitbark
61891	38079	warpwood splitbark
61891	52760	warpwood splitbark
61891	38031	warpwood splitbark
61892	6917	warpwood oakwraith
61892	38079	warpwood oakwraith
61892	6916	warpwood oakwraith
61892	52762	warpwood oakwraith
61892	52760	warpwood oakwraith
61892	38031	warpwood oakwraith
61892	53868	warpwood oakwraith
61893	57843	redmoon renegade
61893	58567	redmoon renegade
61893	69165	redmoon renegade
61893	57872	redmoon renegade
61893	63270	redmoon renegade
61893	59349	redmoon renegade
61893	58566	redmoon renegade
61893	57029	redmoon renegade
61895	58567	torine deathbringer
61895	58566	torine deathbringer
61895	69165	torine deathbringer
61895	57029	torine deathbringer
61895	57843	torine deathbringer
61895	57872	torine deathbringer
61895	57851	torine deathbringer
61897	57114	torine lifecleaver
61897	53382	torine lifecleaver
61897	57099	torine lifecleaver
61897	57107	torine lifecleaver
61897	57103	torine lifecleaver
61899	57057	mosswood rotspewer
61899	25877	mosswood rotspewer
61899	57056	mosswood rotspewer
61899	57054	mosswood rotspewer
61899	57055	mosswood rotspewer
61899	7031	mosswood rotspewer
61900	12425	feralclaw gasher
61900	13961	feralclaw gasher
61900	45494	feralclaw gasher
61900	35192	feralclaw gasher
61902	57029	redmoon brute
61902	69165	redmoon brute
61902	57843	redmoon brute
61902	63270	redmoon brute
61902	58567	redmoon brute
61902	58566	redmoon brute
61902	57872	redmoon brute
61902	59349	redmoon brute
61904	27991	ice-maned matriarch
61904	31740	ice-maned matriarch
61904	12425	ice-maned matriarch
61904	14022	ice-maned matriarch
61904	46128	ice-maned matriarch
61905	46128	ice-maned patriarch
61905	12425	ice-maned patriarch
61905	27991	ice-maned patriarch
61905	31740	ice-maned patriarch
61905	14022	ice-maned patriarch
61906	46024	feralclaw pridelord
61906	27974	feralclaw pridelord
61906	14023	feralclaw pridelord
61906	12425	feralclaw pridelord
61906	26162	feralclaw pridelord
61909	43327	wired icetail screecher
61909	32774	wired icetail screecher
61909	46895	wired icetail screecher
61909	48086	wired icetail screecher
61909	41717	wired icetail screecher
61909	47858	wired icetail screecher
61909	48147	wired icetail screecher
61910	45780	wildstrike talonripper
61910	46040	wildstrike talonripper
61910	57205	wildstrike talonripper
61910	40117	wildstrike talonripper
61910	34455	wildstrike talonripper
61911	34455	wildstrike razorbeak
61911	58483	wildstrike razorbeak
61911	44200	wildstrike razorbeak
61911	42875	wildstrike razorbeak
61911	35530	wildstrike razorbeak
61911	55137	wildstrike razorbeak
61912	41619	defiant deadrock inmate
61912	52454	defiant deadrock inmate
61912	65744	defiant deadrock inmate
61912	42083	defiant deadrock inmate
61912	42111	defiant deadrock inmate
61914	42111	rampaging deadrock inmate
61914	52454	rampaging deadrock inmate
61914	41619	rampaging deadrock inmate
61914	65744	rampaging deadrock inmate
61914	42083	rampaging deadrock inmate
61915	55401	doomtide shock-weaver
61915	55421	doomtide shock-weaver
61915	53382	doomtide shock-weaver
61915	55371	doomtide shock-weaver
61915	55402	doomtide shock-weaver
61916	61315	doomtide gale-slasher
61916	60597	doomtide gale-slasher
61916	57843	doomtide gale-slasher
61916	58535	doomtide gale-slasher
61916	63233	doomtide gale-slasher
61916	76468	doomtide gale-slasher
61917	5536	huge hatcher
61917	5532	huge hatcher
61917	24594	huge hatcher
61918	32489	earthbound life-essence
61918	35321	earthbound life-essence
61918	22797	earthbound life-essence
61918	50097	earthbound life-essence
61918	32493	earthbound life-essence
61919	44281	mutated sergeant
61919	45890	mutated sergeant
61919	44200	mutated sergeant
61919	35474	mutated sergeant
61919	45826	mutated sergeant
61919	39943	mutated sergeant
61920	48895	darkice mystic
61920	65849	darkice mystic
61920	56990	darkice mystic
61920	47175	darkice mystic
61920	56986	darkice mystic
61932	32735	lifecaller cavestalker
61932	32734	lifecaller cavestalker
61932	34262	lifecaller cavestalker
61932	45289	lifecaller cavestalker
61932	45335	lifecaller cavestalker
61933	12425	feralclaw shredder
61933	27974	feralclaw shredder
61933	27991	feralclaw shredder
61933	35192	feralclaw shredder
61933	26162	feralclaw shredder
61933	14025	feralclaw shredder
61934	55421	doomtide squall-bearer
61934	55371	doomtide squall-bearer
61934	55402	doomtide squall-bearer
61934	53382	doomtide squall-bearer
61934	55401	doomtide squall-bearer
61939	57365	soulcore defender
61939	46797	soulcore defender
61939	32192	soulcore defender
61939	16055	soulcore defender
61939	16769	soulcore defender
61939	47033	soulcore defender
61941	61315	wildfall life-seeker
61941	63233	wildfall life-seeker
61941	57843	wildfall life-seeker
61941	58535	wildfall life-seeker
61941	75357	wildfall life-seeker
61941	60599	wildfall life-seeker
61941	75599	wildfall life-seeker
61941	75624	wildfall life-seeker
61941	69165	wildfall life-seeker
61942	16769	soulcore fanatic
61942	46797	soulcore fanatic
61942	57365	soulcore fanatic
61942	16055	soulcore fanatic
61942	32192	soulcore fanatic
61942	47033	soulcore fanatic
61943	55595	wildfall terra-binder
61943	53368	wildfall terra-binder
61946	26162	torine keenclaw
61946	14023	torine keenclaw
61946	27974	torine keenclaw
61946	12425	torine keenclaw
61946	46024	torine keenclaw
61947	48563	reprogrammed augmentor
61947	45833	reprogrammed augmentor
61947	53370	reprogrammed augmentor
61947	45793	reprogrammed augmentor
61947	44739	reprogrammed augmentor
61947	44468	reprogrammed augmentor
61947	50080	reprogrammed augmentor
61948	53384	ikthian anatomizer
61948	53383	ikthian anatomizer
61948	54327	ikthian anatomizer
61948	54299	ikthian anatomizer
61948	54675	ikthian anatomizer
61948	54241	ikthian anatomizer
61949	49915	ulgar bonesmasher
61949	42208	ulgar bonesmasher
61949	49911	ulgar bonesmasher
61949	52063	ulgar bonesmasher
61949	73116	ulgar bonesmasher
61949	73134	ulgar bonesmasher
61949	73113	ulgar bonesmasher
61950	43507	plagued fields stalker
61950	46040	plagued fields stalker
61950	45302	plagued fields stalker
61950	42362	plagued fields stalker
61950	55289	plagued fields stalker
61950	60950	plagued fields stalker
61952	53436	plagued strawgrazer buck
61952	53416	plagued strawgrazer buck
61952	21704	plagued strawgrazer buck
61952	30510	plagued strawgrazer buck
61952	22670	plagued strawgrazer buck
61952	32886	plagued strawgrazer buck
61953	55290	sunderstone packlead
61953	44804	sunderstone packlead
61953	46040	sunderstone packlead
61953	44805	sunderstone packlead
61953	43759	sunderstone packlead
61953	42362	sunderstone packlead
61954	31699	sunderstone crusher
61954	46706	sunderstone crusher
61954	46579	sunderstone crusher
61954	31380	sunderstone crusher
61954	32921	sunderstone crusher
61954	32177	sunderstone crusher
61955	54895	sunderstone revolutionary
61955	53384	sunderstone revolutionary
61955	54742	sunderstone revolutionary
61955	54838	sunderstone revolutionary
61955	53383	sunderstone revolutionary
61955	54817	sunderstone revolutionary
61956	41619	vandarin overseer
61956	42083	vandarin overseer
61956	42111	vandarin overseer
61956	65744	vandarin overseer
61956	52454	vandarin overseer
61957	45289	manglepaw devourer
61957	45335	manglepaw devourer
61957	32735	manglepaw devourer
61957	34262	manglepaw devourer
61957	32734	manglepaw devourer
61958	70252	restless gale
61958	64929	restless gale
61958	68533	restless gale
61958	70251	restless gale
61959	35474	spirevale furnace
61959	64863	spirevale furnace
61959	64838	spirevale furnace
61959	69355	spirevale furnace
61959	46806	spirevale furnace
61960	46040	plagued highfeather bounder
61960	45780	plagued highfeather bounder
61960	40117	plagued highfeather bounder
61960	57205	plagued highfeather bounder
61960	34455	plagued highfeather bounder
61961	57205	highfeather razorbeak
61961	40117	highfeather razorbeak
61961	34455	highfeather razorbeak
61961	46040	highfeather razorbeak
61961	45780	highfeather razorbeak
61962	52567	sunderstone commander
61962	57631	sunderstone commander
61962	52151	sunderstone commander
61962	52639	sunderstone commander
61962	61431	sunderstone commander
61963	56329	crushstone colossus
61963	56622	crushstone colossus
61963	52235	crushstone colossus
61963	55700	crushstone colossus
61963	52080	crushstone colossus
61964	58566	grave creeper
61964	65763	grave creeper
61964	52756	grave creeper
61964	66151	grave creeper
61964	66155	grave creeper
61965	49906	raging undertow
61965	45732	raging undertow
61965	35321	raging undertow
61965	31752	raging undertow
61965	16029	raging undertow
61966	47717	menacing giantcrusher
61966	43327	menacing giantcrusher
61966	48531	menacing giantcrusher
61966	47778	menacing giantcrusher
61966	34253	menacing giantcrusher
61967	65763	grave venomspitter
61967	66151	grave venomspitter
61967	52756	grave venomspitter
61967	66155	grave venomspitter
61967	54225	grave venomspitter
61967	61315	grave venomspitter
61967	77373	grave venomspitter
61968	52869	coldroot sleetsmasher
61968	47152	coldroot sleetsmasher
61968	54185	coldroot sleetsmasher
61968	46051	coldroot sleetsmasher
61968	46042	coldroot sleetsmasher
61968	35474	coldroot sleetsmasher
61971	7031	frostshell slusher
61971	57055	frostshell slusher
61971	57054	frostshell slusher
61971	25877	frostshell slusher
61971	57056	frostshell slusher
61971	57057	frostshell slusher
61973	46405	kinesis slayer
61973	46006	kinesis slayer
61973	35474	kinesis slayer
61973	39430	kinesis slayer
61973	46043	kinesis slayer
61974	52742	lancer enforcer
61974	52010	lancer enforcer
61974	51828	lancer enforcer
61974	51899	lancer enforcer
61975	30510	strawgrazer buck
61975	53416	strawgrazer buck
61975	53436	strawgrazer buck
61975	21704	strawgrazer buck
61975	32886	strawgrazer buck
61975	22670	strawgrazer buck
61976	58671	silverscale overseer
61976	58673	silverscale overseer
61976	58670	silverscale overseer
61976	58669	silverscale overseer
61976	33434	silverscale overseer
61977	51899	lancer elite
61977	52742	lancer elite
61977	52010	lancer elite
61977	51828	lancer elite
61978	58566	poxbrew overseer
61978	58567	poxbrew overseer
61978	57843	poxbrew overseer
61978	57851	poxbrew overseer
61978	69165	poxbrew overseer
61978	57872	poxbrew overseer
61978	57029	poxbrew overseer
61979	42302	silverscale cetacean
61979	42444	silverscale cetacean
61979	35382	silverscale cetacean
61979	63761	silverscale cetacean
61979	72036	silverscale cetacean
61979	60568	silverscale cetacean
61979	71972	silverscale cetacean
61979	61315	silverscale cetacean
61980	56423	poxbrew punisher
61980	56358	poxbrew punisher
61980	58566	poxbrew punisher
61980	53384	poxbrew punisher
61980	56037	poxbrew punisher
61980	56390	poxbrew punisher
61981	46040	fringe pack stalker
61981	44804	fringe pack stalker
61981	44805	fringe pack stalker
61981	55290	fringe pack stalker
61981	43759	fringe pack stalker
61981	42362	fringe pack stalker
61983	55289	fringe pack hunter
61983	46040	fringe pack hunter
61983	42362	fringe pack hunter
61983	60950	fringe pack hunter
61983	43507	fringe pack hunter
61983	45302	fringe pack hunter
61984	60568	snowshadow calumniator
61984	61315	snowshadow calumniator
61984	50007	snowshadow calumniator
61984	49888	snowshadow calumniator
61984	50103	snowshadow calumniator
61986	32768	greystone burrower
61986	56614	greystone burrower
61986	35246	greystone burrower
61986	32735	greystone burrower
61986	35282	greystone burrower
61987	49911	voreth crusher
61987	42208	voreth crusher
61987	49915	voreth crusher
61987	73113	voreth crusher
61987	73116	voreth crusher
61987	73134	voreth crusher
61987	52063	voreth crusher
61988	57114	corrupted lifestealer
61988	53382	corrupted lifestealer
61988	57107	corrupted lifestealer
61988	57103	corrupted lifestealer
61988	57099	corrupted lifestealer
61989	49911	battlesworn slaughterer
61989	42208	battlesworn slaughterer
61989	49915	battlesworn slaughterer
61989	73116	battlesworn slaughterer
61989	73134	battlesworn slaughterer
61989	6972	battlesworn slaughterer
61989	73113	battlesworn slaughterer
61989	52062	battlesworn slaughterer
61990	53384	snowshadow investigator
61990	56423	snowshadow investigator
61990	58566	snowshadow investigator
61990	56037	snowshadow investigator
61990	56390	snowshadow investigator
61990	56358	snowshadow investigator
61991	14025	corrupted prowler
61991	12425	corrupted prowler
61991	26162	corrupted prowler
61991	35192	corrupted prowler
61991	27974	corrupted prowler
61991	27991	corrupted prowler
61994	35282	greystone pummeler
61994	56614	greystone pummeler
61994	32768	greystone pummeler
61994	32735	greystone pummeler
61994	35246	greystone pummeler
61995	35282	gnash
61995	35246	gnash
61995	56614	gnash
61995	32768	gnash
61995	32735	gnash
61996	52063	warlord skuldrok
61996	42208	warlord skuldrok
61996	49915	warlord skuldrok
61996	73134	warlord skuldrok
61996	49911	warlord skuldrok
61996	73113	warlord skuldrok
61996	73116	warlord skuldrok
61997	46939	corrupted deathvine
61997	54185	corrupted deathvine
61997	35474	corrupted deathvine
61997	52869	corrupted deathvine
61997	57624	corrupted deathvine
61997	57627	corrupted deathvine
61997	65762	corrupted deathvine
61997	65761	corrupted deathvine
61997	38431	corrupted deathvine
61997	57625	corrupted deathvine
61997	73139	corrupted deathvine
61997	73167	corrupted deathvine
61998	50103	snowshadow officer
61998	61315	snowshadow officer
61998	60568	snowshadow officer
61998	49888	snowshadow officer
61998	50007	snowshadow officer
62000	52796	snowshadow marksman
62000	51828	snowshadow marksman
62000	52996	snowshadow marksman
62000	55763	snowshadow marksman
62001	45335	fieldclaw striker
62001	32734	fieldclaw striker
62001	45289	fieldclaw striker
62001	32735	fieldclaw striker
62001	34262	fieldclaw striker
62002	12425	woodland direpaw
62002	14025	woodland direpaw
62002	27974	woodland direpaw
62002	26162	woodland direpaw
62002	35192	woodland direpaw
62002	27991	woodland direpaw
62003	49911	battlesworn battlemaster
62003	49915	battlesworn battlemaster
62003	42208	battlesworn battlemaster
62003	73134	battlesworn battlemaster
62003	73116	battlesworn battlemaster
62003	73113	battlesworn battlemaster
62003	52063	battlesworn battlemaster
62004	36849	voreth bonegrinder
62004	65744	voreth bonegrinder
62004	40694	voreth bonegrinder
62004	35403	voreth bonegrinder
62004	72918	voreth bonegrinder
62004	72910	voreth bonegrinder
62006	57585	malfeast the unclean
62006	57589	malfeast the unclean
62006	70229	malfeast the unclean
62006	70230	malfeast the unclean
62006	57588	malfeast the unclean
62007	32735	cuboar horror
62007	32379	cuboar horror
62007	32612	cuboar horror
62007	39867	cuboar horror
62008	66155	grimtangle the weaver
62008	52756	grimtangle the weaver
62008	65763	grimtangle the weaver
62008	77373	grimtangle the weaver
62008	54225	grimtangle the weaver
62008	66151	grimtangle the weaver
62008	61315	grimtangle the weaver
62009	32734	corrupted fleshripper
62009	32735	corrupted fleshripper
62009	34262	corrupted fleshripper
62009	45289	corrupted fleshripper
62009	45335	corrupted fleshripper
62012	12425	corrupted pouncer
62012	27974	corrupted pouncer
62012	35192	corrupted pouncer
62012	14025	corrupted pouncer
62012	26162	corrupted pouncer
62012	27991	corrupted pouncer
62013	39867	cuboar colossal
62013	32735	cuboar colossal
62013	32379	cuboar colossal
62013	32612	cuboar colossal
62016	48531	longear growler
62016	43327	longear growler
62016	47997	longear growler
62016	48121	longear growler
62016	47778	longear growler
62017	35403	ulgar bruiser
62017	40694	ulgar bruiser
62017	36849	ulgar bruiser
62017	72910	ulgar bruiser
62017	72918	ulgar bruiser
62017	65744	ulgar bruiser
62019	42302	ulgar overlord
62019	61315	ulgar overlord
62019	60594	ulgar overlord
62019	35382	ulgar overlord
62019	63761	ulgar overlord
62019	73237	ulgar overlord
62019	73234	ulgar overlord
62019	73289	ulgar overlord
62020	48822	longear strongarm
62020	48531	longear strongarm
62020	44710	longear strongarm
62020	48433	longear strongarm
62020	48641	longear strongarm
62020	47778	longear strongarm
62022	32422	manglepaw mauler
62022	35556	manglepaw mauler
62022	34262	manglepaw mauler
62022	33249	manglepaw mauler
62022	33250	manglepaw mauler
62023	44770	honeyhive stinger
62023	44714	honeyhive stinger
62023	36049	honeyhive stinger
62023	44650	honeyhive stinger
62025	45494	twilight shredder
62025	12425	twilight shredder
62025	13961	twilight shredder
62025	35192	twilight shredder
62026	11865	honeyhive warden
62026	27116	honeyhive warden
62026	32966	honeyhive warden
62028	35474	restless tempest
62028	69072	restless tempest
62028	46878	restless tempest
62028	69378	restless tempest
62028	65456	restless tempest
62030	32735	goldmaw
62030	34262	goldmaw
62030	45335	goldmaw
62030	32734	goldmaw
62030	45289	goldmaw
62031	69355	spirevale firenova
62031	64863	spirevale firenova
62031	35474	spirevale firenova
62031	46670	spirevale firenova
62031	48194	spirevale firenova
62031	64838	spirevale firenova
62031	46806	spirevale firenova
62033	35474	spirevale inferno
62033	64838	spirevale inferno
62033	46670	spirevale inferno
62033	48194	spirevale inferno
62033	46806	spirevale inferno
62033	69355	spirevale inferno
62033	64863	spirevale inferno
62034	53383	hivestrike overseer
62034	53384	hivestrike overseer
62034	54675	hivestrike overseer
62034	54327	hivestrike overseer
62034	54299	hivestrike overseer
62034	54241	hivestrike overseer
62036	52235	crushstone behemoth
62036	56622	crushstone behemoth
62036	56329	crushstone behemoth
62036	55700	crushstone behemoth
62036	52080	crushstone behemoth
62037	56329	mozyk crusher
62037	56622	mozyk crusher
62037	55700	mozyk crusher
62037	52080	mozyk crusher
62037	52235	mozyk crusher
62039	55861	viceclaw slicer
62039	55862	viceclaw slicer
62039	53988	viceclaw slicer
62039	54225	viceclaw slicer
62039	55860	viceclaw slicer
62039	65763	viceclaw slicer
62039	55859	viceclaw slicer
62041	35321	raging wavebreaker
62041	16029	raging wavebreaker
62041	45732	raging wavebreaker
62041	31752	raging wavebreaker
62041	49906	raging wavebreaker
62045	52531	mozyk boulder
62045	56622	mozyk boulder
62045	47929	mozyk boulder
62045	54349	mozyk boulder
62045	56329	mozyk boulder
62045	52475	mozyk boulder
62046	35474	kinesis overseer
62046	46043	kinesis overseer
62046	46006	kinesis overseer
62046	46405	kinesis overseer
62046	39430	kinesis overseer
62047	52531	doomstone
62047	56622	doomstone
62047	56329	doomstone
62047	54349	doomstone
62047	47929	doomstone
62047	52475	doomstone
62049	57872	corrupted warblade
62049	58567	corrupted warblade
62049	58566	corrupted warblade
62049	57843	corrupted warblade
62049	69165	corrupted warblade
62049	57851	corrupted warblade
62049	57029	corrupted warblade
62050	21878	viridian boulder
62050	53268	viridian boulder
62050	53274	viridian boulder
62050	31135	viridian boulder
62050	21569	viridian boulder
62050	53275	viridian boulder
62051	46807	corrupted doomroot
62051	35474	corrupted doomroot
62051	71980	corrupted doomroot
62051	71987	corrupted doomroot
62051	71991	corrupted doomroot
62052	53275	viridian mammoth
62052	31135	viridian mammoth
62052	53268	viridian mammoth
62052	21878	viridian mammoth
62052	21569	viridian mammoth
62052	53274	viridian mammoth
62054	52765	putrid ravager
62054	52769	putrid ravager
62054	41070	putrid ravager
62054	44466	putrid ravager
62054	44200	putrid ravager
62054	43759	putrid ravager
62054	44656	putrid ravager
62056	57627	corrupted deathblossom
62056	57624	corrupted deathblossom
62056	57659	corrupted deathblossom
62056	65761	corrupted deathblossom
62056	57625	corrupted deathblossom
62056	65762	corrupted deathblossom
62056	73167	corrupted deathblossom
62056	73139	corrupted deathblossom
62057	70229	greater strain corruptor
62057	57585	greater strain corruptor
62057	57589	greater strain corruptor
62057	57588	greater strain corruptor
62057	70230	greater strain corruptor
62058	41070	putrid drub
62058	52765	putrid drub
62058	52769	putrid drub
62058	44466	putrid drub
62058	44656	putrid drub
62058	44200	putrid drub
62058	43759	putrid drub
62059	58566	duskfang widow
62059	65763	duskfang widow
62059	66155	duskfang widow
62059	52756	duskfang widow
62059	66151	duskfang widow
62061	66275	red ember executioner
62061	61315	red ember executioner
62061	60594	red ember executioner
62061	66279	red ember executioner
62062	66151	duskfang recluse
62062	65763	duskfang recluse
62062	58566	duskfang recluse
62062	66155	duskfang recluse
62062	52756	duskfang recluse
62062	44739	duskfang recluse
62064	57872	red ember tormenter
62064	58567	red ember tormenter
62064	57843	red ember tormenter
62064	58566	red ember tormenter
62064	57029	red ember tormenter
62064	57851	red ember tormenter
62064	69165	red ember tormenter
62065	46579	red ember gnasher
62065	31700	red ember gnasher
62065	32921	red ember gnasher
62065	32177	red ember gnasher
62065	32192	red ember gnasher
62065	47033	red ember gnasher
62065	32630	red ember gnasher
62066	35474	xt-9 sentinel
62066	46006	xt-9 sentinel
62066	46043	xt-9 sentinel
62066	39430	xt-9 sentinel
62066	46405	xt-9 sentinel
62068	46809	xt-9 guardian
62068	35474	xt-9 guardian
62068	39430	xt-9 guardian
62068	46877	xt-9 guardian
62068	46893	xt-9 guardian
62070	44711	derelict silo dreadnought
62070	40488	derelict silo dreadnought
62070	72461	derelict silo dreadnought
62070	72572	derelict silo dreadnought
62071	40506	cz-5 exobreaker
62071	45468	cz-5 exobreaker
62071	45779	cz-5 exobreaker
62071	40488	cz-5 exobreaker
62071	45501	cz-5 exobreaker
62071	72461	cz-5 exobreaker
62071	72572	cz-5 exobreaker
62072	18094	blackheart scrapper
62072	6103	blackheart scrapper
62072	54591	blackheart scrapper
62072	17269	blackheart scrapper
62072	54595	blackheart scrapper
62075	71966	darktide leviathan
62075	71903	darktide leviathan
62075	71919	darktide leviathan
62075	58619	darktide leviathan
62075	61315	darktide leviathan
62075	60595	darktide leviathan
62076	41648	darktide centurion
62076	42063	darktide centurion
62076	41827	darktide centurion
62076	72737	darktide centurion
62076	41647	darktide centurion
62076	72748	darktide centurion
62076	42383	darktide centurion
62077	42383	nauticus the abyssal
62077	41647	nauticus the abyssal
62077	42570	nauticus the abyssal
62077	41648	nauticus the abyssal
62077	72737	nauticus the abyssal
62078	26511	shinysand tunneler
62078	57287	shinysand tunneler
62078	57289	shinysand tunneler
62078	57288	shinysand tunneler
62078	26161	shinysand tunneler
62078	57290	shinysand tunneler
62085	34264	crazed chomper
62085	34361	crazed chomper
62085	35522	crazed chomper
62085	34266	crazed chomper
62085	34310	crazed chomper
62086	65763	chittering blackfang
62086	61315	chittering blackfang
62087	54742	sandthorne reaper
62087	53384	sandthorne reaper
62087	53383	sandthorne reaper
62087	54838	sandthorne reaper
62087	54895	sandthorne reaper
62087	54817	sandthorne reaper
62088	66151	skittering spinner
62088	65763	skittering spinner
62088	58566	skittering spinner
62088	66155	skittering spinner
62088	52756	skittering spinner
62089	38774	scourwind shambler
62089	65744	scourwind shambler
62089	39914	scourwind shambler
62089	55539	scourwind shambler
62090	63209	scourwind herald
62090	61283	scourwind herald
62090	55185	scourwind herald
62090	55044	scourwind herald
62092	46878	roaring stormgust
62092	69072	roaring stormgust
62092	69378	roaring stormgust
62092	65456	roaring stormgust
62092	35474	roaring stormgust
62093	57843	scourwind champion
62093	66122	scourwind champion
62093	60562	scourwind champion
62093	66113	scourwind champion
62093	66118	scourwind champion
62093	74514	scourwind champion
62093	61315	scourwind champion
62093	69165	scourwind champion
62094	65762	fierce fangstem
62094	57625	fierce fangstem
62094	57624	fierce fangstem
62094	65761	fierce fangstem
62094	57626	fierce fangstem
62094	57627	fierce fangstem
62095	42637	craterclaw devourer
62095	43328	craterclaw devourer
62095	42560	craterclaw devourer
62095	42657	craterclaw devourer
62095	39578	craterclaw devourer
62096	34262	direclaw destroyer
62096	35556	direclaw destroyer
62096	33249	direclaw destroyer
62096	32422	direclaw destroyer
62096	33250	direclaw destroyer
62097	44770	sandswarm impaler
62097	44714	sandswarm impaler
62097	44650	sandswarm impaler
62097	36049	sandswarm impaler
62098	64916	flamedancer war-blazer
62098	57843	flamedancer war-blazer
62098	63270	flamedancer war-blazer
62098	56798	flamedancer war-blazer
62098	58566	flamedancer war-blazer
62098	58567	flamedancer war-blazer
62098	75772	flamedancer war-blazer
62098	75793	flamedancer war-blazer
62098	75792	flamedancer war-blazer
62100	55700	petrified augmented stonebound
62100	70632	petrified augmented stonebound
62100	70664	petrified augmented stonebound
62100	56622	petrified augmented stonebound
62100	56332	petrified augmented stonebound
62101	32966	augmented sandswarm impaler
62101	11862	augmented sandswarm impaler
62101	44483	augmented sandswarm impaler
62101	44491	augmented sandswarm impaler
62101	44413	augmented sandswarm impaler
62102	31619	enraged augmented bucktooth
62102	56899	enraged augmented bucktooth
62102	30936	enraged augmented bucktooth
62102	28626	enraged augmented bucktooth
62103	56430	devout flamedancer pyre-caller
62103	56431	devout flamedancer pyre-caller
62103	53382	devout flamedancer pyre-caller
62103	55851	devout flamedancer pyre-caller
62105	65849	sandthorne earthcaller
62105	55706	sandthorne earthcaller
62105	51827	sandthorne earthcaller
62105	55702	sandthorne earthcaller
62105	55683	sandthorne earthcaller
62106	66155	skittering slayer
62106	58566	skittering slayer
62106	66151	skittering slayer
62106	65763	skittering slayer
62106	52756	skittering slayer
62107	39914	scourwind hulk
62107	38774	scourwind hulk
62107	65744	scourwind hulk
62107	55539	scourwind hulk
62108	5536	moonfell shambler
62108	5532	moonfell shambler
62108	32140	moonfell shambler
62108	32111	moonfell shambler
62108	24603	moonfell shambler
62110	53382	skawren the gale witch
62110	55402	skawren the gale witch
62110	55421	skawren the gale witch
62110	55371	skawren the gale witch
62110	55401	skawren the gale witch
62111	65761	exotic fangstem
62111	65762	exotic fangstem
62111	57625	exotic fangstem
62111	57624	exotic fangstem
62111	57627	exotic fangstem
62111	57626	exotic fangstem
62112	44770	sandswarm hive lord
62112	36049	sandswarm hive lord
62112	44650	sandswarm hive lord
62112	44714	sandswarm hive lord
62113	70664	calcified augmented stonebound
62113	56622	calcified augmented stonebound
62113	56332	calcified augmented stonebound
62113	55700	calcified augmented stonebound
62113	70632	calcified augmented stonebound
62114	11862	augmented sandswarm penetrator
62114	44483	augmented sandswarm penetrator
62114	44491	augmented sandswarm penetrator
62114	44413	augmented sandswarm penetrator
62114	32966	augmented sandswarm penetrator
62115	53382	blessed flamedancer pyre-caller
62115	56431	blessed flamedancer pyre-caller
62115	56430	blessed flamedancer pyre-caller
62115	55851	blessed flamedancer pyre-caller
62119	53034	wildmane brute
62119	2095	wildmane brute
62119	9937	wildmane brute
62119	52968	wildmane brute
62120	36569	wildmane tormenter
62120	9945	wildmane tormenter
62120	2095	wildmane tormenter
62120	53034	wildmane tormenter
62120	52968	wildmane tormenter
62120	53054	wildmane tormenter
62120	30979	wildmane tormenter
62123	30936	corpsetusk squealer
62123	31619	corpsetusk squealer
62123	31801	corpsetusk squealer
62123	31810	corpsetusk squealer
62123	31808	corpsetusk squealer
62124	55700	jetblack crusher
62124	56331	jetblack crusher
62124	56622	jetblack crusher
62126	39866	cinderskin lurker
62126	72400	cinderskin lurker
62126	32379	cinderskin lurker
62126	71075	cinderskin lurker
62126	32735	cinderskin lurker
62126	72401	cinderskin lurker
62130	55862	enraged cankertail
62130	55859	enraged cankertail
62130	65763	enraged cankertail
62130	53988	enraged cankertail
62130	55861	enraged cankertail
62130	55860	enraged cankertail
62130	54225	enraged cankertail
62131	45851	corrupted cankerqueen
62131	38305	corrupted cankerqueen
62132	65973	rockhide growler
62132	56525	rockhide growler
62133	32735	rockhide prowler
62133	45289	rockhide prowler
62133	32734	rockhide prowler
62133	45335	rockhide prowler
62133	34262	rockhide prowler
62134	55151	grimhorn charger
62134	19085	grimhorn charger
62134	9743	grimhorn charger
62134	30623	grimhorn charger
62134	2340	grimhorn charger
62134	32574	grimhorn charger
62135	53988	goreback slicer
62135	65763	goreback slicer
62135	55862	goreback slicer
62135	55860	goreback slicer
62135	54225	goreback slicer
62135	55859	goreback slicer
62135	55861	goreback slicer
62136	55860	goreback shredder
62136	53988	goreback shredder
62136	55862	goreback shredder
62136	65763	goreback shredder
62136	54225	goreback shredder
62136	55859	goreback shredder
62136	55861	goreback shredder
62139	43327	wildclaw scavenger
62139	48121	wildclaw scavenger
62139	47997	wildclaw scavenger
62139	47778	wildclaw scavenger
62139	48531	wildclaw scavenger
62140	48531	wildclaw mauler
62140	47778	wildclaw mauler
62140	48822	wildclaw mauler
62140	44710	wildclaw mauler
62140	48433	wildclaw mauler
62140	48641	wildclaw mauler
62168	31618	bloodsnout stalker
62168	30936	bloodsnout stalker
62168	30095	bloodsnout stalker
62168	71187	bloodsnout stalker
62169	71187	bloodsnout predator
62169	30936	bloodsnout predator
62169	31618	bloodsnout predator
62169	30095	bloodsnout predator
62177	36021	barbwing injector
62177	32966	barbwing injector
62177	32965	barbwing injector
62177	37314	barbwing injector
62177	36094	barbwing injector
62182	44770	barbwing corrupter
62182	44650	barbwing corrupter
62182	36049	barbwing corrupter
62182	44714	barbwing corrupter
62183	46878	enraged mauler
62183	46360	enraged mauler
62183	57672	enraged mauler
62183	40361	enraged mauler
62183	57688	enraged mauler
62183	57665	enraged mauler
62190	21712	balehoof trampler
62190	18109	balehoof trampler
62190	72001	balehoof trampler
62190	72030	balehoof trampler
62190	72012	balehoof trampler
62191	27991	grimhide slasher
62191	27974	grimhide slasher
62191	26162	grimhide slasher
62191	12425	grimhide slasher
62191	35192	grimhide slasher
62191	14025	grimhide slasher
62192	12425	grimhide prime
62192	26162	grimhide prime
62192	27974	grimhide prime
62192	46024	grimhide prime
62192	14023	grimhide prime
62193	70230	warptooth infector
62193	57585	warptooth infector
62193	57588	warptooth infector
62193	57589	warptooth infector
62193	70229	warptooth infector
62194	70230	warptooth tainter
62194	57589	warptooth tainter
62194	57585	warptooth tainter
62194	70229	warptooth tainter
62194	57588	warptooth tainter
62197	48531	filthclaw stalker
62197	43327	filthclaw stalker
62197	47997	filthclaw stalker
62197	47778	filthclaw stalker
62197	48121	filthclaw stalker
62199	48531	filthclaw alpha
62199	43327	filthclaw alpha
62199	47997	filthclaw alpha
62199	47778	filthclaw alpha
62199	48121	filthclaw alpha
62200	71072	crazed sharpshooter
62200	71112	crazed sharpshooter
62200	21667	crazed sharpshooter
62200	71075	crazed sharpshooter
62201	57029	crazed warrior
62201	69165	crazed warrior
62201	58566	crazed warrior
62201	58567	crazed warrior
62201	57851	crazed warrior
62201	57843	crazed warrior
62201	57872	crazed warrior
62203	42111	insane warrior
62203	41619	insane warrior
62203	42083	insane warrior
62203	65744	insane warrior
62203	52454	insane warrior
62204	65744	insane weaponmaster
62204	41619	insane weaponmaster
62204	52454	insane weaponmaster
62204	42083	insane weaponmaster
62204	42111	insane weaponmaster
62206	46043	corrupted watcher
62206	35474	corrupted watcher
62206	46006	corrupted watcher
62206	46405	corrupted watcher
62206	39430	corrupted watcher
62207	46006	corrupted punisher
62207	39430	corrupted punisher
62207	46043	corrupted punisher
62207	35474	corrupted punisher
62207	46405	corrupted punisher
62212	61315	spineridge warrior
62212	60594	spineridge warrior
62212	66279	spineridge warrior
62212	66275	spineridge warrior
62213	61315	spineridge champion
62213	66279	spineridge champion
62213	60594	spineridge champion
62213	66275	spineridge champion
62214	46877	necrotic terror
62214	57831	necrotic terror
62214	58263	necrotic terror
62214	35474	necrotic terror
62214	57878	necrotic terror
62214	56818	necrotic terror
62221	52765	kesselbug tunneler
62221	44466	kesselbug tunneler
62221	44200	kesselbug tunneler
62221	52769	kesselbug tunneler
62221	43759	kesselbug tunneler
62221	41070	kesselbug tunneler
62221	44656	kesselbug tunneler
62222	41070	kesselbug digger
62222	44466	kesselbug digger
62222	52765	kesselbug digger
62222	44200	kesselbug digger
62222	43759	kesselbug digger
62222	44656	kesselbug digger
62222	52769	kesselbug digger
62225	71946	chowsdower
62225	72025	chowsdower
62228	56331	grimrock pounder
62228	55700	grimrock pounder
62228	56622	grimrock pounder
62230	53988	silvertail pincer
62230	55862	silvertail pincer
62230	65763	silvertail pincer
62230	55859	silvertail pincer
62230	54225	silvertail pincer
62230	55860	silvertail pincer
62230	55861	silvertail pincer
62239	58566	writhing warrior
62239	57843	writhing warrior
62239	57851	writhing warrior
62239	58567	writhing warrior
62239	57872	writhing warrior
62239	69165	writhing warrior
62239	57029	writhing warrior
62240	58566	writhing champion
62240	57843	writhing champion
62240	58567	writhing champion
62240	57872	writhing champion
62240	57851	writhing champion
62240	69165	writhing champion
62240	57029	writhing champion
62240	6972	writhing champion
62243	30623	augmented bighorn
62243	55151	augmented bighorn
62243	9743	augmented bighorn
62243	19085	augmented bighorn
62243	32574	augmented bighorn
62243	2340	augmented bighorn
62244	30623	augmented bighorn
62244	55151	augmented bighorn
62244	9743	augmented bighorn
62244	19085	augmented bighorn
62244	32574	augmented bighorn
62244	2340	augmented bighorn
62245	57624	augmented stemdragon
62245	65762	augmented stemdragon
62245	57626	augmented stemdragon
62245	57627	augmented stemdragon
62245	65761	augmented stemdragon
62245	57625	augmented stemdragon
62248	35474	phagelab defier
62248	39430	phagelab defier
62248	46006	phagelab defier
62248	46405	phagelab defier
62248	46043	phagelab defier
62249	35474	phagelab instigator
62249	39430	phagelab instigator
62249	46043	phagelab instigator
62249	46006	phagelab instigator
62249	46405	phagelab instigator
62280	54381	irritating earbug
62280	44777	irritating earbug
62280	6910	irritating earbug
62280	54563	irritating earbug
62281	21569	discordant mauler
62281	21877	discordant mauler
62281	24528	discordant mauler
62291	53370	ke-73 enhancer
62291	48563	ke-73 enhancer
62291	44448	ke-73 enhancer
62291	45833	ke-73 enhancer
62291	44739	ke-73 enhancer
62292	52760	warpwood strangleroot
62292	53868	warpwood strangleroot
62292	6916	warpwood strangleroot
62292	38031	warpwood strangleroot
62292	6917	warpwood strangleroot
62292	52762	warpwood strangleroot
62292	38079	warpwood strangleroot
62372	72113	fire burn
62374	72113	fire burn
62377	40781	metal maw prime
62377	69615	metal maw prime
62377	62906	metal maw prime
62377	32244	metal maw prime
62377	77889	metal maw prime
62377	66458	metal maw prime
62377	66604	metal maw prime
62377	66606	metal maw prime
62377	63270	metal maw prime
62379	52010	xas researcher
62379	51828	xas researcher
62379	45429	xas researcher
62379	44257	xas researcher
62379	44256	xas researcher
62387	52010	xas researcher
62387	51828	xas researcher
62387	45429	xas researcher
62387	44257	xas researcher
62387	44256	xas researcher
62431	72717	sunstorm guard
62431	60564	sunstorm guard
62431	61315	sunstorm guard
62431	62589	sunstorm guard
62431	44256	sunstorm guard
62431	44267	sunstorm guard
62435	44280	sunstorm warbot
62435	56031	sunstorm warbot
62437	61315	forsaken wanderer
62437	65763	forsaken wanderer
62437	66155	forsaken wanderer
62437	66151	forsaken wanderer
62438	61315	forsaken recluse
62438	66155	forsaken recluse
62438	66151	forsaken recluse
62438	65763	forsaken recluse
62439	71075	corrupted forsaken chastiser
62439	61383	corrupted forsaken chastiser
62439	65763	corrupted forsaken chastiser
62439	74735	corrupted forsaken chastiser
62439	66151	corrupted forsaken chastiser
62439	66155	corrupted forsaken chastiser
62439	52756	corrupted forsaken chastiser
62440	70230	strain contagium
62440	70229	strain contagium
62440	57588	strain contagium
62440	57589	strain contagium
62440	57585	strain contagium
62442	58566	forsaken phobia
62442	66151	forsaken phobia
62442	65763	forsaken phobia
62442	52756	forsaken phobia
62442	66155	forsaken phobia
62446	35522	gildtooth shinbiter
62446	34361	gildtooth shinbiter
62446	34310	gildtooth shinbiter
62446	34264	gildtooth shinbiter
62446	34266	gildtooth shinbiter
62448	52010	xas researcher
62448	51828	xas researcher
62448	45429	xas researcher
62448	44257	xas researcher
62448	44256	xas researcher
62542	58479	busted red tank
62542	51794	busted red tank
62543	46109	wrecked blue tank
62543	44677	wrecked blue tank
62546	44356	malfunctioning yellow tank
62546	44623	malfunctioning yellow tank
62715	72835	corrupted enforcer
62715	72807	corrupted enforcer
62715	44710	corrupted enforcer
62715	40488	corrupted enforcer
62715	71075	corrupted enforcer
62722	52010	xas researcher
62722	51828	xas researcher
62722	45429	xas researcher
62722	44257	xas researcher
62722	44256	xas researcher
62723	52010	xas researcher
62723	51828	xas researcher
62723	45429	xas researcher
62723	44257	xas researcher
62723	44256	xas researcher
62724	52010	xas researcher
62724	51828	xas researcher
62724	45429	xas researcher
62724	44257	xas researcher
62724	44256	xas researcher
62726	52010	xas researcher
62726	51828	xas researcher
62726	45429	xas researcher
62726	44257	xas researcher
62726	44256	xas researcher
62818	24528	cankertogger
62818	45987	cankertogger
62818	21879	cankertogger
62818	21569	cankertogger
62818	45905	cankertogger
62820	72117	cankertube skug queen
62820	53427	cankertube skug queen
62820	72116	cankertube skug queen
62820	53424	cankertube skug queen
62820	53426	cankertube skug queen
62820	54293	cankertube skug queen
62820	53868	cankertube skug queen
62821	43328	cankerfoot baroness
62821	42560	cankerfoot baroness
62821	42637	cankerfoot baroness
62821	42657	cankerfoot baroness
62821	39578	cankerfoot baroness
62823	54293	cankertube skug empress
62823	72117	cankertube skug empress
62823	53427	cankertube skug empress
62823	53424	cankertube skug empress
62823	72116	cankertube skug empress
62823	53868	cankertube skug empress
62823	53426	cankertube skug empress
62825	28016	ultraform swooper
62825	28704	ultraform swooper
62825	20196	ultraform swooper
62825	57768	ultraform swooper
62825	47168	ultraform swooper
62825	57765	ultraform swooper
62825	26162	ultraform swooper
62865	32768	enraged chillcutter
62865	32735	enraged chillcutter
62865	34262	enraged chillcutter
62865	45218	enraged chillcutter
62865	45117	enraged chillcutter
62866	30936	enraged sandeater
62866	31618	enraged sandeater
62866	30095	enraged sandeater
62866	71187	enraged sandeater
62867	21879	enraged exatryte
62867	45905	enraged exatryte
62867	21569	enraged exatryte
62867	45987	enraged exatryte
62867	24528	enraged exatryte
62868	46042	enraged squallstepper
62868	55137	enraged squallstepper
62868	46040	enraged squallstepper
62868	40117	enraged squallstepper
62868	58612	enraged squallstepper
62869	2095	scorchwing brunch
62869	53034	scorchwing brunch
62869	9937	scorchwing brunch
62869	52968	scorchwing brunch
62876	46393	fcon trooper
62876	45422	fcon trooper
62876	43482	fcon trooper
62876	46954	fcon trooper
62876	38793	fcon trooper
62876	51828	fcon trooper
62876	52796	fcon trooper
62876	54241	fcon trooper
62876	46670	fcon trooper
62876	51827	fcon trooper
62876	46706	fcon trooper
62876	54299	fcon trooper
62876	43759	fcon trooper
62876	49350	fcon trooper
62876	46817	fcon trooper
62876	46872	fcon trooper
62876	46392	fcon trooper
62876	46923	fcon trooper
62876	55683	fcon trooper
62876	46550	fcon trooper
62876	43159	fcon trooper
62876	30756	fcon trooper
62876	46579	fcon trooper
62876	52980	fcon trooper
62876	28691	fcon trooper
62877	46393	fcon trooper
62877	45422	fcon trooper
62877	43482	fcon trooper
62877	46954	fcon trooper
62877	38793	fcon trooper
62877	51828	fcon trooper
62877	52796	fcon trooper
62877	54241	fcon trooper
62877	46670	fcon trooper
62877	51827	fcon trooper
62877	46706	fcon trooper
62877	54299	fcon trooper
62877	43759	fcon trooper
62877	49350	fcon trooper
62877	46817	fcon trooper
62877	46872	fcon trooper
62877	46392	fcon trooper
62877	46923	fcon trooper
62877	55683	fcon trooper
62877	46550	fcon trooper
62877	43159	fcon trooper
62877	30756	fcon trooper
62877	46579	fcon trooper
62877	52980	fcon trooper
62877	28691	fcon trooper
62878	46393	fcon trooper
62878	45422	fcon trooper
62878	43482	fcon trooper
62878	46954	fcon trooper
62878	38793	fcon trooper
62878	51828	fcon trooper
62878	52796	fcon trooper
62878	54241	fcon trooper
62878	46670	fcon trooper
62878	51827	fcon trooper
62878	46706	fcon trooper
62878	54299	fcon trooper
62878	43759	fcon trooper
62878	49350	fcon trooper
62878	46817	fcon trooper
62878	46872	fcon trooper
62878	46392	fcon trooper
62878	46923	fcon trooper
62878	55683	fcon trooper
62878	46550	fcon trooper
62878	43159	fcon trooper
62878	30756	fcon trooper
62878	46579	fcon trooper
62878	52980	fcon trooper
62878	28691	fcon trooper
62879	46393	fcon trooper
62879	45422	fcon trooper
62879	43482	fcon trooper
62879	46954	fcon trooper
62879	38793	fcon trooper
62879	51828	fcon trooper
62879	52796	fcon trooper
62879	54241	fcon trooper
62879	46670	fcon trooper
62879	51827	fcon trooper
62879	46706	fcon trooper
62879	54299	fcon trooper
62879	43759	fcon trooper
62879	49350	fcon trooper
62879	46817	fcon trooper
62879	46872	fcon trooper
62879	46392	fcon trooper
62879	46923	fcon trooper
62879	55683	fcon trooper
62879	46550	fcon trooper
62879	43159	fcon trooper
62879	30756	fcon trooper
62879	46579	fcon trooper
62879	52980	fcon trooper
62879	28691	fcon trooper
62898	48497	radiant guard
62898	55683	radiant guard
62898	48512	radiant guard
62898	52796	radiant guard
62898	55702	radiant guard
62898	55706	radiant guard
62898	55700	radiant guard
62898	48236	radiant guard
62898	55761	radiant guard
62898	65849	radiant guard
62898	51828	radiant guard
62898	44267	radiant guard
62899	48497	radiant guard
62899	55683	radiant guard
62899	48512	radiant guard
62899	52796	radiant guard
62899	55702	radiant guard
62899	55706	radiant guard
62899	55700	radiant guard
62899	48236	radiant guard
62899	55761	radiant guard
62899	65849	radiant guard
62899	51828	radiant guard
62899	44267	radiant guard
62900	48497	radiant guard
62900	55683	radiant guard
62900	48512	radiant guard
62900	52796	radiant guard
62900	55702	radiant guard
62900	55706	radiant guard
62900	55700	radiant guard
62900	48236	radiant guard
62900	55761	radiant guard
62900	65849	radiant guard
62900	51828	radiant guard
62900	44267	radiant guard
62901	48497	radiant guard
62901	55683	radiant guard
62901	48512	radiant guard
62901	52796	radiant guard
62901	55702	radiant guard
62901	55706	radiant guard
62901	55700	radiant guard
62901	48236	radiant guard
62901	55761	radiant guard
62901	65849	radiant guard
62901	51828	radiant guard
62901	44267	radiant guard
63107	46807	withering lacerator
63107	71987	withering lacerator
63107	35474	withering lacerator
63107	71980	withering lacerator
63107	71991	withering lacerator
63108	25763	slickshell slugger
63108	7031	slickshell slugger
63108	71861	slickshell slugger
63108	71259	slickshell slugger
63108	71916	slickshell slugger
63109	71259	slickshell superslugger
63109	25763	slickshell superslugger
63109	7031	slickshell superslugger
63109	71916	slickshell superslugger
63109	71861	slickshell superslugger
63110	58263	harrowing viscera
63110	46877	harrowing viscera
63110	35474	harrowing viscera
63110	57878	harrowing viscera
63110	57831	harrowing viscera
63110	56818	harrowing viscera
63113	57831	harrowing amalgamation
63113	35474	harrowing amalgamation
63113	46877	harrowing amalgamation
63113	58263	harrowing amalgamation
63113	57878	harrowing amalgamation
63113	56818	harrowing amalgamation
63121	57625	ultraform vileviper
63121	65761	ultraform vileviper
63121	57627	ultraform vileviper
63121	57624	ultraform vileviper
63121	65762	ultraform vileviper
63121	57626	ultraform vileviper
63123	71979	darktail harpy
63123	46040	darktail harpy
63123	71965	darktail harpy
63123	71986	darktail harpy
63123	71075	darktail harpy
63123	46042	darktail harpy
63123	34455	darktail harpy
63132	46040	darktail carrionclaw
63132	71965	darktail carrionclaw
63132	71979	darktail carrionclaw
63132	71075	darktail carrionclaw
63132	46042	darktail carrionclaw
63132	34455	darktail carrionclaw
63132	71986	darktail carrionclaw
63153	55137	yellowtail bigbeak
63153	46040	yellowtail bigbeak
63153	46042	yellowtail bigbeak
63153	58612	yellowtail bigbeak
63153	40117	yellowtail bigbeak
63154	6147	gilded archguardian
63154	13894	gilded archguardian
63154	57320	gilded archguardian
63154	57329	gilded archguardian
63154	26162	gilded archguardian
63154	57321	gilded archguardian
63156	46006	lab fragmentor
63156	47284	lab fragmentor
63156	46042	lab fragmentor
63156	46152	lab fragmentor
63156	35474	lab fragmentor
63160	35474	tech-cache guardian
63160	46877	tech-cache guardian
63160	46893	tech-cache guardian
63160	39430	tech-cache guardian
63160	46809	tech-cache guardian
63166	58566	forsaken hyperphobia
63166	66151	forsaken hyperphobia
63166	65763	forsaken hyperphobia
63166	52756	forsaken hyperphobia
63166	66155	forsaken hyperphobia
63170	46006	lab disintegrator
63170	35474	lab disintegrator
63170	46042	lab disintegrator
63170	47284	lab disintegrator
63170	46152	lab disintegrator
63196	70192	deathpaw rotclaw
63196	71326	deathpaw rotclaw
63196	70327	deathpaw rotclaw
63196	71304	deathpaw rotclaw
63196	71351	deathpaw rotclaw
63196	71075	deathpaw rotclaw
63197	70192	deathpaw reaver
63197	71326	deathpaw reaver
63197	71075	deathpaw reaver
63197	70327	deathpaw reaver
63197	71304	deathpaw reaver
63197	71351	deathpaw reaver
63199	34262	grimhowl limbripper
63199	32422	grimhowl limbripper
63199	35556	grimhowl limbripper
63199	33250	grimhowl limbripper
63199	72581	grimhowl limbripper
63199	33274	grimhowl limbripper
63199	71075	grimhowl limbripper
63200	34146	grimhowl chestshredder
63200	34262	grimhowl chestshredder
63200	34280	grimhowl chestshredder
63200	35556	grimhowl chestshredder
63200	72581	grimhowl chestshredder
63200	34361	grimhowl chestshredder
63200	71075	grimhowl chestshredder
63200	72584	grimhowl chestshredder
63205	34146	pyropaw the smokey
63205	34262	pyropaw the smokey
63205	34280	pyropaw the smokey
63205	71075	pyropaw the smokey
63205	35556	pyropaw the smokey
63205	34361	pyropaw the smokey
63205	72581	pyropaw the smokey
63205	72584	pyropaw the smokey
63302	44259	aurelian guard
63302	44267	aurelian guard
63304	44256	titian guard
63304	44255	titian guard
63304	44267	titian guard
63305	61315	corrupted hatchling
63305	65763	corrupted hatchling
63312	56331	misplaced mammoth
63312	59630	misplaced mammoth
63312	62647	misplaced mammoth
63312	60519	misplaced mammoth
63350	32966	sourhive overseer
63350	11862	sourhive overseer
63350	71676	sourhive overseer
63350	71075	sourhive overseer
63350	71751	sourhive overseer
63351	44650	sourhive stinger
63351	44770	sourhive stinger
63351	44714	sourhive stinger
63351	36049	sourhive stinger
63352	33250	shatterpaw growler
63352	33249	shatterpaw growler
63352	34262	shatterpaw growler
63352	35556	shatterpaw growler
63352	32422	shatterpaw growler
63353	33250	corrupted shatterpaw
63353	33242	corrupted shatterpaw
63353	35556	corrupted shatterpaw
63353	72581	corrupted shatterpaw
63353	71075	corrupted shatterpaw
63353	72584	corrupted shatterpaw
63354	45289	shatterback
63354	34262	shatterback
63354	32734	shatterback
63354	32735	shatterback
63354	45335	shatterback
63357	31135	stonemaw crusher
63357	53268	stonemaw crusher
63357	21569	stonemaw crusher
63357	53274	stonemaw crusher
63357	53275	stonemaw crusher
63357	21878	stonemaw crusher
63358	65762	ultraform ambusher
63358	65761	ultraform ambusher
63358	57627	ultraform ambusher
63358	57625	ultraform ambusher
63358	57624	ultraform ambusher
63358	57626	ultraform ambusher
63360	74907	ultraform vilebloom
63360	75564	ultraform vilebloom
63360	73167	ultraform vilebloom
63360	74906	ultraform vilebloom
63444	46877	scs adjutant
63444	46809	scs adjutant
63444	35474	scs adjutant
63444	46893	scs adjutant
63444	39430	scs adjutant
63483	62855	strain egg
63499	52010	xas researcher
63499	51828	xas researcher
63499	45429	xas researcher
63499	44257	xas researcher
63499	44256	xas researcher
63501	41563	collegium researcher
63501	52149	collegium researcher
63501	42111	collegium researcher
63501	41619	collegium researcher
63501	65744	collegium researcher
63530	41563	collegium researcher
63530	52149	collegium researcher
63530	42111	collegium researcher
63530	41619	collegium researcher
63530	65744	collegium researcher
63533	30979	scorchwing supper
63533	2095	scorchwing supper
63533	10118	scorchwing supper
63533	10133	scorchwing supper
63533	52604	scorchwing supper
63534	10118	scorchwing feast
63534	2095	scorchwing feast
63534	10133	scorchwing feast
63534	52604	scorchwing feast
63534	30979	scorchwing feast
63543	46042	goldentail king
63543	40117	goldentail king
63543	55137	goldentail king
63543	46040	goldentail king
63543	58612	goldentail king
63573	62855	strain egg
63574	62855	strain egg
63587	62855	strain egg
63588	62855	strain egg
63589	62855	strain egg
63590	62855	strain egg
63591	62855	strain egg
63592	62855	strain egg
63596	62855	strain egg
63597	62855	strain egg
63598	62855	strain egg
63599	62855	strain egg
63600	62855	strain egg
63601	62855	strain egg
63682	74675	avatus projection
63682	74676	avatus projection
63693	65849	xas protector
63693	53383	xas protector
63693	54241	xas protector
63693	55700	xas protector
63693	54299	xas protector
63693	53384	xas protector
63693	55683	xas protector
63693	44255	xas protector
63693	44256	xas protector
63694	65849	xas protector
63694	53383	xas protector
63694	54241	xas protector
63694	55700	xas protector
63694	54299	xas protector
63694	53384	xas protector
63694	55683	xas protector
63694	44255	xas protector
63694	44256	xas protector
63695	51828	xas sentinel
63695	52796	xas sentinel
63695	57631	xas sentinel
63697	51828	xas sentinel
63697	52796	xas sentinel
63697	57631	xas sentinel
63698	65716	intern technician
63698	66353	intern technician
63698	61315	intern technician
63698	66354	intern technician
63723	47111	fire
63723	63270	fire
63723	69458	fire
63723	35914	fire
63728	56329	ultraform smasher
63728	52531	ultraform smasher
63728	47929	ultraform smasher
63728	54349	ultraform smasher
63728	56622	ultraform smasher
63728	52475	ultraform smasher
63729	52475	ultraform ice smasher
63729	47929	ultraform ice smasher
63729	52531	ultraform ice smasher
63729	56329	ultraform ice smasher
63729	56622	ultraform ice smasher
63729	54349	ultraform ice smasher
63730	52475	ultraform logic smasher
63730	56328	ultraform logic smasher
63730	6972	ultraform logic smasher
63730	52531	ultraform logic smasher
63730	47929	ultraform logic smasher
63730	54349	ultraform logic smasher
63730	56622	ultraform logic smasher
63787	47669	stephanus the traitor
63787	56911	stephanus the traitor
63787	48918	stephanus the traitor
63787	65795	stephanus the traitor
63787	56020	stephanus the traitor
63787	44739	stephanus the traitor
64791	53268	stonemaw pulverizer
64791	53275	stonemaw pulverizer
64791	21878	stonemaw pulverizer
64791	31135	stonemaw pulverizer
64791	21569	stonemaw pulverizer
64791	53274	stonemaw pulverizer
64797	66353	discrete pursuant
64797	65716	discrete pursuant
64797	61315	discrete pursuant
64797	66354	discrete pursuant
64798	55761	discrete kindler
64798	50080	discrete kindler
64798	66020	discrete kindler
64799	48381	discrete rover
64799	39675	discrete rover
64799	15566	discrete rover
64800	65716	hushed enforcer
64800	61315	hushed enforcer
64800	66353	hushed enforcer
64800	66354	hushed enforcer
64801	15566	hushed specialist
64801	48381	hushed specialist
64801	39675	hushed specialist
64802	47669	hushed vollier
64802	65795	hushed vollier
64802	48920	hushed vollier
64802	55119	hushed vollier
64803	66279	keen inciter
64803	61315	keen inciter
64803	60594	keen inciter
64803	66275	keen inciter
64804	52151	keen gunman
64804	55761	keen gunman
64805	55119	keen markswoman
64805	47669	keen markswoman
64805	65795	keen markswoman
64805	48920	keen markswoman
64806	66275	watchful rabble-rouser
64806	60594	watchful rabble-rouser
64806	61315	watchful rabble-rouser
64806	66279	watchful rabble-rouser
64807	55761	watchful sharp-shooter
64807	52151	watchful sharp-shooter
64808	47669	watchful triggerwoman
64808	65795	watchful triggerwoman
64808	55119	watchful triggerwoman
64808	48920	watchful triggerwoman
64827	43327	highland grabber
64827	42657	highland grabber
64827	42560	highland grabber
64827	39578	highland grabber
64879	54343	handsy steve
64879	58540	handsy steve
64879	54939	handsy steve
64879	58541	handsy steve
64879	58546	handsy steve
64879	58551	handsy steve
64881	29850	the mixer
64881	47140	the mixer
64881	47280	the mixer
64881	24095	the mixer
64881	46550	the mixer
64881	32192	the mixer
64882	69304	norgg the barber
64882	60568	norgg the barber
64882	61315	norgg the barber
64882	49792	norgg the barber
64929	26289	prototype frostbringer warlock
64929	26115	prototype frostbringer warlock
64929	53320	prototype frostbringer warlock
64929	26520	prototype frostbringer warlock
64929	26466	prototype frostbringer warlock
64931	70229	prototype gloomclaw
64931	70230	prototype gloomclaw
64931	57589	prototype gloomclaw
64931	57585	prototype gloomclaw
64931	57588	prototype gloomclaw
64932	35440	prototype hydroflux
64932	35321	prototype hydroflux
64932	32388	prototype hydroflux
64932	49906	prototype hydroflux
64932	31740	prototype hydroflux
64932	33828	prototype hydroflux
65082	45833	shaft security construct
65082	48563	shaft security construct
65082	53370	shaft security construct
65082	44468	shaft security construct
65082	44739	shaft security construct
65082	45793	shaft security construct
65186	45779	cortex controller
65186	72572	cortex controller
65186	72461	cortex controller
65186	40488	cortex controller
65186	74466	cortex controller
65451	39578	highland disemboweler
65451	42560	highland disemboweler
65451	42657	highland disemboweler
65451	43327	highland disemboweler
65536	65744	dreadsiege ruffian
65536	41619	dreadsiege ruffian
65536	42083	dreadsiege ruffian
65536	42111	dreadsiege ruffian
65537	21665	dreadsiege striker
65537	71072	dreadsiege striker
65537	71075	dreadsiege striker
65539	48497	radiant guard
65539	55683	radiant guard
65539	48512	radiant guard
65539	52796	radiant guard
65539	55702	radiant guard
65539	55706	radiant guard
65539	55700	radiant guard
65539	48236	radiant guard
65539	55761	radiant guard
65539	65849	radiant guard
65539	51828	radiant guard
65539	44267	radiant guard
65540	48497	radiant guard
65540	55683	radiant guard
65540	48512	radiant guard
65540	52796	radiant guard
65540	55702	radiant guard
65540	55706	radiant guard
65540	55700	radiant guard
65540	48236	radiant guard
65540	55761	radiant guard
65540	65849	radiant guard
65540	51828	radiant guard
65540	44267	radiant guard
65541	57631	final light guard
65541	58567	final light guard
65541	58566	final light guard
65541	57843	final light guard
65541	48497	final light guard
65541	57028	final light guard
65541	57872	final light guard
65541	48236	final light guard
65541	57851	final light guard
65541	48512	final light guard
65541	69165	final light guard
65542	57631	final light guard
65542	58567	final light guard
65542	58566	final light guard
65542	57843	final light guard
65542	48497	final light guard
65542	57028	final light guard
65542	57872	final light guard
65542	48236	final light guard
65542	57851	final light guard
65542	48512	final light guard
65542	69165	final light guard
65549	46393	fcon trooper
65549	45422	fcon trooper
65549	43482	fcon trooper
65549	46954	fcon trooper
65549	38793	fcon trooper
65549	51828	fcon trooper
65549	52796	fcon trooper
65549	54241	fcon trooper
65549	46670	fcon trooper
65549	51827	fcon trooper
65549	46706	fcon trooper
65549	54299	fcon trooper
65549	43759	fcon trooper
65549	49350	fcon trooper
65549	46817	fcon trooper
65549	46872	fcon trooper
65549	46392	fcon trooper
65549	46923	fcon trooper
65549	55683	fcon trooper
65549	46550	fcon trooper
65549	43159	fcon trooper
65549	30756	fcon trooper
65549	46579	fcon trooper
65549	52980	fcon trooper
65549	28691	fcon trooper
65550	46393	fcon trooper
65550	45422	fcon trooper
65550	43482	fcon trooper
65550	46954	fcon trooper
65550	38793	fcon trooper
65550	51828	fcon trooper
65550	52796	fcon trooper
65550	54241	fcon trooper
65550	46670	fcon trooper
65550	51827	fcon trooper
65550	46706	fcon trooper
65550	54299	fcon trooper
65550	43759	fcon trooper
65550	49350	fcon trooper
65550	46817	fcon trooper
65550	46872	fcon trooper
65550	46392	fcon trooper
65550	46923	fcon trooper
65550	55683	fcon trooper
65550	46550	fcon trooper
65550	43159	fcon trooper
65550	30756	fcon trooper
65550	46579	fcon trooper
65550	52980	fcon trooper
65550	28691	fcon trooper
65551	46393	fcon trooper
65551	45422	fcon trooper
65551	43482	fcon trooper
65551	46954	fcon trooper
65551	38793	fcon trooper
65551	51828	fcon trooper
65551	52796	fcon trooper
65551	54241	fcon trooper
65551	46670	fcon trooper
65551	51827	fcon trooper
65551	46706	fcon trooper
65551	54299	fcon trooper
65551	43759	fcon trooper
65551	49350	fcon trooper
65551	46817	fcon trooper
65551	46872	fcon trooper
65551	46392	fcon trooper
65551	46923	fcon trooper
65551	55683	fcon trooper
65551	46550	fcon trooper
65551	43159	fcon trooper
65551	30756	fcon trooper
65551	46579	fcon trooper
65551	52980	fcon trooper
65551	28691	fcon trooper
65552	46393	fcon trooper
65552	45422	fcon trooper
65552	43482	fcon trooper
65552	46954	fcon trooper
65552	38793	fcon trooper
65552	51828	fcon trooper
65552	52796	fcon trooper
65552	54241	fcon trooper
65552	46670	fcon trooper
65552	51827	fcon trooper
65552	46706	fcon trooper
65552	54299	fcon trooper
65552	43759	fcon trooper
65552	49350	fcon trooper
65552	46817	fcon trooper
65552	46872	fcon trooper
65552	46392	fcon trooper
65552	46923	fcon trooper
65552	55683	fcon trooper
65552	46550	fcon trooper
65552	43159	fcon trooper
65552	30756	fcon trooper
65552	46579	fcon trooper
65552	52980	fcon trooper
65552	28691	fcon trooper
65657	61336	prototype herald
65657	74756	prototype herald
65657	61386	prototype herald
65735	27783	invisible unit
65735	40535	invisible unit
65794	59630	ruffles
65794	56327	ruffles
65794	65709	ruffles
65801	72993	glacial icestorm
65801	75317	glacial icestorm
65801	75434	glacial icestorm
65802	72993	glacial icestorm
65802	75317	glacial icestorm
65802	75434	glacial icestorm
65899	27783	invisible unit
65899	40535	invisible unit
65942	36847	vigilant acolyte
65942	65744	vigilant acolyte
65982	36847	vigilant acolyte
65982	65744	vigilant acolyte
65983	36847	vigilant acolyte
65983	65744	vigilant acolyte
65997	31067	laveka the dark-hearted
66051	71212	bev-o-rage
66051	75110	bev-o-rage
66051	79320	bev-o-rage
66051	71196	bev-o-rage
66051	71197	bev-o-rage
66066	60595	commander durek
66066	61315	commander durek
66066	61014	commander durek
66100	61315	kezrek warbringer
66100	60568	kezrek warbringer
66100	49792	kezrek warbringer
66100	69304	kezrek warbringer
67475	76300	invulnotron
67522	53382	life-overseer
67522	56078	life-overseer
67522	56073	life-overseer
67522	56074	life-overseer
67522	54577	life-overseer
67527	32735	prototype beta
67527	32734	prototype beta
67527	56490	prototype beta
67527	56492	prototype beta
67527	56493	prototype beta
67528	32735	prototype delta
67528	56490	prototype delta
67528	32734	prototype delta
67528	56492	prototype delta
67528	56493	prototype delta
67594	72242	gromka the flamewitch
67594	64828	gromka the flamewitch
67594	76101	gromka the flamewitch
67594	66293	gromka the flamewitch
67663	76263	iruki boldbeard
67663	76300	iruki boldbeard
67663	76292	iruki boldbeard
67663	76278	iruki boldbeard
67668	28716	seek-n-slaughter
67668	32762	seek-n-slaughter
67668	29585	seek-n-slaughter
67668	29800	seek-n-slaughter
67961	76947	captain hugo
68096	44627	super-invulnotron
68096	44710	super-invulnotron
68096	46392	super-invulnotron
68134	17269	rime hide champion
68134	54591	rime hide champion
68134	18094	rime hide champion
68134	6103	rime hide champion
68134	54595	rime hide champion
68231	70512	dimensional rift
68231	77473	dimensional rift
68231	77531	dimensional rift
68231	77397	dimensional rift
68237	62619	cyclopean colossus
68237	65758	cyclopean colossus
68237	57816	cyclopean colossus
68237	57798	cyclopean colossus
68237	57797	cyclopean colossus
68237	70382	cyclopean colossus
68244	70512	dimensional rift
68244	77473	dimensional rift
68244	77531	dimensional rift
68244	77397	dimensional rift
68260	70512	dimensional rift
68260	77473	dimensional rift
68260	77531	dimensional rift
68260	77397	dimensional rift
68283	70512	dimensional rift
68283	77473	dimensional rift
68283	77531	dimensional rift
68283	77397	dimensional rift
68294	70512	dimensional rift
68294	77473	dimensional rift
68294	77531	dimensional rift
68294	77397	dimensional rift
68318	70512	dimensional rift
68318	77473	dimensional rift
68318	77531	dimensional rift
68318	77397	dimensional rift
68395	56490	umbral leech
68395	32734	umbral leech
68395	56492	umbral leech
68395	32735	umbral leech
68422	70512	dimensional rift
68422	77473	dimensional rift
68422	77531	dimensional rift
68422	77397	dimensional rift
68429	70512	dimensional rift
68429	77473	dimensional rift
68429	77531	dimensional rift
68429	77397	dimensional rift
68439	74698	crate
68439	72299	crate
68439	44679	crate
68850	56554	dominion patrolship
68854	76947	captain hugo
68886	76947	captain hugo
68949	72633	deputy
68949	72474	deputy
69078	53868	hive queen
69078	54293	hive queen
69078	53426	hive queen
69078	72117	hive queen
69078	72116	hive queen
69078	53427	hive queen
69078	53424	hive queen
69084	41070	larval infector
69084	43328	larval infector
69084	44466	larval infector
69084	44656	larval infector
69099	42570	axiom
69099	40728	axiom
69099	44350	axiom
69099	58548	axiom
69099	45623	axiom
69099	44200	axiom
69099	58550	axiom
69099	43502	axiom
69099	32465	axiom
69099	51563	axiom
69100	24990	ragebot driller
69100	35622	ragebot driller
69100	34982	ragebot driller
69100	35223	ragebot driller
69100	34585	ragebot driller
69106	62528	ragebot scanner
69106	54212	ragebot scanner
69106	62529	ragebot scanner
69106	52788	ragebot scanner
69106	62531	ragebot scanner
69299	60595	riptide the stone serpent
69299	61315	riptide the stone serpent
69299	71903	riptide the stone serpent
69299	71966	riptide the stone serpent
69299	71919	riptide the stone serpent
69635	53382	life-overseer
69635	56078	life-overseer
69635	56073	life-overseer
69635	56074	life-overseer
69635	54577	life-overseer
69673	32735	prototype beta
69673	32734	prototype beta
69673	56490	prototype beta
69673	56492	prototype beta
69673	56493	prototype beta
69674	32735	prototype delta
69674	56490	prototype delta
69674	32734	prototype delta
69674	56492	prototype delta
69674	56493	prototype delta
69821	61315	kezrek warbringer
69821	60568	kezrek warbringer
69821	49792	kezrek warbringer
69821	69304	kezrek warbringer
69822	53596	toric antevian
69822	53344	toric antevian
69822	53343	toric antevian
70146	52742	brazen bulwark guard
70147	52742	brazen bulwark guard
70148	52742	brazen bulwark guard
70149	52742	brazen bulwark guard
70150	52742	brazen bulwark guard
70151	52742	brazen bulwark guard
70152	52742	brazen bulwark guard
70153	52742	brazen bulwark guard
70154	52742	brazen bulwark guard
70254	32773	compromised freebot scout
70254	32388	compromised freebot scout
70254	54916	compromised freebot scout
70254	42052	compromised freebot scout
70282	79769	corrupted access guardian y-83
70282	79764	corrupted access guardian y-83
70282	79840	corrupted access guardian y-83
70282	79650	corrupted access guardian y-83
70293	32773	corrupted freebot
70293	32388	corrupted freebot
70293	54916	corrupted freebot
70293	42052	corrupted freebot
70955	60566	dominion saboteur
70955	50007	dominion saboteur
70955	50103	dominion saboteur
70955	49888	dominion saboteur
70955	61315	dominion saboteur
70955	65823	dominion saboteur
71029	53384	kevo
71029	53383	kevo
71029	54241	kevo
71029	54675	kevo
71029	54299	kevo
71029	54327	kevo
71082	76300	invulnotron
71203	28716	seek-n-slaughter
71203	32762	seek-n-slaughter
71203	29585	seek-n-slaughter
71203	29800	seek-n-slaughter
71209	44627	super-invulnotron
71209	44710	super-invulnotron
71209	46392	super-invulnotron
71319	72242	gromka the flamewitch
71319	64828	gromka the flamewitch
71319	76101	gromka the flamewitch
71319	66293	gromka the flamewitch
71466	34552	crazed medic
71466	65744	crazed medic
71466	36849	crazed medic
71538	76263	iruki boldbeard
71538	76300	iruki boldbeard
71538	76292	iruki boldbeard
71538	76278	iruki boldbeard
71580	65849	xas protector
71580	53383	xas protector
71580	54241	xas protector
71580	55700	xas protector
71580	54299	xas protector
71580	53384	xas protector
71580	55683	xas protector
71580	44255	xas protector
71580	44256	xas protector
71582	41563	collegium researcher
71582	52149	collegium researcher
71582	42111	collegium researcher
71582	41619	collegium researcher
71582	65744	collegium researcher
71825	39953	dust devil
72084	38773	ravenous mordesh
72084	65744	ravenous mordesh
72084	55438	ravenous mordesh
72242	53383	avra darkos
72242	53384	avra darkos
72242	55426	avra darkos
72988	43428	moldwood mauler
72988	46877	moldwood mauler
72988	43448	moldwood mauler
72988	46360	moldwood mauler
72999	43428	moldwood mauler
72999	46877	moldwood mauler
72999	43448	moldwood mauler
72999	46360	moldwood mauler
73747	38446	annihilator
74784	60566	grinder
74784	50103	grinder
74784	61315	grinder
74784	50007	grinder
74784	50295	grinder
74784	51329	grinder
75036	53383	avra darkos
75036	53384	avra darkos
75036	55426	avra darkos
75038	55840	queen myala everstar
75038	65849	queen myala everstar
75043	53219	lucy lazarin
75043	38773	lucy lazarin
75043	65744	lucy lazarin
75043	52551	lucy lazarin
75043	53247	lucy lazarin
75048	60595	commander durek
75048	61315	commander durek
75048	61014	commander durek
75070	53383	avra darkos
75070	53384	avra darkos
75070	55426	avra darkos
75072	53383	avra darkos
75072	53384	avra darkos
75072	55426	avra darkos
75094	47111	fire
75094	63270	fire
75094	69458	fire
75094	35914	fire
75098	53383	avra darkos
75098	53384	avra darkos
75098	55426	avra darkos
75201	36847	exile explorer
75201	65744	exile explorer
75203	36847	exile explorer
75203	65744	exile explorer
17166	70570	aethros (WEB-WIKI)
17166	63114	aethros (WEB-WIKI)
17166	70402	aethros (WEB-WIKI)
32937	70570	aethros (WEB-WIKI)
32937	63114	aethros (WEB-WIKI)
32937	70402	aethros (WEB-WIKI)
34034	70570	aethros (WEB-WIKI)
34034	63114	aethros (WEB-WIKI)
34034	70402	aethros (WEB-WIKI)
17160	63231	blade-wind the invoker (WEB-WIKI)
17160	52012	blade-wind the invoker (WEB-WIKI)
17160	47210	blade-wind the invoker (WEB-WIKI)
17160	51987	blade-wind the invoker (WEB-WIKI)
17160	46910	blade-wind the invoker (WEB-WIKI)
24895	39491	mordechai redmoon (WEB-WIKI)
24895	54644	mordechai redmoon (WEB-WIKI)
24895	54639	mordechai redmoon (WEB-WIKI)
29421	39491	mordechai redmoon (WEB-WIKI)
29421	54644	mordechai redmoon (WEB-WIKI)
29421	54639	mordechai redmoon (WEB-WIKI)
51690	39491	mordechai redmoon (WEB-WIKI)
51690	54644	mordechai redmoon (WEB-WIKI)
51690	54639	mordechai redmoon (WEB-WIKI)
51693	39491	mordechai redmoon (WEB-WIKI)
51693	54644	mordechai redmoon (WEB-WIKI)
51693	54639	mordechai redmoon (WEB-WIKI)
65800	39491	mordechai redmoon (WEB-WIKI)
65800	54644	mordechai redmoon (WEB-WIKI)
65800	54639	mordechai redmoon (WEB-WIKI)
73568	39491	mordechai redmoon (WEB-WIKI)
73568	54644	mordechai redmoon (WEB-WIKI)
73568	54639	mordechai redmoon (WEB-WIKI)
75206	39491	mordechai redmoon (WEB-WIKI)
75206	54644	mordechai redmoon (WEB-WIKI)
75206	54639	mordechai redmoon (WEB-WIKI)
75396	39491	mordechai redmoon (WEB-WIKI)
75396	54644	mordechai redmoon (WEB-WIKI)
75396	54639	mordechai redmoon (WEB-WIKI)
17163	40014	stormtalon (WEB-WIKI)
37795	40014	stormtalon (WEB-WIKI)
45741	40014	stormtalon (WEB-WIKI)
