entityId	splineId	mode	speed	fx	fy	fz
1	7585	1	3	0	0	0
10	1435	1	3	0	0	0
30	6105	2	3	0	0	0
56	5419	1	3	0	0	0
81	5777	1	3	0	0	0
96	16476	1	3	0	0	0
110	16469	8	3	0	0	0
111	16470	8	3	0	0	0
117	5424	2	3	0	0	0
126	5425	2	3	0	0	0
130	5426	2	3	0	0	0
131	5421	2	3	0	0	0
149	20186	1	3	0	0	0
216	3281	1	3	0	0	0
223	20217	1	3	0	0	0
252	4380	1	3	0	0	0
285	5278	8	2.5	0	0	0
294	210	1	3	0	0	0
365	5582	2	3	0	0	0
366	3787	2	3	0	0	0
367	3786	2	3	0	0	0
368	3789	2	3	4	0	-2
369	3779	2	3	4	0	-2
370	4121	2	3	0	0	0
371	3778	2	3	0	0	0
372	3788	2	3	0	0	0
373	4119	2	3	0	0	0
374	3783	2	3	4	0	-2
375	3782	2	3	0	0	0
376	3790	2	3	0	0	0
377	3785	2	3	0	0	0
378	4124	2	3	0	0	0
379	3774	2	3	0	0	0
380	3777	2	3	0	0	0
381	3780	2	3	0	0	0
382	3784	2	3	0	0	0
383	3772	2	3	0	0	0
384	3773	2	3	4	0	-2
385	4232	2	3	0	0	0
386	4231	2	3	4	0	-2
387	4237	2	3	4	0	-2
388	4233	2	3	0	0	0
389	4228	2	3	0	0	0
390	4234	2	3	0	0	0
391	4229	2	3	0	0	0
392	4235	2	3	4	0	-2
393	3788	2	3	4	0	-2
394	3782	2	3	4	0	-2
395	3785	2	3	4	0	-2
396	3774	2	3	4	0	-2
397	3777	2	3	4	0	-2
398	3780	2	3	4	0	-2
399	4234	2	3	4	0	-2
415	4040	1	3	0	0	0
416	4063	1	3	0	0	0
417	4052	2	3	0	0	0
419	4041	1	3	0	0	0
518	4929	2	3	0	0	0
519	4928	2	3	0	0	0
520	4927	2	3	0	0	0
601	17808	1	3	0	0	0
652	4220	1	3	4	0	-2
667	4236	1	3	0	0	0
689	15807	1	3	0	0	0
698	19803	1	3	0	0	0
702	3258	1	3	0	0	0
706	19804	1	3	0	0	0
718	6230	1	3	0	0	0
794	4445	1	3	0	0	0
817	3801	2	3	0	0	0
864	5872	1	3	0	0	0
921	4218	2	3	0	0	0
922	15803	1	3	0	0	0
924	4374	8	3	0	0	0
930	6347	1	3	0	0	0
976	5023	1	3	0	0	0
998	4434	1	3	0	0	0
1003	4412	2	3	0	0	0
1004	4413	1	3	0	0	0
1005	15808	1	3	0	0	0
1009	4437	1	3	0	0	0
1010	4436	1	3	0	0	0
1011	4438	1	3	0	0	0
1031	3887	2	3	0	0	0
1035	4642	6	-1	0	0	0
1036	4641	6	-1	0	0	0
1161	4824	2	3	0	0	0
1162	11349	1	3	0	0	0
1233	5471	1	3	0	0	0
1235	4159	1	3	0	0	0
1249	5843	1	3	0	0	0
1250	6216	1	3	0	0	0
1255	6085	2	3	0	0	0
1259	17049	1	3	0	0	0
1261	4911	2	7	0	0	0
1264	4914	1	7	0	0	0
1276	16950	1	3	0	0	0
1292	5125	1	3	0	0	0
1296	5965	2	3	0	0	0
1306	5003	2	9	0	0	0
1307	5002	5	9	0	0	0
1308	4970	2	9	0	0	0
1310	5964	2	3	0	0	0
1314	14047	8	9	0	0	0
1372	6676	0	-1	0	0	0
1428	6133	1	3	0	0	0
1430	6677	0	10	0	0	0
1470	3803	2	3	0	0	0
1488	22897	1	3	0	0	0
1568	4411	1	3	0	0	0
1578	5579	1	3	0	0	0
1733	5695	2	3	0	0	0
1755	9015	1	3	0	0	0
1790	6128	1	3	0	0	0
1799	15910	1	3	0	0	0
1806	5696	2	3	0	0	0
1809	22164	8	3	0	0	0
1810	22163	8	3	0	0	0
1815	5657	8	3	0	0	0
1816	5659	8	3	0	0	0
1817	5662	8	3	0	0	0
1818	5665	8	3	0	0	0
1828	3378	1	3	0	0	0
1832	3775	2	3	0	0	0
1853	5653	2	3	0	0	0
1855	5687	8	3	0	0	0
1859	5688	8	3	0	0	0
1861	5668	8	3	0	0	0
1862	5670	1	3	0	0	0
1864	5672	8	3	0	0	0
1865	5686	8	3	0	0	0
1874	5689	8	3	-2	0	4
1887	5698	8	3	2	0	4
1898	5740	8	3	-2	0	4
1899	5739	8	3	-2	0	4
1900	5738	8	3	0	0	0
1910	5730	8	3	0	0	0
1911	5747	8	3	0	0	0
1913	5742	8	3	-4	0	-2
1918	5730	8	3	-2	0	4
1919	5747	8	3	-4	0	2
1921	5725	1	3	0	0	0
1922	5740	8	3	0	0	0
1923	5739	8	3	0	0	0
1930	5742	8	3	0	0	0
1931	5729	8	3	0	0	0
1932	5723	1	3	0	0	0
1941	5728	1	3	0	0	0
1942	5741	8	3	0	0	0
1945	11325	1	3	0	0	0
1960	11324	8	3	-2	0	4
1965	11324	8	3	0	0	0
1966	5731	1	3	0	0	0
1967	11322	8	3	0	0	0
1969	6131	1	3	0	0	0
1971	11319	8	3	0	0	0
2023	5759	8	3	0	0	0
2025	5765	8	3	0	0	0
2034	5762	8	3	0	0	0
2050	5757	8	3	0	0	0
2051	5758	2	3	0	0	2
2061	5762	8	3	-4	0	2
2068	5763	2	3	0	0	0
2072	5757	8	3	-2	0	4
2073	5759	8	3	-2	0	4
2074	16074	1	3	0	0	2
2075	5765	8	3	-2	0	0
2078	5766	1	3	-2	0	4
2084	5763	2	3	-2	0	4
2094	484	1	3	0	0	0
2100	5789	8	3	0	0	0
2101	5791	2	3	0	0	0
2107	16060	8	3	0	0	0
2108	5788	2	3	0	0	0
2109	16061	8	3	0	0	0
2123	1308	2	3	0	0	0
2131	5779	1	3	0	0	0
2153	5778	8	4	-2	0	4
2158	5780	1	3	0	0	0
2177	3798	2	10	0	0	0
2178	5945	2	10	0	0	0
2181	5933	2	10	0	0	0
2183	5937	2	10	0	0	0
2184	3799	2	10	0	0	0
2188	3800	2	3	0	0	0
2197	5572	1	3	0	0	0
2200	3802	2	10	0	0	0
2218	6122	2	3	-2	0	4
2220	6121	1	3	-2	0	4
2226	6125	8	3	-2	0	4
2227	6130	1	3	0	0	0
2261	5963	2	3	0	0	0
2262	10913	1	3	0	0	0
2275	6126	2	3	0	0	0
2312	5733	1	3	0	0	0
2382	5954	1	3	0	0	0
2383	5952	1	3	0	0	0
2384	5953	1	3	0	0	0
2405	5968	2	10	0	0	0
2406	5967	1	10	0	0	0
2407	5969	2	10	0	0	0
2408	5970	2	10	0	0	0
2409	5971	2	10	0	0	0
2410	5975	2	10	0	0	0
2411	5974	1	10	0	0	0
2412	5972	2	10	0	0	0
2413	5973	2	10	0	0	0
2420	11003	1	3	0	0	0
2424	5030	1	3	0	0	0
2435	4691	1	3	0	0	0
2436	6047	2	3	0	0	0
2437	19805	1	3	0	0	0
2479	15804	1	3	0	0	0
2481	6678	0	10	0	0	0
2483	3502	1	3	0	0	0
2488	6043	2	3	0	0	0
2505	5529	1	3	0	0	0
2533	6021	1	3	0	0	0
2534	5033	1	3	0	0	0
2536	6022	1	3	0	0	0
2558	11125	1	3	0	0	0
2640	9782	1	3	0	0	0
2651	5611	1	3	0	0	0
2682	11309	1	3	0	0	0
3037	10457	1	3	0	0	0
3063	5749	8	3	0	0	0
3065	5752	2	3	0	0	0
3069	5755	2	3	0	0	0
3072	5754	2	3	-2	0	4
3077	5750	2	3	-2	0	4
3089	5754	2	3	0	0	0
3093	5751	8	3	0	0	0
3097	5750	2	3	0	0	0
3098	5748	8	3	0	0	0
3100	5748	8	3	-4	0	2
3109	5751	8	3	-2	0	4
3113	3888	2	3	0	0	0
3114	11308	2	3	0	0	0
3118	6124	2	3	0	0	0
3122	6122	2	3	0	0	0
3124	10885	1	3	0	0	0
3129	6125	8	3	0	0	0
3134	6121	1	3	0	0	0
3170	15799	1	3	0	0	0
3234	10914	1	3	0	0	0
3242	6127	2	3	0	0	0
3303	11237	1	3	0	0	2
3306	11236	1	3	0	0	2
3307	11235	1	3	0	0	2
3310	11237	1	3	0	0	0
3315	11236	1	3	0	0	0
3324	11235	1	3	0	0	0
3408	4439	1	3	0	0	0
3450	4381	1	3	0	0	0
3496	5025	1	3	0	0	0
3546	11321	2	3	0	0	0
3547	11318	2	3	0	0	0
3573	6123	1	3	0	0	0
3585	5764	1	3	0	0	0
3623	15802	1	3	0	0	0
3628	3505	2	3	0	0	0
3629	15806	1	3	0	0	0
3763	16121	8	3	0	0	0
3767	16107	2	3	0	0	0
3775	16121	8	3	-4	0	2
3781	16117	8	3	2	0	4
3783	16119	1	3	0	0	0
3787	16113	8	3	0	0	4
3789	16107	2	3	-4	0	2
3795	10497	1	3	0	0	0
3799	16225	2	9	0	0	0
3824	16364	8	2.5	0	0	0
3825	16311	1	3	0	0	0
3896	5444	2	3	0	0	0
3920	4230	2	3	0	0	0
3922	20187	8	1.90039	0	0	0
3988	4452	1	3	0	0	0
4020	5532	1	3	0	0	0
4034	5432	1	3	0	0	0
4246	20341	2	-1	0	0	0
4705	10326	1	3	0	0	0
4709	17247	1	3	0	0	0
4764	9458	8	3	0	0	0
4765	9457	8	3	0	0	0
4768	9459	8	3	0	0	0
4775	9456	8	3	0	0	0
4776	9452	8	3	0	0	0
4780	9454	8	3	0	0	0
4782	9453	8	3	0	0	0
4787	9455	8	3	0	0	0
4826	9416	2	3	0	0	0
4827	9422	2	3	0	0	0
4830	14441	2	3	0	0	0
4831	9424	2	3	0	0	0
4834	9432	2	3	0	0	0
4835	9430	5	3	0	0	0
4836	9419	2	3	0	0	0
4838	9431	2	3	0	0	0
4842	9420	2	3	0	0	0
4843	9423	2	3	0	0	0
4846	9425	2	3	0	0	0
4847	9418	2	3	0	0	0
4848	11771	1	3	0	0	0
4849	11768	1	3	0	0	0
4864	11767	1	3	0	0	0
4866	11764	1	3	0	0	0
4872	11784	1	3	0	0	0
4901	14881	1	3	0	0	0
4902	11726	1	3	0	0	0
4926	14443	1	3	0	0	0
4929	11765	1	3	0	0	0
4930	11763	1	3	0	0	0
4931	11766	1	3	0	0	0
4938	14466	2	3	0	0	0
4941	11857	2	9	0	0	0
4942	11854	2	9	0	0	0
4943	11856	2	9	0	0	0
4944	11722	2	9	0	0	0
4945	11730	2	9	0	0	0
4946	11727	2	9	0	0	0
4947	11712	2	9	0	0	0
4950	11711	2	9	0	0	0
4951	11772	1	3	0	0	0
4957	11710	2	9	0	0	0
4958	11793	2	9	0	0	0
4959	11713	2	9	0	0	0
4961	11855	2	9	0	0	0
4962	11853	2	9	0	0	0
4963	11851	2	9	0	0	0
4964	11852	2	9	0	0	0
4972	11799	2	9	0	0	0
4973	11798	2	9	0	0	0
4974	11792	2	9	0	0	0
4977	11794	1	9	0	0	0
4978	11795	2	9	0	0	0
4980	11814	2	9	0	0	0
4982	11796	2	9	0	0	0
4983	11797	2	9	0	0	0
4988	11815	2	9	0	0	0
4989	11811	2	9	0	0	0
4990	11813	2	9	0	0	0
4995	9446	8	3	0	0	0
4999	9445	8	3	0	0	0
5002	9100	1	3	0	0	0
5003	9434	8	3	0	0	0
5006	9442	8	3	0	0	0
5007	9604	8	3	0	0	0
5010	9606	8	3	0	0	0
5011	9605	8	3	0	0	0
5012	9438	8	3	0	0	0
5013	9433	8	3	0	0	0
5014	9551	8	3	0	0	0
5016	9435	8	3	0	0	0
5018	16273	1	3	0	0	0
5020	9437	8	3	0	0	0
5021	9440	8	3	0	0	0
5022	9436	8	3	0	0	0
5023	9439	8	3	0	0	0
5056	9444	8	3	0	0	0
5068	9146	8	3	0	0	0
5069	9147	8	3	0	0	0
5070	9149	8	3	0	0	0
5071	9148	8	3	0	0	0
5073	9151	8	3	0	0	0
5075	9158	8	3	0	0	0
5081	16297	1	3	0	0	0
5082	9159	8	3	0	0	0
5083	9160	1	3	0	0	0
5084	16015	8	3	0	0	0
5101	16298	1	3	0	0	0
5116	9150	8	3	0	0	0
5190	19807	1	3	0	0	0
5220	9156	0	10	0	0	0
5221	9152	0	10	0	0	0
5222	9153	0	10	0	0	0
5231	9156	0	10	0	0	2
5238	9152	0	10	0	0	4
5239	9153	0	10	0	0	2
5252	19808	1	3	0	0	0
5308	14448	2	3	0	0	0
5309	19809	1	3	0	0	0
5320	10208	1	3	0	0	0
5587	11786	1	3	0	0	0
5590	11783	1	3	0	0	0
5593	11787	1	3	0	0	0
5597	11790	1	3	0	0	0
5686	9162	8	4	0	0	0
5687	9404	8	4	0	0	0
5688	9161	8	4	0	0	0
5689	9405	8	4	0	0	0
5853	11779	1	3	0	0	0
5874	11782	1	3	0	0	0
5885	11785	1	3	0	0	0
5887	9607	1	3	0	0	0
5895	11788	1	3	0	0	0
5897	11789	1	3	0	0	0
5959	14444	1	3	0	0	0
6100	9427	0	10	0	0	0
6105	9426	1	3	0	0	0
6110	9428	0	10	-8	0	4
6215	10786	1	3	0	0	0
6217	9450	1	3	0	0	0
6220	16490	1	3	0	0	0
6221	9451	1	3	0	0	0
6229	9569	1	3	0	0	0
6286	9561	1	10	0	0	0
6289	11841	1	3	0	0	0
6292	11842	1	3	0	0	0
6293	11849	1	3	0	0	0
6295	11843	1	3	0	0	0
6297	11848	1	3	0	0	0
6310	9510	2	3	0	0	0
6424	9925	2	3	0	0	0
6514	13054	1	3	0	0	0
6559	13039	8	3	0	0	0
6560	13036	8	3	0	0	0
6561	13037	8	3	0	0	0
6562	13033	8	3	0	0	0
6563	13035	8	3	0	0	0
6577	12446	8	3	0	0	0
6578	12445	8	3	0	0	0
6579	12448	8	3	0	0	0
6581	12467	8	3	0	0	0
6582	12465	8	3	0	0	0
6583	12468	8	3	0	0	0
6584	12469	8	3	0	0	0
6586	12464	8	3	0	0	0
6590	12447	8	3	0	0	0
6593	12453	8	3	0	0	0
6596	12452	8	3	0	0	0
6598	12472	2	3	0	0	0
6599	12473	2	3	0	0	0
6600	12474	2	3	0	0	0
6601	12475	2	3	0	0	0
6602	12480	2	3	0	0	0
6603	12481	2	3	0	0	0
6604	12478	2	3	0	0	0
6605	12470	2	3	0	0	0
6606	12484	2	3	0	0	0
6607	12482	2	3	0	0	0
6608	12471	2	3	0	0	0
6609	12490	8	3	0	0	0
6610	12494	8	3	0	0	0
6611	12493	8	3	0	0	0
6612	12491	8	3	0	0	0
6613	12495	8	3	0	0	0
6624	9771	1	3	0	0	0
6634	10216	8	3	0	0	0
6686	14451	1	3	0	0	0
6758	13761	1	3	0	0	0
6767	11930	8	3	0	0	0
6768	13763	2	3	0	0	0
6769	10174	8	3	0	0	0
6771	10175	8	3	0	0	0
6772	10173	8	3	0	0	0
6773	10172	8	3	0	0	0
6776	13762	2	3	0	0	0
6777	11956	5	3	0	0	0
6778	11957	2	3	0	0	0
6779	11960	2	3	0	0	0
6780	11954	2	3	0	0	0
6781	11963	1	3	0	0	0
6782	11965	2	3	0	0	0
6799	13063	8	1	0	0	0
6811	11067	8	3	0	0	0
6812	11066	8	3	0	0	0
6813	11060	8	3	0	0	0
6814	11063	8	3	0	0	0
6815	11055	8	3	0	0	0
6816	11056	8	3	0	0	0
6817	11071	8	3	0	0	0
6818	11070	8	3	0	0	0
6819	16993	8	3	0	0	0
6820	16983	2	3	0	0	0
6821	11031	5	3	0	0	0
6822	11027	2	3	0	0	0
6823	16985	2	3	0	0	0
6824	11026	2	3	0	0	0
6825	11029	2	3	0	0	0
6826	11034	2	3	0	0	0
6827	16982	2	3	0	0	0
6828	16988	2	3	0	0	0
6829	11032	2	3	0	0	0
6830	11030	2	3	0	0	0
6831	16991	2	3	0	0	0
6832	16984	2	3	0	0	0
6833	11033	2	3	0	0	0
6834	11035	2	3	0	0	0
6835	11028	2	3	0	0	0
6836	16992	2	3	0	0	0
6837	16989	2	3	0	0	0
6838	16987	2	3	0	0	0
6839	11036	2	3	0	0	0
6840	16986	2	3	0	0	0
6841	11037	2	3	0	0	0
6854	15216	1	3	0	0	0
6882	10179	8	3	0	0	0
6883	10187	8	3	0	0	0
6885	10178	8	3	0	0	0
6886	13868	1	3	0	0	0
6887	10185	8	3	0	0	0
6888	10182	8	3	0	0	0
6889	10180	8	3	0	0	0
6890	10181	8	3	0	0	0
6891	10184	8	3	0	0	0
6909	9863	2	3	0	0	0
6912	17063	1	3	0	0	0
6913	9864	1	3	0	0	0
7029	17411	1	3	0	0	0
7055	10159	8	5	0	0	0
7057	9980	1	3	0	0	0
7080	10040	2	3	0	0	0
7211	16999	1	3	0	0	0
7216	10771	2	3	0	0	0
7217	10773	1	3	0	0	0
7218	10770	2	3	0	0	0
7219	10769	1	3	0	0	0
7220	10767	1	3	0	0	0
7259	16998	1	3	0	0	0
7285	10483	1	3	0	0	0
7295	10270	8	3	0	0	0
7296	13050	8	3	0	0	0
7297	13046	8	3	0	0	0
7298	10273	8	3	0	0	0
7299	10274	8	3	0	0	0
7461	9889	6	-1	0	0	0
7462	22554	6	-1	0	0	0
7463	9978	6	-1	0	0	0
7501	10463	1	3	0	0	0
7585	9891	1	3	0	0	0
7598	10211	1	3	0	0	0
7753	10120	6	9	0	0	2
7754	10122	6	9	0	0	2
7755	10219	2	9	0	0	2
7756	10218	2	9	0	0	2
7757	10215	2	9	0	0	6
7758	10214	6	9	0	0	2
7762	13818	1	3	0	0	0
7782	10234	8	2.5	0	0	0
7783	10235	8	2.5	0	0	0
7784	10138	8	2.5	0	0	0
7785	10137	8	2.5	0	0	0
7786	10230	8	2.5	0	0	0
7787	10150	8	2.5	0	0	0
7788	10229	8	2.5	0	0	0
7789	10149	8	2.5	0	0	0
7790	10158	8	2.5	0	0	0
7791	10156	8	2.5	0	0	0
7792	10146	8	2.5	0	0	0
7793	10244	8	2.5	0	0	0
7794	10243	8	2.5	0	0	0
7795	10223	8	2.5	0	0	0
7796	10245	8	2.5	0	0	0
7797	10151	8	2.5	0	0	0
7798	10231	8	2.5	0	0	0
7799	10228	8	2.5	0	0	0
7801	10224	8	2.5	0	0	0
7802	10252	8	2.5	0	0	0
7803	10222	8	2.5	0	0	0
7804	10225	8	2.5	0	0	0
7805	10154	8	2.5	0	0	0
7806	10155	8	2.5	0	0	0
7807	10227	8	2.5	0	0	0
7975	10209	1	3	0	0	0
7988	16931	2	3	0	0	0
7991	10464	1	3	0	0	0
7996	10213	1	3	0	0	0
8013	11048	2	9	0	0	0
8014	11076	2	9	0	0	0
8015	11084	2	9	0	0	0
8016	16994	2	9	0	0	0
8017	16995	2	9	0	0	0
8018	11082	2	9	0	0	0
8019	17001	2	9	0	0	0
8020	11075	1	9	0	0	0
8021	17000	2	9	0	0	0
8022	11073	2	9	0	0	0
8023	17002	2	9	0	0	0
8024	11072	2	9	0	0	0
8025	11080	2	9	0	0	0
8026	11079	2	9	0	0	0
8027	11081	2	9	0	0	0
8028	11077	2	9	0	0	0
8031	12007	8	3	0	0	0
8032	12006	8	3	0	0	0
8038	12005	8	3	0	0	0
8041	12004	8	3	0	0	0
8044	10205	1	3	0	0	0
8046	12002	8	3	4	0	-2
8047	12001	8	3	4	0	2
8049	12002	8	3	0	0	0
8050	12001	8	3	0	0	0
8059	10834	1	3	0	0	0
8168	11045	8	3	0	0	0
8173	11047	8	3	0	0	0
8174	10459	8	3	0	0	0
8175	10327	8	3	0	0	0
8176	11092	8	3	0	0	0
8268	10510	1	3	0	0	0
8269	10508	1	3	0	0	0
8270	10507	1	3	0	0	0
8284	17067	1	3	0	0	0
8331	9570	1	3	0	0	0
8339	16294	1	3	0	0	0
8343	19365	2	3	0	0	0
8362	9915	1	3	0	0	0
8384	11058	1	3	0	0	0
8427	12007	8	3	4	0	2
8428	12006	8	3	4	0	2
8433	11107	8	3	0	0	0
8435	12005	8	3	4	0	2
8436	12004	8	3	4	0	2
8446	11802	1	3	0	0	0
8625	10201	1	3	0	0	0
8648	9892	1	3	0	0	0
8708	9595	1	3	0	0	0
8770	14671	1	3	0	0	0
8771	16973	1	3	0	0	0
8775	14659	1	3	0	0	0
8804	13038	8	3	0	0	0
8805	13032	8	3	0	0	0
8806	13029	8	3	0	0	0
8814	13058	8	3	0	0	0
8815	13060	8	3	0	0	0
8816	13049	8	3	0	0	0
8817	13051	8	3	0	0	0
8818	10272	8	3	0	0	0
8819	13040	8	3	0	0	0
8820	13042	8	3	0	0	0
8821	13053	8	1	0	0	0
8822	13061	8	3	0	0	0
8824	13047	8	1	0	0	0
8825	10271	8	3	0	0	0
8843	14455	1	3	0	0	0
8901	9935	1	3	0	0	0
8915	14429	2	3	0	0	0
8933	13622	1	3	0	0	0
8941	13631	1	3	0	0	0
8946	13630	0	3	0	0	0
9075	14118	1	3	0	0	0
9090	14430	2	3	0	0	0
9091	14447	2	3	0	0	0
9092	14431	2	3	0	0	0
9093	14446	1	3	0	0	0
9094	14450	2	3	0	0	0
9095	14457	1	3	0	0	0
9096	14458	1	3	0	0	0
9097	14462	2	3	0	0	0
9098	14453	1	3	0	0	0
9099	14461	1	3	0	0	0
9100	14463	2	3	0	0	0
9101	14464	1	3	0	0	0
9126	14465	1	3	0	0	0
9127	14467	1	3	0	0	0
9150	14440	1	3	0	0	0
9151	14445	1	3	0	0	0
9333	14845	1	3	0	0	0
9334	14850	1	3	0	0	0
9431	14460	1	3	0	0	0
9438	1641	1	3	0	0	0
9453	20153	1	3	0	0	0
9517	15217	2	3	0	0	0
9518	15218	2	3	0	0	0
9519	15211	8	3	0	0	0
9520	15215	2	3	0	0	0
9522	15212	8	3	0	0	0
9523	15214	8	3	0	0	0
9528	16292	1	3	0	0	0
9661	16924	1	3	0	0	0
9683	9552	1	3	0	0	0
9686	9553	1	3	0	0	0
9692	9554	1	3	0	0	0
9716	11804	2	3	0	0	0
9737	17362	2	3	0	0	0
9773	17245	6	-1	0	0	0
9774	17246	6	-1	0	0	0
9775	17248	6	-1	0	0	0
9963	17427	2	10	0	0	0
9964	17427	2	10	0	0	0
10002	9417	2	3	0	0	0
10006	16491	1	3	0	0	0
10091	9421	2	3	0	0	0
10108	10253	8	2.5	0	0	0
10109	10226	8	2.5	0	0	0
10118	10242	8	3	0	0	0
10121	10153	8	3	0	0	0
10133	17004	1	3	0	0	0
10135	13626	1	3	0	0	0
10138	11057	8	3	0	0	0
10139	11059	8	3	0	0	0
10140	11068	8	3	0	0	0
10141	11069	8	3	0	0	0
10147	9415	1	3	0	0	0
10148	9414	8	3	0	0	0
10163	11780	1	3	0	0	0
10184	12454	8	3	0	0	0
10186	12466	8	3	0	0	0
10193	11770	1	3	0	0	0
10199	11803	1	3	0	0	0
10200	9441	8	3	0	0	0
10216	13052	8	3	0	0	0
10217	13064	8	3	0	0	0
10227	9893	2	3	0	0	0
10231	10186	1	3	0	0	0
10237	20129	1	3	0	0	0
10312	9890	1	3	0	0	0
10323	13720	1	3	0	0	0
10351	12691	1	4.5	-2	0	4
10365	16019	1	3	0	0	0
10367	12691	1	3	0	0	0
10381	13985	1	3	0	0	0
10382	13986	2	3	0	0	0
10396	8052	2	3	0	0	0
10399	8051	2	3	0	0	0
10404	8050	1	3	0	0	0
10407	7858	1	3	0	0	0
10408	12690	1	3	0	0	0
10412	8828	1	3	0	0	0
10415	16017	1	3	0	0	0
10424	15068	8	3	0	0	0
10439	8043	1	3	0	0	0
10460	8041	1	3	0	0	0
10468	8042	1	10	0	0	0
10496	7928	1	3	0	0	0
10500	7931	1	3	0	0	0
10525	8459	1	3	0	0	0
10578	13987	2	3	0	0	0
10579	13996	2	3	0	0	0
10581	14905	1	3	0	0	0
10653	13995	1	3	0	0	0
10655	13994	2	3	0	0	0
10707	10851	1	3	-2	0	4
10708	10851	1	3	2	0	4
10710	10851	1	3	0	0	0
10730	7929	1	3	0	0	0
10772	13732	1	3	0	0	0
10774	13734	1	3	0	0	0
10775	10835	1	3	0	0	0
10815	10904	1	3	0	0	0
10825	10836	1	3	0	0	0
10853	8039	2	10	0	0	0
10854	8040	2	10	0	0	0
10855	8037	2	10	0	0	0
10858	8038	5	10	0	0	0
10879	14062	1	3	0	0	0
10900	8827	1	3	0	0	0
10914	13997	2	3	0	0	0
10927	8053	1	3	0	0	0
10934	13773	8	3	2	0	4
10935	8878	1	3	0	0	0
10938	13872	8	3	2	0	4
10939	13904	2	3	0	0	0
10940	8884	1	3	0	0	0
10944	13765	1	3	0	0	0
10954	15003	1	3	0	0	0
10991	8776	1	3	0	0	0
11008	8005	1	3	0	0	0
11009	10832	1	3	0	0	0
11027	16156	1	3	0	0	0
11041	10888	1	3	0	0	0
11092	16051	1	3	0	0	0
11100	13884	1	3	0	0	0
11153	13695	2	3	0	0	0
11214	13773	8	3	0	0	0
11215	13872	8	3	0	0	0
11216	13896	1	3	0	0	0
11220	13773	8	3	-2	0	4
11224	13872	8	3	-2	0	4
11225	13921	1	3	0	0	0
11226	13783	2	3	0	0	0
11275	13897	2	3	0	0	0
11285	12689	1	3	0	0	0
11339	13923	2	10	0	0	0
11352	14114	1	3	0	0	0
11363	13973	0	3	0	0	0
11364	13988	0	3	0	0	0
11365	13992	1	3	0	0	0
11367	8885	1	3	0	0	0
11413	13722	1	3	0	0	0
11420	14059	1	3	0	0	0
11421	14060	2	2.40039	0	0	0
11422	14061	2	2.40039	0	0	0
11424	14066	1	2.40039	0	0	0
11431	13654	1	3	0	0	0
11433	14115	2	10	0	0	0
11503	16018	1	3	0	0	0
11536	13871	1	3	0	0	0
11541	8826	1	3	0	0	0
11549	10822	1	3	0	0	0
11590	5119	1	3	0	0	0
11601	3906	1	3	0	0	0
11642	10754	1	3	0	0	0
11661	4031	1	3	0	0	0
11665	5944	8	4	0	0	0
11669	5943	8	4	0	0	0
11673	17806	1	3	0	0	0
11680	5027	8	3	0	0	0
11728	10892	8	3	0	0	0
11729	19223	8	3	0	0	0
11731	10895	8	3	0	0	0
11733	19225	8	3	0	0	0
11734	10896	8	3	0	0	0
11736	10899	8	3	0	0	0
11737	10897	8	3	0	0	0
11738	10901	8	3	0	0	0
11741	10903	8	3	0	0	0
11742	10898	8	3	0	0	0
11743	10905	8	3	0	0	0
11744	10906	8	3	0	0	0
11745	10908	8	3	0	0	0
11746	10907	8	3	0	0	0
11749	9736	1	3	0	0	0
11751	4873	1	3	0	0	0
11754	4185	1	3	0	0	0
11755	14900	2	3	0	0	2
11756	14899	2	3	0	0	2
11757	14901	2	3	0	0	2
11758	14902	2	3	0	0	2
11759	14974	2	3	0	0	2
11760	14972	2	3	0	0	2
11761	14971	2	3	0	0	2
11762	14973	2	3	0	0	2
11788	10979	8	3	0	0	0
11789	10975	8	3	0	0	0
11790	10980	8	3	0	0	0
11791	10974	8	3	0	0	0
11793	10981	8	3	0	0	0
11798	10982	8	3	0	0	0
11803	10983	8	3	0	0	0
11804	10984	8	3	0	0	0
11805	10978	8	3	0	0	0
11835	4828	1	3	0	0	0
11973	5029	4	9	0	0	0
11978	4155	2	9	0	0	0
11980	4156	2	9	0	0	0
11982	4161	2	9	0	0	0
11993	1453	1	3	0	0	0
12002	5029	4	9	-4	0	-4
12033	4155	2	9	0	0	2
12034	4153	2	9	0	0	4
12035	4156	2	9	0	0	2
12043	4157	2	9	0	0	4
12044	4161	2	9	0	0	2
12071	10757	8	3	0	0	0
12072	10755	8	3	0	0	0
12074	10752	8	3	0	0	0
12075	10756	8	3	0	0	0
12087	5026	4	3	0	0	0
12120	4779	6	-1	0	0	0
12121	4784	6	-1	0	0	0
12122	4145	6	-1	0	0	0
12123	4785	6	-1	0	0	0
12166	4801	1	3	0	0	0
12169	10847	8	3	0	0	0
12170	10846	8	3	0	0	0
12171	10845	8	3	0	0	0
12173	10844	8	3	0	0	0
12174	10842	8	3	0	0	0
12242	4246	1	3	0	0	0
12243	4247	1	3	0	0	0
12312	3892	1	3	0	0	0
12367	4245	1	3	0	0	0
12370	4244	1	3	0	0	0
12393	5104	1	3	0	0	0
12432	10570	1	3	0	0	0
12521	4786	1	3	0	0	0
12523	4930	1	3	0	0	0
12561	4787	1	3	0	0	0
12580	6187	8	3	0	0	0
12581	6188	8	3	0	0	0
12630	9176	0	10	0	0	0
12634	1452	1	3	0	0	0
12668	6025	1	3	0	0	0
12669	6026	1	3	0	0	0
12670	6023	1	3	0	0	0
12671	6024	1	3	0	0	0
12672	6041	1	3	0	0	0
12673	6042	1	3	0	0	0
12674	6040	1	3	0	0	0
12721	10526	8	3	0	0	0
12722	10529	8	3	0	0	0
12723	10525	8	3	0	0	0
12761	11229	1	3	0	0	0
12774	10526	8	3	-4	0	2
12775	10529	8	3	-4	0	2
12776	10525	8	3	-4	0	2
12810	14778	8	3	0	0	2
12813	14779	8	3	0	0	2
12821	14780	8	3	0	0	2
12823	14785	1	3	0	0	0
12825	14786	1	3	0	0	0
12859	14784	2	3	0	0	0
12861	14777	1	3	0	0	0
12863	14787	8	3	0	0	0
12874	6086	8	3	0	0	0
12880	6088	8	3	0	0	0
12884	19286	8	3	0	0	0
12885	6115	8	3	0	0	0
12936	5014	1	3	0	0	0
12980	10964	2	10	0	0	0
12984	10962	2	10	0	0	0
12986	10959	2	10	0	0	0
12989	10958	2	10	0	0	0
12991	10960	2	10	0	0	0
12992	10957	2	10	0	0	0
12993	10953	2	10	0	0	0
12995	10954	2	10	0	0	0
12997	10956	2	10	0	0	0
12999	10955	2	10	0	0	0
13003	4913	1	3	0	0	0
13049	4777	1	3	0	0	0
13050	6302	2	6	0	0	0
13051	6675	1	3	0	0	0
13057	4877	1	3	0	0	0
13112	4834	1	3	0	0	0
13123	5462	1	3	0	0	0
13127	6560	1	3	0	0	0
13147	5031	1	3	0	0	0
13157	4893	1	3	0	0	0
13179	4821	1	3	0	0	0
13210	22161	1	3	0	0	0
13227	4829	1	3	0	0	0
13243	4846	3	3	0	0	0
13282	19277	1	3	0	0	0
13285	5842	1	3	0	0	0
13287	4818	1	3	0	0	0
13403	6112	1	3	0	0	0
13410	5117	1	3	0	0	0
13438	1509	1	3	0	0	0
13477	14764	1	3	0	0	0
13480	14765	1	3	0	0	0
13508	14783	1	3	0	0	0
13512	6260	1	3	0	0	0
13591	14684	1	3	0	0	0
13592	14685	8	3	0	0	0
13594	14682	8	3	0	0	0
13595	14683	8	3	0	0	0
13596	19232	8	3	0	0	0
13597	5008	5	30	0	0	0
13598	5007	2	30	0	0	0
13599	5006	5	30	0	0	0
13600	5004	2	30	0	0	0
13601	5001	5	30	0	0	0
13602	4998	2	30	0	0	0
13603	5005	2	30	0	0	0
13604	4996	2	30	0	0	0
13672	19097	1	3	0	0	0
13684	11221	1	3	0	0	0
13690	5035	0	3	0	0	0
13691	5036	0	3	0	0	0
13704	4917	1	3	0	0	0
13973	5436	1	3	0	0	0
13985	4348	2	3	0	0	0
14029	14725	8	3	0	0	0
14030	14726	8	3	-2	0	4
14031	14727	8	3	0	0	0
14039	14732	1	3	0	0	0
14041	14730	8	3	0	0	0
14042	14727	8	3	-2	0	4
14043	14731	8	3	-2	0	4
14044	14725	8	3	-2	0	4
14049	14730	8	3	-2	0	4
14055	19105	1	3	0	0	0
14160	5845	2	-1	0	0	0
14161	5846	2	-1	0	0	0
14235	6080	1	3	0	0	0
14314	4908	1	3	0	0	0
14463	5838	2	3	0	0	0
14467	5482	1	3	0	0	0
14470	5522	1	3	0	0	0
14477	5521	1	3	0	0	0
14478	5524	1	3	0	0	0
14479	5523	1	3	0	0	0
14481	18959	2	3	0	0	0
14570	16489	1	3	0	0	0
14571	11165	1	3	0	0	0
14665	14964	2	3	0	0	0
14667	6181	1	3	0	0	0
14690	11263	8	3	0	0	0
14694	6046	1	3	0	0	0
14707	14763	8	3	0	0	2
14712	4778	1	3	0	0	0
14722	4749	2	3	0	0	0
14723	1540	1	3	0	0	0
14744	19278	1	3	0	0	0
14749	4750	1	3	0	0	0
14755	10541	8	3	0	0	0
14756	10543	8	3	0	0	0
14757	10542	8	3	0	0	0
14758	10548	8	3	0	0	0
14759	10552	8	3	0	0	0
14760	10549	8	3	0	0	0
14761	10546	8	3	0	0	0
14762	10537	8	3	0	0	0
14763	10538	8	3	0	0	0
14764	10540	8	3	0	0	0
14765	10544	8	3	0	0	0
14767	10550	8	3	0	0	0
14768	10539	8	3	0	0	0
14780	4315	1	3	0	0	0
14786	14962	2	3	0	0	0
14849	14963	2	3	0	0	0
14893	4907	1	3	0	0	0
15025	14762	8	3	0	0	0
15030	10562	8	3	0	0	0
15031	10563	8	3	0	0	0
15032	19308	8	3	0	0	0
15034	10565	8	3	0	0	0
15035	19307	8	3	0	0	0
15036	10556	8	3	0	0	0
15037	10555	8	3	0	0	0
15111	4193	1	3	0	0	0
15233	6249	1	3	0	0	0
15237	6250	1	3	0	0	0
15238	6251	1	3	0	0	0
15241	6248	1	3	0	0	0
15242	6244	1	3	0	0	0
15243	10909	1	3	0	0	0
15252	5115	2	3	0	0	0
15271	10874	8	3	0	0	0
15272	10860	8	3	0	0	0
15273	10858	8	3	0	0	0
15274	10855	8	3	0	0	0
15275	10854	8	3	0	0	0
15276	10856	8	3	0	0	0
15277	10853	1	3	0	0	0
15278	10872	1	3	0	0	0
15285	6252	1	3	0	0	0
15286	6253	1	3	0	0	0
15287	6245	1	3	0	0	0
15288	6246	1	3	0	0	0
15293	6247	1	3	0	0	0
15382	6279	2	10	0	0	0
15383	6275	2	10	0	0	0
15384	6276	2	10	0	0	0
15385	6278	1	3	0	0	0
15388	4358	2	3	0	0	0
15427	19276	1	3	0	0	0
15434	19270	1	3	0	0	0
15442	19258	1	3	0	0	0
15443	19261	1	3	0	0	0
15444	14711	8	3	0	0	0
15445	14716	8	3	0	0	0
15446	4357	2	3	0	0	0
15447	19265	2	3	0	0	0
15448	19266	1	3	0	0	0
15449	14715	8	3	0	0	0
15450	19259	0	10	0	0	0
15453	19264	1	3	0	0	0
15454	6285	1	3	0	0	0
15455	9752	2	3	0	0	0
15459	19271	0	10	0	0	0
15460	19272	2	3	0	0	0
15462	19275	0	10	0	0	0
15464	19274	1	3	0	0	0
15465	19268	1	3	0	0	0
15467	19260	1	3	0	0	0
15468	19273	0	10	0	0	0
15469	14722	1	3	0	0	0
15470	14723	8	3	0	0	0
15568	11239	1	3	0	0	0
15571	14754	8	3	0	0	2
15633	6637	8	3	0	0	0
15634	6641	8	3	0	0	0
15635	6640	8	3	0	0	0
15636	6646	8	3	0	0	0
15638	6642	8	3	0	0	0
15640	6643	8	3	0	0	0
15642	6638	8	3	0	0	0
15643	6644	8	3	0	0	0
15663	5107	2	3	0	0	0
16213	5144	1	3	0	0	0
16328	10571	1	3	0	0	0
16339	19099	8	3	0	0	0
16379	10818	8	3	0	0	0
16393	11223	1	3	0	0	0
16410	4627	2	3	0	0	0
16445	4991	2	3	0	0	0
16454	5111	2	3	0	0	0
16605	11328	1	3	0	0	0
16607	10970	1	3	0	0	0
16664	4802	1	3	0	0	0
16670	4875	1	3	0	0	0
16671	4796	1	3	0	0	0
16684	4182	1	3	0	0	0
16802	6086	8	3	-4	0	2
16813	6088	8	3	-4	0	2
16817	19286	8	3	-4	0	2
16818	6115	8	3	0	0	2
16930	14961	2	3	0	0	0
16933	5477	1	3	0	0	0
16998	16310	1	3	0	0	0
17003	16367	8	2.5	0	0	0
17032	4874	1	3	0	0	0
17209	19269	1	3	0	0	0
17224	4833	2	3	0	0	0
17289	10988	1	3	0	0	0
17290	19397	8	3	0	0	0
17291	4011	1	3	0	0	0
17401	6239	1	3	0	0	0
17402	19419	1	-1	0	0	0
17405	19418	1	-1	0	0	0
17408	19417	1	-1	0	0	0
17409	19416	1	-1	0	0	0
17462	3907	1	3	0	0	0
17527	6087	8	3	0	0	0
17540	14708	8	3	0	0	0
17541	14714	8	3	0	0	0
17542	14710	8	3	0	0	0
17543	14709	8	3	0	0	0
17544	5028	8	3	0	0	0
17568	10758	8	3	0	0	0
17570	10753	8	3	0	0	0
17578	10551	8	3	0	0	0
17579	10545	8	3	0	0	0
17582	19098	8	3	0	0	0
17583	5016	1	3	0	0	0
17585	6097	1	3	0	0	0
17591	5824	8	3	0	0	0
17592	5823	8	3	0	0	0
17610	6192	8	3	0	0	0
17636	10561	8	3	0	0	0
17641	5015	1	3	0	0	0
17644	10841	8	3	0	0	0
17646	10843	8	3	0	0	0
17652	10875	8	3	0	0	0
17653	10862	8	3	0	0	0
17654	10857	8	3	0	0	0
17655	10852	8	3	0	0	0
17656	10859	8	3	0	0	0
17657	10873	8	3	0	0	0
17658	10871	8	3	0	0	0
17659	10861	8	3	0	0	0
17669	3911	1	3	0	0	0
17697	4872	1	3	0	0	0
17699	4187	1	3	0	0	0
17713	10573	8	3	0	0	0
17714	10574	8	3	0	0	0
17715	10572	8	3	0	0	0
17716	10580	8	3	0	0	0
17717	10578	8	3	0	0	0
17718	10582	8	3	0	0	0
17719	10576	8	3	0	0	0
17720	10579	8	3	0	0	0
17721	10575	8	3	0	0	0
17722	10577	8	3	0	0	0
17723	10581	8	3	0	0	0
17784	3912	1	3	0	0	0
17852	4188	1	3	0	0	0
17858	22541	8	3	0	0	0
17859	22542	8	3	0	0	0
17860	22543	8	3	0	0	0
17889	4793	1	3	0	0	0
17915	22539	1	3	0	0	0
17932	22540	8	3	0	0	0
17936	22538	8	3	0	0	0
17960	5507	2	3	0	0	0
17966	9348	1	3	0	0	0
17991	3142	1	3	0	0	0
18028	2783	1	3	0	0	0
18040	3123	1	3	0	0	0
18047	2902	1	3	0	0	0
18049	3881	2	3	0	0	0
18050	2818	0	10	0	0	0
18051	2832	0	10	0	0	0
18052	3361	1	3	0	0	0
18053	2836	0	10	0	0	0
18058	2903	1	3	0	0	0
18073	15022	8	3	0	0	0
18076	15016	8	3	0	0	0
18077	15017	8	3	0	0	0
18079	15019	8	3	0	0	0
18081	15018	8	3	0	0	0
18082	15023	8	3	0	0	0
18083	15020	8	3	0	0	0
18088	15021	8	3	0	0	0
18091	15024	8	3	0	0	0
18092	2918	8	3	0	0	0
18109	2787	8	3	0	0	0
18111	2810	2	10	0	0	0
18114	2785	8	3	0	0	0
18122	2784	2	3	0	0	0
18142	3222	1	3	0	0	0
18143	6916	8	3	0	0	0
18144	6917	8	3	0	0	0
18146	15041	8	3	0	0	0
18147	15040	8	3	0	0	0
18148	6915	8	3	0	0	0
18149	15038	8	3	0	0	0
18151	15033	8	3	0	0	0
18152	6914	8	3	0	0	0
18154	3218	1	3	0	0	0
18162	5509	2	3	0	0	0
18177	3377	1	3	0	0	0
18193	3214	1	3	0	0	0
18203	3520	1	3	0	0	0
18207	3433	1	3	0	0	0
18210	3229	1	3	0	0	0
18212	3139	1	3	0	0	0
18213	3219	1	3	0	0	0
18214	3237	0	10	0	0	0
18215	3225	1	3	0	0	0
18221	3108	1	3	0	0	0
18237	3140	1	3	0	0	0
18243	2816	2	3	0	0	0
18252	3148	1	3	0	0	0
18320	3209	2	3	0	0	0
18348	4862	2	3	0	0	0
18349	2900	1	3	0	0	0
18376	3144	1	3	0	0	0
18387	10824	1	3	0	0	0
18388	3458	1	3	0	0	0
18417	3363	1	3	0	0	0
18422	3362	1	3	0	0	0
18427	3360	1	3	0	0	0
18445	3873	0	30	0	0	0
18446	3916	0	30	0	0	0
18447	3915	0	30	0	0	0
18461	2974	1	3	0	0	0
18488	3164	1	3	0	0	0
18530	2819	2	3	0	0	0
18531	4856	1	3	0	0	0
18532	4857	1	3	0	0	0
18535	3158	1	3	0	0	0
18536	4086	1	3	0	0	0
18537	3163	1	3	0	0	0
18547	3942	1	3	0	0	0
18554	3489	1	3	0	0	0
18566	3462	1	3	0	0	0
18569	3143	1	3	0	0	0
18584	2895	1	3	0	0	0
18603	3246	1	3	0	0	0
18605	3191	1	3	0	0	0
18610	2894	1	3	0	0	0
18614	2909	2	3	0	0	0
18633	3491	1	3	0	0	0
18658	2810	2	10	0	0	0
18662	3352	2	3	0	0	0
18665	22370	2	6.5	0	0	0
18666	22371	2	6.5	0	0	0
18667	22372	2	6.5	0	0	0
18668	22368	2	6.5	0	0	0
18669	22367	2	6.5	0	0	0
18670	22369	2	6.5	0	0	0
18671	22365	2	6.5	0	0	0
18672	22366	2	6.5	0	0	0
18673	22364	2	6.5	0	0	0
18674	22377	2	6.5	0	0	0
18675	22376	2	6.5	0	0	0
18676	22378	2	6.5	0	0	0
18677	22373	2	6.5	0	0	0
18678	22374	2	6.5	0	0	0
18679	22375	2	6.5	0	0	0
18688	2905	2	3	0	0	0
18707	5453	1	3	0	0	0
18708	5451	1	3	0	0	0
18709	5452	1	3	0	0	0
18715	5120	1	3	0	0	0
18738	14572	1	3	0	0	0
18756	5717	2	-1	0	0	0
18785	1640	1	3	0	0	0
18795	5446	1	3	0	0	0
18796	6129	1	3	0	0	0
18801	14617	1	3	0	0	0
18813	14577	1	3	0	0	0
18823	22858	1	3	0	0	0
18836	5775	0	3	0	0	0
18843	5716	2	-1	0	0	0
18850	5715	2	-1	0	0	0
18852	6044	2	9	0	0	0
18860	5445	1	3	0	0	0
18871	20342	2	-1	0	0	0
18883	5790	3	10	0	0	0
18884	5800	3	10	0	0	0
18886	7406	0	3	0	0	0
18899	9866	2	3	0	0	0
18938	5803	0	3	0	0	0
18941	22053	1	3	0	0	0
18949	13641	1	3	0	0	0
18954	14623	1	3	0	0	0
18961	6083	2	3	0	0	0
18974	14629	2	3	-4	0	2
18975	21494	1	3	0	0	0
18981	14628	2	3	-4	0	2
18997	21270	1	3	0	0	0
19009	5459	1	3	0	0	0
19011	22170	1	3	0	0	0
19012	21267	1	3	0	0	0
19024	22092	1	3	0	0	0
19031	14622	8	3	-4	0	2
19040	17531	1	3	0	0	0
19076	21269	1	3	0	0	0
19097	14588	3	3	0	0	0
19106	14586	3	3	0	0	0
19115	14581	3	3	0	0	0
19118	14587	0	3	0	0	0
19152	17403	3	3	0	0	0
19161	14634	1	3	0	0	0
19169	14635	1	3	0	0	0
19195	14636	1	3	0	0	0
19199	14637	1	3	0	0	0
19426	14639	2	3	0	0	0
19442	14664	1	3	0	0	0
19474	14691	1	3	0	0	0
19488	14674	0	3	0	0	0
19505	16867	2	3	0	0	0
19506	16868	2	3	0	0	0
19507	16870	2	3	0	0	0
19508	16869	2	3	0	0	0
19562	9867	1	3	0	0	0
19574	14681	2	3	0	0	0
19583	14690	1	3	0	0	0
19661	1455	1	3	0	0	0
19662	16866	6	-1	0	0	0
19666	16901	2	3	0	0	0
19686	13639	1	3	0	0	0
19702	17404	0	3	0	0	0
19703	17404	0	3	-2	0	4
19704	17404	0	3	2	0	4
19705	17401	0	3	0	0	0
19710	17414	0	3	0	0	0
19716	17441	2	3	0	0	0
19728	16823	1	3	0	0	0
19764	17429	3	3	0	0	0
19767	17673	6	-1	0	0	0
19769	21268	1	3	0	0	0
19977	14689	1	3	0	0	0
19989	20110	2	10	0	0	0
20232	22091	1	3	0	0	0
20494	21511	1	3	0	0	0
20539	19669	2	3	0	0	0
20572	13642	1	3	0	0	0
20575	22168	2	3	0	0	0
20677	10534	2	3	0	0	0
20687	10532	2	3	0	0	0
20749	5576	2	3	0	0	0
20867	17298	8	3	0	0	0
20871	17293	8	3	0	0	0
20956	17368	8	3	0	0	0
20958	17365	8	3	0	0	0
20959	17367	8	3	0	0	0
20961	17361	8	3	0	0	0
20962	17380	8	3	0	0	0
20963	17375	8	3	0	0	0
20964	17374	8	3	0	0	0
21011	17420	8	3	0	0	0
21021	13980	1	3	0	0	0
21025	17410	8	3	0	0	0
21026	17412	8	3	0	0	0
21028	17396	8	3	0	0	0
21029	17393	8	3	0	0	0
21030	17392	8	3	0	0	0
21032	12083	2	-1	0	0	0
21033	12086	2	-1	0	0	0
21039	6194	1	3	0	0	0
21040	5574	2	3	0	0	0
21044	17372	1	3	0	0	0
21105	5924	1	3	0	0	0
21118	17104	1	3	0	0	0
21244	6160	1	3	0	0	0
21250	5615	1	3	0	0	0
21251	6193	2	3	0	0	0
21257	5457	1	3	0	0	0
21333	17369	1	3	0	0	0
21385	6048	0	-1	0	0	0
21386	5475	0	-1	0	0	0
21506	5850	2	3	0	0	0
21573	7591	1	3	0	0	0
21578	6070	1	3	0	0	0
21580	6143	1	3	0	0	0
21597	5586	2	3	0	0	0
21602	6211	1	3	0	0	0
21603	6213	1	3	0	0	0
21604	6212	1	3	0	0	0
21612	5976	1	3	0	0	0
21613	6138	2	3	0	0	0
21679	5821	2	3	0	0	0
21680	5690	2	3	0	0	0
21681	5820	2	3	0	0	0
21682	5822	2	3	0	0	0
21728	5834	2	3	0	0	0
21779	6095	1	3	0	0	0
21791	5852	2	3	0	0	0
21815	17405	8	3	0	0	0
21831	6011	1	3	0	0	0
21841	5994	1	3	0	0	0
21846	6019	1	3	0	0	0
21896	6009	1	3	0	0	0
21907	12087	2	-1	0	0	0
21908	12084	2	-1	0	0	0
21909	20332	2	-1	0	0	0
21910	20335	2	-1	0	0	0
21911	20331	2	-1	0	0	0
21912	20334	2	-1	0	0	0
21913	20318	2	-1	0	0	0
21914	20319	2	-1	0	0	0
21915	20320	2	-1	0	0	0
21923	7590	1	3	0	0	0
21925	6159	0	3	0	0	0
21926	6162	0	3	0	0	0
21927	6158	0	3	0	0	0
21928	6153	0	3	0	0	0
21929	6154	0	3	0	0	0
21930	6148	0	3	0	0	0
21933	6159	0	3	0	0	0
21934	6157	0	3	0	0	0
21935	6147	0	3	0	0	0
21936	6151	0	3	0	0	0
21937	6156	0	3	0	0	0
21938	6163	0	3	0	0	0
21939	6149	0	3	0	0	0
21940	6089	1	3	0	0	0
21941	6152	0	3	0	0	0
21942	6146	0	3	0	0	0
21943	6155	0	3	0	0	0
21944	6164	0	3	0	0	0
21945	6162	0	3	0	0	0
21985	6140	0	3	0	0	0
21986	6139	0	10	0	0	0
21992	6198	2	3	0	0	0
21996	6199	2	3	0	0	0
22007	6142	3	3	0	0	0
22013	6071	1	3	0	0	0
22025	12176	3	3	0	0	0
22026	12177	0	3	0	0	0
22029	6144	0	30	0	0	0
22031	1497	1	3	0	0	0
22033	6178	0	1.5	0	0	0
22037	6214	2	3	0	0	0
22067	6616	1	3	0	0	0
22121	6682	1	3	0	0	0
22132	10488	2	3	0	0	0
22145	6304	1	3	0	0	0
22157	6307	1	3	0	0	0
22190	6288	1	3	0	0	0
22227	12249	8	3	0	0	0
22228	12248	8	3	0	0	0
22229	12247	8	3	0	0	0
22230	12250	8	3	0	0	0
22246	12219	8	3	0	0	0
22247	12220	8	3	0	0	0
22248	12222	8	3	0	0	0
22249	12218	8	3	0	0	0
22250	12223	8	3	0	0	0
22280	12208	8	3	0	0	0
22281	12209	8	3	0	0	0
22282	12210	8	3	0	0	0
22283	12212	8	3	0	0	0
22284	12211	8	3	0	0	0
22285	12214	8	3	0	0	0
22286	12215	8	3	0	0	0
22287	12216	8	3	0	0	0
22288	12213	8	3	0	0	0
22433	6617	1	3	0	0	0
22437	6612	1	3	0	0	0
22438	19376	1	3	0	0	0
22486	12233	8	3	0	0	0
22489	12237	8	3	0	0	0
22491	12230	8	3	0	0	0
22607	6491	2	5	0	0	0
22608	6497	2	5	0	0	0
22609	6493	2	5	0	0	0
22610	6494	2	5	0	0	0
22611	6495	2	5	0	0	0
22612	6496	5	5	0	0	0
22613	6508	2	5	0	0	0
22614	6509	2	5	0	0	0
22615	6515	5	5	0	0	0
22616	6498	1	5	0	0	0
22617	6499	2	5	0	0	0
22618	6500	1	5	0	0	0
22619	6502	2	5	0	0	0
22620	6501	2	5	0	0	0
22621	6333	2	5	0	0	0
22622	6512	5	5	0	0	0
22623	6513	2	5	0	0	0
22624	6511	5	5	0	0	0
22625	6514	2	5	0	0	0
22626	6664	2	5	0	0	0
22629	6505	5	5	0	0	0
22630	6504	1	5	0	0	0
22632	6503	5	5	0	0	0
22635	6506	2	5	0	0	0
22651	6519	2	5	0	0	0
22652	6334	5	5	0	0	0
22654	6518	5	5	0	0	0
22655	6517	2	5	0	0	0
22656	6516	2	5	0	0	0
22831	6490	1	3	0	0	0
22838	6309	1	3	0	0	0
22839	6287	1	3	0	0	0
22894	6332	1	3	0	0	0
22967	6575	2	2.5	0	0	0
22969	6445	1	3	0	0	0
23186	6607	1	3	0	0	0
23188	11288	1	3	0	0	0
23206	6358	1	3	0	0	0
23392	6571	3	-1	0	0	0
23525	12254	8	3	0	0	0
23526	12253	8	3	0	0	0
23527	12255	8	3	0	0	0
23528	12256	8	3	0	0	0
23529	12252	8	3	0	0	0
23530	12251	8	3	0	0	0
23568	6389	1	3	0	0	0
23583	5468	1	3	0	0	0
23621	6447	1	3	0	0	0
23627	6580	1	3	0	0	0
23628	6581	1	3	0	0	0
23629	6578	1	3	0	0	0
23630	6579	1	3	0	0	0
23631	6576	1	3	0	0	0
23632	6577	2	3	0	0	0
23633	6586	2	3	0	0	0
23634	6585	1	3	0	0	0
23706	6584	1	3	0	0	0
23707	6402	1	3	0	0	0
23712	6602	1	3	0	0	0
23713	6404	1	3	0	0	0
23716	6326	1	3	0	0	0
23739	6609	2	3	0	0	0
23748	12089	3	3	0	0	0
23749	12074	3	3	0	0	0
23750	6635	2	3	0	0	0
23753	6647	6	-1	0	0	0
23759	6655	0	10	0	0	0
23761	6290	1	3	0	0	0
23763	6636	2	3	0	0	0
23769	6662	3	3	0	0	0
23785	6793	2	3	0	0	0
23787	6795	2	3	0	0	0
23788	6794	2	3	0	0	0
23797	6906	2	3	0	0	0
23861	6770	1	3	0	0	0
23866	1532	1	3	0	0	0
24080	6686	2	2.25	0	0	0
24147	17499	8	2.69922	0	0	0
24150	17501	8	2.69922	0	0	0
24151	17500	8	2.69922	0	0	0
24156	17499	8	2.69922	-4	0	2
24159	17501	8	2.69922	-4	0	2
24160	17500	8	2.69922	-4	0	2
24188	6802	2	3	0	0	0
24189	17487	8	3	0	0	0
24190	17491	8	3	0	0	0
24191	6798	2	3	0	0	0
24192	17497	8	3	0	0	0
24193	17484	8	3	0	0	0
24194	17495	8	3	0	0	0
24195	17498	8	3	0	0	0
24196	17520	1	3	0	0	0
24197	17521	1	3	0	0	0
24198	17519	1	3	0	0	0
24199	17522	8	3	0	0	0
24314	7096	2	3	0	0	0
24350	17535	8	3	0	0	0
24351	17539	8	3	0	0	0
24376	17554	8	3	0	0	0
24377	17553	8	3	0	0	0
24378	17563	8	3	0	0	0
24379	17557	8	3	0	0	0
24380	17559	8	3	0	0	0
24381	17558	8	3	0	0	0
24382	17560	8	3	0	0	0
24383	17566	8	3	0	0	0
24384	17565	8	3	0	0	0
24385	17569	8	3	0	0	0
24387	7459	1	3	0	0	0
24389	17568	8	3	0	0	0
24396	12160	0	3	0	0	0
24399	14688	8	3	0	0	0
24400	14721	8	3	0	0	0
24751	14692	8	4	0	0	0
24756	14693	1	3	0	0	0
24859	6962	8	3	0	0	0
24860	10688	1	3	0	0	0
24903	6994	6	-1	0	0	0
24904	6993	6	-1	0	0	0
24906	6996	6	-1	0	0	0
24907	6995	6	-1	0	0	0
24911	7024	2	3	0	0	0
24914	7101	2	3	0	0	0
24916	7020	2	3	0	0	0
24922	6997	1	3	0	0	0
24924	6998	1	3	0	0	0
24925	7095	2	3	0	0	0
24927	7022	1	3	0	0	0
24929	7014	2	3	0	0	0
24935	6999	1	3	0	0	0
24936	7000	1	3	0	0	0
24954	7009	1	3	0	0	0
24957	1498	1	3	0	0	0
24994	6844	2	3	0	0	0
25016	7050	1	3	0	0	0
25046	7180	5	10	0	0	0
25047	7181	2	10	0	0	0
25048	7182	5	10	0	0	0
25049	7245	2	10	0	0	0
25050	7238	5	10	0	0	0
25051	7185	2	10	0	0	0
25052	7244	5	10	0	0	0
25053	7241	2	10	0	0	0
25054	7179	2	10	0	0	0
25055	7247	2	10	0	0	0
25056	7248	5	10	0	0	0
25057	7178	5	10	0	0	0
25058	7183	2	10	0	0	0
25059	7177	2	10	0	0	0
25060	7255	2	10	0	0	0
25061	7175	2	10	0	0	0
25062	7184	5	10	0	0	0
25063	7239	2	10	0	0	0
25064	7254	5	10	0	0	0
25065	7253	2	10	0	0	0
25066	7176	5	10	0	0	0
25067	7251	2	10	0	0	0
25068	7250	5	10	0	0	0
25069	7252	5	10	0	0	0
25070	7240	5	10	0	0	0
25071	7243	2	10	0	0	0
25072	7249	2	10	0	0	0
25073	7246	5	10	0	0	0
25074	7242	5	10	0	0	0
25075	18939	1	3	0	0	0
25100	7228	2	3	0	0	0
25101	7224	2	3	0	0	0
25102	7229	2	3	0	0	0
25103	7226	2	3	0	0	0
25104	7233	2	3	0	0	0
25105	7227	2	3	0	0	0
25106	7231	2	3	0	0	0
25107	7225	2	3	0	0	0
25108	7232	2	3	0	0	0
25109	18928	8	3	0	0	0
25110	18929	8	3	0	0	0
25111	18920	8	3	0	0	0
25112	18924	8	3	0	0	0
25113	18923	8	3	0	0	0
25114	18892	2	3	0	0	0
25115	18905	8	3	0	0	0
25116	18911	8	3	0	0	0
25117	18904	8	3	0	0	0
25118	18889	8	3	0	0	0
25119	18895	8	3	0	0	0
25123	7313	1	3	0	0	0
25124	18916	8	3	0	0	0
25125	18926	8	3	0	0	0
25140	7523	1	3	0	0	0
25141	18882	8	3	-2	0	4
25142	18881	8	3	-2	0	4
25145	18891	8	3	0	0	2
25289	17726	2	9	0	0	0
25290	17728	2	9	0	0	0
25291	17730	2	9	0	0	0
25292	17725	2	9	0	0	0
25293	17723	2	9	0	0	0
25294	17731	2	9	0	0	0
25295	17724	2	9	0	0	0
25296	17732	2	9	0	0	0
25297	17734	2	9	0	0	0
25337	7578	1	3	0	0	0
25340	17802	8	3	0	0	0
25341	17804	8	3	0	0	0
25343	17803	8	3	0	0	0
25345	17780	8	3	0	0	0
25348	17777	8	3	0	0	0
25349	17779	8	3	0	0	0
25350	17783	8	3	0	0	0
25351	17784	8	3	0	0	0
25353	17801	8	3	0	0	0
25362	17802	8	3	0	0	2
25368	17804	8	3	-4	0	2
25369	17803	8	3	-4	0	2
25379	17780	8	3	-4	0	2
25381	17777	8	3	-4	0	2
25382	17779	8	3	-4	0	2
25391	17783	8	3	-4	0	2
25399	17784	8	3	-4	0	2
25405	17801	8	3	-4	0	2
25414	17787	8	3	0	0	0
25416	17789	8	3	0	0	0
25417	17788	8	3	0	0	0
25418	17790	8	3	0	0	0
25419	17793	8	3	0	0	0
25420	17792	8	3	0	0	0
25421	17797	8	3	0	0	0
25422	17800	8	3	0	0	0
25423	17798	8	3	0	0	0
25424	17795	8	3	0	0	0
25425	17796	8	3	0	0	0
25457	18826	8	4	0	0	0
25458	18851	8	4	0	0	0
25459	18850	8	4	0	0	0
25461	18830	8	4	0	0	0
25462	18829	8	4	0	0	0
25463	18827	8	4	0	0	0
25464	18824	8	4	0	0	0
25465	18825	8	4	0	0	0
25487	7472	1	3	0	0	0
25488	7511	1	3	0	0	0
25489	18855	2	3	0	0	0
25491	18854	2	3	0	0	0
25492	18853	8	3	0	0	0
25494	7544	1	3	0	0	0
25497	7630	1	3	0	0	0
25498	18852	2	3	0	0	0
25528	18857	8	4	0	0	0
25529	18856	8	4	0	0	0
25824	12071	1	4.39844	0	0	0
25826	12070	1	4.39844	0	0	0
25828	11541	1	3	0	0	0
25829	7432	1	3	0	0	0
25963	17748	8	3	-4	0	2
25966	17749	8	3	-4	0	2
25972	17747	8	3	-4	0	2
25979	7372	6	-1	0	0	0
25980	7368	6	-1	0	0	0
25981	7370	6	-1	0	0	0
25982	7355	6	-1	0	0	0
25996	18855	2	3	4	0	2
25998	18854	2	3	4	0	2
25999	7512	1	3	0	0	0
26000	18853	8	3	4	0	2
26002	7629	1	3	0	0	0
26006	7508	1	3	0	0	0
26007	7510	1	3	0	0	0
26011	18852	2	3	4	0	2
26122	7400	1	3	0	0	0
26128	7408	1	3	0	0	0
26132	7471	1	3	0	0	0
26141	7464	0	-1	0	0	0
26142	7463	0	-1	0	0	0
26170	7522	2	3	0	0	0
26171	7539	2	3	0	0	0
26172	7537	2	3	0	0	0
26173	7526	2	3	0	0	0
26174	7527	2	3	0	0	0
26175	7531	2	3	0	0	0
26176	7528	2	3	0	0	0
26178	7529	2	3	0	0	0
26179	7543	2	3	0	0	0
26180	7535	2	3	0	0	0
26181	7530	2	3	0	0	0
26182	7542	2	3	0	0	0
26183	7451	6	-1	0	0	0
26184	7433	1	3	0	0	0
26188	7434	1	3	0	0	0
26215	17755	8	3	0	0	0
26219	19253	1	3	0	0	0
26221	7532	2	3	0	0	0
26228	7414	1	3	0	0	0
26286	7405	1	3	0	0	0
26447	7586	1	4	0	0	0
26601	7452	1	3	0	0	0
26612	7781	2	3	0	0	0
26655	6390	1	3	0	0	0
26666	20308	2	-1	0	0	0
26667	20309	2	-1	0	0	0
26668	20317	2	-1	0	0	0
26669	20307	2	-1	0	0	0
26670	20306	2	-1	0	0	0
26671	20312	2	-1	0	0	0
26672	20311	2	-1	0	0	0
26673	20310	2	-1	0	0	0
26687	10533	2	3	0	0	0
26696	5633	1	3	0	0	0
26701	13828	1	3	0	0	0
26702	13869	1	3	0	0	0
26794	6771	1	3	0	0	0
26871	19378	1	3	0	0	0
26978	19381	8	3	0	0	0
26979	19383	8	3	0	0	0
26999	11431	1	3	0	0	0
27000	11604	1	3	0	0	0
27001	1536	1	3	0	0	0
27002	11605	1	3	0	0	0
27067	7174	1	3	0	0	0
27092	12009	0	3	0	0	0
27093	12012	1	3	0	0	0
27101	12014	1	4.39844	0	0	0
27104	12090	0	10	0	0	0
27105	12075	3	3	0	0	0
27106	12091	3	3	0	0	0
27107	12072	3	1.59961	0	0	0
27108	12078	3	3	0	0	0
27109	12092	3	3	0	0	0
27110	12089	3	3	0	0	0
27111	12093	0	10	0	0	0
27112	12076	3	3	0	0	0
27195	12239	1	3	0	0	0
27392	13499	2	3	0	0	0
27395	13499	2	3	-2	0	0
27399	6395	1	3	0	0	0
27424	19377	1	3	0	0	0
27431	19380	1	3	0	0	0
27432	19374	1	3	0	0	0
27488	13745	1	3	0	0	0
27560	14604	2	3	0	0	0
27568	14311	8	3	0	0	0
27602	14215	1	3	0	0	0
27686	14435	6	-1	0	0	0
27687	14476	6	-1	0	0	0
27688	14511	6	-1	0	0	0
27689	14515	6	-1	0	0	0
27690	14516	6	-1	0	0	0
27691	14471	6	-1	0	0	0
27692	14514	6	-1	0	0	0
27693	14475	6	-1	0	0	0
27694	14605	2	-1	0	0	0
27695	14521	6	-1	0	0	0
27696	14473	2	-1	0	0	0
27697	14492	6	-1	0	0	0
27698	14493	2	-1	0	0	0
27699	14512	6	-1	0	0	0
27700	14513	6	-1	0	0	0
27701	14517	5	-1	0	0	0
27946	6007	1	3	0	0	0
27995	17103	8	3	0	0	0
28006	18940	8	3	0	0	0
28050	17468	8	3	0	0	0
28051	17467	8	3	0	0	0
28052	17460	8	3	0	0	0
28053	17457	8	3	0	0	0
28054	17462	8	3	0	0	0
28055	17461	1	3	0	0	0
28056	17450	8	3	0	0	0
28057	17454	8	3	0	0	0
28058	17459	8	3	0	0	0
28059	17458	8	3	0	0	0
28060	17463	8	3	0	0	0
28061	17464	8	3	0	0	0
28062	17465	8	3	0	0	0
28063	17479	1	3	0	0	0
28064	17475	8	3	0	0	0
28065	17473	8	3	0	0	0
28066	17474	8	3	0	0	0
28067	17477	8	3	0	0	0
28068	17476	8	3	0	0	0
28069	17478	8	3	0	0	0
28070	17466	8	3	0	0	0
28071	17455	8	3	0	0	0
28072	17456	8	3	0	0	0
28073	17452	8	3	0	0	0
28096	17748	8	3	0	0	0
28097	17749	8	3	0	0	0
28098	17747	8	3	0	0	0
28125	18823	1	3	0	0	0
28143	6392	1	3	0	0	0
28226	12145	8	3	0	0	0
28227	12143	8	3	0	0	0
28228	12144	8	3	0	0	0
28229	12141	8	3	0	0	0
28230	12138	8	3	0	0	0
28231	12137	8	3	0	0	0
28232	12135	8	3	0	0	0
28233	12134	8	3	0	0	0
28234	12136	8	3	0	0	0
28427	17394	8	3	0	0	0
28428	17391	8	3	0	0	0
28429	17390	8	3	0	0	0
28432	17408	8	3	0	0	0
28433	17416	8	3	0	0	0
28436	17409	8	3	0	0	0
28438	17415	8	3	0	0	0
28482	12238	8	3	0	0	0
28484	12236	8	3	0	0	0
28486	12234	8	3	0	0	0
28489	12235	8	3	0	0	0
28490	12232	8	3	0	0	0
28492	12231	8	3	0	0	0
28493	12229	8	3	0	0	0
28496	12227	8	3	0	0	0
28497	12228	8	3	0	0	0
28498	12225	8	3	0	0	0
28499	12226	8	3	0	0	0
28504	17297	8	3	0	0	0
28505	17299	8	3	0	0	0
28511	17302	8	3	0	0	0
28515	17291	8	3	0	0	0
28516	17102	1	3	0	0	0
28518	17292	8	3	0	0	0
28519	17294	8	3	0	0	0
28520	17295	8	3	0	0	0
28521	17290	8	3	0	0	0
28529	10486	1	3	0	0	0
28539	5527	1	3	0	0	0
28554	17371	8	3	0	0	0
28556	17373	8	3	0	0	0
28557	17363	8	3	0	0	0
28558	17364	8	3	0	0	0
28559	17360	8	3	0	0	0
28560	17379	8	3	0	0	0
28561	17377	8	3	0	0	0
28562	17551	8	3	0	0	0
28563	17552	8	3	0	0	0
28564	17555	8	3	0	0	0
28566	17562	8	3	0	0	0
28567	17556	8	3	0	0	0
28571	17564	8	3	0	0	0
28573	17567	8	3	0	0	0
28582	17561	1	3	0	0	0
28634	17759	8	3	0	0	0
28635	17756	8	3	0	0	0
28636	17758	8	3	0	0	0
28637	17757	8	3	0	0	0
28644	6791	2	3	0	0	0
28645	17485	8	3	0	0	0
28646	17486	8	3	0	0	0
28647	6842	1	3	0	0	0
28651	6790	2	3	0	0	0
28660	12142	8	3	0	0	0
28661	12140	8	3	0	0	0
28662	12146	8	3	0	0	0
28664	12085	8	3	0	0	0
28665	12081	8	3	0	0	0
28666	12082	8	3	0	0	0
28667	12079	8	3	0	0	0
28668	12088	8	3	0	0	0
28669	12139	8	3	0	0	0
28670	12133	8	3	0	0	0
28704	7509	1	3	0	0	0
28715	18849	8	4	0	0	0
28716	18848	8	4	0	0	0
28717	18828	8	4	0	0	0
28722	14200	1	3	0	0	0
28734	17536	8	3	0	0	0
28738	17538	8	3	0	0	0
28739	17537	8	3	0	0	0
28749	19254	1	3	0	0	0
28771	18886	8	3	0	0	0
28772	18897	8	3	0	0	0
28773	18896	8	3	0	0	0
28778	18906	8	3	0	0	0
28779	18903	8	3	0	0	0
28780	18890	8	3	0	0	0
28781	18884	8	3	0	0	0
28782	18885	8	3	0	0	0
28787	18908	8	3	0	0	0
28789	7524	1	3	0	0	0
28801	18918	8	3	0	0	0
28802	18914	8	3	0	0	0
28803	18917	8	3	0	0	0
28804	18921	8	3	0	0	0
28805	18927	8	3	0	0	0
28806	18910	8	3	0	0	0
28807	18909	8	3	0	0	0
28808	17406	8	3	0	0	0
28817	12221	8	3	0	0	0
28818	12224	8	3	0	0	0
28830	6713	2	3	0	0	0
28855	19317	1	3	0	0	0
28876	17395	8	3	0	0	0
28879	17636	1	3	0	0	0
28883	17426	8	3	0	0	0
28884	17424	8	3	0	0	0
28885	17422	8	3	0	0	0
28932	6483	1	3	0	0	0
28933	6303	1	3	0	0	0
28952	20300	0	3	0	0	0
28984	19150	1	3	0	0	0
29204	17198	2	3	0	0	0
29206	18949	1	3	0	0	0
29341	16510	1	3	0	0	0
29342	17576	8	4	0	0	0
29350	16513	1	3	0	0	0
29351	16511	8	4	4	0	-4
29353	17576	8	4	-4	0	-4
29355	16512	1	3	0	0	0
29357	16538	1	3	0	0	0
29362	16618	8	3	0	0	0
29364	16619	2	3	0	0	0
29365	16624	8	3	2	0	4
29377	16623	1	3	0	0	0
29403	16616	8	3	2	0	4
29418	20037	1	3	0	0	0
29428	16511	8	4	0	0	0
29465	20100	2	10	0	0	0
29466	20099	5	10	0	0	2
29467	16652	8	3	0	0	0
29468	16653	8	3	0	0	0
29470	20098	2	3	0	0	0
29471	20106	5	3	0	0	0
29472	20097	5	10	0	0	0
29475	20109	2	10	0	0	0
29476	20104	5	10	0	0	0
29477	20105	2	3	0	0	2
29479	16649	8	3	0	0	0
29480	16651	8	3	0	0	0
29481	16654	8	3	0	0	0
29482	20096	2	10	0	0	0
29484	20108	5	3	0	0	0
29485	20100	2	10	0	0	4
29490	20098	2	3	0	0	2
29491	20106	5	3	0	0	2
29492	20107	5	3	0	0	4
29493	20097	5	10	0	0	2
29501	20102	5	10	0	0	4
29502	20103	2	3	0	0	4
29503	20104	5	10	0	0	2
29504	20101	2	3	0	0	0
29516	20096	2	10	0	0	4
29519	20109	2	10	0	0	2
29520	20108	5	3	0	0	2
29524	17177	8	1	0	0	0
29526	17183	8	1	0	0	0
29530	17179	8	1	4	0	-4
29536	17178	8	1	4	0	-4
29537	17177	8	1	4	0	-4
29538	17180	8	1	4	0	-4
29544	17184	8	1	4	0	-4
29547	17183	8	1	4	0	-4
29551	17182	8	1	-4	0	-4
29552	17185	8	1	4	0	-4
29556	17388	1	3	0	0	0
29557	17387	1	3	0	0	0
29562	17130	1	3	0	0	0
29568	19130	1	3	0	0	0
29588	16710	1	3	0	0	0
29595	20336	2	3	0	0	0
29596	20333	2	3	0	0	0
29608	17133	8	3	-4	0	4
29660	17139	8	3	-2	0	4
29661	17140	8	4.5	-2	0	4
29665	17137	8	3	-2	0	4
29666	17138	8	3	-2	0	4
29698	16951	2	3	0	0	0
29710	16646	2	3	0	0	4
29718	16604	2	3	0	0	4
29728	16656	2	3	0	0	0
29733	16655	1	3	0	0	0
29744	16598	1	3	0	0	0
29752	16663	1	2.5	0	0	0
29761	17397	8	2.5	0	0	0
29762	16664	1	2.5	0	0	0
29766	16665	1	2.5	0	0	0
29787	16602	1	4	0	0	0
29788	16603	1	4	0	0	0
29804	17504	2	3	0	0	0
29841	16638	2	3	0	0	0
29842	16605	2	3	0	0	0
29845	17376	1	3	0	0	0
29847	16629	2	3	0	0	0
29851	16657	1	3	0	0	0
29855	16662	1	3	0	0	0
29862	16643	2	3	0	0	0
29873	18880	1	3	0	0	0
29894	16640	1	3	0	0	0
29946	16658	1	3	0	0	0
29976	16725	1	3	0	0	0
29980	16727	1	3	0	0	0
29987	16936	1	3	0	0	0
29989	20371	1	3	0	0	0
30002	16631	1	3	0	0	0
30016	16634	0	3	0	0	0
30017	16632	0	3	0	0	0
30019	16934	1	3	0	0	0
30020	16933	1	3	0	0	0
30023	20380	1	3	0	0	0
30077	19998	5	3	0	0	0
30078	19997	2	3	0	0	0
30079	19996	5	3	0	0	0
30080	19995	2	3	0	0	0
30082	19983	2	9	0	0	2
30084	19982	2	9	0	0	0
30086	19984	5	9	2	0	4
30089	19978	1	3	0	0	0
30090	19977	2	5	0	0	0
30397	17044	2	3	0	0	0
30413	17046	1	3	0	0	0
30415	19981	1	3	0	0	0
30433	17139	8	3	0	0	0
30434	17140	8	3	0	0	0
30435	17137	8	3	0	0	0
30461	20241	1	3	0	0	0
30473	17127	1	3	0	0	0
30478	17126	1	3	0	0	0
30479	17123	1	3	0	0	0
30480	17124	1	3	0	0	0
30481	17122	1	3	0	0	0
30518	17190	0	-1	0	0	0
30519	17191	0	-1	0	0	0
30520	17189	0	-1	0	0	0
30740	16536	1	3	0	0	0
30861	19129	1	3	0	0	0
30866	21009	1	3	0	0	0
30889	19127	1	3	0	0	0
30912	19125	1	3	0	0	0
30913	19128	1	3	0	0	0
30923	21010	1	3	0	0	0
30928	19124	1	3	0	0	0
30930	21012	1	3	0	0	0
30932	19123	1	3	0	0	0
30933	19126	1	3	0	0	0
30988	19135	1	3	0	0	0
31004	19158	1	3	0	0	0
31010	19137	1	3	0	0	0
31013	19161	1	3	0	0	0
31014	19162	1	3	0	0	0
31015	19163	1	3	0	0	0
31018	19155	1	3	0	0	0
31019	19157	1	3	0	0	0
31023	19159	1	3	0	0	0
31033	20343	2	3	0	0	0
31035	19142	1	3	0	0	0
31039	19140	1	3	0	0	0
31041	19143	1	3	0	0	0
31042	19149	1	3	0	0	0
31044	19145	1	3	0	0	0
31058	19147	1	3	0	0	0
31095	20976	1	3	0	0	0
31098	17736	1	3	0	0	0
31099	17733	1	3	0	0	0
31100	17735	1	3	0	0	0
31101	17729	1	3	0	0	0
31104	20027	2	1.59961	0	0	0
31106	20030	2	3	0	0	0
31111	17181	2	3	0	0	0
31155	20036	2	3	0	0	0
31157	17125	1	3	0	0	0
31162	20047	0	22.4062	0	0	0
31163	20053	0	22.4062	0	0	0
31165	20047	0	22.4062	0	0	4
31166	20053	0	22.4062	0	0	6
31182	20052	0	25	0	0	0
31186	20051	0	25	0	0	6
31187	20052	0	25	0	0	2
31194	20056	1	3	0	0	0
31195	20062	1	3	0	0	0
31204	20063	2	4.5	0	0	0
31205	20063	2	4.5	0	0	0
31206	20063	2	4.5	0	0	0
31225	16723	1	3	0	0	0
31228	16724	1	3	0	0	0
31233	20118	2	3	0	0	0
31235	20115	1	3	0	0	0
31237	20116	2	3	0	0	2
31238	20117	5	3	0	0	0
31239	20034	1	3	0	0	0
31315	18907	1	3	0	0	0
31438	17663	8	2.5	0	0	0
31446	17660	8	2.5	0	0	0
31456	17607	1	3	0	0	0
31499	17469	2	3	0	0	0
31530	16897	1	3	0	0	0
31568	16952	2	3	0	0	0
31580	17045	2	3	0	0	0
31581	20417	2	30	0	0	0
31582	20413	2	30	0	0	0
31583	20418	2	30	0	0	0
31584	20415	2	30	0	0	0
31585	20411	2	30	0	0	0
31586	20412	2	30	0	0	0
31587	20407	2	30	0	0	0
31588	20404	2	30	0	0	0
31589	20406	2	30	0	0	0
31590	20405	2	30	0	0	0
31591	20403	2	30	0	0	0
31592	20416	2	30	0	0	0
31599	17622	2	3	0	0	0
31602	20000	2	3	0	0	0
31630	17135	8	3	0	0	0
31632	17386	1	3	0	0	0
31634	16712	1	3	0	0	0
31639	17471	2	3	0	0	0
31659	19133	1	3	0	0	0
31660	19131	1	3	0	0	0
31663	16627	8	3	0	0	0
31664	16626	8	3	0	0	0
31665	16625	8	3	0	0	0
31666	16628	8	3	0	0	0
31667	16669	8	3	0	0	0
31668	16670	8	3	0	0	0
31669	16672	8	3	0	0	0
31670	16671	8	3	0	0	0
31709	19980	1	3	0	0	0
32398	10602	1	10	0	0	0
32399	10604	1	10	0	0	0
32400	10603	1	10	0	0	0
32549	12620	1	3	0	0	0
32596	10670	8	3	0	0	0
32597	10671	8	3	0	0	0
32598	10674	8	3	0	0	0
32599	10672	8	3	0	0	0
32600	10673	8	3	0	0	0
32603	10676	8	3	0	0	0
32604	10675	8	3	0	0	0
32605	10687	8	3	0	0	0
32612	10594	1	3	0	0	0
32675	12612	1	3	0	0	0
32676	10655	1	5	0	0	0
32755	10815	1	3	0	0	0
32756	10814	1	3	0	0	0
32757	10817	1	3	0	0	0
32758	10816	1	3	0	0	0
32759	10813	1	3	0	0	0
32760	10819	1	3	0	0	0
32921	10700	1	3	0	0	0
32931	10695	8	3	0	0	0
32932	10702	8	3	0	0	0
32939	10697	8	3	0	0	0
33206	10611	0	0.799805	0	0	0
33279	12630	1	3	0	0	0
33399	10613	8	3	0	0	0
33400	10614	8	3	0	0	0
33401	10616	8	3	0	0	0
33467	10691	8	3	0	0	0
33507	12696	1	2.5	0	0	0
33524	12631	1	3	0	0	0
33564	10633	8	3	0	0	0
33565	10639	8	3	0	0	0
33566	10638	8	3	0	0	0
33567	10637	8	3	0	0	0
33568	10640	8	3	0	0	0
33569	10641	8	3	0	0	0
33595	20261	1	3	0	0	0
33610	10630	8	3	0	0	0
33611	10627	8	3	0	0	0
33612	10626	8	3	0	0	0
33613	10629	8	3	0	0	0
33614	10624	8	3	0	0	0
33615	10623	8	3	0	0	0
33626	12628	8	3	0	0	0
33664	19625	1	3	0	0	0
33671	10658	8	3	0	0	0
33672	10662	8	3	0	0	0
33673	10663	8	3	0	0	0
33674	10664	8	3	0	0	0
33675	10661	8	3	0	0	0
33676	10660	8	3	0	0	0
33677	10659	8	3	0	0	0
33678	10657	8	3	0	0	0
33681	10665	8	3	0	0	0
33685	10656	8	3	0	0	0
33689	10646	8	3	0	0	0
33690	10666	8	3	0	0	0
33691	10645	8	3	0	0	0
33692	10643	8	3	0	0	0
33694	10650	8	3	0	0	0
33695	10649	8	3	0	0	0
33696	10644	8	3	0	0	0
33697	10600	1	3	0	0	0
33698	10647	8	3	0	0	0
33699	10648	8	3	0	0	0
33726	12627	1	3	0	0	0
33773	12629	1	3	0	0	0
33861	10601	1	3	0	0	0
33872	13246	8	2.5	0	0	0
33984	10692	1	3	0	0	0
34106	12632	1	3	0	0	0
34209	12635	1	3	0	0	0
34236	12774	1	3	0	0	0
34237	12773	2	3	0	0	0
34239	12705	1	3	0	0	0
34241	12693	2	3	0	0	0
34242	12695	2	3	0	0	0
34243	12692	2	3	0	0	0
34245	12694	5	3	0	0	0
34432	10783	2	3	0	0	0
34530	10797	2	3	0	0	0
34531	10795	2	3	0	0	0
34539	10796	2	3	0	0	0
34548	12606	1	3	0	0	0
34560	10800	1	3	0	0	0
34571	13998	8	3	0	0	0
34579	10952	1	3	0	0	0
34689	11160	8	3	0	0	0
34692	11156	8	3	0	0	0
34693	11154	8	3	0	0	0
34695	11158	8	3	0	0	0
34760	11251	8	4	0	0	0
34761	11253	8	4	0	0	0
34791	11193	1	3	0	0	0
34804	11192	1	3	0	0	0
34960	14317	1	3	0	0	0
34993	11290	2	3	0	0	0
34994	11282	8	3	0	0	0
34995	11274	8	3	0	0	0
34996	11283	8	3	0	0	0
34997	11275	8	3	0	0	0
34998	11285	8	3	0	0	0
34999	11271	8	3	0	0	0
35000	11269	8	3	0	0	0
35061	12983	1	3	0	0	0
35074	12936	1	3	0	0	0
35175	11262	1	3	0	0	0
35183	11306	1	3	0	0	0
35223	15854	1	3	0	0	0
35247	15857	1	3	0	0	0
35289	11211	8	3	0	0	0
35291	11210	8	3	0	0	0
35292	11215	8	3	0	0	0
35293	11213	8	3	0	0	0
35311	11316	0	30	0	0	0
35312	11317	0	30	0	0	0
35313	11314	0	30	0	0	0
35314	11311	0	30	0	0	0
35319	11312	0	30	0	0	0
35321	11313	0	30	0	0	0
35323	11310	0	30	0	0	0
35324	11295	0	30	0	0	0
35325	11294	0	30	0	0	0
35326	11315	1	3	0	0	0
35345	11204	2	5	0	0	0
35346	11203	2	5	0	0	0
35347	11201	2	5	0	0	0
35348	11200	2	5	0	0	0
35349	11202	2	5	0	0	0
35350	11207	2	5	0	0	0
35351	11205	2	5	0	0	0
35352	11206	2	5	0	0	0
35374	11012	2	3	0	0	0
35418	12990	1	3	0	0	0
35464	11166	2	3	0	0	0
35643	11168	1	3	0	0	0
35812	11006	0	-1	0	0	0
35814	11199	0	-1	0	0	0
35816	11004	0	-1	0	0	0
35817	11005	0	-1	0	0	0
35818	11198	0	-1	0	0	0
36026	11009	6	-1	0	0	0
36087	13113	2	3	0	0	0
36092	13093	2	3	0	0	0
36093	13095	5	3	0	0	0
36094	13112	5	3	0	0	0
36095	13111	1	3	0	0	0
36123	11217	1	3	0	0	0
36252	11337	1	3	0	0	2
36253	11336	1	3	0	0	0
36273	11250	8	4	0	0	0
36274	11249	8	4	0	0	0
36275	11240	8	4	0	0	0
36276	11242	8	4	0	0	0
36277	11243	8	4	0	0	0
36278	11241	8	4	0	0	0
36279	11244	8	4	0	0	0
36280	11232	8	4	0	0	0
36281	11233	8	4	0	0	0
36283	11247	8	4	0	0	0
36284	11238	8	4	0	0	0
36445	10618	1	3	0	0	0
36550	13025	0	3	0	0	0
36551	13034	0	3	0	0	0
36578	10635	1	3	0	0	0
36617	13928	1	3	0	0	8
36620	13966	1	3	-4	0	8
36622	13966	1	3	0	0	0
36631	13930	1	3	0	0	0
36632	13976	2	3	0	0	0
36633	13976	2	3	0	0	0
36635	14043	1	5	0	0	0
36639	14363	1	3	0	0	0
36640	14030	1	5	0	0	0
36642	14027	1	5	0	0	0
36643	14032	1	5	0	0	0
36651	14373	2	3	0	0	0
36655	14008	1	5	0	0	0
36658	19357	8	3	0	0	0
36675	19334	8	3	0	0	0
36720	14383	1	3	0	0	0
36768	14040	8	2.5	4	0	-2
36776	14033	8	10	0	0	0
36787	14321	2	3	0	0	0
36789	14323	2	3	0	0	0
36810	19336	2	15	0	0	2
36812	19346	5	10	0	0	2
36814	19347	2	3	0	0	2
36815	19345	5	3	0	0	2
36818	19348	5	10	0	0	2
36819	19353	1	3	0	0	0
36836	14314	1	3	0	0	0
36876	14384	1	3	0	0	0
36902	14331	2	3	0	0	0
36922	14330	1	3	0	0	0
36935	14335	2	3	0	0	0
37037	14359	1	3	0	0	0
37040	14355	1	3	0	0	0
37044	14357	2	3	0	0	0
37048	14364	1	3	0	0	0
37065	14371	2	3	0	0	0
37072	14356	1	3	0	0	0
37086	14548	2	5	0	0	0
37088	14007	2	5	0	0	0
37091	19305	8	3	0	0	0
37112	19360	8	3	0	0	0
37118	14018	2	5	0	0	0
37123	14021	1	3	0	0	0
37127	14324	2	3	0	0	0
37133	14318	1	3	0	0	0
37215	14380	2	3	0	0	0
37217	14701	2	3	0	0	0
37227	14378	2	3	0	0	0
37236	14379	2	3	0	0	0
37247	14381	2	3	0	0	0
37249	14019	2	2.5	0	0	0
37250	14023	2	3	0	0	0
37251	14017	2	3	0	0	0
37252	14776	2	3	-2	0	4
37253	14776	2	3	0	0	8
37254	14776	2	3	-4	0	8
37285	14375	1	3	0	0	0
37305	14772	1	3	0	0	0
37310	19400	5	10	2	0	4
37311	19399	2	10	-2	0	4
37318	14024	2	3	0	0	0
37320	14048	2	3	0	0	0
37321	14044	2	3	0	0	0
37323	14045	1	3	0	0	0
37324	14053	2	3	0	0	0
37335	14377	2	3	0	0	0
37345	14025	8	3	0	0	0
37346	14039	2	3	0	0	0
37347	14038	2	3	0	0	0
37348	14001	2	3	0	0	0
37349	14004	2	3	0	0	0
37350	14003	2	3	0	0	0
37353	14002	2	3	0	0	0
37355	14039	2	3	-4	0	-2
37356	14038	2	3	-4	0	-2
37357	14001	2	3	-4	0	-2
37361	14004	2	3	-4	0	2
37362	14003	2	3	-4	0	2
37371	14002	2	3	-4	0	2
37376	14187	8	10	0	0	8
37377	14189	8	10	-2	0	4
37378	14188	8	10	-2	0	4
37379	14187	8	10	0	0	0
37380	14189	8	10	0	0	0
37381	14188	8	10	0	0	0
37422	14354	1	3	0	0	0
37423	14358	1	3	0	0	0
37441	14049	2	3	0	0	0
37445	14370	2	3	0	0	0
37448	14369	2	3	0	0	0
37451	14374	2	3	0	0	0
37463	14376	1	3	0	0	0
37553	14082	2	3	0	0	0
37575	14082	5	10	0	0	0
37576	14082	5	10	0	0	2
37592	14362	2	3	0	0	0
37718	14729	1	3	0	0	0
37721	13928	1	3	0	0	0
37744	14328	2	3	0	0	0
37781	14342	2	3	0	0	0
37785	14325	2	3	0	0	0
37788	14327	2	3	0	0	0
37791	14329	2	3	0	0	0
37806	14319	1	3	0	0	0
37831	14320	1	3	0	0	0
37950	14490	2	3	0	0	0
37952	19337	8	3	0	0	0
37953	14768	1	3	0	0	0
37998	14315	1	3	0	0	0
38159	19994	1	3	0	0	0
38169	14305	1	3	0	0	0
38170	14304	1	3	0	0	0
38171	14307	1	3	0	0	0
38179	14299	2	3	0	0	0
38189	14299	2	3	2	0	4
38200	19320	8	2	0	0	0
38224	14595	2	5	0	0	0
38244	14638	1	3	0	0	0
38247	14345	2	3	0	0	0
38283	14428	1	3	0	0	0
38319	19324	8	3	0	0	0
38358	14505	1	3	0	0	0
38370	14590	2	3	0	0	0
38401	14686	1	3	0	0	0
38483	14712	1	3	0	0	0
38492	14590	2	3	4	0	2
38495	14591	2	3	0	0	0
38496	14592	1	3	0	0	0
38497	14589	1	3	0	0	0
38505	14332	1	3	0	0	0
38511	14619	2	3	0	0	0
38518	14338	1	3	0	0	0
38519	14339	1	3	0	0	0
38530	14347	0	3	0	0	0
38566	14031	2	3	0	0	0
38777	14326	2	3	0	0	0
38889	14749	2	1.34961	0	0	0
38890	14746	2	1.34961	0	0	0
38891	14747	2	1.34961	0	0	0
38892	14740	2	1.34961	0	0	0
38893	14744	2	1.34961	0	0	0
38894	14743	2	1.34961	0	0	0
38895	14806	2	1.34961	0	0	0
38896	14805	2	1.34961	0	0	0
38897	14807	2	1.34961	0	0	0
38898	14808	2	1.34961	0	0	0
38899	14803	2	1.34961	0	0	0
38900	14804	2	1.34961	0	0	0
38912	19401	2	3	0	0	0
38914	14769	1	3	0	0	0
38981	14313	2	3	0	0	0
38996	14322	2	3	0	0	0
39001	14382	1	3	0	0	0
39031	14334	1	3	0	0	0
39156	14353	1	3	0	0	0
39161	14365	1	3	0	0	0
39164	14372	1	3	0	0	0
39172	14368	1	3	0	0	0
39233	20134	1	3	0	0	0
39251	14340	1	3	0	0	0
39258	14337	2	3	0	0	0
39268	14631	2	3	0	0	0
39272	14020	1	3	0	0	0
39334	14343	2	3	0	0	0
39369	14312	2	3	0	0	0
39527	14820	0	3	0	0	0
39618	15043	1	3	0	0	0
39671	15028	8	2.25	0	0	0
39672	15044	0	3	0	0	0
39709	15855	2	3	0	0	0
39758	19355	5	30	0	0	0
39924	11246	1	3	0	0	0
39941	19989	1	3	0	0	0
39948	13252	8	2.5	0	0	0
39949	13266	8	2.5	0	0	0
39950	13250	8	2.5	0	0	0
39951	13263	8	2.5	0	0	0
39952	13247	8	2.5	0	0	0
39954	13245	8	2.5	0	0	0
39955	13248	8	2.5	0	0	0
39972	10617	8	3	0	0	0
39973	10615	8	3	0	0	0
39999	10699	8	3	0	0	0
40002	10701	8	3	0	0	0
40004	10696	8	3	0	0	0
40006	10694	8	3	0	0	0
40007	10693	8	3	0	0	0
40026	10628	8	3	0	0	0
40028	10621	8	3	0	0	0
40036	10625	8	3	0	0	0
40038	10632	8	3	0	0	0
40039	10631	8	3	0	0	0
40040	10634	8	3	0	0	0
40042	10636	8	3	0	0	0
40082	20262	8	3	0	0	0
40119	10751	1	3	0	0	0
40144	11273	8	3	0	0	0
40145	11270	8	3	0	0	0
40146	11272	8	3	0	0	0
40149	11284	8	3	0	0	0
40151	11268	8	3	0	0	0
40160	11161	8	3	0	0	0
40161	11155	8	3	0	0	0
40164	11157	8	3	0	0	0
40167	11159	8	3	0	0	0
40191	11214	8	3	0	0	0
40192	11212	8	3	0	0	0
40193	11209	8	3	0	0	0
40194	11216	8	3	0	0	0
40210	11245	8	4	0	0	0
40211	11234	8	4	0	0	0
40212	11230	8	4	0	0	0
40213	11248	8	4	0	0	0
40230	13005	1	3	0	0	0
40251	11256	8	4	0	0	0
40255	11254	8	4	0	0	0
40258	11252	8	4	0	0	0
40329	15047	8	3	0	0	0
40331	15048	8	3	0	0	0
40332	14593	1	3	0	0	0
40336	14594	1	3	0	0	0
40352	14367	1	3	0	0	0
40388	14766	1	3	0	0	0
40393	14336	2	3	0	0	0
40426	14341	2	3	0	0	0
40456	10973	1	3	0	0	0
40458	14316	1	3	0	0	0
40502	14333	1	3	0	0	0
40515	14569	1	3	0	0	0
40522	19621	1	3	0	0	0
41110	15081	1	3	0	0	0
41118	14897	8	4.5	-4	0	-4
41150	17648	2	3	0	0	0
41152	17632	2	3	0	0	0
41159	14841	1	3	0	0	0
41169	14847	2	3	-4	0	-4
41172	14821	8	3	-4	0	-4
41174	14518	8	3	-4	0	-4
41176	19579	8	3	-2.64062	0	-2.64062
41186	14563	8	3	-4	0	-4
41190	14526	8	3	-4	0	2
41207	14508	1	3	0	0	0
41213	15082	1	3	0	0	0
41222	14897	8	3	0	0	0
41263	12998	1	3	0	0	0
41267	14847	2	3	0	0	0
41275	14821	8	3	0	0	0
41279	14518	8	3	0	0	0
41280	11867	1	3	0	0	0
41284	14509	1	3	0	0	0
41286	19579	8	3	0	0	0
41290	14570	8	3	-4	0	-4
41295	14563	8	3	0	0	0
41301	14526	8	3	0	0	0
41316	14507	1	3	0	0	0
41320	19447	2	3	0	0	0
41322	19452	5	10	0	0	0
41323	19451	2	10	0	0	0
41324	14911	2	3	0	0	2
41325	14912	2	3	0	0	0
41326	14910	2	3	0	0	2
41327	14909	2	10	0	0	0
41328	14915	2	3	0	0	2
41329	14916	2	10	0	0	0
41330	14913	2	10	0	0	2
41331	14914	2	10	0	0	0
41334	14597	2	3	0	0	2
41335	14596	2	10	0	0	0
41336	19403	2	10	0	0	0
41338	14602	2	4.5	0	0	2
41339	14603	2	10	0	0	0
41341	14599	2	3	0	0	2
41342	14598	2	3	0	0	0
41343	14601	2	10	0	0	2
41344	14600	2	10	0	0	0
41345	19404	2	10	0	0	0
41356	14645	2	2.5	0	0	0
41360	17635	1	3	0	0	0
41363	17647	2	3	0	0	0
41367	17637	1	3	0	0	0
41377	17591	1	3	0	0	0
41378	17586	1	3	0	0	0
41459	15426	1	3	0	0	0
41486	17592	2	3	0	0	0
41543	17597	1	3	0	0	0
41558	14759	1	3	0	0	0
41563	19738	8	3	0	0	0
41564	19735	8	3	0	0	0
41565	19734	8	3	0	0	0
41566	19732	8	3	0	0	0
41567	19733	8	3	0	0	0
41568	19730	8	3	0	0	0
41569	19751	8	3	0	0	0
41570	19752	8	3	0	0	0
41571	19754	8	3	0	0	0
41572	19750	8	3	0	0	0
41573	14218	1	3	0	0	0
41575	15337	8	3	0	0	0
41576	15506	8	3	0	0	0
41577	11592	1	3	0	0	0
41578	11992	1	3	0	0	0
41580	15344	1	3	0	0	0
41581	15332	1	3	0	0	0
41583	15338	1	3	0	0	0
41584	15339	1	3	0	0	0
41586	15195	1	3	0	0	0
41587	11594	1	3	0	0	0
41588	15507	8	3	0	0	0
41591	15503	8	3	0	0	0
41593	12027	1	3	0	0	0
41594	15340	1	3	0	0	0
41595	15194	1	3	0	0	0
41600	16023	1	3	0	0	0
41613	12044	1	3	0	0	0
41614	15428	1	3	0	0	0
41634	15620	8	4.5	4	0	-4
41635	15614	8	3	0	0	0
41639	19113	8	3	0	0	0
41653	19103	8	3	0	0	0
41656	15616	8	3	0	0	0
41659	12045	1	3	0	0	0
41676	11600	1	3	0	0	0
41686	19073	8	4	0	0	0
41694	15258	8	3	0	0	0
41697	15257	8	3	0	0	0
41699	15256	8	3	0	0	0
41701	15275	8	3	0	0	0
41702	15274	8	3	0	0	0
41730	13977	8	3	0	0	0
41731	13975	8	3	0	0	0
41866	14839	8	3	0	0	0
41868	14840	8	3	0	0	0
41873	15303	1	3	0	0	0
41875	12031	1	3	0	0	0
41877	15333	1	3	0	0	0
41878	15336	8	3	0	0	0
41880	15506	8	3	-4	0	-4
41881	15513	1	3	0	0	0
41883	15502	8	3	0	0	0
41884	11580	1	3	0	0	0
41885	15511	2	3	0	0	0
41888	12032	1	3	0	0	0
41889	12034	1	3	0	0	0
41890	15421	8	3	0	0	0
41893	15355	8	3	0	0	0
41897	12028	1	3	0	0	0
41898	15425	1	3	0	0	0
41904	11579	1	3	0	0	0
41905	15503	8	3	-4	0	-4
41906	12038	1	3	0	0	0
41908	15423	1	3	0	0	0
41913	11574	1	3	0	0	0
41914	11575	1	3	0	0	0
41917	15508	8	3	0	0	0
41921	15621	8	3	0	0	0
41922	15622	8	3	0	0	0
41933	11570	1	3	0	0	0
41934	15520	8	3	0	0	2
41935	15521	8	3	0	0	0
41936	12025	1	3	0	0	0
41938	15341	1	3	0	0	0
41939	12026	1	3	0	0	0
41941	12030	1	3	0	0	0
41942	15334	1	3	0	0	0
41943	12047	1	3	0	0	0
41946	12029	1	3	0	0	0
41952	11573	1	3	0	0	0
41953	15522	8	3	0	0	2
41954	15523	8	3	0	0	0
41961	11577	1	3	0	0	0
41963	11928	1	3	0	0	0
41964	11578	1	3	0	0	0
42019	15075	1	3	0	0	0
42032	15074	1	3	0	0	0
42037	19026	1	3	0	0	0
42067	15089	1	3	0	0	0
42144	19431	1	3	0	0	0
42312	16258	2	3	0	0	0
42420	17639	1	3	0	0	0
42425	17638	1	3	0	0	0
42461	11995	1	3	0	0	0
42500	17570	1	3	0	0	0
42515	15053	1	3	0	0	0
42528	15051	1	3	0	0	0
42633	15083	1	3	0	0	0
42638	15079	1	3	0	0	0
42644	15085	1	3	0	0	0
42649	14891	1	3	0	0	0
42706	14898	1	3	0	0	0
42714	12322	1	3	0	0	0
42725	19618	1	3	0	0	0
42744	14761	1	3	0	0	0
42765	14829	8	9	0	0	0
42811	14350	2	3	0	0	2
42812	14351	2	3	0	0	0
42827	14893	2	9	-4	0	-4
42837	14826	2	9	0	0	4
42838	14825	2	9	0	0	2
42847	14566	2	9	0	0	4
42848	14565	2	9	0	0	2
42863	18964	1	3	0	0	0
42868	19493	2	9	0	0	4
42871	14801	2	9	0	0	2
42872	14802	2	9	0	0	8
42873	14798	2	9	0	0	0
42874	14800	2	9	0	0	6
42875	14799	2	9	0	0	4
42880	19494	2	9	0	0	8
42882	19495	2	9	0	0	4
42885	19492	2	9	0	0	6
42896	14502	2	9	0	0	2
42897	19390	2	9	0	0	8
42898	19389	2	9	0	0	6
42903	19388	2	9	0	0	6
42905	19387	2	9	0	0	2
42907	14501	2	9	0	0	8
42908	14500	2	9	0	0	6
42909	14499	2	9	0	0	4
42910	14503	2	9	0	0	0
42916	18859	8	3	0	0	0
42919	18843	1	3	0	0	0
42924	18833	8	3	0	0	0
42929	14886	2	3	0	0	0
42938	14849	8	3	0	0	0
42941	14851	8	3	0	0	0
42944	14823	8	3	0	0	0
42950	14519	8	3	0	0	0
42955	19553	8	3	0	0	0
42957	14534	8	3	0	0	0
42958	14552	8	3	0	0	0
42963	14349	1	3	0	0	0
42972	14391	2	9	0	0	0
42973	14392	2	9	0	0	0
42974	14302	2	9	0	0	0
42977	14298	2	9	0	0	0
42978	14393	2	9	0	0	0
42979	14297	2	9	0	0	0
42982	14892	2	9	0	0	0
42987	14824	2	9	0	0	0
42989	14567	2	9	0	0	0
43024	19496	2	9	0	0	0
43026	19487	2	9	0	0	0
43028	19488	5	9	0	0	4
43029	19491	2	9	0	0	0
43030	19490	2	9	0	0	2
43041	19386	2	9	0	0	2
43042	19385	2	9	0	0	0
43050	14926	8	1	4	0	-4
43058	14885	8	1	4	0	-4
43075	14884	8	1	-4	0	-4
43081	14926	8	1	-4	0	-4
43096	14885	8	1	0	0	0
43120	18864	1	3	0	0	0
43121	18858	8	3	0	0	0
43124	19620	8	3	0	0	0
43125	19619	8	3	0	0	0
43126	19606	8	3	0	0	0
43127	19607	1	3	0	0	0
43128	18832	8	3	0	0	0
43132	19608	8	3	0	0	0
43223	19454	5	10	-7.92188	0	3.96094
43225	19456	2	10	0	0	0
43226	19440	2	3	0	0	0
43230	19408	2	10	0	0	0
43231	19409	2	10	-7.92188	0	-3.96094
43232	19406	2	10	0	0	0
43234	19407	2	10	0	0	0
43236	19457	5	10	5.76172	0	2.88086
43240	19456	2	10	7.92188	0	-3.96094
43241	19440	2	3	-7.92188	0	-3.96094
43250	19408	2	10	7.92188	0	-3.96094
43251	19406	2	10	7.92188	0	-3.96094
43253	19407	2	10	-7.92188	0	-3.96094
43260	14887	8	3	0	0	0
43265	14927	8	3	-4	0	-4
43374	14871	8	3	0	0	0
43379	14869	8	3	0	0	0
43381	14558	8	3	0	0	0
43404	19635	8	3	0	0	0
43405	19633	8	3	0	0	0
43418	19637	8	3	0	0	4
43425	19684	1	3	0	0	0
43428	19453	2	10	0	0	0
43430	19455	2	10	0	0	0
43433	19405	2	10	0	0	0
43434	19410	2	3	0	0	0
43443	19451	2	10	10.7969	0	5.39844
43449	19403	2	10	-10.7969	0	-5.39844
43451	19404	2	10	10.7969	0	-5.39844
43546	15170	8	4	0	0	0
43548	19740	8	3	0	0	0
43549	19739	8	3	0	0	0
43550	19742	8	3	0	0	0
43551	19741	8	3	0	0	0
43552	19737	8	3	0	0	0
43553	19731	8	3	0	0	0
43554	19736	8	3	0	0	0
43555	19729	8	3	0	0	0
43584	17596	2	3	0	0	0
43599	17641	2	3	0	0	0
43618	15072	8	3	-4	0	-4
43619	17595	2	3	0	0	0
43623	11598	1	3	0	0	0
43642	17640	2	3	0	0	0
43796	15072	8	3	-4	0	-4
43808	15073	8	3	-4	0	-4
43844	15052	1	3	0	0	0
43848	17593	1	3	0	0	0
43853	15072	8	3	0	0	0
43858	15073	8	3	0	0	0
43864	17644	1	3	0	0	0
43873	19055	2	3	0	0	0
43875	19050	8	3	0	0	0
43876	19047	2	3	0	0	0
43878	19048	8	3	0	0	0
43880	19058	8	3	0	0	0
43883	17642	1	3	0	0	0
43889	15055	8	1	0	0	0
43958	15060	1	3	0	0	0
43978	19007	2	9	0	0	0
43979	19022	2	9	0	0	0
43984	19010	2	9	0	0	0
43986	19003	2	9	0	0	0
43987	19018	2	9	0	0	0
43988	19034	2	9	0	0	0
43989	19033	5	9	0	0	2
43990	19032	2	9	0	0	0
43992	19027	2	9	0	0	0
43997	19043	2	9	0	0	0
43998	19040	1	3	0	0	0
43999	19042	2	9	0	0	2
44001	19036	2	9	0	0	0
44003	19037	2	9	0	0	2
44006	18992	2	9	0	0	0
44007	18985	2	9	0	0	2
44008	18984	2	9	0	0	0
44012	19017	2	9	0	0	6
44014	19016	2	9	0	0	0
44021	19008	2	9	0	0	4
44025	19020	2	9	0	0	4
44026	19013	2	9	0	0	0
44027	19011	2	9	0	0	4
44028	19012	2	9	0	0	2
44034	19021	1	3	0	0	0
44037	19019	2	9	0	0	6
44049	18996	1	3	0	0	0
44051	19023	2	9	0	0	2
44053	19035	5	9	0	0	6
44065	19030	1	3	0	0	0
44067	19031	5	9	0	0	4
44068	19028	2	9	0	0	6
44074	19029	1	3	0	0	0
44076	19041	5	9	0	0	4
44077	19038	5	9	0	0	2
44087	19025	2	9	0	0	0
44088	19024	2	9	0	0	2
44169	14795	2	8	0	0	0
44178	14525	1	3	0	0	0
44186	14523	1	3	0	0	0
44191	14524	1	3	0	0	0
44210	15253	8	3	-4	0	-4
44241	15270	8	4.5	-4	0	-4
44255	15247	8	9	0	0	0
44256	19068	2	9	0	0	7.60156
44257	15246	8	9	0	0	0
44258	15248	8	9	0	0	0
44259	19065	2	9	0	0	0
44260	15255	2	9	-4	0	-4
44261	15249	8	9	0	0	0
44262	15244	8	9	-4	0	-4
44263	19067	2	9	0	0	7.60156
44264	19066	2	9	0	0	7.60156
44265	19069	2	9	0	0	0
44266	15273	2	9	0	0	0
44267	15266	2	9	-4	0	-4
44269	15265	2	9	-4	0	-4
44270	15267	2	9	-4	0	-4
44271	15268	8	9	0	0	0
44272	15269	8	9	0	0	0
44273	15276	2	9	-4	0	-4
44276	15272	2	9	0	0	0
44306	12041	1	3	0	0	0
44311	15256	8	3	-4	0	-4
44323	15275	8	3	-4	0	-4
44514	15042	2	8	0	0	0
44552	15149	8	2.5	0	0	0
44555	15152	2	2.5	0	0	0
44558	15153	1	3	0	0	0
44561	15150	8	3.75	0	0	2
44564	15152	2	2.5	4	0	-4
44579	19062	8	3	-2	0	2
44583	19061	2	3	-2	0	2
44584	15615	8	3	-4	0	-4
44593	19063	8	3	2	0	2
44606	19046	2	3	0	0	0
44612	19057	2	3	-2	0	2
44613	19054	8	3	2	0	-2
44614	19053	2	3	2	0	-2
44615	19051	2	3	2	0	-2
44616	19049	8	3	-2	0	2
44617	15122	8	3	0	0	0
44624	19059	2	3	-2	0	2
44625	19060	8	3	2	0	2
44638	14832	1	3	0	0	0
44662	17646	2	3	0	0	0
44664	17587	1	3	0	0	0
44726	15455	0	10	0	0	0
44727	15565	0	10	0	0	0
44728	15548	0	10	0	0	0
44729	15534	0	10	0	0	0
44731	15540	0	10	0	0	0
44732	15538	1	3	0	0	0
44744	19648	1	3	0	0	0
44750	11967	1	3	0	0	0
44751	15748	6	-1	0	0	0
44752	15749	6	-1	0	0	0
44753	15750	6	-1	0	0	0
44754	15737	6	-1	0	0	0
44755	15738	6	-1	0	0	0
44756	15736	6	-1	0	0	0
44785	14830	2	3	0	0	0
44790	14827	1	3	0	0	0
44803	14216	1	3	0	0	0
44810	15564	2	3	0	0	0
44811	15588	1	3	0	0	0
44813	17626	1	3	0	0	0
44814	19874	1	3	0	0	0
44838	16910	1	3	0	0	0
44843	17007	8	5	0	0	0
44847	15512	2	3	0	0	0
44849	17008	2	9	0	0	0
44853	19636	8	3	0	0	0
44859	19622	8	3	0	0	0
44860	14842	1	3	0	0	0
44873	17055	0	3	0	0	0
44875	17057	1	3	0	0	0
44884	15352	1	3	0	0	0
44946	18841	2	9	0	0	0
44947	18869	2	9	0	0	0
44948	18867	2	9	0	0	0
44949	18870	2	9	0	0	0
44950	18868	2	9	0	0	0
44951	18866	2	9	0	0	0
44952	18862	2	9	0	0	0
44953	18863	2	9	0	0	0
44954	18860	2	9	0	0	0
44955	18842	2	9	0	0	0
44956	18834	2	9	0	0	0
44957	18838	2	9	0	0	0
44958	18837	2	9	0	0	0
44959	18836	2	9	0	0	0
44971	18847	1	3	0	0	0
44974	15614	8	3	-4	0	-4
44978	19113	8	3	-3.59961	0	-3.59961
44985	12046	1	3	0	0	0
44994	15616	8	3	-4	0	-4
44996	11593	1	3	0	0	0
45006	15424	1	3	0	0	0
45023	15620	8	3	0	0	0
45024	19115	2	10	7.19922	0	-3.59961
45025	19120	2	10	7.19922	0	-3.59961
45026	19122	2	3	-7.19922	0	3.59961
45027	19121	2	10	7.19922	0	3.59961
45028	19118	2	3	-7.19922	0	-3.59961
45029	19116	2	10	7.19922	0	3.59961
45030	19117	2	10	7.19922	0	-3.59961
45033	19853	1	3	0	0	0
45035	19535	8	3	0	0	0
45036	19532	8	3	0	0	0
45037	19538	8	3	0	0	0
45038	19512	8	3	0	0	0
45039	19508	8	3	0	0	0
45040	19526	8	3	0	0	0
45041	19429	8	3	0	0	0
45042	19420	8	3	0	0	0
45043	19433	8	3	0	0	0
45044	19422	8	3	0	0	0
45045	19536	8	3	0	0	0
45046	19539	8	3	0	0	0
45047	19537	8	3	0	0	0
45049	19511	8	3	0	0	0
45050	19510	8	3	0	0	0
45051	19569	8	2	0	0	0
45052	19568	1	2	0	0	0
45053	19567	8	2	0	0	0
45054	19530	8	2	0	0	0
45055	19525	8	2	0	0	0
45056	19529	8	2	0	0	0
45057	19524	8	2	0	0	0
45058	19710	8	2	0	0	0
45059	19709	8	2	0	0	0
45060	19427	8	4	0	0	0
45061	19432	8	4	0	0	0
45062	19421	8	4	0	0	0
45063	19430	8	4	0	0	0
45064	19531	8	4	0	0	0
45065	19527	8	4	0	0	0
45066	19528	8	4	0	0	0
45067	19428	8	4	0	0	0
45068	19715	2	9	0	0	0
45069	19714	2	9	0	0	0
45070	19435	2	9	0	0	0
45071	19426	2	9	0	0	0
45072	19424	2	9	0	0	0
45073	19436	2	9	0	0	0
45074	19578	2	9	0	0	0
45075	19577	2	9	0	0	0
45076	19576	2	9	0	0	0
45077	19575	2	9	0	0	0
45078	19574	2	9	0	0	0
45079	19573	2	9	0	0	0
45080	19572	2	9	0	0	0
45081	19557	2	9	0	0	0
45082	19558	2	9	0	0	0
45083	19559	2	9	0	0	0
45084	19551	2	9	0	0	0
45085	19560	2	9	0	0	0
45086	19561	2	9	0	0	0
45087	19562	2	9	0	0	0
45088	19563	2	9	0	0	0
45089	19550	2	9	0	0	0
45090	19555	2	9	0	0	0
45091	19515	2	9	0	0	0
45092	19713	2	9	0	0	0
45093	19516	2	9	0	0	0
45094	19517	2	9	0	0	0
45095	19514	2	9	0	0	0
45096	19712	2	9	0	0	0
45097	19518	2	9	0	0	0
45098	19566	2	9	0	0	0
45099	19548	2	9	0	0	0
45100	19711	2	9	0	0	0
45101	19564	2	9	0	0	0
45102	19549	2	9	0	0	0
45103	19556	2	9	0	0	0
45104	19425	2	9	0	0	0
45105	19656	8	3	0	0	0
45106	19653	8	3	0	0	0
45107	19601	8	3	0	0	0
45108	19603	8	3	0	0	0
45109	19604	8	3	0	0	0
45110	19655	8	3	0	0	0
45111	19630	8	3	0	0	0
45112	19654	8	3	0	0	0
45113	19631	8	3	0	0	0
45114	19616	8	3	0	0	0
45115	19617	8	3	0	0	0
45116	19614	8	3	0	0	0
45117	19615	8	3	0	0	0
45118	19613	8	3	0	0	0
45119	19612	8	3	0	0	0
45120	19665	8	3	0	0	0
45121	19658	8	3	0	0	0
45122	19657	8	3	0	0	0
45123	19662	8	2	0	0	0
45124	19663	8	2	0	0	0
45125	19671	8	2	0	0	0
45126	19670	8	2	0	0	0
45127	19672	8	2	0	0	0
45128	19659	8	4	0	0	0
45129	19694	2	9	0	0	0
45130	19685	2	9	0	0	0
45131	19683	2	9	0	0	0
45132	19695	2	9	0	0	0
45133	19682	2	9	0	0	0
45134	19708	2	9	0	0	0
45135	19702	2	9	0	0	0
45136	19703	2	9	0	0	0
45137	19704	2	9	0	0	0
45138	19701	2	9	0	0	0
45139	19699	2	9	0	0	0
45140	19700	2	9	0	0	0
45141	19693	2	9	0	0	0
45142	19691	2	9	0	0	0
45143	19692	2	9	0	0	0
45144	19706	2	9	0	0	0
45145	19707	2	9	0	0	0
45146	19705	2	9	0	0	0
45147	19698	2	9	0	0	0
45148	19697	2	9	0	0	0
45149	19696	2	9	0	0	0
45150	19681	2	9	0	0	0
45151	19680	2	9	0	0	0
45152	19690	2	9	0	0	0
45153	19689	2	9	0	0	0
45154	19688	2	9	0	0	0
45155	19687	2	9	0	0	0
45156	19686	2	9	0	0	0
45157	19678	2	9	0	0	0
45158	19677	2	9	0	0	0
45159	19676	2	9	0	0	0
45160	19679	2	9	0	0	0
45192	19623	8	3	0	0	0
45203	19757	2	10	0	0	0
45204	19759	2	10	0	0	0
45205	19758	2	10	0	0	0
45206	19747	2	10	0	0	0
45207	19746	2	10	0	0	0
45208	19727	2	10	0	0	0
45209	19760	2	10	0	0	0
45210	19756	2	10	0	0	0
45211	19064	8	4	0	0	0
45270	15297	1	3	0	0	0
45435	15252	1	3	0	0	0
45440	17594	1	3	0	0	0
45444	17589	1	3	0	0	0
45480	19764	2	3	0	0	0
45481	19765	5	3	0	0	0
45482	19468	1	3	0	0	0
45488	19469	1	3	0	0	0
45489	19471	1	3	0	0	0
45490	19479	1	3	0	0	0
45491	19485	1	3	0	0	0
45492	19481	1	3	0	0	0
45493	19483	1	3	0	0	0
45499	19570	8	3	0	0	0
45500	19546	8	3	0	0	0
45501	19541	8	3	0	0	0
45502	19543	8	3	0	0	0
45503	19542	8	3	0	0	0
45646	19903	1	3	0	0	0
45649	19881	1	3	0	0	0
45670	14833	8	3	0	0	0
45671	19660	1	3	0	0	0
45681	14929	2	3	0	0	0
45693	14647	8	2.5	0	0	0
45694	14644	8	2.5	0	0	0
45704	19605	8	3	0	0	0
45706	19609	1	3	0	0	0
45720	19632	8	3	0	0	0
45722	19634	8	3	0	0	0
45732	15084	1	3	0	0	0
45752	15057	8	1	0	0	0
45763	15059	8	1	0	0	0
45771	15151	8	2.5	0	0	0
45783	12035	1	3	0	0	0
45795	19755	8	3	0	0	0
45796	19748	8	3	0	0	0
45799	19743	8	3	0	0	0
45801	19744	8	3	0	0	0
45802	19749	8	3	0	0	0
45807	19745	1	3	0	0	0
45813	19600	1	3	0	0	0
45815	19597	8	3	0	0	0
45817	19753	1	3	0	0	0
45819	19644	8	3	0	0	0
45820	19645	8	3	0	0	0
45821	19646	1	3	0	0	0
45823	15504	8	3	0	0	0
45824	15514	8	3	0	0	0
45825	15505	8	3	0	0	0
45826	15343	8	3	0	0	0
45827	15422	8	3	0	0	0
45828	15420	2	3	0	0	0
45829	15430	1	3	0	0	0
45831	15451	8	3	0	0	0
45832	15354	8	3	0	0	0
45833	15381	8	3	0	0	0
45835	15515	1	3	0	0	0
45836	11994	1	3	0	0	0
45844	15519	8	3	0	0	0
45845	15517	8	3	0	0	0
45847	15510	8	3	0	0	0
45849	15509	8	3	0	0	0
45850	15524	8	3	0	0	0
45868	12036	1	3	0	0	0
45872	11601	1	3	0	0	0
45876	11602	1	3	0	0	0
45880	11603	1	3	0	0	0
45903	11736	1	3	0	0	0
45924	17056	1	3	0	0	0
45949	19763	1	3	0	0	0
45950	19762	1	3	0	0	0
46370	21624	2	3	0	0	0
46371	20377	2	3	0	0	0
46397	21048	1	3	0	0	0
46539	19202	1	3	0	0	0
46541	19201	1	3	0	0	0
46547	19203	1	3	0	0	0
46548	19205	1	3	0	0	0
46549	19206	1	3	0	0	0
46551	19207	1	3	0	0	0
46552	19208	1	3	0	0	0
46555	19209	1	3	0	0	0
46558	21045	1	3	0	0	0
46567	19300	1	3	0	0	0
46603	19341	2	3	0	0	0
46624	19109	8	3	0	0	0
46625	19111	8	3	-3	0	-1.5
46626	19112	8	3	0	0	0
46628	19109	8	3	-3	0	-1.5
46629	19112	8	3	-3	0	1.5
46645	20653	1	3	0	0	0
46673	19114	8	3	0	0	0
46674	19119	1	3	0	0	0
46679	19175	8	3	-2	0	4
46682	19187	8	3	-2	0	4
46683	19301	1	3	0	0	0
46684	19176	1	3	0	0	0
46685	19185	8	3	-2	0	4
46688	19182	8	4.5	-2	0	4
46692	19175	8	3	0	0	0
46693	19185	8	3	0	0	0
46694	19182	8	3	0	0	0
46695	19187	8	3	0	0	0
46704	19168	1	3	0	0	0
46739	21252	1	3	0	0	0
46754	19169	8	3	0	0	0
46755	19170	8	3	0	0	0
46756	19172	1	3	0	0	0
46759	19169	8	3	-2	0	1
46760	19173	8	3	-2.40039	0	1.20019
46761	19170	8	3	-2	0	1
46763	19171	1	3	0	0	0
46765	19173	8	3	0	0	0
46767	19169	8	3	0	0	0
46771	19165	1	3	0	0	0
46793	19193	1	3	0	0	0
46822	19192	1	3	0	0	0
46841	19379	1	3	0	0	0
46861	19229	1	3	0	0	0
46872	19210	1	3	0	0	0
46904	19200	8	3	0	0	0
46905	19195	8	3	0	0	0
46906	19196	8	3	0	0	0
46907	19198	8	3	0	0	0
46966	20389	1	3	0	0	0
46988	19244	8	10	0	0	0
46990	19245	8	10	0	0	4
46991	19246	8	15	0	0	2.80078
46993	19242	8	10	0	0	5.60156
46994	19248	8	10	0	0	2.80078
46995	19247	8	10	0	0	4
46996	19249	8	10	0	0	4
46997	19243	8	10	0	0	2.80078
46999	19246	8	10	0	0	0
47000	19242	8	10	0	0	0
47001	19248	8	10	0	0	0
47097	19238	8	3	-2	0	0
47100	19233	8	3	-2.40039	0	0
47101	19236	8	3	0	0	0
47102	19237	8	3	0	0	0
47105	19234	8	3	0	0	0
47108	19239	8	3	0	0	0
47162	20526	1	3	0	0	0
47171	20529	1	3	0	0	0
47213	19250	8	3	0	0	0
47214	19230	8	3	0	0	0
47215	19240	8	3	0	0	0
47216	19235	8	3	0	0	0
47217	19231	8	3	0	0	0
47218	19241	8	3	0	0	0
47231	19215	1	3	0	0	0
47237	20373	2	3	0	0	0
47335	19293	8	3	0	0	0
47337	19292	8	3	0	0	0
47340	19294	8	3	0	0	0
47341	19289	8	3	0	0	0
47344	19290	8	3	0	0	0
47345	19291	8	3	0	0	0
47373	19350	8	3	-4.32031	0	-4.32031
47398	19414	1	3	0	0	0
47414	19316	1	3	0	0	0
47417	20509	1	3	0	0	0
47450	19392	1	3	0	0	0
47471	19342	2	3	-4.32031	0	2.16016
47474	19350	8	3	0	0	0
47481	19328	8	4	0	0	0
47482	19338	8	4	0	0	0
47483	19340	8	4	0	0	0
47484	19343	8	4	0	0	0
47485	19344	8	4	0	0	0
47554	19331	8	10	2	0	1
47570	19331	8	10	0	0	0
47586	19331	8	10	-2	0	1
47595	19356	1	3	0	0	0
47606	19351	1	3	0	0	0
47608	20506	1	3	0	0	0
47617	20508	1	3	0	0	0
47620	19394	1	3	0	0	0
47636	19358	2	3	0	0	10
47638	20507	1	3	0	0	0
47641	19413	1	3	0	0	0
47647	19366	1	3	0	0	0
47648	19412	1	3	0	0	0
47659	19304	1	3	0	0	0
47662	19284	1	3	0	0	0
47699	21256	1	3	0	0	0
47726	20484	2	3	0	0	0
47816	20670	1	3	0	0	0
47833	20391	1	3	0	0	0
47894	21008	2	3	0	0	0
47895	20943	2	3	0	0	0
47896	21007	2	3	0	0	0
47952	21257	1	3	0	0	0
47989	19375	1	3	0	0	0
47991	21119	1	3	0	0	0
47996	20493	2	3	0	0	0
47997	21040	2	3	0	0	0
47999	21623	1	3	0	0	0
48004	21222	1	3	0	0	0
48022	19458	8	10	0	0	0
48023	21051	1	3	0	0	0
48137	19197	8	3	0	0	0
48138	19194	8	3	0	0	0
48139	19199	8	3	0	0	0
48140	20384	8	3	0	0	0
48141	20383	8	3	0	0	0
48165	20414	1	3	0	0	0
48168	20428	1	3	0	0	0
48190	19110	1	3	0	0	0
48364	20659	8	2	0	0	0
48365	20658	8	2	0	0	0
48366	19191	8	2	0	0	0
48367	20656	8	2	0	0	0
48385	21006	2	3	0	0	0
48469	19167	1	3	0	0	0
48476	19100	8	3	-2	0	1
48477	19104	8	3	-3	0	-1.5
48482	20534	1	3	0	0	0
48484	20636	2	3	0	0	0
48485	20539	1	3	0	0	0
48488	20540	1	3	0	0	0
48489	20541	1	3	0	0	0
48494	20542	1	3	0	0	0
48496	20640	2	3	0	0	0
48550	21612	2	3	0	0	0
48552	21038	2	3	0	0	0
48569	19441	1	3	0	0	0
48573	19445	1	3	0	0	0
48575	21044	1	3	0	0	0
48576	19423	1	3	0	0	0
48577	21053	1	3	0	0	0
48591	19372	1	3	0	0	0
48620	19373	1	3	0	0	0
48639	21108	1	3	0	0	0
48640	21109	0	3	0	0	0
48643	21107	0	3	0	0	0
48650	21105	1	3	0	0	0
48652	21106	0	3	0	0	2
48655	20487	2	3	0	0	0
48656	20486	2	3	0	0	0
48657	21113	4	3	2	0	-1
48658	21111	2	3	0	0	2
48659	21113	4	3	0	0	0
48660	21112	2	3	0	0	0
48661	21110	2	3	0	0	0
48662	21111	2	3	0	0	0
48663	21118	8	3	0	0	0
48664	21118	8	3	-2	0	1
48666	20496	2	3	0	0	0
48668	21118	8	3	0	0	0
48695	19332	1	3	0	0	0
48698	19302	1	3	0	0	0
48704	19283	1	3	0	0	0
48744	19178	1	3	0	0	0
48749	19333	1	3	0	0	0
48772	20510	1	3	0	0	0
48830	22283	8	3	0	0	0
48832	22284	8	3	0	0	0
48833	22287	8	3	0	0	0
48834	22285	8	3	0	0	0
48835	22286	8	3	0	0	0
48846	19813	1	3	0	0	0
49031	20028	1	3	0	0	0
49033	11742	1	15	0	0	0
49034	11747	1	15	0	0	0
49035	11743	1	15	0	0	0
49036	11744	1	15	0	0	0
49037	12167	1	15	0	0	0
49038	12172	1	15	0	0	0
49039	12168	1	15	0	0	0
49040	12169	1	15	0	0	0
49254	12968	1	3	0	0	0
49255	12974	1	3	0	0	0
49257	19933	8	3	-4	0	-4
49260	19933	8	3	0	0	0
49264	15816	1	3	0	0	0
49487	13017	6	-1	0	0	0
49488	16261	6	-1	0	0	0
49489	16260	6	-1	0	0	0
49490	13018	6	-1	0	0	0
49491	16263	6	-1	0	0	0
49492	16262	6	-1	0	0	0
49493	16243	6	-1	0	0	0
49494	16245	6	-1	0	0	0
49495	16246	6	-1	0	0	0
49496	16250	6	-1	0	0	0
49497	16248	6	-1	0	0	0
49498	16249	6	-1	0	0	0
49499	16259	6	-1	0	0	0
49500	16236	6	-1	0	0	0
49501	16235	6	-1	0	0	0
49502	16264	6	-1	0	0	0
49503	16266	6	-1	0	0	0
49504	16265	6	-1	0	0	0
49509	16339	2	9	0	0	0
49510	16340	2	9	0	0	0
49511	16338	2	9	0	0	0
49512	16330	2	9	0	0	0
49513	16344	2	9	0	0	0
49514	16329	2	9	0	0	0
49515	16334	2	9	0	0	0
49516	16337	2	9	0	0	0
49517	16341	2	9	0	0	0
49518	16343	2	9	0	0	0
49519	16342	2	9	0	0	0
49528	21362	1	3	0	0	0
49534	15872	1	3	0	0	0
49536	15873	2	3	0	0	0
49544	19848	2	3	0	0	0
49552	15869	2	3	0	0	0
49559	15874	1	3	0	0	0
49585	19919	1	3	0	0	0
49601	15770	1	3	0	0	0
49608	16070	2	3	0	0	0
49610	15871	1	3	0	0	0
49632	16056	1	3	0	0	0
49637	16454	1	3	0	0	0
49651	12257	1	3	0	0	0
49661	16162	8	3	0	0	0
49662	16161	8	3	0	0	0
49663	16160	8	3	0	0	0
49665	16164	8	3	0	0	0
49666	16165	8	3	0	0	0
49673	16163	8	3	0	0	0
49872	12969	1	3	0	0	0
49888	15820	1	3	0	0	0
49889	15822	1	3	0	0	0
49910	15825	1	3	0	0	0
49969	16848	2	3	0	0	0
49970	19888	8	3	0	0	0
49971	19889	8	3	0	0	0
49972	19890	8	3	0	0	0
49973	19891	8	3	0	0	0
49974	19892	8	3	0	0	0
49975	19893	8	3	0	0	0
49976	16850	2	3	0	0	0
49977	19884	8	3	0	0	0
49978	19894	8	3	0	0	0
49979	19883	8	3	0	0	0
49980	19885	8	3	0	0	0
49981	19886	8	3	0	0	0
49982	19887	8	3	0	0	0
50003	16844	1	3	0	0	0
50016	16843	1	3	0	0	0
50037	16846	8	10	-4	0	-4
50038	16845	8	10	4	0	-4
50039	16841	8	10	-4	0	-4
50040	16842	8	10	4	0	4
50044	16758	8	3	0	0	0
50045	16759	8	3	0	0	0
50047	16765	8	3	-4	0	-4
50048	16453	1	3	0	0	0
50049	16764	8	3	0	0	0
50051	16776	8	3	-4	0	-4
50052	16777	8	3	0	0	0
50054	16748	8	3	0	0	0
50056	16749	8	3	0	0	0
50057	16754	8	3	-4	0	-4
50058	16750	8	3	0	0	0
50060	16757	8	3	0	0	0
50061	16761	8	3	0	0	0
50062	16762	8	3	0	0	0
50063	16769	8	3	-4	0	-4
50064	20023	8	3	-4	0	-4
50065	16752	8	3	-4	0	-4
50067	16751	8	3	0	0	0
50068	16770	8	3	0	0	0
50071	16884	8	3	0	0	0
50072	16888	8	3	0	0	0
50073	16886	8	3	0	0	0
50075	16883	8	3	0	0	0
50076	16880	8	3	0	0	0
50077	16881	8	3	0	0	0
50078	16882	8	3	0	0	0
50079	16885	8	3	0	0	0
50081	16887	8	3	0	0	0
50082	16889	8	3	0	0	0
50099	15815	1	3	0	0	0
50126	15907	2	9	0	0	0
50127	15906	2	9	0	0	0
50128	16041	2	9	0	0	0
50129	16042	2	9	0	0	0
50130	16044	2	9	0	0	0
50131	16043	2	9	0	0	0
50216	14190	2	3	0	0	0
50226	12971	1	3	0	0	0
50337	16902	2	30	0	0	0
50338	16903	5	30	0	0	0
50341	16795	2	30	0	0	0
50342	16799	2	30	0	0	0
50343	16798	2	30	0	0	0
50344	16797	2	30	0	0	0
50345	16796	2	30	0	0	0
50346	16757	8	4.5	4	0	-4
50347	16758	8	3	-4	0	-4
50348	16759	8	3	4	0	-4
50351	16763	8	3	-4	0	-4
50352	16764	8	3	4	0	-4
50353	16766	8	3	-4	0	-4
50359	16767	8	3	-4	0	-4
50360	20024	1	3	0	0	0
50361	19875	1	3	0	0	0
50364	16777	8	3	-4	0	-4
50367	16753	8	3	4	0	-4
50368	16747	8	3	4	0	-4
50373	16749	8	4.5	4	0	-4
50377	16755	8	3	0	0	0
50378	16750	8	3	-4	0	-4
50381	16761	8	3	4	0	-4
50384	16762	8	3	-4	0	-4
50385	16768	8	3	4	0	-4
50388	16751	8	4.5	4	0	-4
50392	16770	8	3	-4	0	-4
50393	16818	2	50	0	0	0
50394	16817	2	50	0	0	0
50395	16815	2	50	0	0	0
50396	16816	2	50	0	0	0
50397	16800	2	50	0	0	0
50398	16818	2	50	2	0	4
50399	16817	2	50	2	0	4
50400	16800	2	50	-2	0	4
50401	16816	2	50	-2	0	4
50402	16815	2	50	2	0	4
50592	19857	1	3	0	0	0
50678	16940	8	3	0	0	0
50717	16946	2	30	0	0	0
50718	16945	2	30	0	0	0
50719	16943	2	30	0	0	0
50720	16944	2	30	0	0	0
50721	16941	2	30	0	0	0
50722	16942	2	30	0	0	0
50751	19822	8	3	0	0	0
50752	19820	8	3	0	0	0
50753	19814	8	3	0	0	0
50754	19815	8	3	0	0	0
50755	19817	8	3	0	0	0
50756	19818	8	3	0	0	0
50757	19821	8	3	0	0	0
50758	19812	8	3	0	0	0
50759	19816	8	3	0	0	0
50760	19835	2	9	0	0	0
50761	19834	2	9	0	0	0
50762	19832	2	9	0	0	0
50763	19833	2	9	0	0	0
50764	19826	2	9	0	0	0
50765	19831	2	9	0	0	0
50766	19825	2	9	0	0	0
50767	19827	2	9	0	0	0
50768	19824	2	9	0	0	0
50769	19823	2	9	0	0	0
50770	19718	2	9	0	0	0
50771	19717	2	9	0	0	0
50772	19716	2	9	0	0	0
50773	19828	2	9	0	0	0
50774	19829	0	9	0	0	0
50775	19830	2	9	0	0	0
50879	19838	1	3	0	0	0
50881	19916	1	3	0	0	0
50884	19840	1	3	0	0	0
50902	19863	2	10	0	0	0
50907	12652	1	3	0	0	0
50924	19863	2	10	0	0	0
51033	16939	8	3	0	0	0
51084	22207	2	6.5	0	0	0
51085	22208	2	6.5	0	0	0
51086	22206	2	6.5	0	0	0
51087	22216	2	6.5	0	0	0
51088	22217	2	6.5	0	0	0
51089	22215	2	6.5	0	0	0
51090	22211	2	6.5	0	0	0
51091	22213	2	6.5	0	0	0
51092	22214	2	6.5	0	0	0
51093	22209	2	6.5	0	0	0
51094	22212	2	6.5	0	0	0
51095	22210	2	6.5	0	0	0
51096	22220	2	6.5	0	0	0
51097	22218	2	6.5	0	0	0
51098	22219	2	6.5	0	0	0
51099	22223	2	6.5	0	0	0
51100	22221	2	6.5	0	0	0
51101	22222	2	6.5	0	0	0
51102	22228	2	6.5	0	0	0
51103	22229	2	6.5	0	0	0
51104	22226	2	6.5	0	0	0
51105	22225	2	6.5	0	0	0
51106	22227	2	6.5	0	0	0
51107	22224	2	6.5	0	0	0
51108	22254	2	6.5	0	0	0
51109	22255	2	6.5	0	0	0
51110	22256	2	6.5	0	0	0
51111	22243	2	6.5	0	0	0
51112	22244	2	6.5	0	0	0
51113	22245	2	6.5	0	0	0
51114	22247	2	6.5	0	0	0
51115	22242	2	6.5	0	0	0
51116	22246	2	6.5	0	0	0
51117	22248	2	6.5	0	0	0
51118	22249	2	6.5	0	0	0
51119	22250	2	6.5	0	0	0
51120	22253	2	6.5	0	0	0
51121	22252	2	6.5	0	0	0
51122	22251	2	6.5	0	0	0
51123	22239	2	6.5	0	0	0
51124	22241	2	6.5	0	0	0
51125	22238	2	6.5	0	0	0
51126	22236	2	6.5	0	0	0
51127	22240	2	6.5	0	0	0
51128	22237	2	6.5	0	0	0
51129	22235	2	6.5	0	0	0
51130	22234	2	6.5	0	0	0
51131	22233	2	6.5	0	0	0
51132	22232	2	6.5	0	0	0
51133	22231	2	6.5	0	0	0
51134	22230	2	6.5	0	0	0
51135	22259	2	6.5	0	0	0
51136	22257	2	6.5	0	0	0
51137	22258	2	6.5	0	0	0
51138	22263	2	6.5	0	0	0
51139	22262	2	6.5	0	0	0
51140	22260	2	6.5	0	0	0
51141	22261	2	6.5	0	0	0
51142	22265	2	6.5	0	0	0
51143	22264	2	6.5	0	0	0
51163	1790	2	3	0	0	0
51164	3285	2	3	0	0	0
51165	3290	1	3	0	0	0
51264	6921	8	3	0	0	0
51271	7135	1	3	0	0	0
51297	6776	1	3	0	0	0
51320	19396	1	3	0	0	0
51327	19398	2	3	0	0	0
51350	6763	2	3	0	0	0
51357	3288	1	3	0	0	0
51371	6923	1	3	0	0	0
51434	16700	1	3	0	0	0
51500	7344	1	3	0	0	0
51503	7345	2	3	0	0	0
51506	7335	1	3	0	0	0
51507	7382	1	3	0	0	0
51512	7333	1	3	0	0	0
51513	7440	1	3	0	0	0
51535	7566	1	3	0	0	0
51544	11919	2	3	0	0	0
51555	16912	4	3	0	0	0
51556	16911	4	3	0	0	0
51559	16909	2	3	0	0	0
51572	7454	1	3	0	0	0
51573	7457	1	3	0	0	0
51577	7455	1	3	0	0	0
51578	7456	1	3	0	0	0
51658	7567	1	3	0	0	0
51659	3452	1	3	0	0	0
51660	3451	1	3	0	0	0
51718	3861	1	3	0	0	0
51733	7835	1	3	0	0	0
51734	10642	2	3	0	0	0
51753	7105	2	3	0	0	0
52091	3862	2	10	0	0	0
52094	3866	2	10	0	0	0
52098	17524	2	10	0	0	0
52100	3286	1	3	0	0	0
52101	3864	2	10	0	0	0
52102	3863	2	10	0	0	0
52103	17523	2	10	0	0	0
52105	3867	2	10	0	0	0
52106	17527	2	10	0	0	0
52107	17528	2	10	0	0	0
52109	17512	8	3	0	0	0
52111	17510	8	3	0	0	0
52112	17502	2	3	0	0	0
52113	17507	8	3	0	0	0
52115	6718	2	3	0	0	0
52161	3323	1	3	0	0	0
52168	6716	1	3	0	0	0
52193	6719	2	3	0	0	0
52201	6736	2	2.5	0	0	0
52259	6766	1	3	0	0	0
52266	6767	2	3	0	0	0
52344	3284	1	3	0	0	0
52433	17544	1	3	0	0	0
52434	6765	1	3	0	0	0
52435	16808	8	3	0	0	0
52437	6764	2	3	0	0	0
52438	16807	8	3	0	0	0
52442	7038	1	3	0	0	0
52455	16620	1	3	0	0	0
52458	16621	1	3	0	0	0
52630	17543	8	3	0	0	0
52631	17542	8	3	0	0	0
52633	10749	5	3	0	0	0
52770	7026	1	3	0	0	0
52812	3391	1	3	0	0	0
52819	7108	2	10	0	0	0
52823	6768	2	3	0	0	0
52837	7107	2	10	0	0	0
52842	7108	2	10	0	0	0
52844	7106	2	10	0	0	0
52872	7109	2	3	0	0	0
53000	7063	2	3	0	0	0
53001	7065	2	3	0	0	0
53004	7088	1	3	0	0	0
53005	7121	2	10	0	0	0
53006	7099	1	3	0	0	0
53011	7121	2	10	0	0	0
53016	7131	2	3	0	0	0
53022	7100	1	3	0	0	0
53028	7237	2	10	0	0	0
53031	7235	2	10	0	0	0
53033	7236	2	10	0	0	0
53039	7234	2	10	0	0	0
53046	11917	2	3	0	0	0
53052	11918	2	3	0	0	0
53054	11920	1	3	0	0	0
53055	16824	2	3	0	0	0
53056	16826	8	3	0	0	0
53068	16929	8	3	0	0	0
53071	16928	2	6	0	0	0
53072	7574	2	3	0	0	0
53075	19767	1	3	0	0	0
53077	16925	8	3	0	0	0
53123	7482	2	3	0	0	0
53240	11921	2	2.5	0	0	0
53279	7603	1	3	0	0	0
53359	3420	1	3	0	0	0
53369	3419	1	3	0	0	0
53403	7419	2	3	0	0	0
53432	7427	1	3	0	0	0
53445	19769	1	3	0	0	0
53458	7458	2	2.25	-4	0	2
53468	7460	2	3	0	0	0
53479	7453	1	3	0	0	0
53502	16953	4	3	0	0	0
53507	7483	2	3	0	0	0
53514	7439	1	1.59961	0	0	0
53515	7438	1	1.59961	0	0	0
53522	7476	2	10	0	0	0
53533	3494	2	3	0	0	0
53538	3418	1	3	0	0	0
53553	7573	2	10	0	0	0
53554	7431	1	3	0	0	0
53555	7575	2	10	0	0	0
53778	9050	2	4	0	0	0
53784	9052	2	4	0	0	0
53789	7757	1	3	-2	0	-2
53798	7758	1	3	-2	0	-2
53799	7760	1	3	-2	0	-2
53802	7759	1	3	-2	0	-2
53811	8847	1	3	0	0	0
53812	7915	1	3	0	0	0
53814	15878	8	3	0	0	0
53820	7837	4	3	0	0	0
53829	8060	2	3	0	0	0
53832	8061	2	3	0	0	0
53843	7757	1	3	0	0	0
53844	7758	1	3	0	0	0
53845	7760	1	3	0	0	0
53846	7759	1	3	0	0	0
53934	7738	0	10	0	0	0
53935	7739	0	10	0	0	0
53938	11904	1	3	0	0	0
53939	11912	1	3	0	0	0
53944	11911	1	3	0	0	0
53945	11909	1	3	0	0	0
53990	8848	1	3	0	0	0
53995	7916	1	3	0	0	0
54111	8407	1	3	0	0	0
54175	8783	2	3	0	0	0
54180	8786	1	3	0	0	0
54187	8866	1	3	0	0	0
54230	11389	1	3	0	0	0
54231	11390	1	3	0	0	0
54234	11358	1	3	0	0	0
54236	9035	2	3	0	0	0
54247	7799	2	3	0	0	0
54253	9036	2	3	0	0	0
54255	9034	2	3	0	0	2
54275	11357	1	3	0	0	0
54299	7965	1	3	0	0	0
54300	7965	1	3	4	0	0
54314	8786	1	3	-4	0	-2
54316	8783	2	3	0	0	2
54321	8834	1	2.5	0	0	2
54480	9601	1	3	0	0	0
54502	15879	8	3	0	0	0
54522	7980	1	3	0	0	0
54523	7979	4	3	0	0	0
54524	7981	1	3	0	0	0
54581	11353	1	3	0	0	0
54583	11354	1	3	0	0	0
54690	7796	2	3	0	0	0
54740	8832	2	3	0	0	0
54774	9202	1	3	0	0	0
54775	9278	1	3	0	0	0
54776	9201	2	3	0	0	0
54777	8959	1	3	0	0	0
54778	9179	1	3	0	0	0
54779	9177	2	3	0	0	0
54780	9180	2	3	0	0	0
54781	9272	1	3	0	0	0
54782	9182	2	3	0	0	0
54783	8973	1	3	0	0	0
54784	9273	1	3	0	0	0
54785	9184	2	3	0	0	0
54786	9185	1	3	0	0	0
54787	9197	1	3	0	0	0
54788	9191	1	3	0	0	0
54789	9194	2	3	0	0	0
54790	17101	4	3	0	0	0
54791	9276	1	3	0	0	0
54792	9271	2	3	0	0	0
54793	9277	1	3	0	0	0
54794	17253	1	3	0	0	0
54795	8984	1	3	0	0	0
54797	8988	1	3	0	0	0
54798	8989	1	3	0	0	0
54800	11008	1	3	0	0	0
54801	8930	1	3	0	0	0
54803	8936	1	3	0	0	0
54804	8929	1	3	0	0	0
54807	8948	1	3	0	0	0
54813	9192	2	3	0	0	0
54814	9188	2	3	0	0	0
54819	8946	1	3	0	0	0
54828	8957	2	3	0	0	0
54841	8984	1	3	0	0	2
54844	8989	1	3	0	0	2
54845	8930	1	3	0	0	2
54848	9200	1	3	0	0	0
54849	8936	1	3	0	0	2
54854	9199	1	3	0	0	0
54860	8949	1	3	0	0	0
54864	8929	1	3	0	0	2
54871	8950	1	3	0	0	0
54882	9193	2	3	0	0	0
54884	9186	2	3	0	0	0
54889	8966	2	3	0	0	0
54890	8968	2	3	0	0	0
54892	8967	2	3	0	0	0
54897	8965	2	3	0	0	0
54906	8943	1	3	-2	0	4
54909	8937	1	3	-2	0	4
54911	8939	1	3	-2	0	4
54912	8940	1	3	-2	0	4
54913	9587	1	3	0	0	0
54919	9020	2	3	-2	0	4
54920	9017	2	3	-2	0	4
54921	9016	2	3	-2	0	4
54922	8943	1	3	0	0	0
54926	8937	1	3	0	0	0
54929	8939	1	3	0	0	0
54930	8940	1	3	0	0	0
54975	9600	1	3	0	0	0
55015	9014	1	3	0	0	0
55018	9018	1	3	0	0	0
55037	9063	1	3	0	0	0
55040	9059	1	3	0	0	0
55052	12101	1	3	0	0	0
55059	9028	1	3	0	0	0
55069	8978	8	3	0	0	0
55071	8980	8	3	0	0	0
55072	8979	8	3	0	0	0
55076	8976	8	3	0	0	0
55079	8974	8	3	0	0	0
55082	8977	8	3	0	0	0
55086	8975	8	3	0	0	0
55112	8978	8	3	-2	0	4
55114	8980	8	3	-2	0	4
55115	8979	8	3	-2	0	4
55119	8976	8	3	-2	0	4
55122	8974	8	3	-2	0	4
55125	8977	8	3	-2	0	4
55129	8975	8	3	-2	0	4
55153	9208	1	3	0	0	0
55163	9209	1	3	0	0	0
55164	8969	2	3	0	0	0
55180	9020	2	3	0	0	0
55181	9017	2	3	0	0	0
55182	9016	2	3	0	0	0
55239	12266	1	3	2	0	4
55247	12359	2	3	-2	0	0
55276	9024	2	3	0	0	0
55277	9023	2	3	0	0	0
55278	9022	2	3	0	0	0
55355	9060	1	3	0	0	0
55361	9061	1	3	0	0	0
55779	9055	1	3	0	0	0
55982	7139	1	3	0	0	0
56002	8953	1	3	0	0	0
56008	8952	1	3	0	0	0
56009	8951	1	3	0	0	0
56015	8961	1	3	0	0	0
56016	12349	1	3	0	0	0
56018	8960	4	3	0	0	0
56019	9124	1	3	0	0	0
56020	8962	1	3	0	0	0
56024	9125	1	3	0	0	0
56058	11373	1	3	0	0	0
56099	9512	1	3	0	0	0
56103	9517	1	3	0	0	0
56132	9274	1	3	0	0	0
56159	9739	1	3	0	0	0
56165	9559	1	3	0	0	0
56251	9537	1	3	0	0	0
56252	9630	2	3	0	0	0
56253	9631	2	3	0	0	0
56262	9633	1	3	0	0	0
56296	9599	1	3	0	0	0
56418	8990	1	3	0	0	0
56421	9178	2	3	0	0	0
56423	8947	1	3	0	0	0
56619	11351	1	3	0	0	0
56630	10833	1	3	0	0	0
56634	12217	0	3	0	0	0
56673	12347	1	3	0	0	0
56692	7798	2	3	0	0	0
56711	11610	1	3	0	0	0
56712	11613	1	10	0	0	0
56713	11612	2	10	0	0	0
56730	6920	8	2.5	0	0	0
56736	16509	8	2.5	0	0	0
56752	11812	0	3	0	0	0
56796	7384	2	3	0	0	0
56798	7386	2	3	0	0	0
56801	3426	1	3	0	0	0
56849	8988	1	3	0	0	0
56850	11008	1	3	0	0	0
56851	9495	1	4.5	-2	0	4
56852	9497	1	3	-4	0	-4
56853	9496	1	3	0	0	0
56862	12359	2	3	4	0	0
56882	13754	0	3	0	0	0
56885	13777	0	3	0	0	0
56886	13754	0	3	0	0	0
56888	13777	0	3	0	0	0
56890	13776	0	3	0	0	0
56891	13776	0	3	0	0	0
56893	13777	0	3	0	0	0
56895	13776	0	3	0	0	0
56898	13754	0	3	0	0	0
56903	6887	1	3	0	0	0
57054	6886	1	2.5	0	0	0
57078	3497	1	3	0	0	0
57079	7424	1	3	0	0	0
57130	13777	0	3	0	0	0
57131	13776	0	3	0	0	0
57132	13754	0	3	0	0	0
57152	17043	4	3	0	0	0
57153	8860	1	3	0	0	0
57154	8864	2	3	0	0	0
57155	8865	1	3	0	0	0
57277	17511	1	3	0	0	0
57296	3334	1	3	0	0	0
57310	9502	1	3	0	0	0
57341	9013	1	3	0	0	0
57349	9126	4	3	0	0	0
57434	7836	1	3	0	0	0
57447	11356	1	3	0	0	0
57458	8785	1	3	0	0	0
57496	9894	1	3	0	0	0
57501	9482	1	3	0	0	0
57514	16937	1	3	0	0	0
57519	6692	4	3	0	0	0
57527	7086	2	3	0	0	0
57566	7084	2	3	0	0	0
57572	22380	1	3	0	0	0
57588	6700	1	2.5	0	0	0
57597	6702	1	2.5	0	0	0
57602	6704	1	2.5	0	0	0
57606	6703	1	2.5	0	0	0
57619	6705	2	2.5	0	0	0
57620	6707	2	2.5	0	0	0
57633	6708	1	2.5	0	0	0
57639	9886	1	3	0	0	0
57640	7146	1	3	0	0	0
57643	6706	1	2.5	0	0	0
57715	6737	1	3	0	0	0
57772	6756	1	3	0	0	0
57782	6757	1	3	0	0	0
57804	6695	8	3	0	0	0
57805	6701	4	3	0	0	0
57811	6753	1	3	0	0	0
57812	6755	1	3	0	0	0
57815	7083	1	3	0	0	0
57821	6752	1	3	0	0	0
57829	6754	1	3	0	0	0
57833	9879	1	3	0	0	0
57836	6733	1	3	0	0	0
57839	6731	1	3	0	0	0
57840	6734	1	3	0	0	0
57842	6735	1	3	0	0	0
57845	6741	1	3	0	0	0
57850	6730	1	3	0	0	0
57852	6740	1	3	0	0	0
57853	6743	1	3	0	0	0
57855	6729	1	3	0	0	0
57857	6732	1	3	0	0	0
57858	6738	1	3	0	0	0
57862	6745	1	3	0	0	0
57865	6739	1	3	0	0	0
57866	6742	1	3	0	0	0
57874	7085	2	3	0	0	0
57876	6744	1	3	0	0	0
57905	9480	1	3	0	0	0
57949	7087	2	3	0	0	0
57978	22193	2	3	0	0	0
57979	7166	1	3	0	0	0
58022	7148	1	3	0	0	0
58038	10162	1	3	0	0	0
58124	7161	1	3	0	0	0
58227	6898	1	3	0	0	0
58241	7126	1	3	0	0	0
58242	7127	1	3	0	0	0
58243	7125	1	3	0	0	0
58285	6884	1	3	2	0	4
58286	6882	1	3	2	0	4
58287	6885	1	3	2	0	4
58288	6883	1	3	2	0	4
58289	6884	1	3	0	0	0
58290	6882	1	3	0	0	0
58291	6885	1	3	0	0	0
58292	6883	1	3	0	0	0
58301	7128	1	3	0	0	0
58302	7129	1	3	0	0	0
58303	7130	1	3	0	0	0
58312	7149	0	10	0	0	0
58313	7140	1	3	0	0	0
58324	6760	1	3	0	0	0
58328	7462	1	3	0	0	0
58331	6758	1	3	0	0	0
58335	7160	1	3	0	0	0
58363	6759	1	3	0	0	0
58466	14133	2	3	0	0	0
58467	14130	8	3	0	0	0
58468	14129	8	3	0	0	0
58469	7788	1	3	0	0	0
58533	9859	1	3	0	0	0
58544	2255	2	3	0	0	0
58545	2256	1	3	0	0	0
58579	16363	1	3	0	0	0
58628	16347	1	3	0	0	0
58640	16110	2	10	0	0	0
58641	16109	2	10	0	0	0
58642	16108	2	10	0	0	0
58643	3990	2	3	0	0	0
58644	16116	2	10	0	0	0
58645	16111	2	10	0	0	0
58646	16296	2	10	0	0	0
58647	16303	2	10	0	0	0
58648	16290	2	10	0	0	0
58652	16307	2	10	0	0	0
58653	16306	2	10	0	0	0
58654	16115	2	10	0	0	0
58655	16114	2	10	0	0	0
58656	16112	2	10	0	0	0
58662	16302	2	10	0	0	0
58663	16300	2	10	0	0	0
58667	2456	2	10	0	0	0
58670	16291	2	10	0	0	0
58671	16299	2	10	0	0	0
58672	16305	2	10	0	0	0
58673	16304	2	10	0	0	0
58674	16237	8	3	0	0	0
58676	16372	8	3	0	0	0
58677	16371	8	3	0	0	0
58678	16375	8	3	0	0	0
58679	16348	8	3	0	0	0
58680	16349	8	3	0	0	0
58682	16365	8	3	0	0	0
58683	16317	8	3	0	0	0
58684	16324	8	3	0	0	0
58687	16084	8	3	0	0	0
58688	16083	8	3	0	0	0
58689	16239	8	2.5	0	0	0
58690	16238	8	2.5	0	0	0
58691	16240	8	2.5	0	0	0
58692	16370	8	2.5	0	0	0
58694	16376	1	3	0	0	0
58695	16357	8	2.5	0	0	0
58696	16353	8	2.5	0	0	0
58697	16354	8	2.5	0	0	0
58699	16351	8	2.5	0	0	0
58701	16359	8	2.5	0	0	0
58702	16368	8	2.5	0	0	0
58703	16315	8	2.5	0	0	0
58704	16316	8	2.5	0	0	0
58705	16321	8	2.5	0	0	0
58706	16319	8	2.5	0	0	0
58708	16081	8	2.5	0	0	0
58712	16082	8	2.5	0	0	0
58725	16079	8	3	0	0	0
58744	16080	8	3	0	0	0
58805	2257	1	3	0	0	0
58895	2735	1	3	0	0	0
58968	3157	1	3	0	0	0
58980	16358	1	3	0	0	0
58994	3134	1	3	0	0	0
58997	16312	1	3	0	0	0
59023	16361	1	3	0	0	0
59083	16252	8	3	0	0	0
59084	16254	8	3	0	0	0
59090	16242	8	3	0	0	0
59093	16373	8	5	0	0	0
59096	16335	8	3	0	0	0
59100	2322	0	3	0	0	0
59101	16374	1	3	0	0	0
59131	2366	1	3	0	0	0
59132	2367	2	3	0	0	0
59133	2368	1	3	0	0	0
59134	2369	2	3	0	0	0
59163	9091	1	3	0	0	0
59171	16072	8	0.799805	0	0	0
59261	7154	1	3	0	0	0
59339	2733	1	3	0	0	0
59378	6551	1	3	0	0	0
59379	2632	1	3	0	0	0
59387	16545	2	9	0	0	0
59388	16543	2	9	0	0	0
59389	16549	2	9	0	0	0
59390	16550	2	9	0	0	0
59420	11190	1	3	0	0	0
59423	2859	1	3	0	0	0
59457	7570	1	3	0	0	0
59465	9882	1	3	0	0	0
59496	7329	1	3	0	0	0
59500	16893	8	3	0	0	0
59501	16894	8	3	0	0	0
59503	3168	2	3	0	0	0
59517	16251	8	3	0	0	0
59518	16253	8	3	0	0	0
59519	16255	8	3	0	0	0
59520	16247	8	3	0	0	0
59521	16256	8	3	0	0	0
59524	16257	8	3	0	0	0
59808	6349	1	3	0	0	0
59862	16352	1	3	0	0	0
59885	7688	1	3	0	0	0
60054	7169	2	-1	0	0	0
60055	7168	2	-1	0	0	0
60057	16253	8	3	-4	0	2
60058	16255	8	3	-4	0	2
60059	16247	8	3	-2	0	4
60060	16256	8	3	-4	0	2
60062	16257	8	3	-4	0	2
60091	16154	8	3	0	0	0
60092	16153	8	3	0	0	0
60093	16143	8	3	0	0	0
60094	16151	8	3	0	0	0
60095	16152	8	3	0	0	0
60096	16149	8	3	0	0	0
60097	16148	8	3	0	0	0
60098	16150	8	3	0	0	0
60099	16141	8	3	0	0	0
60100	16142	8	3	0	0	0
60101	16144	8	3	0	0	0
60102	16123	8	3	0	0	0
60103	16147	8	3	0	0	0
60104	16122	8	3	0	0	0
60105	16134	8	3	0	0	0
60106	16130	8	3	0	0	0
60107	16132	8	3	0	0	0
60108	16124	8	3	0	0	0
60109	16136	8	3	0	0	0
60110	16135	8	3	0	0	0
60155	8136	1	3	0	0	0
60168	16362	1	3	0	0	0
60178	7217	1	3	0	0	0
60179	7221	1	3	0	0	0
60180	7219	1	3	0	0	0
60203	16332	8	3	0	0	0
60204	16336	8	3	0	0	0
60206	16331	8	3	0	0	0
60207	16333	8	3	0	0	0
60218	10585	1	3	0	0	0
60232	9754	1	3	0	0	0
60240	16487	8	3	0	0	0
60242	16485	8	3	0	0	0
60243	16497	8	3	0	0	0
60246	16498	8	3	0	0	0
60253	16493	8	3	0	0	0
60254	16499	8	3	0	0	0
60257	16495	8	3	0	0	0
60258	16494	8	3	0	0	0
60260	16488	8	3	0	0	0
60261	22357	8	3	0	0	0
60263	22358	8	3	0	0	0
60311	16269	8	3	0	0	0
60312	16276	8	3	0	0	0
60313	16275	8	3	0	0	0
60314	16285	8	3	0	0	0
60315	16271	8	3	0	0	0
60316	16281	8	3	0	0	0
60317	16272	8	3	0	0	0
60318	16268	8	3	0	0	0
60319	16267	8	3	0	0	0
60320	16284	8	3	0	0	0
60322	16278	8	3	0	0	0
60323	16283	8	3	0	0	0
60324	16270	8	3	0	0	0
60347	7756	1	3	0	0	0
60350	7754	1	3	0	0	0
60473	16447	8	3	-2	0	4
60479	16448	8	3	0	0	2
60482	16451	8	3	-2	0	4
60485	16452	8	3	0	0	2
60489	16447	8	3	0	0	0
60495	16448	8	3	0	0	0
60498	16451	8	3	0	0	0
60505	16452	8	3	0	0	0
60510	16442	8	3	0	0	0
60514	16441	8	3	0	0	0
60516	16450	8	10	0	0	0
60588	10820	1	3	0	0	0
60613	16413	8	12.5	0	0	0
60616	16412	8	12.5	0	0	0
60623	16404	8	3.75	0	0	0
60625	16408	8	3.75	0	0	0
60628	16409	8	3.75	0	0	0
60629	16411	8	3.75	0	0	0
60630	16410	8	3.75	0	0	0
60632	16407	8	3.75	0	0	0
60633	16401	8	3.75	0	0	0
60634	16403	8	3.75	0	0	0
60636	16402	8	3.75	0	0	0
60637	16406	8	3.75	0	0	0
60638	16405	8	3.75	0	0	0
60639	16418	8	3	0	0	0
60641	16424	8	3	0	0	0
60642	16422	8	3	0	0	0
60643	16420	8	3	0	0	0
60648	16421	8	3	0	0	0
60649	16423	8	3	0	0	0
60651	16419	8	3	0	0	0
60657	2441	1	3	0	0	0
60660	3169	1	3	0	0	0
60718	16394	8	3	0	0	0
60719	16387	8	3	0	0	0
60720	16385	8	3	0	0	0
60721	16386	8	3	0	0	0
60722	16393	8	3	0	0	0
60723	16388	8	3	0	0	0
60724	16383	8	3	0	0	0
60725	2861	1	3	0	0	0
60726	16391	8	3	0	0	0
60727	16390	8	3	0	0	0
60729	16384	8	3	0	0	0
60730	16389	8	3	0	0	0
60731	16392	8	3	0	0	0
60732	9804	2	3	0	0	0
60738	16775	2	3	0	0	0
60882	2744	1	3	0	0	0
60899	19724	1	3	0	0	0
61035	7190	2	9	0	0	0
61036	7188	2	9	0	0	0
61037	7189	2	9	0	0	0
61038	7132	2	9	0	0	0
61039	7134	2	9	0	0	0
61040	7133	2	9	0	0	0
61076	16822	8	3	0	0	0
61077	16810	8	3	0	0	0
61078	16814	8	3	0	0	0
61079	16820	8	3	0	0	0
61080	16813	8	3	0	0	0
61154	3008	1	3	0	0	0
61162	16783	8	2.5	0	0	0
61164	16785	8	2.5	0	0	0
61166	16782	8	2.5	0	0	0
61167	9429	1	3	0	0	0
61168	16784	8	2.5	0	0	0
61170	16787	8	2.5	0	0	0
61171	16786	8	2.5	0	0	0
61172	16788	8	2.5	0	0	0
61173	16790	1	3	0	0	0
61179	16791	8	2.5	0	0	0
61181	16789	8	2.5	0	0	0
61182	16792	8	2.5	0	0	0
61184	16794	8	2.5	0	0	0
61187	16793	8	2.5	0	0	0
61230	16871	8	3	0	0	0
61231	16872	8	3	0	0	0
61232	16878	8	3	0	0	0
61233	16896	8	3	0	0	0
61234	16875	8	3	0	0	0
61235	16877	8	3	0	0	0
61236	16876	8	3	0	0	0
61237	16898	8	3	0	0	0
61238	16542	2	9	0	0	0
61239	16544	2	9	0	0	0
61240	16546	2	9	0	0	0
61241	16547	2	9	0	0	0
61242	16548	2	9	0	0	0
61243	16863	8	3	0	0	0
61244	16862	8	3	0	0	0
61245	16861	8	3	0	0	0
61246	16899	8	3	0	0	0
61250	16601	8	3	0	0	0
61251	16596	1	3	0	0	0
61252	16600	8	3	0	0	0
61253	16597	8	3	0	0	0
61260	16567	8	3	0	0	0
61261	16571	8	3	0	0	0
61262	16569	8	3	0	0	0
61263	16568	8	3	0	0	0
61264	16574	8	3	0	0	0
61265	16594	8	3	0	0	0
61266	16595	8	3	0	0	0
61275	7322	1	3	0	0	0
61331	16377	8	3	0	0	0
61352	10569	2	3	0	0	0
61482	10519	8	3	0	0	0
61494	7401	1	3	0	0	0
61560	10523	2	3	0	0	0
61619	7362	8	3	0	0	0
61620	7364	8	3	0	0	0
61652	16827	2	4	0	0	0
61655	16825	2	4	0	0	0
61657	16828	2	4	0	0	0
61694	16864	8	3	0	0	0
61697	16865	8	3	0	0	0
61698	16874	8	3	0	0	0
61699	16879	8	3	0	0	0
61701	7559	2	9	0	0	0
61702	7560	2	9	0	0	0
61718	7571	2	3	0	0	0
61720	10050	2	3	0	0	0
61721	7572	1	3	0	0	0
61728	3002	1	3	0	0	0
61730	16715	8	3	0	0	0
61731	16716	8	3	0	0	0
61732	16720	8	3	0	0	0
61733	16721	8	3	0	0	0
61734	16717	8	3	0	0	0
61735	16722	8	3	0	0	0
61736	16718	8	3	0	0	0
61737	16686	8	2.5	0	0	0
61738	16687	8	2.5	0	0	0
61739	16689	8	2.5	0	0	0
61740	16690	8	2.5	0	0	0
61741	16688	8	2.5	0	0	0
61742	16695	8	2.5	0	0	0
61743	16694	8	2.5	0	0	0
61744	16691	8	2.5	0	0	0
61745	16692	8	2.5	0	0	0
61747	16693	8	2.5	0	0	0
61862	16714	8	3	0	0	0
61864	16708	8	3	0	0	0
61866	16707	8	3	0	0	0
61867	16706	8	3	0	0	0
61868	16713	8	3	0	0	0
61869	16715	8	3	-2	0	4
61870	16716	8	3	-2	0	4
61871	16720	8	3	-2	0	4
61872	16721	8	3	-2	0	4
61873	16717	8	3	-2	0	4
61874	16779	8	3	-2	0	4
61875	16780	8	3	-4	0	2
61876	16781	8	3	-4	0	2
61877	16722	8	3	-2	0	4
61878	16718	8	3	-2	0	4
61903	2978	1	3	0	0	0
61960	8301	2	-1	0	0	0
61963	8391	2	3	0	0	0
61964	8391	2	3	-2	0	4
62014	9051	1	3	0	0	0
62087	16554	1	3	0	0	0
62128	10039	2	3	0	0	0
62138	2965	1	3	0	0	0
62143	10081	1	3	0	0	0
62144	10082	1	10	0	0	0
62152	3121	1	3	0	0	0
62153	16779	8	3	0	0	0
62155	16780	8	3	0	0	0
62157	16781	8	3	0	0	0
62160	3119	1	3	0	0	0
62181	10811	1	3	0	0	0
62566	2997	1	3	0	0	0
62666	10589	1	3	0	0	0
62667	16702	8	4	0	0	0
62668	16703	8	4	0	0	0
62669	16704	8	4	0	0	0
62742	13827	0	3	0	0	0
62744	13827	0	3	0	0	0
62746	13827	0	3	0	0	0
62749	13827	0	3	0	0	0
62752	13827	0	3	0	0	0
62753	13817	0	3	0	0	0
62847	16380	8	2.5	0	0	0
63007	2863	1	3	0	0	0
63018	16396	2	10	0	0	0
63019	16398	2	10	0	0	0
63020	16395	2	10	0	0	0
63021	16397	2	10	0	0	0
63022	3181	1	3	0	0	0
63039	16852	2	9	0	0	0
63040	16851	2	9	0	0	0
63041	16853	2	9	0	0	0
63042	16856	2	9	0	0	0
63043	16854	2	9	0	0	0
63045	16855	2	9	0	0	0
63056	16954	1	3	0	0	0
63057	16955	1	3	0	0	0
63075	2508	2	3	0	0	0
63092	2936	1	3	0	0	0
63094	10061	2	3	0	0	0
63095	10073	2	3	0	0	0
63104	16997	8	3	0	0	0
63108	16996	8	3	0	0	0
63232	16241	8	2.5	0	0	0
63233	16369	8	2.5	0	0	0
63235	16356	8	2.5	0	0	0
63236	16360	8	2.5	0	0	0
63237	16366	8	2.5	0	0	0
63238	16318	1	3	0	0	0
63239	16320	1	3	0	0	0
63240	16322	8	2.5	0	0	0
63242	16085	8	2.5	0	0	0
63243	16323	8	2.5	0	0	0
63281	6680	1	3	0	0	0
63290	16126	8	3	0	0	0
63291	16125	8	3	0	0	0
63292	16131	8	3	0	0	0
63306	16244	8	3	0	0	0
63314	16400	8	3.75	0	0	0
63322	16539	1	3	0	0	0
63339	16449	8	3	0	0	0
63340	16443	8	3	0	0	0
63343	16440	8	3	0	0	0
63358	16696	8	3	0	0	0
63360	16698	8	3	0	0	0
63361	16697	8	3	0	0	0
63363	16812	8	3	0	0	0
63364	16809	8	3	0	0	0
63365	16821	8	3	0	0	0
63366	16811	8	3	0	0	0
63369	16719	8	3	0	0	0
63372	16573	8	3	0	0	0
63373	16570	8	3	0	0	0
63374	7363	8	3	0	0	0
63377	16873	8	3	0	0	0
63378	16891	8	3	0	0	0
63379	16895	8	3	0	0	0
63380	16890	8	3	0	0	0
63426	6339	1	3	0	0	0
63432	8137	2	3	0	0	0
63442	7209	1	3	0	0	0
63445	2937	1	3	0	0	0
63513	16552	1	3	0	0	0
63590	14149	1	3	0	0	0
63603	14166	1	3	0	0	0
63618	9619	1	3	0	0	0
64118	14088	8	10	2	0	4
64121	14089	8	3	-4	0	2
64147	14089	8	3	0	0	0
64148	14087	2	3	0	0	0
64153	8872	1	3	0	0	0
64164	14086	5	3	-4	0	2
64168	14084	8	3	-4	0	2
64174	8876	1	3	4	0	2
64177	14085	8	3	4	0	2
64212	14092	8	3	-4	0	2
64223	14092	8	3	0	0	0
64288	9065	1	3	0	0	0
64324	13725	2	3	0	0	0
64327	13729	2	3	0	0	0
64329	13728	2	3	0	0	0
64334	13811	8	3	0	0	0
64336	13813	8	3	0	0	0
64338	13814	8	3	0	0	0
64341	13731	8	3	0	0	0
64346	13726	2	3	0	0	4
64351	8954	0	10	0	0	0
64353	14099	8	3	4	0	-2
64354	14094	8	3	0	0	0
64357	10828	1	3	0	0	0
64370	14117	8	3	2	0	4
64372	8955	0	10	0	0	0
64375	8956	0	10	0	0	0
64388	10729	1	3	0	0	0
64432	9105	1	3	0	0	0
64443	9088	2	3	0	0	0
64463	14101	8	3	0	0	0
64464	14095	8	3	0	0	0
64465	8935	8	3	0	0	0
64478	9609	2	2.5	0	0	0
64513	9965	1	3	0	0	0
64517	11108	8	3	0	0	0
64541	11127	1	3	0	0	2
64550	11011	1	3	0	0	0
64574	13843	5	4	0	0	0
64575	13841	8	4	0	0	0
64576	13842	8	4	0	0	0
64577	13859	8	4	0	0	0
64578	13858	8	4	0	0	0
64579	13852	8	4	0	0	0
64580	13856	8	4	0	0	0
64586	11119	1	3	0	0	0
64590	9111	1	3	0	0	0
64638	14859	1	3	0	0	0
64640	13854	8	4	0	0	0
64722	9618	2	3	0	0	0
64746	9110	1	3	0	0	0
64812	14184	8	3	0	0	0
64815	9635	1	3	0	0	0
64840	9966	1	3	0	0	0
64845	14175	8	3	-4	0	2
64975	13844	1	3	0	0	0
65102	9625	1	3	0	0	0
65103	9623	1	3	0	0	0
65180	14952	1	3	0	0	0
65207	9012	2	3	0	0	0
65222	13781	8	2.5	-4	0	-4
65225	13779	1	2.5	0	0	0
65226	13780	8	2.5	0	0	0
65227	13782	8	2.5	0	0	0
65242	9967	1	3	0	0	0
65252	9104	1	3	0	0	0
65278	13809	2	9	-2	0	4
65279	13808	2	9	-2	0	4
65281	13810	2	9	-4	0	2
65295	9345	1	3	0	0	0
65318	14945	1	3	0	0	0
65325	14950	1	3	0	0	0
65361	17289	1	3	0	0	0
65477	16274	8	9	0	0	0
65579	19790	1	3	0	0	0
65644	10667	2	3	0	0	0
65661	10668	1	3	0	0	0
65676	9632	2	3	0	0	0
65677	9638	8	3	0	0	0
65742	14090	2	3	0	0	0
65754	9335	1	3	0	0	0
65755	9339	1	3	0	0	0
65756	9337	1	3	0	0	0
65757	9334	1	3	0	0	0
65866	14148	1	2	0	0	0
65868	14150	8	2	0	0	0
65881	9617	1	3	0	0	0
65887	9545	2	3	0	0	0
65900	9647	1	3	0	0	0
65931	9555	2	3	0	0	0
65941	11114	1	3	0	0	0
65968	14155	8	3	0	0	0
65969	16904	8	3	0	0	0
65973	14148	1	2	4	0	-2
65975	14150	8	2	4	0	-2
65997	9649	1	3	0	0	0
66019	9830	4	2.5	0	0	0
66021	9832	4	2.5	0	0	0
66023	9813	1	3	0	0	0
66040	9830	4	2.5	-2	0	4
66045	9816	4	1	0	0	0
66046	20087	4	1	0	0	0
66085	9774	1	3	0	0	0
66104	9681	1	3	0	0	0
66180	9713	1	3	0	0	0
66182	16685	2	3	0	0	0
66183	14670	1	3	0	0	0
66194	13989	1	3	0	0	0
66202	9671	1	5	0	0	0
66252	13943	1	3	0	0	0
66253	13941	1	3	4	0	2
66257	13958	1	3	0	0	0
66262	13940	1	3	0	0	0
66263	13942	8	3	-4	0	2
66266	13941	1	3	0	0	0
66267	13945	1	3	0	0	0
66274	13956	1	3	-4	0	2
66278	13959	1	3	0	0	0
66279	13957	1	3	0	0	0
66282	13940	1	3	-4	0	2
66287	13943	1	3	-4	0	2
66288	13941	1	3	-4	0	2
66290	13945	1	3	-4	0	2
66294	13958	1	3	-4	0	2
66299	13959	1	3	-4	0	2
66300	13957	1	3	-4	0	2
66395	13944	1	3	0	0	0
66400	9911	1	3	0	0	0
66405	9914	1	3	0	0	0
66406	9916	1	3	0	0	0
66407	9917	1	3	0	0	0
66408	9920	1	3	0	0	0
66409	9919	1	3	0	0	0
66410	9921	1	3	0	0	0
66411	9922	1	3	0	0	0
66412	9913	1	3	0	0	0
66420	14011	1	3	0	0	0
66439	11152	2	3	0	0	0
66477	9843	1	3	0	0	0
66478	9844	1	3	0	0	0
66514	9963	1	3	0	0	0
66580	10597	1	3	0	0	0
66584	9700	2	3	0	0	0
66587	10791	1	3	0	0	0
66621	14673	1	3	0	0	0
66678	14661	1	3	0	0	0
66684	9928	1	10	2	0	4
66689	9927	1	10	2	0	4
66699	9930	2	10	2	0	4
66707	9932	2	10	2	0	4
66709	9933	1	10	2	0	4
66713	9931	2	10	2	0	4
66717	9934	1	10	2	0	4
66773	9964	1	3	0	0	0
66800	9672	1	3	0	0	0
66820	9677	1	3	0	0	0
66843	9670	1	3	0	0	0
66885	10266	1	3	0	0	0
66886	10236	1	3	0	0	0
66927	9834	2	2.5	0	0	0
66928	9831	4	2.5	0	0	0
66964	9834	2	2.5	2	0	4
66965	9831	4	2.5	-2	0	4
66973	9714	2	3	0	0	0
66974	9831	4	2.5	2	0	4
66982	9673	1	3	0	0	0
66992	10535	1	3	0	0	0
66993	10536	1	3	0	0	0
67018	9642	1	3	0	0	0
67022	9636	1	3	0	0	0
67024	9033	1	3	0	0	0
67034	14197	2	3	0	0	0
67079	9253	1	3	0	0	0
67221	9924	1	3	0	0	0
67222	9808	1	3	0	0	0
67223	9962	1	3	0	0	0
67224	9809	1	3	0	0	0
67228	10790	1	3	0	0	0
67242	10804	1	1.5	0	0	0
67243	10805	1	1.5	0	0	0
67244	10803	1	1.5	0	0	0
67245	10802	1	1.5	0	0	0
67246	10799	1	1.5	0	0	0
67247	10801	1	1.5	0	0	0
67248	10806	1	1.5	0	0	0
67306	11276	1	3	0	0	0
67307	11115	1	3	0	0	0
67313	19782	1	3	0	0	0
67377	11118	1	3	0	0	0
67378	14948	1	3	0	0	0
67744	13768	2	9	0	0	0
67745	13740	1	9	0	0	0
67746	13766	1	9	0	0	0
67747	13736	2	9	0	0	0
67749	13769	5	9	0	0	0
67752	13737	2	9	0	0	0
67757	13770	5	9	0	0	0
67758	13809	2	9	0	0	0
67759	13808	2	9	0	0	0
67777	13806	8	3	0	0	0
67808	14012	1	3	0	0	0
67825	14013	8	3	0	0	4
67828	14010	1	3	0	0	0
67847	10788	1	3	0	0	0
67915	11126	8	3	0	0	0
67919	11126	8	3	-4	0	2
67932	14310	8	3	0	0	0
67933	14300	8	3	0	0	0
67998	19795	1	3	0	0	0
68000	19796	2	3	0	0	0
68128	14980	1	3	0	0	0
68129	14980	1	3	-4	0	-4
68130	14939	2	2.25	0	0	0
68134	14951	5	10	2	0	4
68135	14947	5	10	-2	0	4
68172	16308	6	-1	0	0	0
68184	9918	1	3	0	0	0
68204	16528	6	-1	0	0	0
68205	16530	6	-1	0	0	0
68206	16529	6	-1	0	0	0
68207	16531	6	-1	0	0	0
68208	16532	6	-1	0	0	0
68209	16534	6	-1	0	0	0
68210	16535	6	-1	0	0	0
68211	16533	6	-1	0	0	0
68212	16516	6	-1	0	0	0
68213	16517	6	-1	0	0	0
68214	16520	6	-1	0	0	0
68215	16518	6	-1	0	0	0
68216	16521	6	-1	0	0	0
68217	16519	6	-1	0	0	0
68218	16526	6	-1	0	0	0
68219	16524	6	-1	0	0	0
68220	16525	6	-1	0	0	0
68221	16522	6	-1	0	0	0
68222	16523	6	-1	0	0	0
68223	16527	6	-1	0	0	0
68344	8931	8	3	0	0	0
68345	11040	2	3	0	0	0
68350	9598	8	3	0	0	0
68353	13807	8	3	0	0	0
68357	14121	1	3	0	0	0
68358	14124	8	3	0	0	0
68359	8934	1	3	0	0	0
68362	14123	8	3	0	0	0
68369	14116	8	3	0	0	0
68370	19791	2	3	0	0	0
68384	13857	8	4	0	0	0
68385	13860	8	4	0	0	0
68386	13851	8	4	0	0	0
68389	13855	8	4	0	0	0
68391	13853	8	4	0	0	0
68394	9968	1	3	0	0	0
68395	8873	1	3	0	0	0
68397	16930	1	3	0	0	0
68398	8874	2	3	0	0	0
68410	9054	1	3	0	0	0
68411	9101	1	3	0	0	0
68414	9109	1	3	0	0	0
68421	11128	1	3	0	0	0
68426	13974	8	3	0	0	0
68468	13738	2	3	0	0	0
68470	13812	8	3	0	0	0
68472	9067	1	3	0	0	0
68473	13729	2	3	0	0	0
68494	8875	1	3	0	0	0
68536	10789	1	3	0	0	0
68546	8927	1	3	0	0	0
68558	20195	8	3	0	0	0
68559	20194	8	3	0	0	0
68726	9784	1	3	0	0	0
68738	21274	1	3	0	0	0
68744	22114	1	3	0	0	0
68754	13849	1	3	0	0	0
68795	22113	1	3	0	0	0
68811	17548	1	3	0	0	0
68814	13735	2	3	0	0	0
68874	12194	2	3	0	0	0
68877	12192	1	3	0	0	0
68888	12206	2	3	0	0	0
68896	12206	2	3	-2	0	4
68937	12207	2	3	-2	0	4
68944	21277	1	3	0	0	0
68958	12186	1	3	0	0	0
68971	12186	1	3	0	0	0
68999	12197	1	3	0	0	0
69081	22115	1	3	0	0	0
69112	12201	1	3	0	0	0
69185	21182	2	3	0	0	0
69186	21182	2	3	0	0	0
69299	19721	2	3	0	0	0
69334	21505	2	3	0	0	0
69339	12384	1	3	0	0	0
69340	12382	1	3	0	0	0
69343	12380	1	3	0	0	0
69344	12381	1	3	0	0	0
69345	12376	1	3	0	0	0
69346	12383	1	3	0	0	0
69378	13741	2	3	0	0	0
69401	13678	2	3	0	0	0
69407	13716	1	3	0	0	0
69408	13698	3	3	0	0	0
69409	13700	3	3	0	0	0
69410	13701	3	3	0	0	0
69411	13702	3	3	0	0	0
69412	13703	3	3	0	0	0
69413	13704	3	3	0	0	0
69414	13705	3	3	0	0	0
69415	13706	3	3	0	0	0
69416	13707	3	3	0	0	0
69417	13708	3	3	0	0	0
69418	13709	3	3	0	0	0
69419	13710	3	3	0	0	0
69420	13711	3	3	0	0	0
69421	13712	3	3	0	0	0
69422	13713	3	1.5	0	0	0
69423	13714	3	3	0	0	0
69426	20282	2	-1	0	0	0
69427	20284	2	-1	0	0	0
69428	20283	2	-1	0	0	0
69429	20280	2	-1	0	0	0
69430	20281	2	-1	0	0	0
69442	13840	1	3	0	0	0
69485	13785	1	3	0	0	0
69486	13786	1	3	0	0	0
69672	17608	2	3	0	0	0
69779	19870	2	3	0	0	4
69780	19871	5	10	0	0	2
69783	19869	2	10	0	0	4
69784	19868	5	10	0	0	2
69787	19867	8	3	0	0	0
69789	19866	8	3	0	0	0
69793	22857	1	3	0	0	0
69857	22128	2	3	0	0	0
69902	21273	1	3	0	0	0
69950	13718	2	3	0	0	0
70291	11419	1	3	0	0	0
70309	14212	1	3	0	0	0
70312	11413	8	3	0	0	0
70313	11412	1	3	0	0	0
70314	11408	8	3	0	0	0
70317	11415	8	3	0	0	0
70318	11414	8	3	0	0	0
70321	11418	8	3	0	0	0
70322	11427	8	3	0	0	0
70323	11421	8	3	0	0	0
70324	11410	8	3	0	0	0
70325	11417	8	3	0	0	0
70326	11411	8	3	0	0	0
70337	11409	8	3	0	0	0
70339	11405	8	3	0	0	0
70340	11416	8	3	0	0	0
70341	11426	8	3	0	0	0
70343	11425	8	3	0	0	0
70344	11424	8	3	0	0	0
70345	11423	8	3	0	0	0
70346	11429	8	3	0	0	0
70347	11428	8	3	0	0	0
70352	11420	8	3	0	0	0
70364	20303	2	3	0	0	0
70389	14767	1	3	0	0	0
70390	11561	8	3	0	0	0
70392	11558	8	3	0	0	0
70394	14539	1	3	0	0	0
70395	11562	8	3	0	0	0
70398	11556	8	3	0	0	0
70399	11557	8	3	0	0	0
70402	11555	8	3	0	0	0
70407	11559	8	3	0	0	0
70410	11560	8	3	0	0	0
70435	15868	1	3	0	0	0
70453	7663	8	3	0	0	0
70456	7659	8	3	0	0	0
70458	7658	8	3	0	0	0
70459	7657	8	3	0	0	0
70464	7651	8	3	0	0	0
70471	7650	8	3	0	0	0
70472	7647	8	3	0	0	0
70484	7648	8	3	0	0	0
70485	7649	8	3	0	0	0
70573	11422	1	3	0	0	0
70693	16932	1	3	0	0	0
70697	20301	2	3	0	0	0
70760	7671	0	3	0	0	0
70764	7683	2	30	0	0	0
70765	7684	2	30	0	0	0
70766	7682	2	30	0	0	0
70767	7679	2	30	0	0	0
70768	7680	2	30	0	0	0
70769	7681	2	30	0	0	0
70770	7685	2	30	0	0	0
70771	7686	2	30	0	0	0
70772	7687	2	30	0	0	0
70773	7673	2	30	0	0	0
70774	7674	2	30	0	0	0
70775	7676	2	30	0	0	0
70776	7675	2	30	0	0	0
70777	7678	2	30	0	0	0
70778	7677	2	30	0	0	0
70781	7661	8	3	0	0	0
70785	7665	1	3	0	0	0
70792	7656	1	3	0	0	0
70795	7651	8	3	0	0	0
70809	14405	2	3	0	0	0
70822	20302	2	3	0	0	0
70871	14132	2	3	0	0	0
70876	15933	1	3	0	0	0
70877	16740	1	3	0	0	0
70878	15934	1	3	0	0	0
70879	16739	1	3	0	0	0
70880	15935	1	3	0	0	0
70881	16741	1	3	0	0	0
70882	15936	1	3	0	0	0
70883	15938	1	3	0	0	0
70884	15937	1	3	0	0	0
70885	16744	1	3	0	0	0
70886	16742	1	3	0	0	0
70887	16743	1	3	0	0	0
70888	16738	1	3	0	0	0
70889	15932	1	3	0	0	0
70890	16737	1	3	0	0	0
70891	16736	1	3	0	0	0
70892	15931	1	3	0	0	0
70893	16735	1	3	0	0	0
70894	16734	1	3	0	0	0
70895	16733	1	3	0	0	0
70896	15927	1	3	0	0	0
70897	16731	1	3	0	0	0
70898	16732	1	3	0	0	0
70899	15928	1	3	0	0	0
70900	15929	1	3	0	0	0
70901	15930	1	3	0	0	0
70962	11406	1	3	0	0	0
71006	15781	1	3	0	0	0
71043	13195	2	10	0	0	0
71044	13194	2	10	0	0	0
71102	10829	1	3	0	0	0
71108	11407	1	3	0	0	0
71113	14656	1	3	0	0	0
71126	14394	0	10	0	0	0
71127	14413	0	10	0	0	0
71129	14413	0	10	0	0	0
71130	14394	0	10	0	0	0
71139	14419	0	10	0	0	0
71140	14416	8	3	0	0	0
71141	14416	8	3	-2	0	4
71157	14545	0	9	0	0	0
71158	14544	0	9	0	0	0
71160	14543	0	9	0	0	0
71162	14530	0	30	0	0	0
71163	14531	0	30	0	0	0
71164	14529	0	30	0	0	0
71165	14794	2	3	0	0	0
71169	14137	1	3	0	0	0
71176	14557	1	3	0	0	0
71177	14556	3	3	0	0	0
71289	14654	0	3	0	0	0
71290	14655	3	3	0	0	0
71291	14138	1	3	0	0	0
71298	7662	8	5	0	0	0
71299	7664	8	5	0	0	0
71300	7660	8	5	0	0	0
71301	7653	8	5	0	0	0
71302	7652	8	5	0	0	0
71303	7654	8	5	0	0	0
71304	7655	8	5	0	0	0
71484	20304	2	3	0	0	0
71552	22185	2	6.5	0	0	0
71553	22184	2	6.5	0	0	0
71554	22183	2	6.5	0	0	0
71555	22186	2	6.5	0	0	0
71556	22187	2	6.5	0	0	0
71557	22188	2	6.5	0	0	0
71558	22180	2	6.5	0	0	0
71559	22181	2	6.5	0	0	0
71560	22179	2	6.5	0	0	0
71837	12932	8	3	0	0	0
71910	15029	1	3	0	0	0
72033	7729	1	3	0	0	0
72035	8129	1	3	0	0	0
72044	15533	2	3	0	0	0
72068	8134	1	3	0	0	0
72095	12567	8	4	-2	0	4
72096	12732	8	3	-4	0	-2
72101	12734	1	3	-2	0	4
72105	12707	1	3	-2	0	4
72106	12704	2	3	0	0	0
72108	12708	8	3	-4	0	-2
72109	12697	1	3	0	0	0
72123	7764	1	3	0	0	0
72124	7763	1	3	0	0	0
72129	12733	8	3	0	0	3.84961
72139	8135	1	3	0	0	0
72146	12819	1	3	-4	0	-2
72152	12728	1	3	0	0	4
72272	12772	8	3	0	0	0
72273	12737	1	3	-4	0	2
72275	12736	2	3	-2.59961	0	5.19922
72285	12820	1	3	0	0	0
72288	12821	1	3	0	0	0
72290	15030	1	3	0	0	0
72303	12726	8	3	0	0	0
72305	12759	8	3	0	0	0
72307	15184	1	3	0	0	0
72330	12737	1	3	0	0	0
72334	12736	2	3	0	0	0
72346	12820	1	4.5	-4	0	2
72353	12822	1	3	0	0	0
72360	12732	8	3	0	0	0
72366	12708	8	3	0	0	0
72371	12758	8	3	0	0	0
72372	12733	8	3	0	0	0
72381	12819	1	3	0	0	0
72399	12822	1	3	-2	0	4
72400	12581	1	4	0	0	0
72401	12577	8	4	0	0	0
72404	12580	8	4	-2	0	4
72422	12918	1	4	0	0	0
72426	19582	8	4	0	0	0
72429	19583	1	3	0	0	0
72513	12581	1	4	0	0	2
72520	12577	8	4	-2	0	4
72553	12918	1	4	-4	0	2
72606	8209	1	3	0	0	0
72608	8210	1	3	0	0	0
72843	12655	1	3	0	0	0
72880	12656	8	2.5	0	0	0
72881	12653	1	3	0	0	0
72884	12654	2	2.5	0	0	0
73004	8211	1	3	0	0	0
73342	13081	1	3	0	0	0
73358	13078	1	3	0	0	0
73362	13099	1	3	0	0	5
73366	16728	8	3	-7.125	0	3.5625
73372	13102	1	3	-2	0	4
73373	16726	8	3	-7.125	0	3.5625
73374	13103	1	3	-2	0	4
73376	13087	2	3	-10.6875	0	-5.34375
73377	13088	8	3	-2	0	4
73385	11582	1	3	0	0	0
73392	12057	8	3	0	0	0
73397	12056	8	3	0	0	0
73406	11734	1	3	0	0	0
73438	11585	1	3	0	0	0
73458	13098	1	3	0	0	0
73467	13096	8	3	0	0	0
73471	11587	1	3	0	0	0
73472	11586	1	3	0	0	0
73477	13090	1	3	0	0	0
73478	13089	1	3	0	0	0
73481	13091	8	3	0	0	0
73498	13078	1	3	-2.40039	0	-2.40039
73500	13081	1	3	-2.40039	0	-2.40039
73510	13081	1	3	2.40039	0	-2.40039
73519	13081	1	3	-2.40039	0	2.40039
73531	13078	1	3	2.40039	0	-2.40039
73550	19839	1	3	0	0	0
73565	11657	1	3	0	0	0
73588	11659	1	3	0	0	0
73593	11660	1	3	0	0	0
73612	11723	1	3	0	0	0
73613	11721	1	3	0	0	0
73614	11725	1	3	0	0	0
73615	11718	1	3	0	0	0
73616	11728	1	3	0	0	0
73617	11729	1	3	0	0	0
73618	11733	1	3	0	0	0
73619	11732	1	3	0	0	0
73620	11716	1	3	0	0	0
73621	11719	1	3	0	0	0
73622	11720	1	3	0	0	0
73623	11715	1	3	0	0	0
73624	11717	1	3	0	0	0
73625	11731	1	3	0	0	0
73626	13099	1	3	0	0	0
73628	11658	1	3	0	0	0
73630	16728	8	3	0	0	0
73637	16726	8	3	0	0	0
73640	13087	2	3	0	0	0
73641	13088	8	3	0	0	0
73696	13190	8	3	-3	0	0
73704	13191	1	3	0	0	0
73709	13179	8	3	0	0	0
73718	13180	8	3	2	0	4
73720	13179	8	3	3.15039	0	-3.15039
73725	13177	2	2.5	0	0	0
73733	13176	1	3	0	0	0
73750	13147	1	2.5	0	0	0
73753	11900	1	3	0	0	0
73754	15589	1	3	0	0	0
73755	13145	1	1	-4	0	-4
73757	13147	1	2.5	-4	0	-4
73801	13122	1	3	0	0	0
73802	13121	8	3	0	0	0
73809	13164	8	2.5	0	0	0
73840	13140	8	2.5	0	0	0
73846	13226	1	2.5	0	0	0
73849	12050	1	3	0	0	0
73854	11865	1	3	0	0	0
73939	13309	1	3	0	0	0
73941	13308	1	3	0	0	0
73944	13305	1	3	0	0	0
73945	13306	1	3	0	0	0
73950	11683	1	3	-4	0	-4
73955	11609	1	3	0	0	0
73956	11608	1	3	0	0	0
73957	11607	1	3	0	0	0
73958	11606	1	3	0	0	0
73979	13353	1	3	0	0	0
73982	13352	1	3	0	0	0
74116	11696	1	3	0	0	0
74124	14491	1	3	0	0	0
74132	14494	2	3	0	0	0
74141	19941	2	2	0	0	0
74246	11682	1	3	0	0	0
74541	13216	1	3	0	0	0
74544	13221	1	3	0	0	0
74766	17613	1	3	0	0	0
74800	14527	1	3	0	0	0
74878	13165	1	3	0	0	0
74903	13167	1	3	0	0	0
75063	13145	1	1	0	0	0
75073	12048	1	3	0	0	0
75134	15682	1	3	0	0	0
75140	12068	1	3	0	0	0
75146	12100	1	3	0	0	0
75153	13348	1	3	0	0	0
75162	12011	1	3	0	0	0
75235	7829	1	3	0	0	0
75310	7732	1	3	0	0	0
75311	13515	2	9	-2	0	4
75328	13492	5	9	0	0	2
75329	13491	2	9	0	0	0
75331	13489	2	3	0	0	0
75332	13490	2	3	0	0	0
75348	13524	2	3	0	0	0
75356	13465	5	9	-2	0	4
75358	13474	2	9	-2	0	4
75361	13434	2	3	0	0	0
75363	13479	2	9	-2	0	4
75368	7982	1	3	0	0	0
75371	13478	5	9	0	0	0
75377	19523	2	30	7.19922	0	3.59961
75378	19522	2	30	0	0	0
75379	19519	2	30	0	0	0
75387	13531	2	3	0	0	0
75390	14426	1	3	0	0	0
75391	13532	5	9	2	0	4
75406	13533	2	9	0	0	0
75408	15014	1	3	0	0	0
75412	13534	2	9	-2	0	4
75420	12726	8	3	4	0	-2
75436	12981	1	3	-2	0	4
75452	12723	8	3	0	0	0
75458	12980	2	3	0	0	0
75462	12725	8	3	0	0	0
75474	12724	8	3	-2	0	0
75477	12981	1	3	0	0	0
75487	19498	1	3	0	0	0
75505	12914	1	3	4	0	2
75506	12915	2	3	4	0	2
75510	12917	2	3	0	0	0
75513	13586	8	4	0	0	0
75567	14439	1	3	0	0	0
75598	19598	1	3	0	0	0
75611	14583	1	3	0	0	0
75612	14584	1	3	0	0	0
75613	14582	1	3	0	0	0
75616	15013	1	3	0	0	0
75729	14677	2	9	0	0	0
75730	14675	2	9	0	0	0
75780	14835	8	3	0	0	0
75781	14836	8	3	0	0	0
75792	14904	1	3	0	0	0
75794	14903	1	3	0	0	0
75851	15006	2	9	0	0	0
75896	7984	1	3	0	0	0
75938	14610	1	3	0	0	0
75939	14611	1	3	0	0	0
76291	15771	1	3	0	0	0
76293	15772	1	3	0	0	0
76324	14865	1	3	0	0	0
76360	19788	1	3	0	0	0
76367	17611	1	3	0	0	0
76372	16484	1	1.59961	0	0	0
76373	17612	1	3	0	0	0
76463	19489	2	30	0	0	0
76465	19638	6	-1	0	0	0
76523	19786	1	3	0	0	0
76681	19896	0	3	0	0	0
76869	14890	1	3	0	0	0
76936	12648	1	3	0	0	0
76937	12649	1	3	0	0	0
76939	12647	8	3	0	0	0
76940	12646	8	3	0	0	0
76941	12670	1	3	0	0	0
76942	12671	1	3	0	0	0
76943	12665	1	3	0	0	0
76945	12664	8	3	0	0	0
76946	12645	8	3	0	0	0
76948	8132	1	3	0	0	0
76961	7879	1	3	0	0	0
76983	14402	1	3	0	0	0
77004	14425	1	3	0	0	0
77079	13132	1	3	0	0	0
77113	15486	1	3	0	0	0
77120	13100	1	3	0	0	0
77129	12058	1	3	0	0	0
77146	11735	1	3	0	0	0
77147	13120	1	3	0	0	0
77148	13119	8	3	0	0	0
77152	13138	1	2.5	0	0	0
77156	13141	1	2.5	0	0	0
77158	13342	2	3	0	0	0
77165	11684	1	3	0	0	0
77169	11686	1	3	0	0	0
77176	13350	1	3	0	0	0
77187	13189	8	3	0	0	0
77266	15039	1	3	0	0	0
77296	19935	1	3	0	0	0
77299	8217	1	3	0	0	0
77698	22868	1	3	0	0	0
77823	22826	1	3	0	0	0
77824	22861	1	3	0	0	0
77825	22865	1	3	0	0	0
77826	22863	2	3	0	0	0
77827	22860	1	3	0	0	0
77828	22864	2	3	0	0	0
77948	22873	1	3	0	0	0
77949	22874	1	3	0	0	0
77959	22848	1	3	0	0	0
77960	22849	1	3	0	0	0
77961	22850	1	3	0	0	0
78036	7850	2	3	0	0	0
78046	12356	1	3	0	0	0
78066	10881	1	3	0	0	0
78139	22483	1	3	0	0	0
78252	22466	1	3	0	0	2
78253	22466	1	3	0	0	0
78256	22468	1	3	0	0	0
78262	22502	1	3	0	0	0
78264	22500	1	3	0	0	0
78267	22488	1	3	0	0	0
78317	22523	1	3	0	0	0
179006	2630	1	3	0	0	0
179007	7334	2	3	0	0	0
179012	7316	1	3	0	0	0
179029	6905	1	3	0	0	0
179064	11023	1	3	0	0	0
179090	14191	2	3	0	0	0
179187	12346	1	3	0	0	0
179530	4048	1	3	0	0	0
179872	6660	1	3	0	0	0
179883	4404	1	3	0	0	0
179884	4406	1	3	0	0	0
179885	4405	1	3	0	0	0
179890	4680	1	3	0	0	0
179898	5366	1	3	0	0	0
180021	3909	1	3	0	0	0
180022	5114	2	3	0	0	0
180030	3908	1	3	0	0	0
180034	3910	1	3	0	0	0
180117	4184	1	3	0	0	0
180129	4191	1	3	0	0	0
180163	6659	1	3	0	0	0
180168	4214	1	3	0	0	0
180321	7015	2	3	0	0	0
180365	16482	2	3	0	0	0
180376	10963	2	3	0	0	0
180624	11320	2	3	0	0	0
180643	4092	2	3	0	0	0
180794	7410	1	3	0	0	0
180945	17047	1	3	0	0	0
180962	19262	1	3	0	0	0
180974	3267	1	3	0	0	0
180996	4248	1	3	0	0	0
181053	5113	2	3	0	0	0
181140	1538	1	3	0	0	0
181202	4465	1	3	0	0	0
181203	4250	2	3	0	0	0
181204	4186	1	3	0	0	0
181224	9507	2	3	0	0	0
181230	9509	2	3	0	0	0
181237	8004	1	3	0	0	0
181242	16071	1	3	0	0	0
181257	8006	1	3	0	0	0
181258	8775	1	3	0	0	0
181275	8095	1	3	0	0	0
181279	14074	1	3	0	0	0
181281	8899	2	3	0	0	0
181286	21815	2	3	0	0	0
181292	21825	2	3	0	0	0
181294	22839	2	3	0	0	0
181304	20524	1	3	0	0	0
181305	13960	2	3	0	0	0
181312	21826	2	3	0	0	0
181314	21806	2	3	0	0	0
181315	21819	2	3	0	0	0
181320	20500	1	3	0	0	0
181326	13969	2	3	0	0	0
181327	13864	2	3	0	0	0
181337	20947	1	3	0	0	0
181342	10923	1	3	0	0	0
181346	11590	1	3	0	0	0
181347	10932	1	3	0	0	0
181350	11845	1	3	0	0	0
181360	12148	1	3	0	0	0
181361	11834	1	3	0	0	0
181364	11830	1	3	0	0	0
181366	14078	2	3	0	0	0
181370	10917	1	3	0	0	0
181372	12259	1	3	0	0	0
181374	11835	1	3	0	0	0
181378	11591	1	3	0	0	0
181384	11774	2	3	0	0	0
181387	14434	1	3	0	0	0
181395	11451	1	3	0	0	0
181399	14344	1	3	0	0	0
181417	14641	1	3	0	0	0
181420	14230	2	3	0	0	0
181423	12313	1	3	0	0	0
181434	11741	2	3	0	0	0
181442	14126	2	3	0	0	0
181444	10942	1	3	0	0	0
181446	14022	1	3	0	0	0
181457	8788	2	3	0	0	0
181471	13902	1	3	0	0	0
181474	21223	1	3	0	0	0
181484	8084	1	3	0	0	0
181486	21803	2	3	0	0	0
181496	21104	1	3	0	0	0
181502	10764	1	3	0	0	0
181508	6299	1	3	0	0	0
181515	7037	1	3	0	0	0
181532	20622	1	3	0	0	0
181533	20926	1	3	0	0	0
181537	20941	2	3	0	0	0
181538	13746	1	3	0	0	0
181553	9407	1	3	0	0	0
181555	9408	1	3	0	0	0
181605	21357	1	3	0	0	0
181606	18922	1	3	0	0	0
181617	9412	1	3	0	0	0
181618	9409	1	3	0	0	0
181619	14943	1	3	0	0	0
181621	14957	1	3	0	0	0
181622	14959	1	3	0	0	0
181623	14960	2	3	0	0	0
181624	14965	1	3	0	0	0
181631	14774	1	3	0	0	0
181636	21340	2	3	0	0	0
181643	20091	1	3	0	0	0
181649	18912	2	3	0	0	0
181658	18913	2	3	0	0	0
181661	18915	1	3	0	0	0
181672	18919	1	3	0	0	0
181681	21359	1	3	0	0	0
181682	20093	1	3	0	0	0
181687	15888	1	3	0	0	0
181690	15887	1	3	0	0	0
181692	9690	1	3	0	0	0
181699	7972	1	3	0	0	0
181701	9676	1	3	0	0	0
181702	7978	1	3	0	0	0
181705	7637	1	3	0	0	0
181706	7638	1	3	0	0	0
181707	7639	1	3	0	0	0
181708	7640	1	3	0	0	0
181710	14136	1	3	0	0	0
181712	11377	2	3	0	0	0
181725	7426	1	3	0	0	0
181733	7117	1	3	0	0	0
181734	13771	1	3	0	0	0
181738	16958	1	3	0	0	0
181754	10107	2	3	0	0	0
181755	9346	1	3	0	0	0
181756	10239	1	3	0	0	0
181757	9589	1	3	0	0	0
181758	14156	1	3	0	0	0
181759	14176	1	3	0	0	0
181760	22439	2	3	0	0	0
181761	22441	2	3	0	0	0
181762	22444	2	3	0	0	0
181763	22457	2	3	0	0	0
181764	22458	2	3	0	0	0
181767	14967	1	3	0	0	0
181778	22455	2	3	0	0	0
181783	15026	1	3	0	0	0
181784	15448	1	3	0	0	0
181787	16076	1	3	0	0	0
181788	9936	2	3	0	0	0
181789	16428	1	3	0	0	0
181790	22405	2	3	0	0	0
181791	16171	1	3	0	0	0
181792	9971	1	3	0	0	0
181793	9120	1	3	0	0	0
181794	22403	2	3	0	0	0
181795	14733	1	3	0	0	0
181796	16172	1	3	0	0	0
181797	9347	1	3	0	0	0
181798	22459	2	3	0	0	0
181802	17076	1	3	0	0	0
181804	22506	2	3	0	0	0
181805	15604	1	3	0	0	0
181815	17693	2	3	0	0	0
181816	9757	1	3	0	0	0
181817	15650	1	3	0	0	0
181823	15648	1	3	0	0	0
181827	15777	2	3	0	0	0
181828	17579	1	3	0	0	0
181830	10506	2	3	0	0	0
181831	14141	2	3	0	0	0
181837	14096	2	3	0	0	0
181840	9478	1	3	0	0	0
181845	20933	1	3	0	0	0
181847	20156	1	3	0	0	0
181854	21205	1	3	0	0	0
181878	21600	1	3	0	0	0
181879	21895	1	3	0	0	0
181887	21920	1	3	0	0	0
181939	22467	2	3	0	0	0
181941	22504	1	3	0	0	0
181942	22501	1	3	0	0	0
903009	22596	1	3	0	0	0
903011	21342	1	3	0	0	0
903014	21925	1	3	0	0	0
903015	22450	1	3	0	0	0
903020	21879	1	3	0	0	0
903023	21457	1	3	0	0	0
903026	22586	1	3	0	0	0
903033	22472	1	3	0	0	0
903035	21381	1	3	0	0	0
903037	22482	1	3	0	0	0
903041	22474	1	3	0	0	0
903046	21466	1	3	0	0	0
903049	22590	1	3	0	0	0
903053	21465	1	3	0	0	0
903054	21456	1	3	0	0	0
903063	21348	1	3	0	0	0
903065	21360	1	3	0	0	0
903068	22446	2	3	0	0	0
903070	21324	1	3	0	0	0
903071	22599	2	3	0	0	0
903073	22420	1	3	0	0	0
903075	21953	1	3	0	0	0
903076	21349	1	3	0	0	0
903090	22451	1	3	0	0	0
903093	22591	1	3	0	0	0
903095	22589	1	3	0	0	0
903100	22592	1	3	0	0	0
903108	22588	1	3	0	0	0
903111	22473	2	3	0	0	0
903114	21369	1	3	0	0	0
903118	22761	2	3	0	0	0
903120	22665	1	3	0	0	0
903354	22647	1	3	0	0	0
903355	22647	1	3	0	0	0
903356	22647	1	3	0	0	0
903357	22647	1	3	0	0	0
903358	22647	1	3	0	0	0
903366	22657	1	3	0	0	0
903424	22693	1	3	0	0	0
903425	22694	1	3	0	0	0
903426	22694	1	3	0	0	0
903427	22693	1	3	0	0	0
903428	22762	1	3	0	0	0
903429	22598	1	3	0	0	0
903430	22693	1	3	0	0	0
903431	22348	1	3	0	0	0
903432	22694	1	3	0	0	0
903433	22693	1	3	0	0	0
903434	22694	1	3	0	0	0
903435	22693	1	3	0	0	0
903441	22693	1	3	0	0	0
903442	22348	1	3	0	0	0
903443	22350	1	3	0	0	0
903444	22693	1	3	0	0	0
903445	22348	1	3	0	0	0
903446	22350	1	3	0	0	0
903447	22693	1	3	0	0	0
903448	22348	1	3	0	0	0
903449	22350	1	3	0	0	0
903450	22693	1	3	0	0	0
903451	22348	1	3	0	0	0
903452	22350	1	3	0	0	0
903453	22693	1	3	0	0	0
903454	22348	1	3	0	0	0
903455	22350	1	3	0	0	0
903456	22693	1	3	0	0	0
903457	22348	1	3	0	0	0
903458	22350	1	3	0	0	0
903459	22693	1	3	0	0	0
903460	22348	1	3	0	0	0
903470	22692	1	3	0	0	0
903471	22622	1	3	0	0	0
903472	22621	1	3	0	0	0
903473	22692	1	3	0	0	0
903474	22622	1	3	0	0	0
903486	22706	2	3	0	0	0
903487	22784	1	3	0	0	0
903488	22679	2	3	0	0	0
903489	22679	2	3	0	0	0
903490	22679	2	3	0	0	0
903491	22702	2	3	0	0	0
903492	22702	2	3	0	0	0
903497	22679	2	3	0	0	0
903498	22679	2	3	0	0	0
903499	22679	2	3	0	0	0
903500	22612	1	3	0	0	0
903536	22616	1	3	0	0	0
903537	22614	2	3	0	0	0
903538	22613	1	3	0	0	0
903539	22616	1	3	0	0	0
903576	22616	1	3	0	0	0
903577	22617	1	3	0	0	0
903578	22614	2	3	0	0	0
903579	22616	1	3	0	0	0
903580	22614	2	3	0	0	0
903581	22616	1	3	0	0	0
903582	22613	1	3	0	0	0
903583	22614	2	3	0	0	0
903584	22614	2	3	0	0	0
903585	22613	1	3	0	0	0
903586	22616	1	3	0	0	0
903587	22614	2	3	0	0	0
903595	22614	2	3	0	0	0
903596	22616	1	3	0	0	0
903597	22613	1	3	0	0	0
903602	22693	1	3	0	0	0
903613	22411	1	3	0	0	0
903614	22413	1	3	0	0	0
903615	22415	1	3	0	0	0
903616	22411	1	3	0	0	0
903617	22413	1	3	0	0	0
903618	22415	1	3	0	0	0
903619	22411	1	3	0	0	0
903620	22413	1	3	0	0	0
903621	22415	1	3	0	0	0
903622	22411	1	3	0	0	0
903623	22413	1	3	0	0	0
903624	22415	1	3	0	0	0
903625	22415	1	3	0	0	0
903626	22411	1	3	0	0	0
903627	22416	1	3	0	0	0
903628	22415	1	3	0	0	0
903629	22411	1	3	0	0	0
903630	22416	1	3	0	0	0
903631	22415	1	3	0	0	0
903632	22411	1	3	0	0	0
903633	22416	1	3	0	0	0
903634	22415	1	3	0	0	0
903635	22411	1	3	0	0	0
903636	22416	1	3	0	0	0
903637	22415	1	3	0	0	0
903638	22411	1	3	0	0	0
903639	22416	1	3	0	0	0
903640	22415	1	3	0	0	0
903641	22411	1	3	0	0	0
903642	22416	1	3	0	0	0
903643	22415	1	3	0	0	0
903644	22411	1	3	0	0	0
903645	22416	1	3	0	0	0
903646	22415	1	3	0	0	0
903647	22411	1	3	0	0	0
903648	22416	1	3	0	0	0
903649	22417	1	3	0	0	0
903650	22416	1	3	0	0	0
903651	22669	2	3	0	0	0
903652	22417	1	3	0	0	0
903653	22416	1	3	0	0	0
903654	22669	2	3	0	0	0
903655	22417	1	3	0	0	0
903656	22416	1	3	0	0	0
903657	22669	2	3	0	0	0
903658	22417	1	3	0	0	0
903659	22416	1	3	0	0	0
903660	22669	2	3	0	0	0
903661	22411	1	3	0	0	0
903662	22415	1	3	0	0	0
903663	22668	1	3	0	0	0
903664	22411	1	3	0	0	0
903665	22415	1	3	0	0	0
903666	22668	1	3	0	0	0
903667	22411	1	3	0	0	0
903668	22415	1	3	0	0	0
903669	22668	1	3	0	0	0
903670	22411	1	3	0	0	0
903671	22415	1	3	0	0	0
903672	22668	1	3	0	0	0
903673	22616	1	3	0	0	0
903674	22617	1	3	0	0	0
903675	22614	2	3	0	0	0
903676	22679	2	3	0	0	0
903677	22414	1	3	0	0	0
903678	22679	2	3	0	0	0
903679	22679	2	3	0	0	0
903680	22414	1	3	0	0	0
903683	22639	2	3	0	0	0
903686	22693	1	3	0	0	0
903687	22640	2	3	0	0	0
903688	22639	2	3	0	0	0
903689	22644	1	3	0	0	0
903690	22640	2	3	0	0	0
903691	22639	2	3	0	0	0
903692	22644	1	3	0	0	0
903693	22640	2	3	0	0	0
903694	22639	2	3	0	0	0
903695	22644	1	3	0	0	0
903696	22640	2	3	0	0	0
903697	22639	2	3	0	0	0
903698	22644	1	3	0	0	0
903699	22640	2	3	0	0	0
903700	22639	2	3	0	0	0
903701	22644	1	3	0	0	0
903702	22640	2	3	0	0	0
903703	22639	2	3	0	0	0
903704	22644	1	3	0	0	0
903705	22640	2	3	0	0	0
903706	22639	2	3	0	0	0
903707	22644	1	3	0	0	0
903708	22640	2	3	0	0	0
903709	22639	2	3	0	0	0
903710	22644	1	3	0	0	0
903711	22763	1	3	0	0	0
903712	22762	1	3	0	0	0
903713	22662	1	3	0	0	0
903714	22763	1	3	0	0	0
903715	22688	1	3	0	0	0
903716	22692	1	3	0	0	0
903717	22623	1	3	0	0	0
903718	22649	1	3	0	0	0
903720	22763	1	3	0	0	0
903725	22696	1	3	0	0	0
903726	22659	1	3	0	0	0
903727	22696	1	3	0	0	0
903740	22650	1	3	0	0	0
903744	22681	1	3	0	0	0
903745	22681	1	3	0	0	0
903747	22653	1	3	0	0	0
903748	22653	1	3	0	0	0
903756	22674	1	3	0	0	0
920001	22658	1	3	0	0	0
920103	22638	1	3	0	0	0
930032	22426	1	3	0	0	0
930119	22672	1	3	0	0	0
930262	22705	2	3	0	0	0
930269	22634	1	3	0	0	0
930272	22695	2	3	0	0	0
930311	22660	1	3	0	0	0
930340	22663	1	3	0	0	0
930342	22661	1	3	0	0	0
940003	22666	1	3	0	0	0
940007	22697	2	3	0	0	0
940011	22704	2	3	0	0	0
940014	22703	2	3	0	0	0
940015	22698	2	3	0	0	0
2066015	8128	1	3	0	0	0
2066031	3403	1	3	0	0	0
2066041	9210	1	3	0	0	0
2066045	9212	1	3	0	0	0
2066049	9107	1	3	0	0	0
2066101	3417	1	3	0	0	0
2066145	16496	1	3	0	0	0
2066153	2907	2	3	0	0	0
2066169	16500	1	3	0	0	0
2066173	9281	1	3	0	0	0
2066185	7755	1	3	0	0	0
2066249	8833	1	3	0	0	0
2066264	9597	1	3	0	0	0
2066419	19768	1	3	0	0	0
2066422	19770	2	3	0	0	0
2066427	11355	1	3	0	0	0
2066612	2675	1	3	0	0	0
2066723	9069	1	3	0	0	0
2066797	8101	1	3	0	0	0
2066934	2674	1	3	0	0	0
2066956	7492	1	3	0	0	0
2066976	2422	1	3	0	0	0
2066995	6340	1	3	0	0	0
2067046	7730	1	3	0	0	0
2067056	8133	1	3	0	0	0
2067142	7877	1	3	0	0	0
2067161	17765	1	3	0	0	0
2067189	7765	1	3	0	0	0
2067200	8300	1	3	0	0	0
2067273	12010	1	3	0	0	0
2067312	3944	1	3	0	0	0
2067340	6912	1	3	0	0	0
2067396	11923	2	3	0	0	0
2067431	3392	2	3	0	0	0
2067433	17541	1	3	0	0	0
2067461	10237	1	3	0	0	0
2067477	7141	1	3	0	0	0
2067481	3324	1	3	0	0	0
2067501	7308	1	3	0	0	0
2067504	3408	1	3	0	0	0
2067530	3486	1	3	0	0	0
2067537	7208	1	3	0	0	0
2067538	3439	1	3	0	0	0
2067553	7336	1	3	0	0	0
2067594	20431	1	3	0	0	0
2067598	3021	1	3	0	0	0
2067607	20120	1	3	0	0	0
2067623	15035	1	3	0	0	0
2067684	16350	1	3	0	0	0
2067687	6674	1	3	0	0	0
2067761	8816	1	3	0	0	0
2067816	19726	2	3	0	0	0
2067931	10587	1	3	0	0	0
2068111	6679	1	3	0	0	0
2068156	3306	1	3	0	0	0
2068165	3236	1	3	0	0	0
2068168	3235	1	3	0	0	0
2068318	9279	1	3	0	0	0
2068373	7488	1	3	0	0	0
2068454	3001	1	3	0	0	0
2068457	2964	1	3	0	0	0
2068571	7917	1	3	0	0	0
2068601	10568	2	3	0	0	0
2068619	8083	1	3	0	0	0
2068683	3424	1	3	0	0	0
2068734	8212	1	3	0	0	0
2068736	8204	1	3	0	0	0
2068737	8207	1	3	0	0	0
2068741	8208	1	3	0	0	0
2068745	7823	1	3	0	0	0
2068782	17809	1	3	0	0	0
2068785	17600	1	3	0	0	0
2068792	8185	2	3	0	0	0
2068802	9511	1	3	0	0	0
2068815	14541	1	3	0	0	0
2068886	17260	1	3	0	0	0
2069010	9275	1	3	0	0	0
2069025	9128	1	3	0	0	0
2069255	12441	1	3	0	0	0
2069258	8028	1	3	0	0	0
2069326	8130	1	3	0	0	0
2069406	9203	2	3	0	0	0
2069470	9735	1	3	0	0	0
2069579	13724	2	3	0	0	0
2069659	20123	1	3	0	0	0
2069660	19784	2	3	0	0	0
2069661	11116	1	3	0	0	0
2069711	9557	2	3	0	0	0
2069712	9239	2	3	0	0	0
2069758	9232	1	3	0	0	0
2069825	14979	1	3	0	0	0
2069838	9674	1	3	0	0	0
2069843	14978	1	3	0	0	0
2069879	9835	2	3	0	0	0
2069881	19783	1	3	0	0	0
2070011	7411	1	3	0	0	0
2070013	11302	2	3	0	0	0
2070047	11280	1	3	0	0	0
2070057	11279	1	3	0	0	0
2070059	11278	1	3	0	0	0
2070065	11117	1	3	0	0	0
2070068	11277	1	3	0	0	0
2070111	3307	1	3	0	0	0
2070330	15659	1	3	0	0	0
2070413	13101	1	3	0	0	0
2070601	13717	1	3	0	0	0
2070622	6717	2	3	0	0	0
2070682	21275	1	3	0	0	0
2070684	21276	1	3	0	0	0
2070802	3185	1	3	0	0	0
2070826	9108	1	3	0	0	0
2070837	16774	2	3	0	0	0
2070861	7397	1	3	0	0	0
2070862	7398	1	3	0	0	0
2070925	3183	1	3	0	0	0
2070931	3438	1	3	0	0	0
2070981	2745	1	3	0	0	0
2071032	15686	1	3	0	0	0
2071054	3198	1	3	0	0	0
2071071	17547	1	3	0	0	0
2071072	17572	1	3	0	0	0
2071074	20325	1	3	0	0	0
2071075	20330	1	3	0	0	0
2071076	20328	1	3	0	0	0
2071079	16481	1	3	0	0	0
2071086	3184	1	3	0	0	0
2071105	8460	1	3	0	0	0
2071125	19837	2	3	0	0	0
2071127	19850	1	3	0	0	0
2071128	19847	1	3	0	0	0
2071149	22132	1	3	0	0	0
2071239	9106	1	3	0	0	0
2071269	19725	1	3	0	0	0
2071396	13349	1	3	0	0	0
2071485	7385	1	3	0	0	0
2071505	11939	2	3	0	0	0
2071673	22131	2	3	0	0	0
2071681	21510	1	3	0	0	0
2071699	2676	1	3	0	0	0
2071715	19503	1	3	0	0	0
2071722	8205	1	3	0	0	0
2071723	8206	1	3	0	0	0
2071811	12182	1	3	0	0	0
2153038	6308	1	3	0	0	0
2153102	1511	1	3	0	0	0
2153130	5447	1	3	0	0	0
2153218	10798	1	3	0	0	0
2153364	14477	2	3	0	0	0
2153369	16947	1	3	0	0	0
2153579	10177	1	3	0	0	0
2153592	6899	1	3	0	0	0
2153660	10473	1	3	0	0	0
2153809	4118	1	3	0	0	0
2153815	4039	1	3	0	0	0
2153870	5929	1	3	0	0	0
2153873	17378	1	3	0	0	0
2153895	6848	2	3	0	0	0
2153963	6289	1	3	0	0	0
2154012	6611	1	3	0	0	0
2154045	4912	1	3	0	0	0
2154065	11225	1	3	0	0	0
2154099	5423	2	3	0	0	0
2154106	5422	2	3	0	0	0
2154245	3264	2	3	0	0	0
2154258	6800	1	3	0	0	0
2154261	6803	2	3	0	0	0
2154267	6792	1	3	0	0	0
2154272	3776	1	3	0	0	0
2154340	5573	1	3	0	0	0
2154397	4042	1	3	0	0	0
2154414	4910	1	3	0	0	0
2154415	4012	1	3	0	0	0
2154417	4891	1	3	0	0	0
2154425	4045	1	3	0	0	0
2154434	5891	1	3	0	0	0
2154448	4043	1	3	0	0	0
2154449	4046	1	3	0	0	0
2154515	11304	1	3	0	0	0
2154516	4758	1	3	0	0	0
2154533	4825	2	3	0	0	0
2154579	4343	1	3	0	0	0
2154580	6582	1	3	0	0	0
2154597	4798	1	3	0	0	0
2154615	18875	1	3	0	0	0
2154624	19309	1	3	0	0	0
2154627	18877	1	3	0	0	0
2154644	10715	1	3	0	0	0
2154647	4797	1	3	0	0	0
2154651	11222	1	3	0	0	0
2154652	4803	1	3	0	0	0
2154664	4323	1	3	0	0	0
2154674	18961	2	3	0	0	0
2154677	5480	1	3	0	0	0
2154685	5479	1	3	0	0	0
2154688	18956	2	3	0	0	0
2154710	18958	2	3	0	0	0
2154716	9862	1	3	0	0	0
2154717	4414	1	3	0	0	0
2154719	4417	1	3	0	0	0
2154732	4827	2	3	0	0	0
2154744	9865	1	3	0	0	0
2154760	5993	2	3	0	0	0
2154814	4826	2	3	0	0	0
2154820	4794	1	3	0	0	0
2154836	4920	2	3	0	0	0
2154845	5191	1	3	0	0	0
2154846	5433	1	3	0	0	0
2154850	22162	2	3	0	0	0
2154878	5118	1	3	0	0	0
2154904	11224	1	3	0	0	0
2154946	5966	2	3	0	0	0
2154948	5437	1	3	0	0	0
2155001	10559	2	3	0	0	0
2155078	17423	1	3	0	0	0
2155095	4923	1	3	0	0	0
2155101	17366	1	3	0	0	0
2155176	5617	1	3	0	0	0
2155193	5429	1	3	0	0	0
2155247	5520	1	3	0	0	0
2155255	5770	1	3	0	0	0
2155298	5647	2	3	0	0	0
2155320	3375	1	3	0	0	0
2155565	6195	1	3	0	0	0
2155566	6196	1	3	0	0	0
2155576	18878	1	3	0	0	0
2155627	6266	2	3	0	0	0
2155809	6489	1	3	0	0	0
2155914	6507	1	3	0	0	0
2155955	6305	1	3	0	0	0
2155998	6843	1	3	0	0	0
2156001	6796	2	3	0	0	0
2156032	7005	1	3	0	0	0
2156033	7006	1	3	0	0	0
2156034	7007	1	3	0	0	0
2156035	7008	1	3	0	0	0
2156093	6879	1	3	0	0	0
2156143	6797	2	3	0	0	0
2156148	6799	1	3	0	0	0
2156168	10591	1	3	0	0	0
2156169	10590	1	3	0	0	0
2156180	7562	1	3	0	0	0
2156189	7525	1	3	0	0	0
2156307	5476	1	3	0	0	0
2156385	7371	2	3	0	0	0
2156414	10160	2	3	0	0	0
2156445	16002	1	3	0	0	0
2156455	16293	1	3	0	0	0
2156502	9066	1	3	0	0	0
2156509	16301	1	3	0	0	0
2156515	9447	1	3	0	0	0
2156526	7341	2	3	0	0	0
2156636	16479	2	3	0	0	0
2156703	9854	1	3	0	0	0
2156736	20065	1	3	0	0	0
2156758	6116	1	3	0	0	0
2156787	4819	1	3	0	0	0
2156868	14672	1	3	0	0	0
2156880	14454	1	3	0	0	0
2156885	14432	2	3	0	0	0
2156910	6448	1	3	0	0	0
2156919	6446	1	3	0	0	0
2156928	5703	1	3	0	0	0
2156953	13006	1	3	0	0	0
2156955	4789	1	3	0	0	0
2156964	9983	1	3	0	0	0
2156983	6769	2	3	0	0	0
2156985	6761	1	3	0	0	0
2157515	5767	1	3	0	0	0
2157588	14177	1	3	0	0	0
2157756	5503	1	3	0	0	0
2157757	10456	2	3	0	0	0
2157761	16949	1	3	0	0	0
2157768	6084	1	3	0	0	0
2157770	17370	1	3	0	0	0
2157787	17136	2	3	0	0	0
2157818	20340	1	3	0	0	0
2157819	17517	1	3	0	0	0
2157820	17529	1	3	0	0	0
2157828	20338	1	3	0	0	0
2157829	20337	1	3	0	0	0
2157833	17533	1	3	0	0	0
2157873	5502	2	3	0	0	0
2157890	10717	1	3	0	0	0
2157892	4800	1	3	0	0	0
2157971	11303	1	3	0	0	0
2157984	14662	1	3	0	0	0
2158109	6191	1	3	0	0	0
2158110	4788	1	3	0	0	0
2158126	6277	1	3	0	0	0
2158135	5612	1	3	0	0	0
2158186	5618	1	3	0	0	0
2158284	12298	1	3	0	0	0
2158334	7004	1	3	0	0	0
2158376	5530	1	3	0	0	0
2158524	21507	1	3	0	0	0
3000006	2631	1	3	0	0	0
3000140	22296	1	3	0	0	0
3000168	9839	1	3	0	0	0
3000270	8811	1	3	0	0	0
3000271	7874	1	3	0	0	0
3000274	13772	1	3	0	0	0
3000279	8062	1	3	0	0	0
3000283	7774	1	3	0	0	0
3000328	13800	1	3	0	0	0
3000351	13798	1	3	0	0	0
3000353	14606	1	3	0	0	0
3000396	3848	1	3	0	0	0
3000397	10823	1	3	0	0	0
3000410	9602	2	3	0	0	0
3000432	19728	1	3	0	0	0
3000456	20288	2	3	0	0	0
3000457	20292	1	3	0	0	0
3000558	13933	1	3	0	0	0
3000561	13931	1	3	0	0	0
3000585	13924	1	3	0	0	0
3000598	15302	1	3	0	0	0
3000600	13861	1	3	0	0	0
3000619	13593	1	3	0	0	0
3000647	11836	1	3	0	0	0
3000706	16346	1	3	0	0	0
3000718	16966	1	3	0	0	0
3000727	2908	2	3	0	0	0
3000732	22201	1	3	0	0	0
3000771	21046	1	3	0	0	0
3000809	19902	2	3	0	0	0
3000870	22288	1	3	0	0	0
3000910	22782	2	3	0	0	0
3000918	22859	2	3	0	0	0
3278043	3519	1	3	0	0	0
3278057	3228	1	3	0	0	0
3278058	3213	1	3	0	0	0
3278059	3434	1	3	0	0	0
3278083	3240	1	3	0	0	0
3278084	3254	1	3	0	0	0
3278085	3230	1	3	0	0	0
3278116	5506	1	3	0	0	0
3278117	2815	1	3	0	0	0
3278140	3223	1	3	0	0	0
3278142	3217	1	3	0	0	0
3278164	3165	2	3	0	0	0
4000236	4335	1	3	0	0	0
4000317	15908	1	3	0	0	0
4000663	6229	1	3	0	0	0
4001539	5580	1	3	0	0	0
4001582	5826	1	3	0	0	0
4002058	3326	1	3	0	0	0
4002338	11781	1	3	0	0	0
4002407	11773	1	3	0	0	0
4002427	16287	1	3	0	0	0
4002894	16288	1	3	0	0	0
4003010	9546	1	3	0	0	0
4003353	13589	1	3	0	0	0
4003477	14817	1	3	0	0	0
4003796	17428	2	3	0	0	0
4003887	14452	1	3	0	0	0
4003931	17068	1	3	0	0	0
4004762	13721	1	3	0	0	0
4004888	7938	1	3	0	0	0
4004976	8867	1	3	0	0	0
4004984	15005	1	3	0	0	0
4005000	13874	1	3	0	0	0
4005066	13886	1	3	0	0	0
4005262	8880	1	3	0	0	0
4005343	13873	1	3	0	0	0
4005497	6595	1	3	0	0	0
4005621	4748	1	3	0	0	0
4005715	4799	1	3	0	0	0
4006233	17446	1	3	0	0	0
4006536	5434	1	3	0	0	0
4006556	6286	1	3	0	0	0
4006772	5038	1	3	0	0	0
4006800	14719	1	3	0	0	0
4006911	5525	1	3	0	0	0
4007240	5109	2	3	0	0	0
4007249	1539	1	3	0	0	0
4007744	11330	1	3	0	0	0
4007838	5435	1	3	0	0	0
4008203	5108	2	3	0	0	0
4008406	3147	1	3	0	0	0
4008440	3215	1	3	0	0	0
4008536	3224	1	3	0	0	0
4008541	3166	1	3	0	0	0
4008571	3435	1	3	0	0	0
4008607	3482	1	3	0	0	0
4008650	4050	1	3	0	0	0
4008702	3109	1	3	0	0	0
4008746	3243	1	3	0	0	0
4008756	3160	1	3	0	0	0
4008765	3248	2	3	0	0	0
4008789	4462	1	3	0	0	0
4008797	3854	1	3	0	0	0
4008800	3247	1	3	0	0	0
4008801	3594	1	3	0	0	0
4008823	3997	2	3	0	0	0
4008941	19914	1	3	0	0	0
4008958	6010	1	3	0	0	0
4009154	17451	1	3	0	0	0
4009753	6161	1	3	0	0	0
4010524	6608	1	3	0	0	0
4010593	11228	1	3	0	0	0
4010880	15977	1	3	0	0	0
4011139	7111	2	3	0	0	0
4011262	7367	2	3	0	0	0
4011852	7555	1	3	0	0	0
4012038	6484	1	3	0	0	0
4012061	6482	1	3	0	0	0
4012133	12080	1	3	0	0	0
4012174	6396	1	3	0	0	0
4012265	10703	1	3	0	0	0
4012409	6394	1	3	0	0	0
4012513	5908	1	3	0	0	0
4012652	5925	1	3	0	0	0
4012813	6673	1	3	0	0	0
4013179	15356	1	3	0	0	0
4013757	17134	1	3	0	0	0
4013795	20955	1	3	0	0	0
4014295	20995	1	3	0	0	0
4014299	19139	1	3	0	0	0
4014322	19144	1	3	0	0	0
4014332	19148	1	3	0	0	0
4014686	19132	1	3	0	0	0
4014944	11022	1	3	0	0	0
4015843	12614	1	3	0	0	0
4018143	19228	1	3	0	0	0
4018154	19482	1	3	0	0	0
4018173	19467	1	3	0	0	0
4018332	11596	1	3	0	0	0
4018538	19509	1	3	0	0	0
4018955	19611	1	3	0	0	0
4019064	19439	1	3	0	0	0
4019336	18993	1	3	0	0	0
4019713	12042	1	3	0	0	0
4020013	15518	1	3	0	0	0
4020066	14217	1	3	0	0	0
4020210	20641	1	3	0	0	0
4020264	19166	1	3	0	0	0
4020409	19204	1	3	0	0	0
4020444	20671	1	3	0	0	0
4020445	20390	1	3	0	0	0
4020946	19321	1	3	0	0	0
4020948	19312	1	3	0	0	0
4021020	20497	2	3	0	0	0
4021026	20494	2	3	0	0	0
4021046	22526	1	3	0	0	0
4021264	20488	2	3	0	0	0
4021276	21621	2	3	0	0	0
4021280	21041	2	3	0	0	0
4021307	19179	1	3	0	0	0
4021585	16455	1	3	0	0	0
4021929	11745	1	3	0	0	0
4022276	7143	1	3	0	0	0
4022314	7138	1	3	0	0	0
4022602	7142	1	3	0	0	0
4022645	7103	1	3	0	0	0
4023155	7425	1	3	0	0	0
4023233	7581	1	3	0	0	0
4023475	7430	1	3	0	0	0
4024163	9198	2	3	0	0	0
4024244	9135	1	3	0	0	0
4025083	3308	1	3	0	0	0
4025175	14669	1	3	0	0	0
4025590	7479	2	3	0	0	0
4025596	11925	1	3	0	0	0
4025829	9481	1	3	0	0	0
4025830	10033	1	3	0	0	0
4025851	9880	1	3	0	0	0
4026210	6337	2	3	0	0	0
4026317	9079	1	3	0	0	0
4027834	7404	1	3	0	0	0
4028435	2813	1	3	0	0	0
4028475	6336	1	3	0	0	0
4028723	7545	1	3	0	0	0
4029372	13739	2	3	0	0	0
4029740	20055	1	3	0	0	0
4030182	14196	2	3	0	0	0
4030556	14139	1	3	0	0	0
4030972	22130	1	3	0	0	0
4030993	19722	2	3	0	0	0
4031152	14809	1	3	0	0	0
4031182	14540	1	3	0	0	0
4031434	15818	1	3	0	0	0
4031471	16921	1	3	0	0	0
4033479	7731	1	3	0	0	0
4033808	13307	1	3	0	0	0
4034065	12357	1	3	0	0	0
4034265	17014	1	3	0	0	0
4034654	14075	1	3	0	0	0
4034734	10927	1	3	0	0	0
4034746	10929	1	3	0	0	0
4034748	10922	1	3	0	0	0
4034759	11692	1	3	0	0	0
4034760	11831	1	3	0	0	0
4034865	11478	1	3	0	0	0
4034877	11480	1	3	0	0	0
4034921	11913	1	3	0	0	0
4034922	11776	2	3	0	0	0
4034953	13903	1	3	0	0	0
4034959	21098	1	3	0	0	0
4034990	19295	1	3	0	0	0
4034992	6927	1	3	0	0	0
4034996	12109	1	3	0	0	0
4035046	14775	1	3	0	0	0
4035087	21358	1	3	0	0	0
4035096	15886	1	3	0	0	0
4035113	13775	1	3	0	0	0
4035135	17689	2	3	0	0	0
4035157	17077	1	3	0	0	0
4035207	22771	1	3	0	0	0
4035240	22449	2	3	0	0	0
4035241	22486	1	3	0	0	0
4035262	21361	1	3	0	0	0
4035515	22673	1	3	0	0	0
4035738	22624	1	3	0	0	0
4035749	22700	2	3	0	0	0
4035769	22707	2	3	0	0	0
4036135	2641	1	3	0	0	0
4036586	7332	1	3	0	0	0
4036712	12442	1	3	0	0	0
4036794	10821	1	3	0	0	0
4036996	11305	2	3	0	0	0
4037054	9280	1	3	0	0	0
4037404	13727	1	3	0	0	0
4038195	4804	1	3	0	0	0
4038729	1530	1	3	0	0	0
4039119	1551	1	3	0	0	0
4039314	13819	1	3	0	0	0
4039317	20625	1	3	0	0	0
4039408	2740	1	3	0	0	0
4040573	19931	1	3	0	0	0
4040580	12962	1	3	0	0	0
4040839	12991	1	3	0	0	0
4041184	20363	1	3	0	0	0
4041186	17775	1	3	0	0	0
4041188	20350	1	3	0	0	0
4041475	20495	2	3	0	0	0
4041559	21598	2	3	0	0	0
4041561	21597	2	3	0	0	0
4041565	21646	1	3	0	0	0
4041566	21652	1	3	0	0	0
4041567	21534	1	3	0	0	0
4041576	21705	1	3	0	0	0
4041602	20655	2	3	0	0	0
4041635	21558	1	3	0	0	0
4041673	21606	1	3	0	0	0
4041810	21338	1	3	0	0	0
4041813	8909	2	3	0	0	0
4041953	11481	1	3	0	0	0
4041989	14127	1	3	0	0	0
4041990	14102	2	3	0	0	0
4042071	8105	1	3	0	0	0
4042090	21812	2	3	0	0	0
4042172	7947	2	3	0	0	0
4042175	4744	1	3	0	0	0
4042176	4745	1	3	0	0	0
4042177	7932	2	3	0	0	0
4042178	4652	1	3	0	0	0
4042179	14698	1	3	0	0	0
4042183	14705	1	3	0	0	0
4042184	4473	2	3	0	0	0
4042185	4494	1	3	0	0	0
4042188	14981	1	3	0	0	0
4042189	4508	1	3	0	0	0
4042190	4385	1	3	0	0	0
4042191	7962	2	3	0	0	0
4042193	4489	2	3	0	0	0
4042195	4486	2	3	0	0	0
4042198	7960	2	3	0	0	0
4042211	10268	1	3	0	0	0
4042212	5951	1	3	0	0	0
4042215	5950	1	3	0	0	0
4042219	5197	2	3	0	0	0
4042234	5893	2	3	0	0	0
4042236	4954	1	3	0	0	0
4042237	9984	1	3	0	0	0
4042238	9687	2	3	0	0	0
4042239	9806	1	3	0	0	0
4042241	9819	1	3	0	0	0
4042242	10025	1	3	0	0	0
4042249	10787	2	3	0	0	0
4042302	12103	1	3	0	0	0
4042303	16644	1	3	0	0	0
4042320	21355	1	3	0	0	0
4042327	6824	1	3	0	0	0
4042346	12460	1	3	0	0	0
4042348	12163	2	3	0	0	0
4042353	12458	1	3	0	0	0
4042385	12178	1	3	0	0	0
4042392	12279	1	3	0	0	0
4042397	11505	1	3	0	0	0
4042398	12456	1	3	0	0	0
4042494	14559	1	3	0	0	0
4042497	14219	2	3	0	0	0
4042527	7541	2	3	0	0	0
4042530	7534	1	3	0	0	0
4042597	17667	1	3	0	0	0
4042612	15434	1	3	0	0	0
4042613	15437	1	3	0	0	0
4042614	15436	1	3	0	0	0
4042640	11887	1	3	0	0	0
4042661	11975	1	3	0	0	0
4042670	15373	1	3	0	0	0
4042694	15718	1	3	0	0	0
4042695	15696	1	3	0	0	0
4042712	15742	1	3	0	0	0
4042729	17643	1	3	0	0	0
4042784	13459	2	3	0	0	0
4042835	22550	1	3	0	0	0
4042891	17227	1	3	0	0	0
4042899	13565	1	3	0	0	0
4042940	8264	2	3	0	0	0
4042944	8829	1	3	0	0	0
4042946	7893	1	3	0	0	0
4042951	15446	1	3	0	0	0
4042960	11888	1	3	0	0	0
4043024	15652	1	3	0	0	0
4043028	15345	1	3	0	0	0
4043090	13519	1	3	0	0	0
4043104	13460	2	3	0	0	0
4043106	17209	1	3	0	0	0
4043115	8843	2	3	0	0	0
4043133	20085	1	3	0	0	0
4043184	13547	1	3	0	0	0
4043221	8787	2	3	0	0	0
4043262	8306	2	3	0	0	0
4043266	22552	1	3	0	0	0
4043271	14889	1	3	0	0	0
4043275	15672	2	3	0	0	0
4043277	15678	1	3	0	0	0
4043289	15674	2	3	0	0	0
4043293	7957	1	3	0	0	0
4043301	15441	1	3	0	0	0
4043324	14752	1	3	0	0	0
4043353	14737	1	3	0	0	0
4043379	9627	1	3	0	0	0
4043417	13411	1	3	0	0	0
4043433	17620	2	3	0	0	0
4043605	17170	1	3	0	0	0
4043668	20928	1	3	0	0	0
4043769	19938	1	3	0	0	0
4043796	19504	1	3	0	0	0
4043803	19910	2	3	0	0	0
4043828	19905	1	3	0	0	0
4044203	22316	1	3	0	0	0
4044230	22664	2	3	0	0	0
4044299	21885	2	3	0	0	0
4044333	22015	1	3	0	0	0
4044338	21897	1	3	0	0	0
4044339	21798	1	3	0	0	0
4044397	22924	1	3	0	0	0
4044407	22927	1	3	0	0	0
4044408	22912	1	3	0	0	0
4463001	10042	1	3	0	0	0
4463002	10062	1	3	0	0	0
4463064	12094	1	3	0	0	0
4463073	12095	1	3	0	0	0
4610051	9479	1	3	0	0	0
4610100	9508	2	3	0	0	0
4970000	7857	1	3	0	0	0
4970029	16020	1	3	0	0	0
4970031	15903	1	3	0	0	0
5183221	11866	1	3	0	0	0
5183268	12942	1	3	0	0	0
5183269	12970	1	3	0	0	0
5183281	11714	1	3	0	0	0
5183340	19497	1	3	0	0	0
5183376	12949	1	3	0	0	0
5183387	16416	1	3	0	0	0
5183389	18948	1	3	0	0	0
5183390	21050	1	3	0	0	0
5183444	16506	1	3	0	0	0
5183445	16609	1	3	0	0	0
5183448	16645	1	3	0	0	0
5183449	16636	1	3	0	0	0
5183472	16127	1	3	0	0	0
5183516	11255	1	3	0	0	0
5183593	12963	1	3	0	0	0
5183595	12948	1	3	0	0	0
5183598	12972	1	3	0	0	0
5183604	17003	1	3	0	0	0
5183661	19217	2	3	0	0	0
5183662	20835	1	3	0	0	0
5183687	11231	1	3	0	0	0
5183696	15817	1	3	0	0	0
5183698	15819	1	3	0	0	0
5183703	15824	1	3	0	0	0
5183846	14758	1	3	0	0	0
5183848	14755	1	3	0	0	0
5183871	16137	1	3	0	0	0
5183886	15832	1	3	0	0	0
5183889	16145	1	3	0	0	0
5183904	15826	1	3	0	0	0
5183905	15828	1	3	0	0	0
5183928	19039	1	3	0	0	0
5183945	15077	1	3	0	0	0
5184039	20004	2	3	0	0	0
5184063	14756	1	3	0	0	0
5184066	14757	1	3	0	0	0
5184157	15278	1	3	0	0	0
5184161	15254	1	3	0	0	0
5184165	17270	1	3	0	0	0
5184176	16128	1	3	0	0	0
5184214	16234	2	3	0	0	0
5184322	16140	1	3	0	0	0
5184382	16967	1	3	0	0	0
5184535	16968	1	3	0	0	0
5184587	12699	1	3	0	0	0
5184629	16210	1	3	0	0	0
5184801	20048	1	3	0	0	0
5184803	20041	1	3	0	0	0
5184806	20038	1	3	0	0	0
5184808	20044	1	3	0	0	0
5184838	16935	1	3	0	0	0
5184973	17024	2	3	0	0	0
5184995	17271	1	3	0	0	0
5185049	14718	2	3	0	0	0
5185172	15599	2	3	0	0	0
5185177	15579	2	3	0	0	0
5185229	15197	1	3	0	0	0
5185252	12033	1	3	0	0	0
5185271	19101	1	3	0	0	0
5185369	15880	1	3	0	0	0
5185630	20593	1	3	0	0	0
5185631	20665	1	3	0	0	0
5185632	20583	1	3	0	0	0
5185637	21325	1	3	0	0	0
5185702	12964	1	3	0	0	0
5185709	12950	1	3	0	0	0
5185763	21617	1	3	0	0	0
5185788	17661	1	3	0	0	0
5185921	10669	1	3	0	0	0
5186048	19626	1	3	0	0	0
5186053	19873	2	3	0	0	0
5186257	10592	1	3	0	0	0
5186366	10599	1	3	0	0	0
5186376	10593	1	3	0	0	0
5186378	10595	2	3	0	0	0
5186379	10596	1	3	0	0	0
5186380	10708	1	3	0	0	0
5186382	10720	1	3	0	0	0
5186409	10719	1	3	0	0	0
5186455	10997	1	3	0	0	0
5186533	15856	1	3	0	0	0
5186651	11194	1	3	0	0	0
5186693	16682	2	3	0	0	0
5186701	15827	1	3	0	0	0
5186838	15126	1	3	0	0	0
5186891	14244	1	3	0	0	0
5186987	12171	1	3	0	0	0
5187068	11926	1	3	0	0	0
5187072	15331	1	3	0	0	0
5187077	15419	1	3	0	0	0
5187102	16683	2	3	0	0	0
5187128	16133	1	3	0	0	0
5187133	12321	2	3	0	0	0
5187136	16118	2	3	0	0	0
5187139	16166	1	3	0	0	0
5187176	14843	1	3	0	0	0
5187193	17588	1	3	0	0	0
5187221	16650	1	3	0	0	0
5187222	16514	2	3	0	0	0
5187223	16606	1	3	0	0	0
5187239	15885	1	3	0	0	0
5187242	11007	1	3	0	0	0
5187289	16648	1	3	0	0	0
5187290	12498	2	3	0	0	0
5187321	18861	1	3	0	0	0
5187349	12943	1	3	0	0	0
5187357	11196	1	3	0	0	0
5187361	11197	1	3	0	0	0
5187417	16673	2	3	0	0	0
5187428	16167	1	3	0	0	0
5187456	16226	1	3	0	0	0
5187661	16612	1	3	0	0	0
5187707	12988	1	3	0	0	0
5187731	16146	1	3	0	0	0
5187786	16138	1	3	0	0	0
5187868	16711	1	3	0	0	0
5187897	16471	1	3	0	0	0
5187900	16611	1	3	0	0	0
5187910	16709	1	3	0	0	0
5187914	17385	1	3	0	0	0
5187931	17598	1	3	0	0	0
5187965	16617	1	3	0	0	0
5187968	15171	1	3	0	0	0
5187989	21084	2	3	0	0	0
5188054	20237	2	3	0	0	0
5188240	19975	1	3	0	0	0
5188264	17582	2	3	0	0	0
5188269	17656	1	3	0	0	0
5188272	17066	2	3	0	0	0
5188278	20285	2	3	0	0	0
5188286	17244	1	3	0	0	0
5188287	17196	1	3	0	0	0
5188289	20315	2	3	0	0	0
5188326	17633	1	3	0	0	0
5188335	20231	2	3	0	0	0
5188365	17813	1	3	0	0	0
5188367	17773	1	3	0	0	0
5188368	20358	1	3	0	0	0
5188369	17772	1	3	0	0	0
5188371	17769	1	3	0	0	0
5188373	20361	1	3	0	0	0
5188375	17771	1	3	0	0	0
5188377	19141	1	3	0	0	0
5188464	21052	1	3	0	0	0
5188486	19540	2	3	0	0	0
5188498	18997	1	3	0	0	0
5188499	20355	1	3	0	0	0
5188550	18822	1	3	0	0	0
5188560	19434	1	3	0	0	0
5188568	19382	1	3	0	0	0
5188574	20637	2	3	0	0	0
5188588	19415	1	3	0	0	0
5188596	20532	1	3	0	0	0
5188625	20638	2	3	0	0	0
5188641	19330	1	3	0	0	0
5188678	19391	1	3	0	0	0
5188764	19811	1	3	0	0	0
5188810	16599	1	3	0	0	0
5188821	15367	2	3	0	0	0
5188838	21363	2	3	0	0	0
5188842	21049	1	3	0	0	0
5188917	10698	1	3	0	0	0
5189271	16610	1	3	0	0	0
5189277	16614	1	3	0	0	0
5189339	19134	1	3	0	0	0
5189365	20525	1	3	0	0	0
5189368	20528	1	3	0	0	0
5189401	20392	1	3	0	0	0
5189423	21116	2	3	0	0	0
5189599	20483	2	3	0	0	0
5189604	20492	2	3	0	0	0
5189610	21364	2	3	0	0	0
5189611	21539	2	3	0	0	0
5189612	21684	1	3	0	0	0
5189618	21609	1	3	0	0	0
5189622	21530	2	3	0	0	0
5189628	21531	1	3	0	0	0
5189629	21543	1	3	0	0	0
5189632	21566	1	3	0	0	0
5189636	21683	1	3	0	0	0
5189671	20654	2	3	0	0	0
5204003	20537	1	3	0	0	0
5204005	20548	2	3	0	0	0
5204006	8075	1	3	0	0	0
5204011	13968	2	3	0	0	0
5204012	13915	1	3	0	0	0
5204015	10944	1	3	0	0	0
5204018	10945	1	3	0	0	0
5204020	11444	1	3	0	0	0
5204027	11457	1	3	0	0	0
5204030	14536	1	3	0	0	0
5204034	11452	1	3	0	0	0
5204038	21159	1	3	0	0	0
5204057	14303	1	3	0	0	0
5204058	14352	1	3	0	0	0
5204059	14249	1	3	0	0	0
5204061	14252	1	3	0	0	0
5204070	21139	1	3	0	0	0
5204084	7778	1	3	0	0	0
5204087	13951	1	3	0	0	0
5204089	13830	1	3	0	0	0
5204092	21910	1	3	0	0	0
5204094	8900	2	3	0	0	0
5204142	21557	1	3	0	0	0
5204143	8916	1	3	0	0	0
5204144	21808	2	3	0	0	0
5204145	21821	2	3	0	0	0
5204151	13837	1	3	0	0	0
5204153	13836	1	3	0	0	0
5204154	13832	1	3	0	0	0
5204155	8892	2	3	0	0	0
5204157	13833	1	3	0	0	0
5204162	13834	1	3	0	0	0
5204166	21375	1	3	0	0	0
5204167	13835	2	3	0	0	0
5204171	8071	1	3	0	0	0
5204175	8901	2	3	0	0	0
5204179	8073	1	3	0	0	0
5204180	8072	1	3	0	0	0
5204181	8074	1	3	0	0	0
5204182	21032	1	3	0	0	0
5204187	21161	1	3	0	0	0
5204188	21153	1	3	0	0	0
5204190	21158	1	3	0	0	0
5204194	21143	1	3	0	0	0
5204196	21162	1	3	0	0	0
5204198	21150	1	3	0	0	0
5204206	21160	1	3	0	0	0
5204209	21151	1	3	0	0	0
5204212	21155	1	3	0	0	0
5204220	21154	1	3	0	0	0
5204222	21152	1	3	0	0	0
5204223	21140	1	3	0	0	0
5204233	21141	1	3	0	0	0
5204234	21218	1	3	0	0	0
5204236	21144	1	3	0	0	0
5204250	20648	1	3	0	0	0
5204257	8087	1	3	0	0	0
5204258	8902	2	3	0	0	0
5204260	8068	1	3	0	0	0
5204262	8855	1	3	0	0	0
5204264	8854	1	3	0	0	0
5204267	8858	1	3	0	0	0
5204271	8857	1	3	0	0	0
5204276	8069	1	3	0	0	0
5204300	7785	2	3	0	0	0
5204302	21722	1	3	0	0	0
5204306	8093	1	3	0	0	0
5204307	21097	1	3	0	0	0
5204309	13883	1	3	0	0	0
5204310	8092	1	3	0	0	0
5204314	8086	1	3	0	0	0
5204323	21279	1	3	0	0	0
5204327	8789	1	3	0	0	0
5204344	11471	1	3	0	0	0
5204345	21810	2	3	0	0	0
5204347	20647	1	3	0	0	0
5204351	7848	1	3	0	0	0
5204354	20649	1	3	0	0	0
5204359	21817	2	3	0	0	0
5204361	21593	1	3	0	0	0
5204363	21822	1	3	0	0	0
5204364	8812	1	3	0	0	0
5204366	8394	1	3	0	0	0
5204371	13981	2	3	0	0	0
5204382	13949	1	3	0	0	0
5204384	21823	2	3	0	0	0
5204397	13967	2	3	0	0	0
5204401	20536	1	3	0	0	0
5204404	14014	2	3	0	0	0
5204407	13984	2	3	0	0	0
5204413	13982	2	3	0	0	0
5204417	8059	1	3	0	0	0
5204420	13983	2	3	0	0	0
5204421	8058	1	3	0	0	0
5204426	21608	1	3	0	0	0
5204433	21724	1	3	0	0	0
5204438	21809	2	3	0	0	0
5204440	21811	2	3	0	0	0
5204443	21818	1	3	0	0	0
5204445	8908	2	3	0	0	0
5204446	8098	1	3	0	0	0
5204447	8085	1	3	0	0	0
5204454	8903	1	3	0	0	0
5204458	13829	1	3	0	0	0
5204461	21814	2	3	0	0	0
5204462	13881	1	3	0	0	0
5204466	8088	1	3	0	0	0
5204478	8887	1	3	0	0	0
5204484	20501	1	3	0	0	0
5204486	8792	1	3	0	0	0
5204493	8910	2	3	0	0	0
5204494	21285	1	3	0	0	0
5204503	10937	1	3	0	0	0
5204504	10933	1	3	0	0	0
5204509	10921	1	3	0	0	0
5204510	14195	1	3	0	0	0
5204542	14193	1	3	0	0	0
5204552	10926	1	3	0	0	0
5204609	11985	1	3	0	0	0
5204610	12286	2	3	0	0	0
5204639	11445	1	3	0	0	0
5204640	11916	1	3	0	0	0
5204642	14532	1	3	0	0	0
5204654	14632	1	3	0	0	0
5204659	14630	1	3	0	0	0
5204725	11777	2	3	0	0	0
5204726	11775	2	3	0	0	0
5204732	11450	1	3	0	0	0
5204739	11453	1	3	0	0	0
5204776	11456	1	3	0	0	0
5204777	14551	1	3	0	0	0
5204788	14555	1	3	0	0	0
5204804	12154	1	3	0	0	0
5204806	14649	1	3	0	0	0
5204810	12064	2	3	0	0	0
5204815	12065	2	3	0	0	0
5204818	12063	2	3	0	0	0
5204828	14642	1	3	0	0	0
5204831	14578	1	3	0	0	0
5204832	14579	1	3	0	0	0
5204834	14106	2	3	0	0	0
5204850	10918	1	3	0	0	0
5204851	14128	1	3	0	0	0
5204853	14109	2	3	0	0	0
5204855	10935	1	3	0	0	0
5204871	14103	2	3	0	0	0
5204876	14110	2	3	0	0	0
5204881	10934	1	3	0	0	0
5204889	14100	2	3	0	0	0
5204890	14113	2	3	0	0	0
5204891	14111	2	3	0	0	0
5204902	14107	2	3	0	0	0
5204915	10936	1	3	0	0	0
5204916	14627	1	3	0	0	0
5204943	11829	1	3	0	0	0
5204945	11837	1	3	0	0	0
5204946	12049	1	3	0	0	0
5204959	12260	1	3	0	0	0
5204962	12149	1	3	0	0	0
5204985	14547	1	3	0	0	0
5204991	14535	1	3	0	0	0
5204993	14546	1	3	0	0	0
5204995	11611	2	3	0	0	0
5204999	11477	1	3	0	0	0
5205015	8782	1	3	0	0	0
5205017	20652	1	3	0	0	0
5205020	7786	1	3	0	0	0
5205026	20433	2	3	0	0	0
5205027	20429	1	3	0	0	0
5205047	14005	1	3	0	0	0
5205048	8891	2	3	0	0	0
5205049	13999	1	3	0	0	0
5205054	8889	2	3	0	0	0
5205063	8798	1	3	0	0	0
5205065	21804	2	3	0	0	0
5205067	13838	1	3	0	0	0
5205086	20535	1	3	0	0	0
5205095	20503	1	3	0	0	0
5205100	8056	1	3	0	0	0
5205101	8064	1	3	0	0	0
5205103	8886	2	3	0	0	0
5205105	8065	1	3	0	0	0
5205108	20544	1	3	0	0	0
5205229	21378	2	3	0	0	0
5205274	8907	2	3	0	0	0
5205277	8904	2	3	0	0	0
5205280	13877	1	3	0	0	0
5205286	21820	2	3	0	0	0
5205288	8100	1	3	0	0	0
5205291	13952	1	3	0	0	0
5205299	21911	1	3	0	0	0
5205300	8066	1	3	0	0	0
5447001	4424	1	3	0	0	0
5447004	4523	1	3	0	0	0
5447005	7961	2	3	0	0	0
5447006	16021	2	3	0	0	0
5447007	4741	1	3	0	0	0
5447008	14748	1	3	0	0	0
5447010	15768	2	3	0	0	0
5447015	4517	1	3	0	0	0
5447016	4484	2	3	0	0	0
5447018	4506	1	3	0	0	0
5447019	4480	1	3	0	0	0
5447020	4475	1	3	0	0	0
5447024	7942	2	3	0	0	0
5447025	14704	1	3	0	0	0
5447027	4651	1	3	0	0	0
5447029	4491	1	3	0	0	0
5447036	4471	1	3	0	0	0
5447037	4425	1	3	0	0	0
5447042	4429	1	3	0	0	0
5447044	4485	1	3	0	0	0
5447046	15141	1	3	0	0	0
5447049	4643	2	3	0	0	0
5447053	15154	1	3	0	0	0
5447054	4427	1	3	0	0	0
5447055	4476	2	3	0	0	0
5447056	4507	2	3	0	0	0
5447057	4481	1	3	0	0	0
5543000	5367	1	3	0	0	0
5543001	4995	1	3	0	0	0
5543002	5096	1	3	0	0	0
5543005	4946	1	3	0	0	0
5543007	10725	1	3	0	0	0
5543009	4948	1	3	0	0	0
5543010	5700	1	3	0	0	0
5543012	5196	1	3	0	0	0
5543016	5193	1	3	0	0	0
5543022	10415	2	3	0	0	0
5543023	5102	1	3	0	0	0
5543026	4978	1	3	0	0	0
5543027	5195	1	3	0	0	0
5543028	5194	1	3	0	0	0
5543030	10382	2	3	0	0	0
5543031	10381	2	3	0	0	0
5543033	10099	1	3	0	0	0
5543035	10424	2	3	0	0	0
5543039	5056	1	3	0	0	0
5543040	4944	1	3	0	0	0
5543041	5946	2	3	0	0	0
5543042	4936	1	3	0	0	0
5543043	5912	1	3	0	0	0
5543045	10013	1	3	0	0	0
5543047	4965	1	3	0	0	0
5543048	4953	1	3	0	0	0
5543049	5244	1	3	0	0	0
5543052	4984	1	3	0	0	0
5543053	9986	1	3	0	0	0
5543054	5155	1	3	0	0	0
5543055	4939	1	3	0	0	0
5543056	4940	1	3	0	0	0
5543057	5588	1	3	0	0	0
5543058	5589	1	3	0	0	0
5543059	9868	1	3	0	0	0
5543060	5082	1	3	0	0	0
5543061	4945	1	3	0	0	0
5543062	4952	1	3	0	0	0
5543063	4947	1	3	0	0	0
5543064	9858	2	3	0	0	0
5543065	4960	1	3	0	0	0
5543066	4961	1	3	0	0	0
5543068	4992	1	3	0	0	0
5543070	4982	1	3	0	0	0
5543071	10130	1	3	0	0	0
5543072	10190	1	3	0	0	0
5543073	4932	1	3	0	0	0
5543074	10171	1	3	0	0	0
5543075	4983	1	3	0	0	0
5543076	4964	1	3	0	0	0
5543078	10132	2	3	0	0	0
5543079	10001	1	3	0	0	0
5543080	9685	2	3	0	0	0
5543082	10263	2	3	0	0	0
5543084	5081	1	3	0	0	0
5543085	10069	1	3	0	0	0
5543086	10567	1	3	0	0	0
5543088	5248	1	3	0	0	0
5687003	7806	1	3	0	0	0
5687010	7580	1	3	0	0	0
5687011	7582	1	3	0	0	0
5699000	9047	1	3	0	0	0
5699001	6166	2	3	0	0	0
5699002	5938	1	3	0	0	0
5699003	6055	1	3	0	0	0
5699004	5887	2	3	0	0	0
5789003	6943	2	3	0	0	0
5789017	6957	1	3	0	0	0
5789019	6964	1	3	0	0	0
5789035	6965	1	3	0	0	0
5789038	6966	1	3	0	0	0
5789051	7011	1	3	0	0	0
5789053	6924	1	3	0	0	0
5789056	6904	1	3	0	0	0
5789067	7123	2	3	0	0	0
5813001	13317	1	3	0	0	0
5813003	20329	1	3	0	0	0
5813004	12110	1	3	0	0	0
5813010	8761	1	3	0	0	0
5813011	12097	1	3	0	0	0
5813012	12104	1	3	0	0	0
5813013	12102	1	3	0	0	0
5813015	12427	1	3	0	0	0
5813036	19279	2	3	0	0	0
5813049	16622	1	3	0	0	0
5813060	13339	1	3	0	0	0
5813071	12407	1	3	0	0	0
5813072	13324	1	3	0	0	0
5813073	12423	1	3	0	0	0
5813078	13332	1	3	0	0	0
5813079	12406	1	3	0	0	0
5813085	21356	1	3	0	0	0
5957001	6600	1	3	0	0	0
5957002	6559	1	3	0	0	0
5957003	6486	1	3	0	0	0
5957004	6550	1	3	0	0	0
5957006	6548	2	3	0	0	0
5957010	6558	1	3	0	0	0
5957017	6601	1	3	0	0	0
5957018	6555	1	3	0	0	0
5969000	12179	1	3	0	0	0
5969002	6823	1	3	0	0	0
5969005	6827	1	3	0	0	0
5969006	6750	2	3	0	0	0
5969012	11988	2	3	0	0	0
5969015	6845	2	3	0	0	0
5969017	11526	2	3	0	0	0
5969019	12451	1	3	0	0	0
5969023	6825	2	3	0	0	0
5969025	11890	2	3	0	0	0
5969027	6810	1	3	0	0	0
5969028	6809	1	3	0	0	0
5969034	11483	1	3	0	0	0
5969038	11800	1	3	0	0	0
5969043	11386	2	3	0	0	0
5969048	11487	1	3	0	0	0
5969054	6725	2	3	0	0	0
5969055	11375	1	3	0	0	0
5969059	11488	1	3	0	0	0
5969068	11518	1	3	0	0	0
5969072	11907	2	3	0	0	0
5969073	6826	2	3	0	0	0
5969078	11896	2	3	0	0	0
5969079	11528	1	3	0	0	0
5969081	11366	1	3	0	0	0
5969087	11538	1	3	0	0	0
5969090	11944	1	3	0	0	0
5969092	11540	1	3	0	0	0
5969096	11503	1	3	0	0	0
5969097	11807	1	3	0	0	0
5969099	11368	1	3	0	0	0
5969100	11392	1	3	0	0	0
5969107	6749	2	3	0	0	0
5969109	12278	2	3	0	0	0
5969117	11370	1	3	0	0	0
5969118	11393	1	3	0	0	0
5969122	12175	2	3	0	0	0
5969127	6747	2	3	0	0	0
5969131	11507	1	3	0	0	0
5969137	6832	1	3	0	0	0
5969138	11915	1	3	0	0	0
5969143	6831	1	3	0	0	0
5969148	6808	1	3	0	0	0
5969152	12302	1	3	0	0	0
5969158	22302	1	3	0	0	0
5969164	6648	1	3	0	0	0
5969180	6846	2	3	0	0	0
5969187	7059	1	3	0	0	0
5969192	12157	2	3	0	0	0
5969195	6830	1	3	0	0	0
5969200	11914	1	3	0	0	0
5969205	12455	1	3	0	0	0
5969208	11491	1	3	0	0	0
5969209	7036	1	3	0	0	0
5969210	6728	1	3	0	0	0
5969211	6727	1	3	0	0	0
5969212	6746	1	3	0	0	0
5969213	6748	2	3	0	0	0
5969217	11539	1	3	0	0	0
5969219	11952	1	3	0	0	0
5969230	12069	1	3	0	0	0
5969241	12450	1	3	0	0	0
5969243	11893	1	3	0	0	0
5969256	11653	1	3	0	0	0
5969257	20204	1	3	0	0	0
5969259	11809	1	3	0	0	0
5969261	6829	1	3	0	0	0
5969262	11810	1	3	0	0	0
5969270	11902	1	3	0	0	0
5969271	11363	1	3	0	0	0
5969272	6807	1	3	0	0	0
5969276	6836	2	3	0	0	0
5969279	7057	1	3	0	0	0
5999007	14946	1	3	0	0	0
5999009	14966	2	3	0	0	0
6008008	11170	1	3	0	0	0
6008028	14385	1	3	0	0	0
6008030	10706	1	3	0	0	0
6008032	11186	1	3	0	0	0
6008036	11185	1	3	0	0	0
6008042	11172	1	3	0	0	0
6008052	11184	1	3	0	0	0
6008069	11171	1	3	0	0	0
6008097	10772	1	3	0	0	0
6161003	9675	1	3	0	0	0
6161033	14213	1	3	0	0	0
6161038	14538	1	3	0	0	0
6161082	7642	1	3	0	0	0
6161107	10827	1	3	0	0	0
6179012	7533	2	3	0	0	0
6179019	16938	1	3	0	0	0
6179024	7521	1	3	0	0	0
6179025	7540	2	3	0	0	0
6179027	7518	1	3	0	0	0
6263004	13440	2	3	0	0	0
6263018	17229	1	3	0	0	0
6263032	13603	2	3	0	0	0
6263033	15474	1	3	0	0	0
6263035	15470	1	3	0	0	0
6263054	15309	1	3	0	0	0
6263056	15311	1	3	0	0	0
6263060	11818	1	3	0	0	0
6263062	15319	1	3	0	0	0
6263069	11826	1	3	0	0	0
6263090	11821	1	3	0	0	0
6263106	15315	1	3	0	0	0
6263113	15327	1	3	0	0	0
6263115	11827	2	3	0	0	0
6263120	15623	1	3	0	0	0
6263124	15624	1	3	0	0	0
6263136	15629	1	3	0	0	0
6263140	11886	1	3	0	0	0
6263154	13805	2	3	0	0	0
6263223	7793	1	3	0	0	0
6263227	17226	1	3	0	0	0
6263231	17212	1	3	0	0	0
6263232	11752	2	3	0	0	0
6263234	11753	2	3	0	0	0
6263235	11748	2	3	0	0	0
6263236	15360	1	3	0	0	0
6263237	15358	1	3	0	0	0
6263238	15433	1	3	0	0	0
6263245	15702	1	3	0	0	0
6263250	15626	1	3	0	0	0
6263251	15627	1	3	0	0	0
6263252	13935	1	3	0	0	0
6263293	15754	1	3	0	0	0
6263302	15753	1	3	0	0	0
6263305	17700	2	3	0	0	0
6263331	17714	1	3	0	0	0
6263352	11739	2	3	0	0	0
6263356	15449	1	3	0	0	0
6263367	11979	2	3	0	0	0
6263372	11977	2	3	0	0	0
6263373	11978	2	3	0	0	0
6263374	11971	2	3	0	0	0
6263376	11970	2	3	0	0	0
6263386	15714	1	3	0	0	0
6263410	13730	1	3	0	0	0
6263415	15625	1	3	0	0	0
6263437	15654	1	3	0	0	0
6263457	13435	2	3	0	0	0
6263458	17203	1	3	0	0	0
6263464	17223	1	3	0	0	0
6263468	8822	1	3	0	0	0
6263469	17216	1	3	0	0	0
6263483	15542	1	3	0	0	0
6263489	15440	1	3	0	0	0
6263490	11738	2	3	0	0	0
6263492	11755	2	3	0	0	0
6263499	11973	2	3	0	0	0
6263500	15359	1	3	0	0	0
6263503	11972	2	3	0	0	0
6263507	15432	1	3	0	0	0
6263510	11968	1	3	0	0	0
6263511	11969	2	3	0	0	0
6263523	12261	1	3	0	0	0
6263538	15720	1	3	0	0	0
6263541	15719	1	3	0	0	0
6263552	15716	1	3	0	0	0
6263562	15694	1	3	0	0	0
6263569	15703	1	3	0	0	0
6263573	7712	2	3	0	0	0
6263575	8830	1	3	0	0	0
6263581	13823	1	3	0	0	0
6263584	13667	1	3	0	0	0
6263602	13894	1	3	0	0	0
6263607	17704	1	3	0	0	0
6263630	13689	1	3	0	0	0
6263657	13815	1	3	0	0	0
6263659	13934	1	3	0	0	0
6263660	13594	1	3	0	0	0
6263672	7889	1	3	0	0	0
6263681	8817	1	3	0	0	0
6263689	13419	2	3	0	0	0
6263692	8818	1	3	0	0	0
6263699	17207	1	3	0	0	0
6263718	13522	1	3	0	0	0
6263724	7830	1	3	0	0	0
6263734	8808	2	3	0	0	0
6263739	8809	2	3	0	0	0
6263748	18957	1	3	0	0	0
6263749	17199	1	3	0	0	0
6263752	15811	1	3	0	0	0
6263753	7817	1	3	0	0	0
6263763	17285	1	3	0	0	0
6263765	17286	1	3	0	0	0
6263776	8835	2	3	0	0	0
6263777	8836	2	3	0	0	0
6263787	13546	1	3	0	0	0
6263790	17268	1	3	0	0	0
6263816	7831	1	3	0	0	0
6263818	7833	1	3	0	0	0
6263825	8321	2	3	0	0	0
6263826	8247	2	3	0	0	0
6263827	8183	1	3	0	0	0
6263828	8838	2	3	0	0	0
6263857	13615	1	3	0	0	0
6263859	17284	1	3	0	0	0
6263865	13543	1	3	0	0	0
6263874	15743	1	3	0	0	0
6263878	16432	1	3	0	0	0
6263879	8127	1	3	0	0	0
6263894	13990	1	3	0	0	0
6263906	8426	1	3	0	0	0
6263911	8272	2	3	0	0	0
6263923	17670	1	3	0	0	0
6263926	13469	1	3	0	0	0
6263927	8320	2	3	0	0	0
6263928	7888	1	3	0	0	0
6263929	7892	1	3	0	0	0
6263933	8427	1	3	0	0	0
6263935	15578	1	3	0	0	0
6263936	13525	1	3	0	0	0
6263937	15586	1	3	0	0	0
6263942	13778	1	3	0	0	0
6263951	15362	1	3	0	0	0
6263959	15370	1	3	0	0	0
6263961	15628	1	3	0	0	0
6263970	15722	1	3	0	0	0
6263977	13917	1	3	0	0	0
6263978	11489	2	3	0	0	0
6263980	13816	1	3	0	0	0
6263981	12018	1	3	0	0	0
6263982	12019	1	3	0	0	0
6263983	13606	2	3	0	0	0
6263984	15489	1	3	0	0	0
6263985	15462	1	3	0	0	0
6263986	15472	1	3	0	0	0
6263987	12020	1	3	0	0	0
6263990	15467	1	3	0	0	0
6264000	15469	1	3	0	0	0
6264009	15442	1	3	0	0	0
6264010	11850	2	3	0	0	0
6264011	11750	2	3	0	0	0
6264029	15306	1	3	0	0	0
6264034	15321	1	3	0	0	0
6264035	15299	1	3	0	0	0
6264046	15325	1	3	0	0	0
6264049	11816	1	3	0	0	0
6264051	15308	1	3	0	0	0
6264053	15317	1	3	0	0	0
6264062	12268	1	3	0	0	0
6264063	15668	1	3	0	0	0
6264067	15633	1	3	0	0	0
6264081	12271	1	3	0	0	0
6264085	13110	1	3	0	0	0
6264087	15665	1	3	0	0	0
6264088	15664	1	3	0	0	0
6264089	7873	1	3	0	0	0
6264090	15583	1	3	0	0	0
6264101	15435	1	3	0	0	0
6264102	13918	1	3	0	0	0
6264103	12017	2	3	0	0	0
6264106	11974	1	3	0	0	0
6264108	15366	1	3	0	0	0
6264132	11737	2	3	0	0	0
6264135	15438	1	3	0	0	0
6264154	13268	2	3	0	0	0
6264155	13267	2	3	0	0	0
6264164	15699	1	3	0	0	0
6264168	13566	1	3	0	0	0
6264184	7906	1	3	0	0	0
6264194	13452	2	3	0	0	0
6264211	13518	1	3	0	0	0
6264244	17208	1	3	0	0	0
6264246	17205	1	3	0	0	0
6264263	8841	2	3	0	0	0
6264266	8837	2	3	0	0	0
6264277	13457	2	3	0	0	0
6264293	13395	1	3	0	0	0
6264303	15725	1	3	0	0	0
6264305	15667	1	3	0	0	0
6264308	13916	1	3	0	0	0
6264309	13920	1	3	0	0	0
6264311	12272	1	3	0	0	0
6264313	13456	2	3	0	0	0
6264337	13516	1	3	0	0	0
6264339	13517	1	3	0	0	0
6264340	20032	1	3	0	0	0
6264365	13919	1	3	0	0	0
6264370	13564	1	3	0	0	0
6264377	17694	1	3	0	0	0
6264378	17716	1	3	0	0	0
6264379	17688	1	3	0	0	0
6264381	15695	1	3	0	0	0
6264384	15780	1	3	0	0	0
6264396	17204	1	3	0	0	0
6264414	13544	1	3	0	0	0
6264431	13562	1	3	0	0	0
6264435	17713	1	3	0	0	0
6264438	13617	1	3	0	0	0
6264441	17624	1	3	0	0	0
6264442	17706	1	3	0	0	0
6264456	13563	1	3	0	0	0
6264458	7909	1	3	0	0	0
6264479	13455	2	3	0	0	0
6264487	7832	1	3	0	0	0
6264506	13567	1	3	0	0	0
6264519	15779	1	3	0	0	0
6264521	8303	2	3	0	0	0
6264523	8304	2	3	0	0	0
6311000	7690	1	3	0	0	0
6311001	7955	1	3	0	0	0
6311011	7697	1	3	0	0	0
6311018	16169	1	3	0	0	0
6311025	7951	1	3	0	0	0
6311032	14888	1	3	0	0	0
6311037	15706	1	3	0	0	0
6311039	7953	1	3	0	0	0
6311042	15717	1	3	0	0	0
6311053	22381	2	3	0	0	0
6311055	15658	1	3	0	0	0
6386004	16961	1	3	0	0	0
6386006	16959	1	3	0	0	0
6386007	16957	1	3	0	0	0
6386013	18935	1	3	0	0	0
6386014	17811	1	3	0	0	0
6386015	17767	2	3	0	0	0
6386017	17810	2	3	0	0	0
6386018	20321	2	3	0	0	0
6386019	20322	2	3	0	0	0
6386020	18978	1	3	0	0	0
6611001	15643	1	3	0	0	0
6611003	15310	1	3	0	0	0
6611004	18943	1	3	0	0	0
6611007	15645	1	3	0	0	0
6611047	15062	1	3	0	0	0
6611048	15641	1	3	0	0	0
6611049	15061	1	3	0	0	0
6611050	15063	1	3	0	0	0
6611051	15445	2	3	0	0	0
6611052	19924	1	3	0	0	0
6611053	17549	1	3	0	0	0
6611054	19923	1	3	0	0	0
6611055	19925	1	3	0	0	0
6611057	17550	2	3	0	0	0
6611065	14907	2	3	0	0	0
6611066	14968	1	3	0	0	0
6611067	15591	2	3	0	0	0
6611068	16746	2	3	0	0	0
6611069	9665	2	3	0	0	0
6611070	16417	1	3	0	0	0
6611073	15443	1	3	0	0	0
6611083	17546	2	3	0	0	0
6611086	17677	2	3	0	0	0
6611101	9651	1	3	0	0	0
6611104	19917	1	3	0	0	0
6611105	19878	1	3	0	0	0
6611106	14969	1	3	0	0	0
6611110	17545	1	3	0	0	0
6611120	19927	1	3	0	0	0
6611121	16486	1	3	0	0	0
6611143	17322	2	3	0	0	0
6611144	19761	2	3	0	0	0
6830040	16101	1	3	0	0	0
6830046	16086	2	3	0	0	0
6881020	9615	1	3	0	0	0
6881025	13412	2	3	0	0	0
6881065	13409	2	3	0	0	0
6881066	9611	1	3	0	0	0
6881073	22297	1	3	0	0	0
6881077	13030	2	3	0	0	0
6881078	9603	2	3	0	0	0
6881080	13413	2	3	0	0	0
6881081	9612	1	3	0	0	0
6902002	17619	2	3	0	0	0
6902008	17249	2	3	0	0	0
6902012	17176	2	3	0	0	0
6902015	17069	1	3	0	0	0
6902040	15637	1	3	0	0	0
6902041	15636	1	3	0	0	0
6902045	19856	2	3	0	0	0
6902048	17005	1	3	0	0	0
6902063	17602	1	3	0	0	0
6902069	16858	1	3	0	0	0
6902070	17609	1	3	0	0	0
6902098	17167	2	3	0	0	0
6902101	16553	1	3	0	0	0
6902102	17625	1	3	0	0	0
6902116	22392	1	3	0	0	0
6902117	22393	1	3	0	0	0
6902118	16661	1	3	0	0	0
6902120	17070	1	3	0	0	0
6902121	17577	1	3	0	0	0
6974011	20286	1	3	0	0	0
6974012	10249	2	3	0	0	0
6974014	10309	2	3	0	0	0
6974018	10303	2	3	0	0	0
6974019	10247	2	3	0	0	0
6974025	10476	1	3	0	0	0
6974028	10197	1	3	0	0	0
6974036	15713	1	3	0	0	0
6974046	10480	1	3	0	0	0
6974053	10481	1	3	0	0	0
6974061	18900	2	3	0	0	0
6974062	15793	1	3	0	0	0
6974064	10196	1	3	0	0	0
6974071	10202	1	3	0	0	0
6974078	10200	1	3	0	0	0
6974084	10198	1	3	0	0	0
6974111	10248	2	3	0	0	0
6974117	10307	2	3	0	0	0
6974126	10246	2	3	0	0	0
6974128	10299	2	3	0	0	0
6974132	18831	1	3	0	0	0
6974140	10250	2	3	0	0	0
6974141	10251	2	3	0	0	0
6974149	10482	1	3	0	0	0
6974155	10232	1	3	0	0	0
6974167	10505	2	3	0	0	0
6974169	10504	2	3	0	0	0
6974170	20287	1	3	0	0	0
7946044	16091	2	3	0	0	0
7946046	16090	2	3	0	0	0
8447000	13899	2	3	0	0	0
8447002	14186	2	3	0	0	0
8447004	14144	1	3	0	0	0
8447006	14120	2	3	0	0	0
8447007	14161	2	3	0	0	0
8447008	13863	2	3	0	0	0
8447011	14157	2	3	0	0	0
8447014	14154	2	3	0	0	0
8447016	14165	2	3	0	0	0
8447020	14006	1	3	0	0	0
8447022	14174	2	3	0	0	0
8447024	14098	2	3	0	0	0
8447025	13822	2	3	0	0	0
8447027	13876	2	3	0	0	0
8447030	14159	2	3	0	0	0
8447031	14097	2	3	0	0	0
8447032	13895	1	3	0	0	0
8447033	14145	1	3	0	0	0
8564001	15130	1	3	0	0	0
8564002	15129	1	3	0	0	0
8564004	15764	1	3	0	0	0
8564005	15763	1	3	0	0	0
8564007	15135	1	3	0	0	0
8564008	20627	1	3	0	0	0
8564013	15137	2	3	0	0	0
8564020	15221	2	3	0	0	0
8564023	15458	1	3	0	0	0
8564064	20559	2	3	0	0	0
8564069	15739	1	3	0	0	0
8564070	15140	1	3	0	0	0
8564071	15139	1	3	0	0	0
8564087	15597	1	3	0	0	0
8564093	15601	1	3	0	0	0
8564099	15188	1	3	0	0	0
8564100	15587	1	3	0	0	0
8564122	22301	1	3	0	0	0
8564127	15687	2	3	0	0	0
8564149	15775	2	3	0	0	0
8564153	15143	1	3	0	0	0
8564155	15734	1	3	0	0	0
8564157	15134	1	3	0	0	0
8564158	15045	1	3	0	0	0
10901031	16990	2	3	0	0	0
10901048	20017	2	3	0	0	0
10901050	17042	2	3	0	0	0
10901052	20003	1	3	0	0	0
10901053	20001	1	3	0	0	0
10901055	20016	1	3	0	0	0
10901058	20008	2	3	0	0	0
10937009	20929	1	3	0	0	0
10937010	20931	1	3	0	0	0
10937012	20927	1	3	0	0	0
10937025	19639	1	3	0	0	0
10937037	19668	1	3	0	0	0
10937053	19908	2	3	0	0	0
10937054	19990	2	3	0	0	0
10937068	20026	1	3	0	0	0
10937078	19992	2	3	0	0	0
10937082	19911	2	3	0	0	0
10937091	19640	1	3	0	0	0
10937094	19991	2	3	0	0	0
10937103	19545	1	3	0	0	0
10937147	19907	1	3	0	0	0
10937151	20940	1	3	0	0	0
10937153	19904	1	3	0	0	0
10937158	19674	1	3	0	0	0
10937163	22272	1	3	0	0	0
10937169	19547	1	3	0	0	0
10937205	19909	2	3	0	0	0
10937209	19937	1	3	0	0	0
10937211	19915	1	3	0	0	0
10937221	19507	1	3	0	0	0
10937222	19666	1	3	0	0	0
10937223	19675	1	3	0	0	0
10937224	19673	1	3	0	0	0
10937226	19906	1	3	0	0	0
10937233	19513	1	3	0	0	0
10937234	20014	2	3	0	0	0
10937248	19552	1	3	0	0	0
10937266	19880	2	3	0	0	0
10937268	20792	1	3	0	0	0
10937271	19544	1	3	0	0	0
10937279	19499	1	3	0	0	0
10937281	19571	1	3	0	0	0
10937282	19643	1	3	0	0	0
10937294	20515	2	3	0	0	0
10940102	20154	1	3	0	0	0
10964020	17776	1	3	0	0	0
10964054	17720	1	3	0	0	0
10964081	17722	2	3	0	0	0
10964094	17721	2	3	0	0	0
10964108	17745	1	3	0	0	0
10964110	19212	1	3	0	0	0
10964121	17744	1	3	0	0	0
10991079	14944	1	3	0	0	0
10991091	19224	1	3	0	0	0
10991119	11101	2	3	0	0	0
10991139	11083	2	3	0	0	0
10991147	11098	2	3	0	0	0
10991157	11099	2	3	0	0	0
10991172	11052	2	3	0	0	0
10991181	11093	2	3	0	0	0
10991224	11041	2	3	0	0	0
10991291	11086	2	3	0	0	0
10991300	11096	2	3	0	0	0
10991314	11054	2	3	0	0	0
10991318	11061	2	3	0	0	0
10991319	11103	2	3	0	0	0
10991327	11042	2	3	0	0	0
10991333	11044	2	3	0	0	0
10991338	10996	1	3	0	0	0
10991342	15324	1	3	0	0	0
10991385	11046	2	3	0	0	0
10991403	14873	1	3	0	0	0
10991439	19174	1	3	0	0	0
10991449	10987	2	3	0	0	0
10991451	16048	1	3	0	0	0
10991456	15318	1	3	0	0	0
10991469	11074	2	3	0	0	0
10991470	19222	1	3	0	0	0
10991471	22872	1	3	0	0	0
10991473	16045	1	3	0	0	0
10991475	22871	1	3	0	0	0
10991478	11001	1	3	0	0	0
11096016	22714	1	3	0	0	0
11096018	22892	1	3	0	0	0
11096020	22779	1	3	0	0	0
11096021	22780	1	3	0	0	0
11096036	22891	1	3	0	0	0
11132000	20592	1	3	0	0	0
11132003	21062	1	3	0	0	0
11132007	21294	2	3	0	0	0
11132014	21060	1	3	0	0	0
11132022	21322	1	3	0	0	0
11132023	20410	1	3	0	0	0
11132024	21206	1	3	0	0	0
11132027	21214	1	3	0	0	0
11132030	21261	1	3	0	0	0
11132031	20591	1	3	0	0	0
11132032	21074	2	3	0	0	0
11132035	21266	1	3	0	0	0
11132036	20409	1	3	0	0	0
11132056	20590	1	3	0	0	0
11132078	21296	2	3	0	0	0
11132082	20441	1	3	0	0	0
11132094	21061	1	3	0	0	0
11132099	21035	2	3	0	0	0
11132107	20603	1	3	0	0	0
11132116	21321	1	3	0	0	0
11135005	20555	2	3	0	0	0
11135046	20957	2	3	0	0	0
11135058	21145	1	3	0	0	0
11135073	21087	1	3	0	0	0
11135074	20942	1	3	0	0	0
11135095	20935	1	3	0	0	0
11135111	21095	2	3	0	0	0
11135112	20461	1	3	0	0	0
11135130	20858	1	3	0	0	0
11135133	20523	2	3	0	0	0
11135134	20482	1	3	0	0	0
11135141	21442	1	3	0	0	0
11135146	20463	1	3	0	0	0
11135147	20462	1	3	0	0	0
11135152	20946	1	3	0	0	0
11135156	20924	1	3	0	0	0
11135207	21094	1	3	0	0	0
11135219	21120	1	3	0	0	0
11135297	21148	1	3	0	0	0
11135312	20468	1	3	0	0	0
11135341	21305	1	3	0	0	0
11282000	22610	1	3	0	0	0
11282001	21524	2	3	0	0	0
11282018	21527	1	3	0	0	0
11282023	22330	2	3	0	0	0
11282048	21528	2	3	0	0	0
11282076	21526	2	3	0	0	0
11282091	21529	1	3	0	0	0
11282092	21525	2	3	0	0	0
11282117	22611	1	3	0	0	0
11282137	22327	2	3	0	0	0
11282155	22329	2	3	0	0	0
11282160	21669	2	3	0	0	0
11282194	21512	2	3	0	0	0
11519001	21603	1	3	0	0	0
11519002	21594	1	3	0	0	0
11519003	21992	1	3	0	0	0
11519013	21499	1	3	0	0	0
11519015	21496	1	3	0	0	0
11519016	22139	1	3	0	0	0
11519017	21501	1	3	0	0	0
11528010	21639	1	3	0	0	0
11528014	22267	1	3	0	0	0
11528020	21644	2	3	0	0	0
11540017	21993	2	3	0	0	0
11540022	21640	1	3	0	0	0
11540047	21888	1	3	0	0	0
11540050	21886	2	3	0	0	0
11540055	21887	1	3	0	0	0
11540056	22013	1	3	0	0	0
11540058	21884	2	3	0	0	0
11540075	21994	1	3	0	0	0
11540077	21794	1	3	0	0	0
11540087	21793	1	3	0	0	0
11540088	21841	1	3	0	0	0
11540095	21838	1	3	0	0	0
11540100	21963	1	3	0	0	0
11540101	21842	1	3	0	0	0
12173021	22389	1	3	0	0	0
12173040	22388	1	3	0	0	0
12173073	22390	1	3	0	0	0
12173089	22391	1	3	0	0	0
12566046	22921	1	3	0	0	0
12566055	22919	1	3	0	0	0
20000350	13264	2	3	0	0	0
20001542	8793	1	3	0	0	0
20001549	8912	2	3	0	0	0
20001559	8097	1	3	0	0	0
20001562	13929	1	3	0	0	0
20001563	8096	1	3	0	0	0
20001581	8396	1	3	0	0	0
20001585	8094	1	3	0	0	0
20001586	20600	1	3	0	0	0
20001940	7395	1	3	0	0	0
20001942	4673	1	3	0	0	0
20001943	7394	1	3	0	0	0
20001946	7393	1	3	0	0	0
20001947	7944	2	3	0	0	0
20001949	4496	1	3	0	0	0
20001950	4650	1	3	0	0	0
20001952	4499	2	3	0	0	0
20001965	4522	2	3	0	0	0
20001966	4430	1	3	0	0	0
20002053	7389	1	3	0	0	0
20002068	7391	1	3	0	0	0
20002072	4497	1	3	0	0	0
20002076	4678	1	3	0	0	0
20002077	14703	1	3	0	0	0
20002959	9840	1	3	0	0	0
20002961	9852	1	3	0	0	0
20002974	9991	1	3	0	0	0
20002976	5922	1	3	0	0	0
20002987	5923	1	3	0	0	0
20002990	4938	1	3	0	0	0
20002996	5673	1	3	0	0	0
20002997	9836	1	3	0	0	0
20002998	5049	1	3	0	0	0
20002999	9715	1	3	0	0	0
20003002	9720	1	3	0	0	0
20003005	9722	1	3	0	0	0
20003027	9812	1	3	0	0	0
20003028	10129	1	3	0	0	0
20003032	10723	1	3	0	0	0
20003035	10336	2	3	0	0	0
20003042	5454	2	3	0	0	0
20003053	5150	1	3	0	0	0
20003054	10131	1	3	0	0	0
20003063	5346	1	3	0	0	0
20003064	5345	1	3	0	0	0
20003078	10722	1	3	0	0	0
20003079	5609	2	3	0	0	0
20003080	5332	1	3	0	0	0
20003081	5341	1	3	0	0	0
20003092	9841	1	3	0	0	0
20003101	9847	1	3	0	0	0
20003110	5920	1	3	0	0	0
20003113	5921	1	3	0	0	0
20003120	5300	1	3	0	0	0
20003124	10000	1	3	0	0	0
20003131	5205	1	3	0	0	0
20003133	5208	1	3	0	0	0
20003138	9990	1	3	0	0	0
20003141	10058	1	3	0	0	0
20003150	5621	1	3	0	0	0
20003154	5914	2	3	0	0	0
20003161	5185	1	3	0	0	0
20003162	5641	1	3	0	0	0
20003163	9718	1	3	0	0	0
20003164	9717	2	3	0	0	0
20003165	9716	2	3	0	0	0
20003167	5265	2	3	0	0	0
20003171	5268	1	3	0	0	0
20003172	5272	1	3	0	0	0
20003177	5169	2	3	0	0	0
20003204	11094	1	3	0	0	0
20003233	5097	1	3	0	0	0
20003236	10113	2	3	0	0	0
20003237	10104	1	3	0	0	0
20003240	10124	2	3	0	0	0
20003242	10102	2	3	0	0	0
20003245	10141	2	3	0	0	0
20003246	10112	1	3	0	0	0
20003247	10127	2	3	0	0	0
20003249	10111	2	3	0	0	0
20003253	10115	2	3	0	0	0
20003255	10101	2	3	0	0	0
20003256	10143	2	3	0	0	0
20003258	10144	2	3	0	0	0
20003259	10126	2	3	0	0	0
20003261	10142	2	3	0	0	0
20003272	10100	2	3	0	0	0
20003301	5619	2	3	0	0	0
20003305	5322	1	3	0	0	0
20003306	5324	1	3	0	0	0
20003312	5947	1	3	0	0	0
20003314	10349	2	3	0	0	0
20003315	10335	2	3	0	0	0
20003316	10351	2	3	0	0	0
20003322	10134	2	3	0	0	0
20003325	10352	2	3	0	0	0
20003326	10330	2	3	0	0	0
20003327	10353	2	3	0	0	0
20003328	10135	1	3	0	0	0
20003329	10331	2	3	0	0	0
20003333	5353	1	3	0	0	0
20003334	5360	2	3	0	0	0
20003336	5377	1	3	0	0	0
20003337	5357	1	3	0	0	0
20003338	9822	1	3	0	0	0
20003339	5093	1	3	0	0	0
20003344	10145	2	3	0	0	0
20003349	5860	1	3	0	0	0
20003351	10368	2	3	0	0	0
20003378	6952	1	3	0	0	0
20003379	7093	1	3	0	0	0
20003389	6950	1	3	0	0	0
20003398	6951	1	3	0	0	0
20003400	7010	1	3	0	0	0
20003409	6971	1	3	0	0	0
20003413	6925	2	3	0	0	0
20003424	6930	1	3	0	0	0
20003433	6926	1	3	0	0	0
20003437	6929	2	3	0	0	0
20003439	6934	1	3	0	0	0
20003441	6933	1	3	0	0	0
20003487	12395	1	3	0	0	0
20003491	12398	1	3	0	0	0
20003508	13338	1	3	0	0	0
20003525	13318	1	3	0	0	0
20003527	16641	1	3	0	0	0
20003531	13325	1	3	0	0	0
20003536	16773	1	3	0	0	0
20003557	7104	2	3	0	0	0
20003560	11940	1	3	0	0	0
20003561	11537	1	3	0	0	0
20003562	11982	2	3	0	0	0
20003566	11566	2	3	0	0	0
20003601	11553	2	3	0	0	0
20003602	19962	1	3	0	0	0
20003605	11563	2	3	0	0	0
20003612	12312	2	3	0	0	0
20003650	11169	1	3	0	0	0
20003713	11177	1	3	0	0	0
20003726	7491	1	3	0	0	0
20003730	7494	1	3	0	0	0
20003852	13767	1	3	0	0	0
20003878	15531	1	3	0	0	0
20003881	15300	1	3	0	0	0
20003886	15301	1	3	0	0	0
20003887	15298	1	3	0	0	0
20003889	11542	2	3	0	0	0
20003903	15495	1	3	0	0	0
20003906	12021	1	3	0	0	0
20003909	15463	2	3	0	0	0
20003915	13875	1	3	0	0	0
20003916	15347	1	3	0	0	0
20003918	15348	1	3	0	0	0
20003923	15346	1	3	0	0	0
20003925	11822	1	3	0	0	0
20003941	15210	2	3	0	0	0
20003942	15656	1	3	0	0	0
20003943	15688	2	3	0	0	0
20003944	15707	2	3	0	0	0
20003945	15660	1	3	0	0	0
20003964	16099	2	3	0	0	0
20003981	14736	1	3	0	0	0
20003990	17079	1	3	0	0	0
20003991	17075	1	3	0	0	0
20003992	17073	1	3	0	0	0
20003993	17072	1	3	0	0	0
20004328	18873	1	3	0	0	0
20005016	21320	2	3	0	0	0
20005465	20375	2	3	0	0	0
20005525	20324	2	3	0	0	0
20005534	22569	1	3	0	0	0
20005819	22002	2	3	0	0	0
20006492	22699	2	3	0	0	0
21000476	7032	2	3	0	0	0
21000688	7568	1	3	0	0	0
21000998	9196	1	3	0	0	0
21001468	9532	1	3	0	0	0
21001505	9539	1	3	0	0	0
21001777	12263	1	3	0	0	0
21002341	6338	2	3	0	0	0
21002401	16541	1	3	0	0	0
21002544	2633	1	3	0	0	0
21003561	9620	1	3	0	0	0
21003881	14140	1	3	0	0	0
21003894	9648	1	3	0	0	0
21004271	9637	1	3	0	0	0
21004452	9923	1	3	0	0	0
21004684	9791	1	3	0	0	0
21004817	12193	2	3	0	0	0
21004917	13792	1	3	0	0	0
21005443	15280	2	3	0	0	0
21006094	15536	2	3	0	0	0
21006476	8131	1	3	0	0	0
21008365	9558	2	3	0	0	0
21008688	9790	1	3	0	0	0
21009174	7381	1	3	0	0	0
21010161	9187	1	3	0	0	0
21010383	9029	1	3	0	0	0
21010428	9189	1	3	0	0	0
21010431	17261	1	3	0	0	0
21011433	16378	1	3	0	0	0
21012569	19781	1	3	0	0	0
21013071	14663	1	3	0	0	0
21013158	9634	1	3	0	0	0
21013368	19792	2	3	0	0	0
21013468	9011	1	3	0	0	0
21014234	12061	1	3	0	0	0
21014261	13097	1	3	0	0	0
21014538	19851	1	3	0	0	0
21014680	19854	1	3	0	0	0
21015082	17614	1	3	0	0	0
21015331	12060	1	3	0	0	0
21015334	15465	1	3	0	0	0
21015969	8102	1	3	0	0	0
21016276	9640	1	3	0	0	0
21016319	11281	1	3	0	0	0
21016364	12059	1	3	0	0	0
21016869	4221	1	3	0	0	0
21017606	10458	1	3	0	0	0
21017884	16295	1	3	0	0	0
21018449	15213	1	3	0	0	0
21018456	13590	1	3	0	0	0
21018567	10465	1	3	0	0	0
21018876	17015	1	3	0	0	0
21018897	10466	1	3	0	0	0
21019652	1548	1	3	0	0	0
21020057	18955	2	3	0	0	0
21020451	18876	1	3	0	0	0
21021430	6012	1	3	0	0	0
21021452	6059	1	3	0	0	0
21021490	1499	1	3	0	0	0
21021999	6801	2	3	0	0	0
21022463	6391	1	3	0	0	0
21022564	11649	1	3	0	0	0
21023376	10492	2	3	0	0	0
21023583	17448	1	3	0	0	0
21024743	6132	1	3	0	0	0
21024995	5849	1	3	0	0	0
21025034	5616	2	3	0	0	0
21025704	16120	1	3	0	0	0
21025855	20122	1	3	0	0	0
21027638	14717	1	3	0	0	0
21027825	5062	1	3	0	0	0
21028826	1537	1	3	0	0	0
21029629	7369	2	3	0	0	0
21031334	19719	2	3	0	0	0
21031420	19151	1	3	0	0	0
21031494	16647	1	3	0	0	0
21031821	17707	1	3	0	0	0
21031828	20994	1	3	0	0	0
21032078	19136	1	3	0	0	0
21032089	19138	1	3	0	0	0
21032099	19156	1	3	0	0	0
21032100	19160	1	3	0	0	0
21032113	19146	1	3	0	0	0
21032142	20046	2	3	0	0	0
21032278	17470	2	3	0	0	0
21032317	17515	1	3	0	0	0
21033597	14361	2	3	0	0	0
21034542	15080	1	3	0	0	0
21034614	19466	1	3	0	0	0
21035734	19015	1	3	0	0	0
21035935	14828	1	3	0	0	0
21035988	19879	1	3	0	0	0
21036034	19900	1	3	0	0	0
21036093	14925	1	3	0	0	0
21036292	12039	1	3	0	0	0
21036301	15193	1	3	0	0	0
21036519	21254	1	3	0	0	0
21037155	21253	1	3	0	0	0
21037184	20372	1	3	0	0	0
21037242	19303	1	3	0	0	0
21037299	11746	1	3	0	0	0
21037608	16444	1	3	0	0	0
21038550	19153	1	3	0	0	0
21039950	14697	1	3	0	0	0
21040466	15349	1	3	0	0	0
21040610	14822	1	3	0	0	0
21040634	17571	1	3	0	0	0
21041016	19470	1	3	0	0	0
21041033	17629	1	3	0	0	0
21041118	19480	1	3	0	0	0
21041211	15342	1	3	0	0	0
21041227	12040	1	3	0	0	0
21041444	19310	1	3	0	0	0
21041989	19285	1	3	0	0	0
21042208	20369	1	3	0	0	0
21042213	12170	1	3	0	0	0
21042496	14720	2	3	0	0	0
21042658	12607	1	3	0	0	0
21042688	21618	1	3	0	0	0
21042718	20135	1	3	0	0	0
21042818	14760	1	3	0	0	0
21042944	18987	2	3	0	0	0
21043002	20354	1	3	0	0	0
21043004	20351	1	3	0	0	0
21043006	20349	1	3	0	0	0
21043096	20323	2	3	0	0	0
21043176	20485	2	3	0	0	0
21043193	21042	2	3	0	0	0
21043227	21704	1	3	0	0	0
21043228	21532	1	3	0	0	0
21043229	21571	1	3	0	0	0
21043294	19486	1	3	0	0	0
21043968	20706	1	3	0	0	0
21044254	14245	1	3	0	0	0
21044489	20313	2	3	0	0	0
21044490	20314	2	3	0	0	0
21044526	17770	1	3	0	0	0
21044873	20580	1	3	0	0	0
21045027	12053	1	3	0	0	0
21045077	13905	1	3	0	0	0
21045096	21912	1	3	0	0	0
21045101	21816	2	3	0	0	0
21045109	21824	2	3	0	0	0
21045130	8070	1	3	0	0	0
21045137	8090	1	3	0	0	0
21045141	21680	1	3	0	0	0
21045219	14108	2	3	0	0	0
21045301	14648	1	3	0	0	0
21045366	20844	1	3	0	0	0
21045383	20551	1	3	0	0	0
21045395	14250	1	3	0	0	0
21045485	21723	1	3	0	0	0
21045489	21099	1	3	0	0	0
21045520	21607	1	3	0	0	0
21045521	20435	2	3	0	0	0
21045561	21096	1	3	0	0	0
21045562	13878	1	3	0	0	0
21045864	4505	1	3	0	0	0
21045867	4472	2	3	0	0	0
21045869	4677	1	3	0	0	0
21045870	4590	1	3	0	0	0
21045872	4515	1	3	0	0	0
21045878	4792	1	3	0	0	0
21045888	4670	1	3	0	0	0
21045889	16033	1	3	0	0	0
21045891	4740	1	3	0	0	0
21045898	4746	1	3	0	0	0
21045930	10334	2	3	0	0	0
21045935	5154	1	3	0	0	0
21045958	9989	1	3	0	0	0
21045962	9996	1	3	0	0	0
21045966	5504	1	3	0	0	0
21045968	5091	1	3	0	0	0
21045971	10221	1	3	0	0	0
21045972	4971	1	3	0	0	0
21045985	9881	1	3	0	0	0
21045990	12013	2	3	0	0	0
21046066	12106	1	3	0	0	0
21046089	20327	1	3	0	0	0
21046132	6847	2	3	0	0	0
21046140	11910	1	3	0	0	0
21046144	12158	2	3	0	0	0
21046145	12310	1	3	0	0	0
21046149	11760	1	3	0	0	0
21046162	13196	2	3	0	0	0
21046173	11564	2	3	0	0	0
21046174	11983	2	3	0	0	0
21046176	6822	2	3	0	0	0
21046197	11482	1	3	0	0	0
21046198	11987	1	3	0	0	0
21046200	11567	2	3	0	0	0
21046205	11369	1	3	0	0	0
21046211	20172	1	3	0	0	0
21046214	11947	2	3	0	0	0
21046348	11183	1	3	0	0	0
21046360	9691	1	3	0	0	0
21046437	15475	1	3	0	0	0
21046477	17718	1	3	0	0	0
21046490	15365	1	3	0	0	0
21046515	15698	1	3	0	0	0
21046553	8820	1	3	0	0	0
21046559	13453	2	3	0	0	0
21046595	15363	1	3	0	0	0
21046602	11924	1	3	0	0	0
21046686	19629	1	3	0	0	0
21046711	13541	1	3	0	0	0
21046718	17696	1	3	0	0	0
21046736	13447	2	3	0	0	0
21046740	17230	1	3	0	0	0
21046744	13605	2	3	0	0	0
21046745	15480	1	3	0	0	0
21046749	15484	1	3	0	0	0
21046775	15322	1	3	0	0	0
21046837	11749	2	3	0	0	0
21046928	13436	2	3	0	0	0
21046930	8823	1	3	0	0	0
21047045	8184	2	3	0	0	0
21047046	8840	2	3	0	0	0
21047093	19369	1	3	0	0	0
21047135	15701	1	3	0	0	0
21047141	15730	1	3	0	0	0
21047252	15673	2	3	0	0	0
21047274	15670	1	3	0	0	0
21047292	19801	2	3	0	0	0
21047314	16277	1	3	0	0	0
21047316	10240	2	3	0	0	0
21047364	16100	2	3	0	0	0
21047373	16093	2	3	0	0	0
21047411	13410	2	3	0	0	0
21047441	17071	1	3	0	0	0
21047447	17699	1	3	0	0	0
21047539	20290	1	3	0	0	0
21047557	10477	1	3	0	0	0
21047627	18942	2	3	0	0	0
21047634	20289	1	3	0	0	0
21047681	17105	2	3	0	0	0
21047778	21299	1	3	0	0	0
21047782	19895	1	3	0	0	0
21047895	20939	1	3	0	0	0
21047897	19898	2	3	0	0	0
21047923	22116	1	3	0	0	0
21047973	22509	1	3	0	0	0
21047996	22781	1	3	0	0	0
21048113	22313	1	3	0	0	0
21048170	22518	1	3	0	0	0
21048181	21687	2	3	0	0	0
21048183	21670	2	3	0	0	0
21048225	21500	1	3	0	0	0
21048227	22140	1	3	0	0	0
21048242	21796	1	3	0	0	0
21048252	22016	1	3	0	0	0
21048684	22827	1	3	0	0	0
21048740	22869	1	3	0	0	0
21049004	7383	1	3	0	0	0
21049422	9183	1	3	0	0	0
21050340	17712	1	3	0	0	0
21050779	7465	1	3	0	0	0
21051558	14198	2	3	0	0	0
21051834	9814	1	3	0	0	0
21051883	22133	2	3	0	0	0
21051959	19723	2	3	0	0	0
21052268	15281	2	3	0	0	0
21054184	19852	1	3	0	0	0
21055686	22401	1	3	0	0	0
21057006	9231	1	3	0	0	0
21059818	19802	1	3	0	0	0
21060781	16922	1	3	0	0	0
21061196	13666	1	3	0	0	0
21061232	16979	1	3	0	0	0
21063468	7501	1	3	0	0	0
21063614	11545	1	3	0	0	0
21064274	4415	1	3	0	0	0
21064749	10512	1	3	0	0	0
21065599	14665	1	3	0	0	0
21066096	14482	1	3	0	0	0
21067641	5110	2	3	0	0	0
21068029	7782	1	3	0	0	0
21068911	5909	1	3	0	0	0
21069877	5508	2	3	0	0	0
21069881	9351	1	3	0	0	0
21069943	3220	1	3	0	0	0
21070015	4863	2	3	0	0	0
21070078	3398	1	3	0	0	0
21070089	3253	2	3	0	0	0
21070091	3231	1	3	0	0	0
21070162	3860	1	3	0	0	0
21070164	3436	1	3	0	0	0
21070168	3216	1	3	0	0	0
21070192	3227	1	3	0	0	0
21070287	3450	1	3	0	0	0
21070370	19780	1	3	0	0	0
21070827	7144	1	3	0	0	0
21070993	10034	1	3	0	0	0
21071525	16102	1	3	0	0	0
21071527	13733	1	3	0	0	0
21071565	10837	1	3	0	0	0
21071765	16055	1	3	0	0	0
21071783	7856	2	3	0	0	0
21074018	14360	2	3	0	0	0
21074426	19484	1	3	0	0	0
21074518	15429	1	3	0	0	0
21075480	14831	1	3	0	0	0
21075786	11597	1	3	0	0	0
21075818	21625	1	3	0	0	0
21076296	21626	2	3	0	0	0
21076530	15823	1	3	0	0	0
21076727	15940	1	3	0	0	0
21078439	14696	1	3	0	0	0
21078882	15427	1	3	0	0	0
21079804	20672	1	3	0	0	0
21079969	19325	1	3	0	0	0
21080814	20359	1	3	0	0	0
21080938	21682	1	3	0	0	0
21080939	21653	1	3	0	0	0
21080940	21569	1	3	0	0	0
21080944	21706	1	3	0	0	0
21081442	20031	1	3	0	0	0
21081555	20362	1	3	0	0	0
21081729	21533	1	3	0	0	0
21081730	21570	1	3	0	0	0
21081752	20949	1	3	0	0	0
21082083	21559	1	3	0	0	0
21082120	8893	2	3	0	0	0
21082172	21280	1	3	0	0	0
21082327	11757	2	3	0	0	0
21082390	4747	1	3	0	0	0
21082393	4470	1	3	0	0	0
21082395	7946	2	3	0	0	0
21082396	15012	1	3	0	0	0
21082397	7963	2	3	0	0	0
21082399	16028	1	3	0	0	0
21082404	4503	1	3	0	0	0
21082405	16047	1	3	0	0	0
21082407	15155	1	3	0	0	0
21082413	9515	1	3	0	0	0
21082416	4669	2	3	0	0	0
21082417	7939	2	3	0	0	0
21082440	10189	1	3	0	0	0
21082448	5095	1	3	0	0	0
21082461	10348	2	3	0	0	0
21082467	10012	1	3	0	0	0
21082473	10713	1	3	0	0	0
21082475	9999	1	3	0	0	0
21082481	10784	1	3	0	0	0
21082503	19296	1	3	0	0	0
21082522	16158	1	3	0	0	0
21082523	6941	2	3	0	0	0
21082562	12107	1	3	0	0	0
21082645	11374	1	3	0	0	0
21082652	11906	2	3	0	0	0
21082661	11894	2	3	0	0	0
21082665	11500	1	3	0	0	0
21082666	12164	1	3	0	0	0
21083714	13422	2	3	0	0	0
21083747	8322	2	3	0	0	0
21083759	13584	1	3	0	0	0
21083894	11828	2	3	0	0	0
21083938	11756	2	3	0	0	0
21083939	15439	1	3	0	0	0
21083942	15376	1	3	0	0	0
21083948	13937	1	3	0	0	0
21084018	17217	1	3	0	0	0
21084022	15549	1	3	0	0	0
21084053	7855	2	3	0	0	0
21084057	13866	2	3	0	0	0
21084098	13470	1	3	0	0	0
21084102	15581	1	3	0	0	0
21084121	15487	1	3	0	0	0
21084122	12023	1	3	0	0	0
21084127	12022	1	3	0	0	0
21084156	15715	1	3	0	0	0
21084164	11740	2	3	0	0	0
21084188	8839	2	3	0	0	0
21084234	15671	2	3	0	0	0
21084275	16280	1	3	0	0	0
21084312	22465	2	3	0	0	0
21084391	17580	1	3	0	0	0
21084398	17621	2	3	0	0	0
21084399	16859	1	3	0	0	0
21084400	17610	1	3	0	0	0
21084518	18901	2	3	0	0	0
21084543	10306	2	3	0	0	0
21084607	15759	1	3	0	0	0
21084610	15700	2	3	0	0	0
21084612	15240	1	3	0	0	0
21084613	20173	2	3	0	0	0
21084943	11002	1	3	0	0	0
21085099	22117	1	3	0	0	0
21085149	22900	1	3	0	0	0
21085193	21260	2	3	0	0	0
21085225	22315	1	3	0	0	0
21085261	22303	1	3	0	0	0
21085303	22017	2	3	0	0	0
21085345	22555	1	3	0	0	0
21085385	22645	2	3	0	0	0
22000153	20168	1	3	0	0	0
22000187	19474	1	3	0	0	0
22000191	20366	1	3	0	0	0
22000337	20791	1	3	0	0	0
22000342	19882	1	3	0	0	0
22000343	20930	1	3	0	0	0
22000541	1568	1	3	0	0	0
22000546	1229	1	3	0	0	0
23000006	1523	1	3	0	0	0
23000029	1339	2	3	0	0	0
23000036	1193	1	3	0	0	0
23000038	1262	1	3	0	0	0
23000042	1196	1	3	0	0	0
23000056	1199	1	3	0	0	0
23000060	1238	1	3	0	0	0
23000061	1202	1	3	0	0	0
23000068	1188	1	3	0	0	0
23000084	1261	1	3	0	0	0
23000085	1239	1	3	0	0	0
23000086	1331	1	3	0	0	0
23000098	1330	1	3	0	0	0
23000106	1189	1	3	0	0	0
23000130	1190	1	3	0	0	0
23000160	1227	1	3	0	0	0
23000162	1260	1	3	0	0	0
23000163	1226	1	3	0	0	0
23000173	1228	1	3	0	0	0
23000185	1259	1	3	0	0	0
23000194	1264	1	3	0	0	0
23000209	2059	2	3	0	0	0
23000228	2065	2	3	0	0	0
23000241	2072	1	3	0	0	0
23000243	2100	1	3	0	0	0
23000258	2101	1	3	0	0	0
23000274	2114	1	3	0	0	0
23000275	2073	1	3	0	0	0
23000295	2053	1	3	0	0	0
23000300	2054	1	3	0	0	0
23000306	2055	1	3	0	0	0
23000308	2056	1	3	0	0	0
23000313	2057	1	3	0	0	0
23000316	2052	1	3	0	0	0
23000321	2063	1	3	0	0	0
23000322	2060	1	3	0	0	0
23000332	2116	1	3	0	0	0
23000336	2106	1	3	0	0	0
23000338	2117	2	3	0	0	0
23000345	2074	1	3	0	0	0
23000351	2120	1	3	0	0	0
23000360	2119	1	3	0	0	0
23000363	2113	1	3	0	0	0
23000371	2123	1	3	0	0	0
23000376	2078	2	3	0	0	0
