file	project	class	lines	recoveredCounterpart
NexusUnleashed.Aspire.Database.Migrations\NexusUnleashed.Aspire.Database.Migrations.Configuration.Model\AccountCreationOptions.cs	NexusUnleashed.Aspire.Database.Migrations	C-LINEAGE	7	NexusUnleashed.Aspire.Database.Migrations\NexusUnleashed.Aspire.Database.Migrations.Configuration.Model\AccountCreationOptions.cs
NexusUnleashed.Aspire.Database.Migrations\NexusUnleashed.Aspire.Database.Migrations.Configuration.Model\WorldDatabaseOptions.cs	NexusUnleashed.Aspire.Database.Migrations	C-LINEAGE	5	NexusUnleashed.Aspire.Database.Migrations\NexusUnleashed.Aspire.Database.Migrations.Configuration.Model\WorldDatabaseOptions.cs
NexusUnleashed.Aspire.Database.Migrations\NexusUnleashed.Aspire.Database.Migrations.Service\AccountCreationHostedService.cs	NexusUnleashed.Aspire.Database.Migrations	C-LINEAGE	89	NexusUnleashed.Aspire.Database.Migrations\NexusUnleashed.Aspire.Database.Migrations.Service\AccountCreationHostedService.cs
NexusUnleashed.Aspire.Database.Migrations\NexusUnleashed.Aspire.Database.Migrations.Service\DatabaseMigrationHostedService.cs	NexusUnleashed.Aspire.Database.Migrations	C-LINEAGE	46	NexusUnleashed.Aspire.Database.Migrations\NexusUnleashed.Aspire.Database.Migrations.Service\DatabaseMigrationHostedService.cs
NexusUnleashed.Aspire.Database.Migrations\NexusUnleashed.Aspire.Database.Migrations.Service\FinishHostedService.cs	NexusUnleashed.Aspire.Database.Migrations	C-LINEAGE	21	NexusUnleashed.Aspire.Database.Migrations\NexusUnleashed.Aspire.Database.Migrations.Service\FinishHostedService.cs
NexusUnleashed.Aspire.Database.Migrations\NexusUnleashed.Aspire.Database.Migrations.Service\WorldDatabaseHostedService.cs	NexusUnleashed.Aspire.Database.Migrations	C-MODIFIED	202	NexusUnleashed.Aspire.Database.Migrations\NexusUnleashed.Aspire.Database.Migrations.Service\WorldDatabaseHostedService.cs
NexusUnleashed.Aspire.Database.Migrations\NexusUnleashed.Aspire.Database.Migrations\Program.cs	NexusUnleashed.Aspire.Database.Migrations	C-LINEAGE	83	NexusUnleashed.Aspire.Database.Migrations\NexusUnleashed.Aspire.Database.Migrations\Program.cs
NexusUnleashed.Aspire.Database.Migrations\Properties\AssemblyInfo.cs	NexusUnleashed.Aspire.Database.Migrations	C-LINEAGE	11	NexusUnleashed.Aspire.Database.Migrations\Properties\AssemblyInfo.cs
NexusUnleashed.Game.Abstract\NexusUnleashed.Game.Abstract.Account.Costume\IAccountCostumeManager.cs	NexusUnleashed.Game.Abstract	C-LINEAGE	11	NexusUnleashed.Game.Abstract\NexusUnleashed.Game.Abstract.Account.Costume\IAccountCostumeManager.cs
NexusUnleashed.Game.Abstract\NexusUnleashed.Game.Abstract.Account.Costume\ICostumeUnlock.cs	NexusUnleashed.Game.Abstract	C-LINEAGE	7	NexusUnleashed.Game.Abstract\NexusUnleashed.Game.Abstract.Account.Costume\ICostumeUnlock.cs
NexusUnleashed.Game.Abstract\NexusUnleashed.Game.Abstract.Account.Currency\IAccountCurrency.cs	NexusUnleashed.Game.Abstract	C-LINEAGE	15	NexusUnleashed.Game.Abstract\NexusUnleashed.Game.Abstract.Account.Currency\IAccountCurrency.cs
NexusUnleashed.Game.Abstract\NexusUnleashed.Game.Abstract.Account.Currency\IAccountCurrencyManager.cs	NexusUnleashed.Game.Abstract	C-LINEAGE	13	NexusUnleashed.Game.Abstract\NexusUnleashed.Game.Abstract.Account.Currency\IAccountCurrencyManager.cs
NexusUnleashed.Game.Abstract\NexusUnleashed.Game.Abstract.Account.Entitlement\IAccountEntitlement.cs	NexusUnleashed.Game.Abstract	C-LINEAGE	8	NexusUnleashed.Game.Abstract\NexusUnleashed.Game.Abstract.Account.Entitlement\IAccountEntitlement.cs
NexusUnleashed.Game.Abstract\NexusUnleashed.Game.Abstract.Account.Entitlement\IAccountEntitlementManager.cs	NexusUnleashed.Game.Abstract	C-LINEAGE	8	NexusUnleashed.Game.Abstract\NexusUnleashed.Game.Abstract.Account.Entitlement\IAccountEntitlementManager.cs
NexusUnleashed.Game.Abstract\NexusUnleashed.Game.Abstract.Account.Option\IAccountKeybindingManager.cs	NexusUnleashed.Game.Abstract	C-LINEAGE	8	NexusUnleashed.Game.Abstract\NexusUnleashed.Game.Abstract.Account.Option\IAccountKeybindingManager.cs
NexusUnleashed.Game.Abstract\NexusUnleashed.Game.Abstract.Account.Reward\IRewardProperty.cs	NexusUnleashed.Game.Abstract	C-LINEAGE	12	NexusUnleashed.Game.Abstract\NexusUnleashed.Game.Abstract.Account.Reward\IRewardProperty.cs
NexusUnleashed.Game.Abstract\NexusUnleashed.Game.Abstract.Account.Reward\IRewardPropertyManager.cs	NexusUnleashed.Game.Abstract	C-LINEAGE	13	NexusUnleashed.Game.Abstract\NexusUnleashed.Game.Abstract.Account.Reward\IRewardPropertyManager.cs
NexusUnleashed.Game.Abstract\NexusUnleashed.Game.Abstract.Account.Unlock\IGenericUnlock.cs	NexusUnleashed.Game.Abstract	C-LINEAGE	9	NexusUnleashed.Game.Abstract\NexusUnleashed.Game.Abstract.Account.Unlock\IGenericUnlock.cs
NexusUnleashed.Game.Abstract\NexusUnleashed.Game.Abstract.Account.Unlock\IGenericUnlockManager.cs	NexusUnleashed.Game.Abstract	C-LINEAGE	17	NexusUnleashed.Game.Abstract\NexusUnleashed.Game.Abstract.Account.Unlock\IGenericUnlockManager.cs
NexusUnleashed.Game.Abstract\NexusUnleashed.Game.Abstract.Account\IAccount.cs	NexusUnleashed.Game.Abstract	C-LINEAGE	31	NexusUnleashed.Game.Abstract\NexusUnleashed.Game.Abstract.Account\IAccount.cs
NexusUnleashed.Game.Abstract\NexusUnleashed.Game.Abstract.Achievement\IAchievement.cs	NexusUnleashed.Game.Abstract	C-LINEAGE	14	NexusUnleashed.Game.Abstract\NexusUnleashed.Game.Abstract.Achievement\IAchievement.cs
NexusUnleashed.Game.Abstract\NexusUnleashed.Game.Abstract.Achievement\IAchievementInfo.cs	NexusUnleashed.Game.Abstract	C-LINEAGE	10	NexusUnleashed.Game.Abstract\NexusUnleashed.Game.Abstract.Achievement\IAchievementInfo.cs
NexusUnleashed.Game.Abstract\NexusUnleashed.Game.Abstract.Achievement\IBaseAchievementManager.cs	NexusUnleashed.Game.Abstract	C-LINEAGE	15	NexusUnleashed.Game.Abstract\NexusUnleashed.Game.Abstract.Achievement\IBaseAchievementManager.cs
NexusUnleashed.Game.Abstract\NexusUnleashed.Game.Abstract.Achievement\ICharacterAchievementManager.cs	NexusUnleashed.Game.Abstract	C-LINEAGE	6	NexusUnleashed.Game.Abstract\NexusUnleashed.Game.Abstract.Achievement\ICharacterAchievementManager.cs
NexusUnleashed.Game.Abstract\NexusUnleashed.Game.Abstract.Achievement\IGlobalAchievementManager.cs	NexusUnleashed.Game.Abstract	C-LINEAGE	10	NexusUnleashed.Game.Abstract\NexusUnleashed.Game.Abstract.Achievement\IGlobalAchievementManager.cs
NexusUnleashed.Game.Abstract\NexusUnleashed.Game.Abstract.Achievement\IGuildAchievementManager.cs	NexusUnleashed.Game.Abstract	C-LINEAGE	6	NexusUnleashed.Game.Abstract\NexusUnleashed.Game.Abstract.Achievement\IGuildAchievementManager.cs
NexusUnleashed.Game.Abstract\NexusUnleashed.Game.Abstract.CSI\IClientSideInteraction.cs	NexusUnleashed.Game.Abstract	C-LINEAGE	17	NexusUnleashed.Game.Abstract\NexusUnleashed.Game.Abstract.CSI\IClientSideInteraction.cs
NexusUnleashed.Game.Abstract\NexusUnleashed.Game.Abstract.Challenges\IChallengeManager.cs	NexusUnleashed.Game.Abstract	C-LINEAGE	13	NexusUnleashed.Game.Abstract\NexusUnleashed.Game.Abstract.Challenges\IChallengeManager.cs
NexusUnleashed.Game.Abstract\NexusUnleashed.Game.Abstract.Character\ICharacter.cs	NexusUnleashed.Game.Abstract	C-LINEAGE	18	NexusUnleashed.Game.Abstract\NexusUnleashed.Game.Abstract.Character\ICharacter.cs
NexusUnleashed.Game.Abstract\NexusUnleashed.Game.Abstract.Character\ICharacterManager.cs	NexusUnleashed.Game.Abstract	C-LINEAGE	21	NexusUnleashed.Game.Abstract\NexusUnleashed.Game.Abstract.Character\ICharacterManager.cs
NexusUnleashed.Game.Abstract\NexusUnleashed.Game.Abstract.Chat.Format\IChatFormatManager.cs	NexusUnleashed.Game.Abstract	C-LINEAGE	12	NexusUnleashed.Game.Abstract\NexusUnleashed.Game.Abstract.Chat.Format\IChatFormatManager.cs
NexusUnleashed.Game.Abstract\NexusUnleashed.Game.Abstract.Chat.Format\IInternalChatFormatter.cs	NexusUnleashed.Game.Abstract	C-LINEAGE	8	NexusUnleashed.Game.Abstract\NexusUnleashed.Game.Abstract.Chat.Format\IInternalChatFormatter.cs
NexusUnleashed.Game.Abstract\NexusUnleashed.Game.Abstract.Chat.Format\ILocalChatFormatter.cs	NexusUnleashed.Game.Abstract	C-LINEAGE	7	NexusUnleashed.Game.Abstract\NexusUnleashed.Game.Abstract.Chat.Format\ILocalChatFormatter.cs
NexusUnleashed.Game.Abstract\NexusUnleashed.Game.Abstract.Chat.Format\INetworkChatFormatter.cs	NexusUnleashed.Game.Abstract	C-LINEAGE	7	NexusUnleashed.Game.Abstract\NexusUnleashed.Game.Abstract.Chat.Format\INetworkChatFormatter.cs
NexusUnleashed.Game.Abstract\NexusUnleashed.Game.Abstract.Chat\IChatMessageBuilder.cs	NexusUnleashed.Game.Abstract	C-LINEAGE	26	NexusUnleashed.Game.Abstract\NexusUnleashed.Game.Abstract.Chat\IChatMessageBuilder.cs
NexusUnleashed.Game.Abstract\NexusUnleashed.Game.Abstract.Chat\IGlobalChatManager.cs	NexusUnleashed.Game.Abstract	C-LINEAGE	11	NexusUnleashed.Game.Abstract\NexusUnleashed.Game.Abstract.Chat\IGlobalChatManager.cs
NexusUnleashed.Game.Abstract\NexusUnleashed.Game.Abstract.Cinematic.Cinematics\ICrimsonIsleOnCreate.cs	NexusUnleashed.Game.Abstract	C-LINEAGE	4	NexusUnleashed.Game.Abstract\NexusUnleashed.Game.Abstract.Cinematic.Cinematics\ICrimsonIsleOnCreate.cs
NexusUnleashed.Game.Abstract\NexusUnleashed.Game.Abstract.Cinematic.Cinematics\IDatascapeAvatusSpawn.cs	NexusUnleashed.Game.Abstract	C-LINEAGE	4	NexusUnleashed.Game.Abstract\NexusUnleashed.Game.Abstract.Cinematic.Cinematics\IDatascapeAvatusSpawn.cs
NexusUnleashed.Game.Abstract\NexusUnleashed.Game.Abstract.Cinematic.Cinematics\IDeepSpaceExplorationOnCreate.cs	NexusUnleashed.Game.Abstract	C-LINEAGE	4	NexusUnleashed.Game.Abstract\NexusUnleashed.Game.Abstract.Cinematic.Cinematics\IDeepSpaceExplorationOnCreate.cs
NexusUnleashed.Game.Abstract\NexusUnleashed.Game.Abstract.Cinematic.Cinematics\IEverstarGroveOnCreate.cs	NexusUnleashed.Game.Abstract	C-LINEAGE	4	NexusUnleashed.Game.Abstract\NexusUnleashed.Game.Abstract.Cinematic.Cinematics\IEverstarGroveOnCreate.cs
NexusUnleashed.Game.Abstract\NexusUnleashed.Game.Abstract.Cinematic.Cinematics\IEvilFromTheEtherOnCreate.cs	NexusUnleashed.Game.Abstract	C-LINEAGE	4	NexusUnleashed.Game.Abstract\NexusUnleashed.Game.Abstract.Cinematic.Cinematics\IEvilFromTheEtherOnCreate.cs
NexusUnleashed.Game.Abstract\NexusUnleashed.Game.Abstract.Cinematic.Cinematics\IEvilFromTheEtherOnEthericOrganisms.cs	NexusUnleashed.Game.Abstract	C-LINEAGE	4	NexusUnleashed.Game.Abstract\NexusUnleashed.Game.Abstract.Cinematic.Cinematics\IEvilFromTheEtherOnEthericOrganisms.cs
NexusUnleashed.Game.Abstract\NexusUnleashed.Game.Abstract.Cinematic.Cinematics\IEvilFromTheEtherOnOpenMedbay.cs	NexusUnleashed.Game.Abstract	C-LINEAGE	4	NexusUnleashed.Game.Abstract\NexusUnleashed.Game.Abstract.Cinematic.Cinematics\IEvilFromTheEtherOnOpenMedbay.cs
NexusUnleashed.Game.Abstract\NexusUnleashed.Game.Abstract.Cinematic.Cinematics\IFragmentZeroFirstWarning.cs	NexusUnleashed.Game.Abstract	C-LINEAGE	4	NexusUnleashed.Game.Abstract\NexusUnleashed.Game.Abstract.Cinematic.Cinematics\IFragmentZeroFirstWarning.cs
NexusUnleashed.Game.Abstract\NexusUnleashed.Game.Abstract.Cinematic.Cinematics\IFragmentZeroOnCreate.cs	NexusUnleashed.Game.Abstract	C-LINEAGE	4	NexusUnleashed.Game.Abstract\NexusUnleashed.Game.Abstract.Cinematic.Cinematics\IFragmentZeroOnCreate.cs
NexusUnleashed.Game.Abstract\NexusUnleashed.Game.Abstract.Cinematic.Cinematics\IGauntletFindOutWhatHappened.cs	NexusUnleashed.Game.Abstract	C-LINEAGE	4	NexusUnleashed.Game.Abstract\NexusUnleashed.Game.Abstract.Cinematic.Cinematics\IGauntletFindOutWhatHappened.cs
NexusUnleashed.Game.Abstract\NexusUnleashed.Game.Abstract.Cinematic.Cinematics\IGauntletOnSpawnBrickBraggor.cs	NexusUnleashed.Game.Abstract	C-LINEAGE	4	NexusUnleashed.Game.Abstract\NexusUnleashed.Game.Abstract.Cinematic.Cinematics\IGauntletOnSpawnBrickBraggor.cs
NexusUnleashed.Game.Abstract\NexusUnleashed.Game.Abstract.Cinematic.Cinematics\IGeneticArchivesOpenOhmnaDoor.cs	NexusUnleashed.Game.Abstract	C-LINEAGE	4	NexusUnleashed.Game.Abstract\NexusUnleashed.Game.Abstract.Cinematic.Cinematics\IGeneticArchivesOpenOhmnaDoor.cs
NexusUnleashed.Game.Abstract\NexusUnleashed.Game.Abstract.Cinematic.Cinematics\IInfestationOnCreate.cs	NexusUnleashed.Game.Abstract	C-LINEAGE	4	NexusUnleashed.Game.Abstract\NexusUnleashed.Game.Abstract.Cinematic.Cinematics\IInfestationOnCreate.cs
NexusUnleashed.Game.Abstract\NexusUnleashed.Game.Abstract.Cinematic.Cinematics\IInitializationCoreY83OpenDoor.cs	NexusUnleashed.Game.Abstract	C-LINEAGE	4	NexusUnleashed.Game.Abstract\NexusUnleashed.Game.Abstract.Cinematic.Cinematics\IInitializationCoreY83OpenDoor.cs
NexusUnleashed.Game.Abstract\NexusUnleashed.Game.Abstract.Cinematic.Cinematics\IJourneyIntoOMNICore1OnCreate.cs	NexusUnleashed.Game.Abstract	C-LINEAGE	4	NexusUnleashed.Game.Abstract\NexusUnleashed.Game.Abstract.Cinematic.Cinematics\IJourneyIntoOMNICore1OnCreate.cs
NexusUnleashed.Game.Abstract\NexusUnleashed.Game.Abstract.Cinematic.Cinematics\ILevianBayOnCreate.cs	NexusUnleashed.Game.Abstract	C-LINEAGE	4	NexusUnleashed.Game.Abstract\NexusUnleashed.Game.Abstract.Cinematic.Cinematics\ILevianBayOnCreate.cs
NexusUnleashed.Game.Abstract\NexusUnleashed.Game.Abstract.Cinematic.Cinematics\INorthernWildsOnCreate.cs	NexusUnleashed.Game.Abstract	C-LINEAGE	4	NexusUnleashed.Game.Abstract\NexusUnleashed.Game.Abstract.Cinematic.Cinematics\INorthernWildsOnCreate.cs
NexusUnleashed.Game.Abstract\NexusUnleashed.Game.Abstract.Cinematic.Cinematics\INoviceTutorialCombatProjector.cs	NexusUnleashed.Game.Abstract	C-LINEAGE	4	NexusUnleashed.Game.Abstract\NexusUnleashed.Game.Abstract.Cinematic.Cinematics\INoviceTutorialCombatProjector.cs
NexusUnleashed.Game.Abstract\NexusUnleashed.Game.Abstract.Cinematic.Cinematics\INoviceTutorialOnEnter.cs	NexusUnleashed.Game.Abstract	C-LINEAGE	4	NexusUnleashed.Game.Abstract\NexusUnleashed.Game.Abstract.Cinematic.Cinematics\INoviceTutorialOnEnter.cs
NexusUnleashed.Game.Abstract\NexusUnleashed.Game.Abstract.Cinematic.Cinematics\IProtostarSuperMallInTheSkyOnCreate.cs	NexusUnleashed.Game.Abstract	C-LINEAGE	4	NexusUnleashed.Game.Abstract\NexusUnleashed.Game.Abstract.Cinematic.Cinematics\IProtostarSuperMallInTheSkyOnCreate.cs
NexusUnleashed.Game.Abstract\NexusUnleashed.Game.Abstract.Cinematic.Cinematics\IQ3486EmpoweredTowerCinematic.cs	NexusUnleashed.Game.Abstract	C-LINEAGE	4	NexusUnleashed.Game.Abstract\NexusUnleashed.Game.Abstract.Cinematic.Cinematics\IQ3486EmpoweredTowerCinematic.cs
NexusUnleashed.Game.Abstract\NexusUnleashed.Game.Abstract.Cinematic.Cinematics\IQ3673ContactWithThaydCinematic.cs	NexusUnleashed.Game.Abstract	C-LINEAGE	4	NexusUnleashed.Game.Abstract\NexusUnleashed.Game.Abstract.Cinematic.Cinematics\IQ3673ContactWithThaydCinematic.cs
NexusUnleashed.Game.Abstract\NexusUnleashed.Game.Abstract.Cinematic.Cinematics\IQ3963MoreImportantThanRevengeDepartureCinematic.cs	NexusUnleashed.Game.Abstract	C-LINEAGE	4	NexusUnleashed.Game.Abstract\NexusUnleashed.Game.Abstract.Cinematic.Cinematics\IQ3963MoreImportantThanRevengeDepartureCinematic.cs
NexusUnleashed.Game.Abstract\NexusUnleashed.Game.Abstract.Cinematic.Cinematics\IQ5573PoweringDownCinematic.cs	NexusUnleashed.Game.Abstract	C-LINEAGE	4	NexusUnleashed.Game.Abstract\NexusUnleashed.Game.Abstract.Cinematic.Cinematics\IQ5573PoweringDownCinematic.cs
NexusUnleashed.Game.Abstract\NexusUnleashed.Game.Abstract.Cinematic.Cinematics\IQ5604TacticalDemolitionsCinematic.cs	NexusUnleashed.Game.Abstract	C-LINEAGE	4	NexusUnleashed.Game.Abstract\NexusUnleashed.Game.Abstract.Cinematic.Cinematics\IQ5604TacticalDemolitionsCinematic.cs
NexusUnleashed.Game.Abstract\NexusUnleashed.Game.Abstract.Cinematic.Cinematics\IRuinsOfKelVorethEnter.cs	NexusUnleashed.Game.Abstract	C-LINEAGE	4	NexusUnleashed.Game.Abstract\NexusUnleashed.Game.Abstract.Cinematic.Cinematics\IRuinsOfKelVorethEnter.cs
NexusUnleashed.Game.Abstract\NexusUnleashed.Game.Abstract.Cinematic.Cinematics\IShadesEveOnCreate.cs	NexusUnleashed.Game.Abstract	C-LINEAGE	4	NexusUnleashed.Game.Abstract\NexusUnleashed.Game.Abstract.Cinematic.Cinematics\IShadesEveOnCreate.cs
NexusUnleashed.Game.Abstract\NexusUnleashed.Game.Abstract.Cinematic.Cinematics\ISpaceMadnessOnCreate.cs	NexusUnleashed.Game.Abstract	C-LINEAGE	4	NexusUnleashed.Game.Abstract\NexusUnleashed.Game.Abstract.Cinematic.Cinematics\ISpaceMadnessOnCreate.cs
NexusUnleashed.Game.Abstract\NexusUnleashed.Game.Abstract.Cinematic.Cinematics\IStormtalonLairStormtalonReborn.cs	NexusUnleashed.Game.Abstract	C-LINEAGE	4	NexusUnleashed.Game.Abstract\NexusUnleashed.Game.Abstract.Cinematic.Cinematics\IStormtalonLairStormtalonReborn.cs
NexusUnleashed.Game.Abstract\NexusUnleashed.Game.Abstract.Cinematic.Cinematics\IVaultOfTheArchonHarizogColdbloodWakingUp.cs	NexusUnleashed.Game.Abstract	C-LINEAGE	4	NexusUnleashed.Game.Abstract\NexusUnleashed.Game.Abstract.Cinematic.Cinematics\IVaultOfTheArchonHarizogColdbloodWakingUp.cs
NexusUnleashed.Game.Abstract\NexusUnleashed.Game.Abstract.Cinematic.Cinematics\IVaultOfTheArchonHolocube.cs	NexusUnleashed.Game.Abstract	C-LINEAGE	4	NexusUnleashed.Game.Abstract\NexusUnleashed.Game.Abstract.Cinematic.Cinematics\IVaultOfTheArchonHolocube.cs
NexusUnleashed.Game.Abstract\NexusUnleashed.Game.Abstract.Cinematic.Cinematics\IVaultOfTheArchonOnCreate.cs	NexusUnleashed.Game.Abstract	C-LINEAGE	4	NexusUnleashed.Game.Abstract\NexusUnleashed.Game.Abstract.Cinematic.Cinematics\IVaultOfTheArchonOnCreate.cs
NexusUnleashed.Game.Abstract\NexusUnleashed.Game.Abstract.Cinematic.Cinematics\IVaultOfTheArchonOsunWakingUp.cs	NexusUnleashed.Game.Abstract	C-LINEAGE	4	NexusUnleashed.Game.Abstract\NexusUnleashed.Game.Abstract.Cinematic.Cinematics\IVaultOfTheArchonOsunWakingUp.cs
NexusUnleashed.Game.Abstract\NexusUnleashed.Game.Abstract.Cinematic.Cinematics\IVaultOfTheArchonVaultDoorOpen.cs	NexusUnleashed.Game.Abstract	C-LINEAGE	4	NexusUnleashed.Game.Abstract\NexusUnleashed.Game.Abstract.Cinematic.Cinematics\IVaultOfTheArchonVaultDoorOpen.cs
NexusUnleashed.Game.Abstract\NexusUnleashed.Game.Abstract.Cinematic\IActor.cs	NexusUnleashed.Game.Abstract	C-LINEAGE	27	NexusUnleashed.Game.Abstract\NexusUnleashed.Game.Abstract.Cinematic\IActor.cs
NexusUnleashed.Game.Abstract\NexusUnleashed.Game.Abstract.Cinematic\IActorVisibility.cs	NexusUnleashed.Game.Abstract	C-LINEAGE	7	NexusUnleashed.Game.Abstract\NexusUnleashed.Game.Abstract.Cinematic\IActorVisibility.cs
NexusUnleashed.Game.Abstract\NexusUnleashed.Game.Abstract.Cinematic\ICamera.cs	NexusUnleashed.Game.Abstract	C-LINEAGE	11	NexusUnleashed.Game.Abstract\NexusUnleashed.Game.Abstract.Cinematic\ICamera.cs
NexusUnleashed.Game.Abstract\NexusUnleashed.Game.Abstract.Cinematic\ICameraAttach.cs	NexusUnleashed.Game.Abstract	C-LINEAGE	8	NexusUnleashed.Game.Abstract\NexusUnleashed.Game.Abstract.Cinematic\ICameraAttach.cs
NexusUnleashed.Game.Abstract\NexusUnleashed.Game.Abstract.Cinematic\ICameraSpline.cs	NexusUnleashed.Game.Abstract	C-LINEAGE	9	NexusUnleashed.Game.Abstract\NexusUnleashed.Game.Abstract.Cinematic\ICameraSpline.cs
NexusUnleashed.Game.Abstract\NexusUnleashed.Game.Abstract.Cinematic\ICameraTransition.cs	NexusUnleashed.Game.Abstract	C-LINEAGE	8	NexusUnleashed.Game.Abstract\NexusUnleashed.Game.Abstract.Cinematic\ICameraTransition.cs
NexusUnleashed.Game.Abstract\NexusUnleashed.Game.Abstract.Cinematic\ICinematicBase.cs	NexusUnleashed.Game.Abstract	C-LINEAGE	18	NexusUnleashed.Game.Abstract\NexusUnleashed.Game.Abstract.Cinematic\ICinematicBase.cs
NexusUnleashed.Game.Abstract\NexusUnleashed.Game.Abstract.Cinematic\ICinematicFactory.cs	NexusUnleashed.Game.Abstract	C-LINEAGE	5	NexusUnleashed.Game.Abstract\NexusUnleashed.Game.Abstract.Cinematic\ICinematicFactory.cs
NexusUnleashed.Game.Abstract\NexusUnleashed.Game.Abstract.Cinematic\IFlagsKeyframe.cs	NexusUnleashed.Game.Abstract	C-LINEAGE	5	NexusUnleashed.Game.Abstract\NexusUnleashed.Game.Abstract.Cinematic\IFlagsKeyframe.cs
NexusUnleashed.Game.Abstract\NexusUnleashed.Game.Abstract.Cinematic\IGlobalCinematicManager.cs	NexusUnleashed.Game.Abstract	C-LINEAGE	6	NexusUnleashed.Game.Abstract\NexusUnleashed.Game.Abstract.Cinematic\IGlobalCinematicManager.cs
NexusUnleashed.Game.Abstract\NexusUnleashed.Game.Abstract.Cinematic\IKeyframeAction.cs	NexusUnleashed.Game.Abstract	C-LINEAGE	7	NexusUnleashed.Game.Abstract\NexusUnleashed.Game.Abstract.Cinematic\IKeyframeAction.cs
NexusUnleashed.Game.Abstract\NexusUnleashed.Game.Abstract.Cinematic\ITransition.cs	NexusUnleashed.Game.Abstract	C-LINEAGE	10	NexusUnleashed.Game.Abstract\NexusUnleashed.Game.Abstract.Cinematic\ITransition.cs
NexusUnleashed.Game.Abstract\NexusUnleashed.Game.Abstract.Cinematic\IVisualEffect.cs	NexusUnleashed.Game.Abstract	C-LINEAGE	12	NexusUnleashed.Game.Abstract\NexusUnleashed.Game.Abstract.Cinematic\IVisualEffect.cs
NexusUnleashed.Game.Abstract\NexusUnleashed.Game.Abstract.Cinematic\IVisualEffectEnd.cs	NexusUnleashed.Game.Abstract	C-LINEAGE	5	NexusUnleashed.Game.Abstract\NexusUnleashed.Game.Abstract.Cinematic\IVisualEffectEnd.cs
NexusUnleashed.Game.Abstract\NexusUnleashed.Game.Abstract.Combat.CrowdControl\ICCStateInstance.cs	NexusUnleashed.Game.Abstract	C-MODIFIED	17	NexusUnleashed.Game.Abstract\NexusUnleashed.Game.Abstract.Combat.CrowdControl\ICCStateInstance.cs
NexusUnleashed.Game.Abstract\NexusUnleashed.Game.Abstract.Combat.CrowdControl\ICCStateManager.cs	NexusUnleashed.Game.Abstract	C-MODIFIED	14	NexusUnleashed.Game.Abstract\NexusUnleashed.Game.Abstract.Combat.CrowdControl\ICCStateManager.cs
NexusUnleashed.Game.Abstract\NexusUnleashed.Game.Abstract.Combat\IHostileEntity.cs	NexusUnleashed.Game.Abstract	C-LINEAGE	7	NexusUnleashed.Game.Abstract\NexusUnleashed.Game.Abstract.Combat\IHostileEntity.cs
NexusUnleashed.Game.Abstract\NexusUnleashed.Game.Abstract.Combat\IThreatManager.cs	NexusUnleashed.Game.Abstract	C-LINEAGE	16	NexusUnleashed.Game.Abstract\NexusUnleashed.Game.Abstract.Combat\IThreatManager.cs
NexusUnleashed.Game.Abstract\NexusUnleashed.Game.Abstract.Customisation\ICustomisationInfo.cs	NexusUnleashed.Game.Abstract	C-LINEAGE	11	NexusUnleashed.Game.Abstract\NexusUnleashed.Game.Abstract.Customisation\ICustomisationInfo.cs
NexusUnleashed.Game.Abstract\NexusUnleashed.Game.Abstract.Customisation\ICustomisationInfoCollection.cs	NexusUnleashed.Game.Abstract	C-LINEAGE	9	NexusUnleashed.Game.Abstract\NexusUnleashed.Game.Abstract.Customisation\ICustomisationInfoCollection.cs
NexusUnleashed.Game.Abstract\NexusUnleashed.Game.Abstract.Customisation\ICustomisationLabel.cs	NexusUnleashed.Game.Abstract	C-LINEAGE	8	NexusUnleashed.Game.Abstract\NexusUnleashed.Game.Abstract.Customisation\ICustomisationLabel.cs
NexusUnleashed.Game.Abstract\NexusUnleashed.Game.Abstract.Customisation\ICustomisationManager.cs	NexusUnleashed.Game.Abstract	C-LINEAGE	13	NexusUnleashed.Game.Abstract\NexusUnleashed.Game.Abstract.Customisation\ICustomisationManager.cs
NexusUnleashed.Game.Abstract\NexusUnleashed.Game.Abstract.Customisation\ICustomisationSelection.cs	NexusUnleashed.Game.Abstract	C-LINEAGE	7	NexusUnleashed.Game.Abstract\NexusUnleashed.Game.Abstract.Customisation\ICustomisationSelection.cs
NexusUnleashed.Game.Abstract\NexusUnleashed.Game.Abstract.Entitlement\IEntitlement.cs	NexusUnleashed.Game.Abstract	C-LINEAGE	9	NexusUnleashed.Game.Abstract\NexusUnleashed.Game.Abstract.Entitlement\IEntitlement.cs
NexusUnleashed.Game.Abstract\NexusUnleashed.Game.Abstract.Entitlement\IEntitlementManager.cs	NexusUnleashed.Game.Abstract	C-LINEAGE	10	NexusUnleashed.Game.Abstract\NexusUnleashed.Game.Abstract.Entitlement\IEntitlementManager.cs
NexusUnleashed.Game.Abstract\NexusUnleashed.Game.Abstract.Entity.Creature\ICreatureInfo.cs	NexusUnleashed.Game.Abstract	C-LINEAGE	23	NexusUnleashed.Game.Abstract\NexusUnleashed.Game.Abstract.Entity.Creature\ICreatureInfo.cs
NexusUnleashed.Game.Abstract\NexusUnleashed.Game.Abstract.Entity.Creature\ICreatureInfoManager.cs	NexusUnleashed.Game.Abstract	C-LINEAGE	8	NexusUnleashed.Game.Abstract\NexusUnleashed.Game.Abstract.Entity.Creature\ICreatureInfoManager.cs
NexusUnleashed.Game.Abstract\NexusUnleashed.Game.Abstract.Entity.Creature\ICreatureInfoOverride.cs	NexusUnleashed.Game.Abstract	C-LINEAGE	9	NexusUnleashed.Game.Abstract\NexusUnleashed.Game.Abstract.Entity.Creature\ICreatureInfoOverride.cs
NexusUnleashed.Game.Abstract\NexusUnleashed.Game.Abstract.Entity.Creature\ICreatureInfoProperty.cs	NexusUnleashed.Game.Abstract	C-LINEAGE	8	NexusUnleashed.Game.Abstract\NexusUnleashed.Game.Abstract.Entity.Creature\ICreatureInfoProperty.cs
NexusUnleashed.Game.Abstract\NexusUnleashed.Game.Abstract.Entity.Creature\ICreatureInfoStat.cs	NexusUnleashed.Game.Abstract	C-LINEAGE	8	NexusUnleashed.Game.Abstract\NexusUnleashed.Game.Abstract.Entity.Creature\ICreatureInfoStat.cs
NexusUnleashed.Game.Abstract\NexusUnleashed.Game.Abstract.Entity.Movement.AntiTamper\IClientMovementCommandValidator.cs	NexusUnleashed.Game.Abstract	C-LINEAGE	8	NexusUnleashed.Game.Abstract\NexusUnleashed.Game.Abstract.Entity.Movement.AntiTamper\IClientMovementCommandValidator.cs
NexusUnleashed.Game.Abstract\NexusUnleashed.Game.Abstract.Entity.Movement.Command.Mode\IModeCommand.cs	NexusUnleashed.Game.Abstract	C-LINEAGE	7	NexusUnleashed.Game.Abstract\NexusUnleashed.Game.Abstract.Entity.Movement.Command.Mode\IModeCommand.cs
NexusUnleashed.Game.Abstract\NexusUnleashed.Game.Abstract.Entity.Movement.Command.Mode\IModeCommandGroup.cs	NexusUnleashed.Game.Abstract	C-LINEAGE	12	NexusUnleashed.Game.Abstract\NexusUnleashed.Game.Abstract.Entity.Movement.Command.Mode\IModeCommandGroup.cs
NexusUnleashed.Game.Abstract\NexusUnleashed.Game.Abstract.Entity.Movement.Command.Move\IMoveCommand.cs	NexusUnleashed.Game.Abstract	C-LINEAGE	7	NexusUnleashed.Game.Abstract\NexusUnleashed.Game.Abstract.Entity.Movement.Command.Move\IMoveCommand.cs
NexusUnleashed.Game.Abstract\NexusUnleashed.Game.Abstract.Entity.Movement.Command.Move\IMoveCommandGroup.cs	NexusUnleashed.Game.Abstract	C-LINEAGE	12	NexusUnleashed.Game.Abstract\NexusUnleashed.Game.Abstract.Entity.Movement.Command.Move\IMoveCommandGroup.cs
NexusUnleashed.Game.Abstract\NexusUnleashed.Game.Abstract.Entity.Movement.Command.Platform\IPlatformCommand.cs	NexusUnleashed.Game.Abstract	C-LINEAGE	6	NexusUnleashed.Game.Abstract\NexusUnleashed.Game.Abstract.Entity.Movement.Command.Platform\IPlatformCommand.cs
NexusUnleashed.Game.Abstract\NexusUnleashed.Game.Abstract.Entity.Movement.Command.Platform\IPlatformCommandGroup.cs	NexusUnleashed.Game.Abstract	C-LINEAGE	8	NexusUnleashed.Game.Abstract\NexusUnleashed.Game.Abstract.Entity.Movement.Command.Platform\IPlatformCommandGroup.cs
NexusUnleashed.Game.Abstract\NexusUnleashed.Game.Abstract.Entity.Movement.Command.Position\IPositionCommand.cs	NexusUnleashed.Game.Abstract	C-LINEAGE	8	NexusUnleashed.Game.Abstract\NexusUnleashed.Game.Abstract.Entity.Movement.Command.Position\IPositionCommand.cs
NexusUnleashed.Game.Abstract\NexusUnleashed.Game.Abstract.Entity.Movement.Command.Position\IPositionCommandGroup.cs	NexusUnleashed.Game.Abstract	C-LINEAGE	17	NexusUnleashed.Game.Abstract\NexusUnleashed.Game.Abstract.Entity.Movement.Command.Position\IPositionCommandGroup.cs
NexusUnleashed.Game.Abstract\NexusUnleashed.Game.Abstract.Entity.Movement.Command.Rotation\IRotationCommand.cs	NexusUnleashed.Game.Abstract	C-LINEAGE	7	NexusUnleashed.Game.Abstract\NexusUnleashed.Game.Abstract.Entity.Movement.Command.Rotation\IRotationCommand.cs
NexusUnleashed.Game.Abstract\NexusUnleashed.Game.Abstract.Entity.Movement.Command.Rotation\IRotationCommandGroup.cs	NexusUnleashed.Game.Abstract	C-LINEAGE	19	NexusUnleashed.Game.Abstract\NexusUnleashed.Game.Abstract.Entity.Movement.Command.Rotation\IRotationCommandGroup.cs
NexusUnleashed.Game.Abstract\NexusUnleashed.Game.Abstract.Entity.Movement.Command.Scale\IScaleCommand.cs	NexusUnleashed.Game.Abstract	C-LINEAGE	6	NexusUnleashed.Game.Abstract\NexusUnleashed.Game.Abstract.Entity.Movement.Command.Scale\IScaleCommand.cs
NexusUnleashed.Game.Abstract\NexusUnleashed.Game.Abstract.Entity.Movement.Command.Scale\IScaleCommandGroup.cs	NexusUnleashed.Game.Abstract	C-LINEAGE	10	NexusUnleashed.Game.Abstract\NexusUnleashed.Game.Abstract.Entity.Movement.Command.Scale\IScaleCommandGroup.cs
NexusUnleashed.Game.Abstract\NexusUnleashed.Game.Abstract.Entity.Movement.Command.State\IStateCommand.cs	NexusUnleashed.Game.Abstract	C-LINEAGE	7	NexusUnleashed.Game.Abstract\NexusUnleashed.Game.Abstract.Entity.Movement.Command.State\IStateCommand.cs
NexusUnleashed.Game.Abstract\NexusUnleashed.Game.Abstract.Entity.Movement.Command.State\IStateCommandGroup.cs	NexusUnleashed.Game.Abstract	C-LINEAGE	12	NexusUnleashed.Game.Abstract\NexusUnleashed.Game.Abstract.Entity.Movement.Command.State\IStateCommandGroup.cs
NexusUnleashed.Game.Abstract\NexusUnleashed.Game.Abstract.Entity.Movement.Command.Time\ITimeCommand.cs	NexusUnleashed.Game.Abstract	C-LINEAGE	6	NexusUnleashed.Game.Abstract\NexusUnleashed.Game.Abstract.Entity.Movement.Command.Time\ITimeCommand.cs
NexusUnleashed.Game.Abstract\NexusUnleashed.Game.Abstract.Entity.Movement.Command.Time\ITimeCommandGroup.cs	NexusUnleashed.Game.Abstract	C-LINEAGE	9	NexusUnleashed.Game.Abstract\NexusUnleashed.Game.Abstract.Entity.Movement.Command.Time\ITimeCommandGroup.cs
NexusUnleashed.Game.Abstract\NexusUnleashed.Game.Abstract.Entity.Movement.Command.Velocity\IVelocityCommand.cs	NexusUnleashed.Game.Abstract	C-LINEAGE	7	NexusUnleashed.Game.Abstract\NexusUnleashed.Game.Abstract.Entity.Movement.Command.Velocity\IVelocityCommand.cs
NexusUnleashed.Game.Abstract\NexusUnleashed.Game.Abstract.Entity.Movement.Command.Velocity\IVelocityCommandGroup.cs	NexusUnleashed.Game.Abstract	C-LINEAGE	12	NexusUnleashed.Game.Abstract\NexusUnleashed.Game.Abstract.Entity.Movement.Command.Velocity\IVelocityCommandGroup.cs
NexusUnleashed.Game.Abstract\NexusUnleashed.Game.Abstract.Entity.Movement.Command\IEntityCommand.cs	NexusUnleashed.Game.Abstract	C-LINEAGE	10	NexusUnleashed.Game.Abstract\NexusUnleashed.Game.Abstract.Entity.Movement.Command\IEntityCommand.cs
NexusUnleashed.Game.Abstract\NexusUnleashed.Game.Abstract.Entity.Movement.Command\IEntityCommandGroup.cs	NexusUnleashed.Game.Abstract	C-LINEAGE	11	NexusUnleashed.Game.Abstract\NexusUnleashed.Game.Abstract.Entity.Movement.Command\IEntityCommandGroup.cs
NexusUnleashed.Game.Abstract\NexusUnleashed.Game.Abstract.Entity.Movement.Generator\IDirectMovementGenerator.cs	NexusUnleashed.Game.Abstract	C-LINEAGE	9	NexusUnleashed.Game.Abstract\NexusUnleashed.Game.Abstract.Entity.Movement.Generator\IDirectMovementGenerator.cs
NexusUnleashed.Game.Abstract\NexusUnleashed.Game.Abstract.Entity.Movement.Generator\IMovementGenerator.cs	NexusUnleashed.Game.Abstract	C-LINEAGE	7	NexusUnleashed.Game.Abstract\NexusUnleashed.Game.Abstract.Entity.Movement.Generator\IMovementGenerator.cs
NexusUnleashed.Game.Abstract\NexusUnleashed.Game.Abstract.Entity.Movement.Generator\IPathMovementGenerator.cs	NexusUnleashed.Game.Abstract	C-LINEAGE	9	NexusUnleashed.Game.Abstract\NexusUnleashed.Game.Abstract.Entity.Movement.Generator\IPathMovementGenerator.cs
NexusUnleashed.Game.Abstract\NexusUnleashed.Game.Abstract.Entity.Movement.Generator\IRandomMovementGenerator.cs	NexusUnleashed.Game.Abstract	C-LINEAGE	10	NexusUnleashed.Game.Abstract\NexusUnleashed.Game.Abstract.Entity.Movement.Generator\IRandomMovementGenerator.cs
NexusUnleashed.Game.Abstract\NexusUnleashed.Game.Abstract.Entity.Movement.Spline.Mode\ISplineMode.cs	NexusUnleashed.Game.Abstract	C-LINEAGE	7	NexusUnleashed.Game.Abstract\NexusUnleashed.Game.Abstract.Entity.Movement.Spline.Mode\ISplineMode.cs
NexusUnleashed.Game.Abstract\NexusUnleashed.Game.Abstract.Entity.Movement.Spline.Mode\ISplineModeFactory.cs	NexusUnleashed.Game.Abstract	C-LINEAGE	6	NexusUnleashed.Game.Abstract\NexusUnleashed.Game.Abstract.Entity.Movement.Spline.Mode\ISplineModeFactory.cs
NexusUnleashed.Game.Abstract\NexusUnleashed.Game.Abstract.Entity.Movement.Spline.Mode\ISplineModeInterpolatedOffset.cs	NexusUnleashed.Game.Abstract	C-LINEAGE	8	NexusUnleashed.Game.Abstract\NexusUnleashed.Game.Abstract.Entity.Movement.Spline.Mode\ISplineModeInterpolatedOffset.cs
NexusUnleashed.Game.Abstract\NexusUnleashed.Game.Abstract.Entity.Movement.Spline.Template\ISplineTemplate.cs	NexusUnleashed.Game.Abstract	C-LINEAGE	8	NexusUnleashed.Game.Abstract\NexusUnleashed.Game.Abstract.Entity.Movement.Spline.Template\ISplineTemplate.cs
NexusUnleashed.Game.Abstract\NexusUnleashed.Game.Abstract.Entity.Movement.Spline.Template\ISplineTemplatePath.cs	NexusUnleashed.Game.Abstract	C-LINEAGE	8	NexusUnleashed.Game.Abstract\NexusUnleashed.Game.Abstract.Entity.Movement.Spline.Template\ISplineTemplatePath.cs
NexusUnleashed.Game.Abstract\NexusUnleashed.Game.Abstract.Entity.Movement.Spline.Template\ISplineTemplatePoint.cs	NexusUnleashed.Game.Abstract	C-LINEAGE	9	NexusUnleashed.Game.Abstract\NexusUnleashed.Game.Abstract.Entity.Movement.Spline.Template\ISplineTemplatePoint.cs
NexusUnleashed.Game.Abstract\NexusUnleashed.Game.Abstract.Entity.Movement.Spline.Template\ISplineTemplateTbl.cs	NexusUnleashed.Game.Abstract	C-LINEAGE	5	NexusUnleashed.Game.Abstract\NexusUnleashed.Game.Abstract.Entity.Movement.Spline.Template\ISplineTemplateTbl.cs
NexusUnleashed.Game.Abstract\NexusUnleashed.Game.Abstract.Entity.Movement.Spline.Type\ISplineType.cs	NexusUnleashed.Game.Abstract	C-LINEAGE	13	NexusUnleashed.Game.Abstract\NexusUnleashed.Game.Abstract.Entity.Movement.Spline.Type\ISplineType.cs
NexusUnleashed.Game.Abstract\NexusUnleashed.Game.Abstract.Entity.Movement.Spline.Type\ISplineTypeFactory.cs	NexusUnleashed.Game.Abstract	C-LINEAGE	6	NexusUnleashed.Game.Abstract\NexusUnleashed.Game.Abstract.Entity.Movement.Spline.Type\ISplineTypeFactory.cs
NexusUnleashed.Game.Abstract\NexusUnleashed.Game.Abstract.Entity.Movement.Spline\ISpline.cs	NexusUnleashed.Game.Abstract	C-LINEAGE	22	NexusUnleashed.Game.Abstract\NexusUnleashed.Game.Abstract.Entity.Movement.Spline\ISpline.cs
NexusUnleashed.Game.Abstract\NexusUnleashed.Game.Abstract.Entity.Movement.Spline\ISplinePoint.cs	NexusUnleashed.Game.Abstract	C-LINEAGE	11	NexusUnleashed.Game.Abstract\NexusUnleashed.Game.Abstract.Entity.Movement.Spline\ISplinePoint.cs
NexusUnleashed.Game.Abstract\NexusUnleashed.Game.Abstract.Entity.Movement.Spline\ISplinePointLength.cs	NexusUnleashed.Game.Abstract	C-LINEAGE	7	NexusUnleashed.Game.Abstract\NexusUnleashed.Game.Abstract.Entity.Movement.Spline\ISplinePointLength.cs
NexusUnleashed.Game.Abstract\NexusUnleashed.Game.Abstract.Entity.Movement\IMovementManager.cs	NexusUnleashed.Game.Abstract	C-LINEAGE	71	NexusUnleashed.Game.Abstract\NexusUnleashed.Game.Abstract.Entity.Movement\IMovementManager.cs
NexusUnleashed.Game.Abstract\NexusUnleashed.Game.Abstract.Entity.Stat\IStatUpdateManager.cs	NexusUnleashed.Game.Abstract	C-LINEAGE	11	NexusUnleashed.Game.Abstract\NexusUnleashed.Game.Abstract.Entity.Stat\IStatUpdateManager.cs
NexusUnleashed.Game.Abstract\NexusUnleashed.Game.Abstract.Entity.Stat\IStatUpdater.cs	NexusUnleashed.Game.Abstract	C-LINEAGE	15	NexusUnleashed.Game.Abstract\NexusUnleashed.Game.Abstract.Entity.Stat\IStatUpdater.cs
NexusUnleashed.Game.Abstract\NexusUnleashed.Game.Abstract.Entity.Synchronisation\ISynchronisationTask.cs	NexusUnleashed.Game.Abstract	C-LINEAGE	5	NexusUnleashed.Game.Abstract\NexusUnleashed.Game.Abstract.Entity.Synchronisation\ISynchronisationTask.cs
NexusUnleashed.Game.Abstract\NexusUnleashed.Game.Abstract.Entity.Trigger\IGridTriggerEntity.cs	NexusUnleashed.Game.Abstract	C-LINEAGE	7	NexusUnleashed.Game.Abstract\NexusUnleashed.Game.Abstract.Entity.Trigger\IGridTriggerEntity.cs
NexusUnleashed.Game.Abstract\NexusUnleashed.Game.Abstract.Entity.Trigger\ITurnstileGridTriggerEntity.cs	NexusUnleashed.Game.Abstract	C-LINEAGE	7	NexusUnleashed.Game.Abstract\NexusUnleashed.Game.Abstract.Entity.Trigger\ITurnstileGridTriggerEntity.cs
NexusUnleashed.Game.Abstract\NexusUnleashed.Game.Abstract.Entity.Trigger\IVolumeGridTriggerEntity.cs	NexusUnleashed.Game.Abstract	C-LINEAGE	7	NexusUnleashed.Game.Abstract\NexusUnleashed.Game.Abstract.Entity.Trigger\IVolumeGridTriggerEntity.cs
NexusUnleashed.Game.Abstract\NexusUnleashed.Game.Abstract.Entity.Trigger\IWorldLocationVolumeGridTriggerEntity.cs	NexusUnleashed.Game.Abstract	C-LINEAGE	9	NexusUnleashed.Game.Abstract\NexusUnleashed.Game.Abstract.Entity.Trigger\IWorldLocationVolumeGridTriggerEntity.cs
NexusUnleashed.Game.Abstract\NexusUnleashed.Game.Abstract.Entity\IAiTurretEntity.cs	NexusUnleashed.Game.Abstract	C-LINEAGE	6	NexusUnleashed.Game.Abstract\NexusUnleashed.Game.Abstract.Entity\IAiTurretEntity.cs
NexusUnleashed.Game.Abstract\NexusUnleashed.Game.Abstract.Entity\IAppearance.cs	NexusUnleashed.Game.Abstract	C-LINEAGE	11	NexusUnleashed.Game.Abstract\NexusUnleashed.Game.Abstract.Entity\IAppearance.cs
NexusUnleashed.Game.Abstract\NexusUnleashed.Game.Abstract.Entity\IAppearanceManager.cs	NexusUnleashed.Game.Abstract	C-LINEAGE	11	NexusUnleashed.Game.Abstract\NexusUnleashed.Game.Abstract.Entity\IAppearanceManager.cs
NexusUnleashed.Game.Abstract\NexusUnleashed.Game.Abstract.Entity\IBag.cs	NexusUnleashed.Game.Abstract	C-LINEAGE	20	NexusUnleashed.Game.Abstract\NexusUnleashed.Game.Abstract.Entity\IBag.cs
NexusUnleashed.Game.Abstract\NexusUnleashed.Game.Abstract.Entity\IBindPointEntity.cs	NexusUnleashed.Game.Abstract	C-LINEAGE	6	NexusUnleashed.Game.Abstract\NexusUnleashed.Game.Abstract.Entity\IBindPointEntity.cs
NexusUnleashed.Game.Abstract\NexusUnleashed.Game.Abstract.Entity\IBindPointManager.cs	NexusUnleashed.Game.Abstract	A-AUTHORED	10	
NexusUnleashed.Game.Abstract\NexusUnleashed.Game.Abstract.Entity\IBone.cs	NexusUnleashed.Game.Abstract	C-LINEAGE	10	NexusUnleashed.Game.Abstract\NexusUnleashed.Game.Abstract.Entity\IBone.cs
NexusUnleashed.Game.Abstract\NexusUnleashed.Game.Abstract.Entity\IBuybackInfo.cs	NexusUnleashed.Game.Abstract	C-LINEAGE	10	NexusUnleashed.Game.Abstract\NexusUnleashed.Game.Abstract.Entity\IBuybackInfo.cs
NexusUnleashed.Game.Abstract\NexusUnleashed.Game.Abstract.Entity\IBuybackItem.cs	NexusUnleashed.Game.Abstract	C-LINEAGE	14	NexusUnleashed.Game.Abstract\NexusUnleashed.Game.Abstract.Entity\IBuybackItem.cs
NexusUnleashed.Game.Abstract\NexusUnleashed.Game.Abstract.Entity\IBuybackManager.cs	NexusUnleashed.Game.Abstract	C-LINEAGE	11	NexusUnleashed.Game.Abstract\NexusUnleashed.Game.Abstract.Entity\IBuybackManager.cs
NexusUnleashed.Game.Abstract\NexusUnleashed.Game.Abstract.Entity\ICameraEntity.cs	NexusUnleashed.Game.Abstract	C-LINEAGE	6	NexusUnleashed.Game.Abstract\NexusUnleashed.Game.Abstract.Entity\ICameraEntity.cs
NexusUnleashed.Game.Abstract\NexusUnleashed.Game.Abstract.Entity\ICharacterEntitlement.cs	NexusUnleashed.Game.Abstract	C-LINEAGE	8	NexusUnleashed.Game.Abstract\NexusUnleashed.Game.Abstract.Entity\ICharacterEntitlement.cs
NexusUnleashed.Game.Abstract\NexusUnleashed.Game.Abstract.Entity\ICharacterEntitlementManager.cs	NexusUnleashed.Game.Abstract	C-LINEAGE	8	NexusUnleashed.Game.Abstract\NexusUnleashed.Game.Abstract.Entity\ICharacterEntitlementManager.cs
NexusUnleashed.Game.Abstract\NexusUnleashed.Game.Abstract.Entity\ICharacterKeybindingManager.cs	NexusUnleashed.Game.Abstract	C-LINEAGE	8	NexusUnleashed.Game.Abstract\NexusUnleashed.Game.Abstract.Entity\ICharacterKeybindingManager.cs
NexusUnleashed.Game.Abstract\NexusUnleashed.Game.Abstract.Entity\IChestEntity.cs	NexusUnleashed.Game.Abstract	C-LINEAGE	6	NexusUnleashed.Game.Abstract\NexusUnleashed.Game.Abstract.Entity\IChestEntity.cs
NexusUnleashed.Game.Abstract\NexusUnleashed.Game.Abstract.Entity\ICinematicManager.cs	NexusUnleashed.Game.Abstract	C-LINEAGE	9	NexusUnleashed.Game.Abstract\NexusUnleashed.Game.Abstract.Entity\ICinematicManager.cs
NexusUnleashed.Game.Abstract\NexusUnleashed.Game.Abstract.Entity\ICollectableUnitEntity.cs	NexusUnleashed.Game.Abstract	C-LINEAGE	6	NexusUnleashed.Game.Abstract\NexusUnleashed.Game.Abstract.Entity\ICollectableUnitEntity.cs
NexusUnleashed.Game.Abstract\NexusUnleashed.Game.Abstract.Entity\ICorpseUnitEntity.cs	NexusUnleashed.Game.Abstract	C-LINEAGE	6	NexusUnleashed.Game.Abstract\NexusUnleashed.Game.Abstract.Entity\ICorpseUnitEntity.cs
NexusUnleashed.Game.Abstract\NexusUnleashed.Game.Abstract.Entity\ICostume.cs	NexusUnleashed.Game.Abstract	C-LINEAGE	19	NexusUnleashed.Game.Abstract\NexusUnleashed.Game.Abstract.Entity\ICostume.cs
NexusUnleashed.Game.Abstract\NexusUnleashed.Game.Abstract.Entity\ICostumeItem.cs	NexusUnleashed.Game.Abstract	C-LINEAGE	14	NexusUnleashed.Game.Abstract\NexusUnleashed.Game.Abstract.Entity\ICostumeItem.cs
NexusUnleashed.Game.Abstract\NexusUnleashed.Game.Abstract.Entity\ICostumeManager.cs	NexusUnleashed.Game.Abstract	C-LINEAGE	17	NexusUnleashed.Game.Abstract\NexusUnleashed.Game.Abstract.Entity\ICostumeManager.cs
NexusUnleashed.Game.Abstract\NexusUnleashed.Game.Abstract.Entity\ICreatureEntity.cs	NexusUnleashed.Game.Abstract	C-LINEAGE	13	NexusUnleashed.Game.Abstract\NexusUnleashed.Game.Abstract.Entity\ICreatureEntity.cs
NexusUnleashed.Game.Abstract\NexusUnleashed.Game.Abstract.Entity\ICreatureSpellEntry.cs	NexusUnleashed.Game.Abstract	C-LINEAGE	8	NexusUnleashed.Game.Abstract\NexusUnleashed.Game.Abstract.Entity\ICreatureSpellEntry.cs
NexusUnleashed.Game.Abstract\NexusUnleashed.Game.Abstract.Entity\ICurrency.cs	NexusUnleashed.Game.Abstract	C-LINEAGE	11	NexusUnleashed.Game.Abstract\NexusUnleashed.Game.Abstract.Entity\ICurrency.cs
NexusUnleashed.Game.Abstract\NexusUnleashed.Game.Abstract.Entity\ICurrencyManager.cs	NexusUnleashed.Game.Abstract	C-LINEAGE	13	NexusUnleashed.Game.Abstract\NexusUnleashed.Game.Abstract.Entity\ICurrencyManager.cs
NexusUnleashed.Game.Abstract\NexusUnleashed.Game.Abstract.Entity\ICustomisation.cs	NexusUnleashed.Game.Abstract	C-LINEAGE	10	NexusUnleashed.Game.Abstract\NexusUnleashed.Game.Abstract.Entity\ICustomisation.cs
NexusUnleashed.Game.Abstract\NexusUnleashed.Game.Abstract.Entity\IDatacube.cs	NexusUnleashed.Game.Abstract	C-LINEAGE	11	NexusUnleashed.Game.Abstract\NexusUnleashed.Game.Abstract.Entity\IDatacube.cs
NexusUnleashed.Game.Abstract\NexusUnleashed.Game.Abstract.Entity\IDatacubeManager.cs	NexusUnleashed.Game.Abstract	C-LINEAGE	12	NexusUnleashed.Game.Abstract\NexusUnleashed.Game.Abstract.Entity\IDatacubeManager.cs
NexusUnleashed.Game.Abstract\NexusUnleashed.Game.Abstract.Entity\IDestructibleDoorEntity.cs	NexusUnleashed.Game.Abstract	C-LINEAGE	6	NexusUnleashed.Game.Abstract\NexusUnleashed.Game.Abstract.Entity\IDestructibleDoorEntity.cs
NexusUnleashed.Game.Abstract\NexusUnleashed.Game.Abstract.Entity\IDestructibleEntity.cs	NexusUnleashed.Game.Abstract	C-LINEAGE	6	NexusUnleashed.Game.Abstract\NexusUnleashed.Game.Abstract.Entity\IDestructibleEntity.cs
NexusUnleashed.Game.Abstract\NexusUnleashed.Game.Abstract.Entity\IDoorEntity.cs	NexusUnleashed.Game.Abstract	C-LINEAGE	9	NexusUnleashed.Game.Abstract\NexusUnleashed.Game.Abstract.Entity\IDoorEntity.cs
NexusUnleashed.Game.Abstract\NexusUnleashed.Game.Abstract.Entity\IEntityFactory.cs	NexusUnleashed.Game.Abstract	C-LINEAGE	7	NexusUnleashed.Game.Abstract\NexusUnleashed.Game.Abstract.Entity\IEntityFactory.cs
NexusUnleashed.Game.Abstract\NexusUnleashed.Game.Abstract.Entity\IEntityManager.cs	NexusUnleashed.Game.Abstract	C-LINEAGE	7	NexusUnleashed.Game.Abstract\NexusUnleashed.Game.Abstract.Entity\IEntityManager.cs
NexusUnleashed.Game.Abstract\NexusUnleashed.Game.Abstract.Entity\IEntitySummonFactory.cs	NexusUnleashed.Game.Abstract	C-MODIFIED	22	NexusUnleashed.Game.Abstract\NexusUnleashed.Game.Abstract.Entity\IEntitySummonFactory.cs
NexusUnleashed.Game.Abstract\NexusUnleashed.Game.Abstract.Entity\IEsperPetEntity.cs	NexusUnleashed.Game.Abstract	C-LINEAGE	6	NexusUnleashed.Game.Abstract\NexusUnleashed.Game.Abstract.Entity\IEsperPetEntity.cs
NexusUnleashed.Game.Abstract\NexusUnleashed.Game.Abstract.Entity\IGhostEntity.cs	NexusUnleashed.Game.Abstract	C-LINEAGE	19	NexusUnleashed.Game.Abstract\NexusUnleashed.Game.Abstract.Entity\IGhostEntity.cs
NexusUnleashed.Game.Abstract\NexusUnleashed.Game.Abstract.Entity\IGridEntity.cs	NexusUnleashed.Game.Abstract	C-LINEAGE	40	NexusUnleashed.Game.Abstract\NexusUnleashed.Game.Abstract.Entity\IGridEntity.cs
NexusUnleashed.Game.Abstract\NexusUnleashed.Game.Abstract.Entity\IHarvestUnitEntity.cs	NexusUnleashed.Game.Abstract	C-LINEAGE	6	NexusUnleashed.Game.Abstract\NexusUnleashed.Game.Abstract.Entity\IHarvestUnitEntity.cs
NexusUnleashed.Game.Abstract\NexusUnleashed.Game.Abstract.Entity\IHiddenEntity.cs	NexusUnleashed.Game.Abstract	C-LINEAGE	6	NexusUnleashed.Game.Abstract\NexusUnleashed.Game.Abstract.Entity\IHiddenEntity.cs
NexusUnleashed.Game.Abstract\NexusUnleashed.Game.Abstract.Entity\IHousingHarvestPlugEntity.cs	NexusUnleashed.Game.Abstract	C-LINEAGE	6	NexusUnleashed.Game.Abstract\NexusUnleashed.Game.Abstract.Entity\IHousingHarvestPlugEntity.cs
NexusUnleashed.Game.Abstract\NexusUnleashed.Game.Abstract.Entity\IHousingMannequinEntity.cs	NexusUnleashed.Game.Abstract	C-LINEAGE	6	NexusUnleashed.Game.Abstract\NexusUnleashed.Game.Abstract.Entity\IHousingMannequinEntity.cs
NexusUnleashed.Game.Abstract\NexusUnleashed.Game.Abstract.Entity\IHousingPlantEntity.cs	NexusUnleashed.Game.Abstract	C-LINEAGE	6	NexusUnleashed.Game.Abstract\NexusUnleashed.Game.Abstract.Entity\IHousingPlantEntity.cs
NexusUnleashed.Game.Abstract\NexusUnleashed.Game.Abstract.Entity\IInstancePortalEntity.cs	NexusUnleashed.Game.Abstract	C-LINEAGE	6	NexusUnleashed.Game.Abstract\NexusUnleashed.Game.Abstract.Entity\IInstancePortalEntity.cs
NexusUnleashed.Game.Abstract\NexusUnleashed.Game.Abstract.Entity\IInventory.cs	NexusUnleashed.Game.Abstract	C-LINEAGE	37	NexusUnleashed.Game.Abstract\NexusUnleashed.Game.Abstract.Entity\IInventory.cs
NexusUnleashed.Game.Abstract\NexusUnleashed.Game.Abstract.Entity\IItem.cs	NexusUnleashed.Game.Abstract	C-LINEAGE	25	NexusUnleashed.Game.Abstract\NexusUnleashed.Game.Abstract.Entity\IItem.cs
NexusUnleashed.Game.Abstract\NexusUnleashed.Game.Abstract.Entity\IItemInfo.cs	NexusUnleashed.Game.Abstract	C-LINEAGE	28	NexusUnleashed.Game.Abstract\NexusUnleashed.Game.Abstract.Entity\IItemInfo.cs
NexusUnleashed.Game.Abstract\NexusUnleashed.Game.Abstract.Entity\IItemVisual.cs	NexusUnleashed.Game.Abstract	C-LINEAGE	11	NexusUnleashed.Game.Abstract\NexusUnleashed.Game.Abstract.Entity\IItemVisual.cs
NexusUnleashed.Game.Abstract\NexusUnleashed.Game.Abstract.Entity\ILocation.cs	NexusUnleashed.Game.Abstract	C-LINEAGE	9	NexusUnleashed.Game.Abstract\NexusUnleashed.Game.Abstract.Entity\ILocation.cs
NexusUnleashed.Game.Abstract\NexusUnleashed.Game.Abstract.Entity\ILockboxEntity.cs	NexusUnleashed.Game.Abstract	C-LINEAGE	6	NexusUnleashed.Game.Abstract\NexusUnleashed.Game.Abstract.Entity\ILockboxEntity.cs
NexusUnleashed.Game.Abstract\NexusUnleashed.Game.Abstract.Entity\ILogoutManager.cs	NexusUnleashed.Game.Abstract	C-LINEAGE	13	NexusUnleashed.Game.Abstract\NexusUnleashed.Game.Abstract.Entity\ILogoutManager.cs
NexusUnleashed.Game.Abstract\NexusUnleashed.Game.Abstract.Entity\IMailManager.cs	NexusUnleashed.Game.Abstract	C-MODIFIED	21	NexusUnleashed.Game.Abstract\NexusUnleashed.Game.Abstract.Entity\IMailManager.cs
NexusUnleashed.Game.Abstract\NexusUnleashed.Game.Abstract.Entity\IMailboxEntity.cs	NexusUnleashed.Game.Abstract	C-LINEAGE	6	NexusUnleashed.Game.Abstract\NexusUnleashed.Game.Abstract.Entity\IMailboxEntity.cs
NexusUnleashed.Game.Abstract\NexusUnleashed.Game.Abstract.Entity\IMountEntity.cs	NexusUnleashed.Game.Abstract	C-LINEAGE	14	NexusUnleashed.Game.Abstract\NexusUnleashed.Game.Abstract.Entity\IMountEntity.cs
NexusUnleashed.Game.Abstract\NexusUnleashed.Game.Abstract.Entity\INonPlayerEntity.cs	NexusUnleashed.Game.Abstract	C-LINEAGE	7	NexusUnleashed.Game.Abstract\NexusUnleashed.Game.Abstract.Entity\INonPlayerEntity.cs
NexusUnleashed.Game.Abstract\NexusUnleashed.Game.Abstract.Entity\IPathEntry.cs	NexusUnleashed.Game.Abstract	C-LINEAGE	11	NexusUnleashed.Game.Abstract\NexusUnleashed.Game.Abstract.Entity\IPathEntry.cs
NexusUnleashed.Game.Abstract\NexusUnleashed.Game.Abstract.Entity\IPathManager.cs	NexusUnleashed.Game.Abstract	C-MODIFIED	28	NexusUnleashed.Game.Abstract\NexusUnleashed.Game.Abstract.Entity\IPathManager.cs
NexusUnleashed.Game.Abstract\NexusUnleashed.Game.Abstract.Entity\IPendingTeleport.cs	NexusUnleashed.Game.Abstract	C-LINEAGE	9	NexusUnleashed.Game.Abstract\NexusUnleashed.Game.Abstract.Entity\IPendingTeleport.cs
NexusUnleashed.Game.Abstract\NexusUnleashed.Game.Abstract.Entity\IPetCustomisation.cs	NexusUnleashed.Game.Abstract	C-LINEAGE	16	NexusUnleashed.Game.Abstract\NexusUnleashed.Game.Abstract.Entity\IPetCustomisation.cs
NexusUnleashed.Game.Abstract\NexusUnleashed.Game.Abstract.Entity\IPetCustomisationManager.cs	NexusUnleashed.Game.Abstract	C-LINEAGE	12	NexusUnleashed.Game.Abstract\NexusUnleashed.Game.Abstract.Entity\IPetCustomisationManager.cs
NexusUnleashed.Game.Abstract\NexusUnleashed.Game.Abstract.Entity\IPetEntity.cs	NexusUnleashed.Game.Abstract	C-LINEAGE	10	NexusUnleashed.Game.Abstract\NexusUnleashed.Game.Abstract.Entity\IPetEntity.cs
NexusUnleashed.Game.Abstract\NexusUnleashed.Game.Abstract.Entity\IPetFlair.cs	NexusUnleashed.Game.Abstract	C-LINEAGE	8	NexusUnleashed.Game.Abstract\NexusUnleashed.Game.Abstract.Entity\IPetFlair.cs
NexusUnleashed.Game.Abstract\NexusUnleashed.Game.Abstract.Entity\IPickupEntity.cs	NexusUnleashed.Game.Abstract	C-LINEAGE	6	NexusUnleashed.Game.Abstract\NexusUnleashed.Game.Abstract.Entity\IPickupEntity.cs
NexusUnleashed.Game.Abstract\NexusUnleashed.Game.Abstract.Entity\IPinataLootEntity.cs	NexusUnleashed.Game.Abstract	C-LINEAGE	6	NexusUnleashed.Game.Abstract\NexusUnleashed.Game.Abstract.Entity\IPinataLootEntity.cs
NexusUnleashed.Game.Abstract\NexusUnleashed.Game.Abstract.Entity\IPlatformEntity.cs	NexusUnleashed.Game.Abstract	C-LINEAGE	6	NexusUnleashed.Game.Abstract\NexusUnleashed.Game.Abstract.Entity\IPlatformEntity.cs
NexusUnleashed.Game.Abstract\NexusUnleashed.Game.Abstract.Entity\IPlayer.cs	NexusUnleashed.Game.Abstract	C-LINEAGE	102	NexusUnleashed.Game.Abstract\NexusUnleashed.Game.Abstract.Entity\IPlayer.cs
NexusUnleashed.Game.Abstract\NexusUnleashed.Game.Abstract.Entity\IPlayerManager.cs	NexusUnleashed.Game.Abstract	C-MODIFIED	13	NexusUnleashed.Game.Abstract\NexusUnleashed.Game.Abstract.Entity\IPlayerManager.cs
NexusUnleashed.Game.Abstract\NexusUnleashed.Game.Abstract.Entity\IPlugEntity.cs	NexusUnleashed.Game.Abstract	C-LINEAGE	10	NexusUnleashed.Game.Abstract\NexusUnleashed.Game.Abstract.Entity\IPlugEntity.cs
NexusUnleashed.Game.Abstract\NexusUnleashed.Game.Abstract.Entity\IPropertyModifier.cs	NexusUnleashed.Game.Abstract	C-LINEAGE	8	NexusUnleashed.Game.Abstract\NexusUnleashed.Game.Abstract.Entity\IPropertyModifier.cs
NexusUnleashed.Game.Abstract\NexusUnleashed.Game.Abstract.Entity\IPropertyValue.cs	NexusUnleashed.Game.Abstract	C-LINEAGE	10	NexusUnleashed.Game.Abstract\NexusUnleashed.Game.Abstract.Entity\IPropertyValue.cs
NexusUnleashed.Game.Abstract\NexusUnleashed.Game.Abstract.Entity\IQuestManager.cs	NexusUnleashed.Game.Abstract	C-LINEAGE	32	NexusUnleashed.Game.Abstract\NexusUnleashed.Game.Abstract.Entity\IQuestManager.cs
NexusUnleashed.Game.Abstract\NexusUnleashed.Game.Abstract.Entity\IResidenceEntity.cs	NexusUnleashed.Game.Abstract	C-LINEAGE	6	NexusUnleashed.Game.Abstract\NexusUnleashed.Game.Abstract.Entity\IResidenceEntity.cs
NexusUnleashed.Game.Abstract\NexusUnleashed.Game.Abstract.Entity\IResurrectionManager.cs	NexusUnleashed.Game.Abstract	C-LINEAGE	12	NexusUnleashed.Game.Abstract\NexusUnleashed.Game.Abstract.Entity\IResurrectionManager.cs
NexusUnleashed.Game.Abstract\NexusUnleashed.Game.Abstract.Entity\IScannerUnitEntity.cs	NexusUnleashed.Game.Abstract	C-LINEAGE	6	NexusUnleashed.Game.Abstract\NexusUnleashed.Game.Abstract.Entity\IScannerUnitEntity.cs
NexusUnleashed.Game.Abstract\NexusUnleashed.Game.Abstract.Entity\ISimpleCollidableEntity.cs	NexusUnleashed.Game.Abstract	C-LINEAGE	6	NexusUnleashed.Game.Abstract\NexusUnleashed.Game.Abstract.Entity\ISimpleCollidableEntity.cs
NexusUnleashed.Game.Abstract\NexusUnleashed.Game.Abstract.Entity\ISimpleEntity.cs	NexusUnleashed.Game.Abstract	C-LINEAGE	7	NexusUnleashed.Game.Abstract\NexusUnleashed.Game.Abstract.Entity\ISimpleEntity.cs
NexusUnleashed.Game.Abstract\NexusUnleashed.Game.Abstract.Entity\ISpellManager.cs	NexusUnleashed.Game.Abstract	C-LINEAGE	42	NexusUnleashed.Game.Abstract\NexusUnleashed.Game.Abstract.Entity\ISpellManager.cs
NexusUnleashed.Game.Abstract\NexusUnleashed.Game.Abstract.Entity\ISpellPropertyModifier.cs	NexusUnleashed.Game.Abstract	C-LINEAGE	10	NexusUnleashed.Game.Abstract\NexusUnleashed.Game.Abstract.Entity\ISpellPropertyModifier.cs
NexusUnleashed.Game.Abstract\NexusUnleashed.Game.Abstract.Entity\IStatValue.cs	NexusUnleashed.Game.Abstract	C-LINEAGE	11	NexusUnleashed.Game.Abstract\NexusUnleashed.Game.Abstract.Entity\IStatValue.cs
NexusUnleashed.Game.Abstract\NexusUnleashed.Game.Abstract.Entity\IStructuredPlugEntity.cs	NexusUnleashed.Game.Abstract	C-LINEAGE	6	NexusUnleashed.Game.Abstract\NexusUnleashed.Game.Abstract.Entity\IStructuredPlugEntity.cs
NexusUnleashed.Game.Abstract\NexusUnleashed.Game.Abstract.Entity\ISupplySatchelManager.cs	NexusUnleashed.Game.Abstract	C-MODIFIED	19	NexusUnleashed.Game.Abstract\NexusUnleashed.Game.Abstract.Entity\ISupplySatchelManager.cs
NexusUnleashed.Game.Abstract\NexusUnleashed.Game.Abstract.Entity\ITaxiEntity.cs	NexusUnleashed.Game.Abstract	C-LINEAGE	6	NexusUnleashed.Game.Abstract\NexusUnleashed.Game.Abstract.Entity\ITaxiEntity.cs
NexusUnleashed.Game.Abstract\NexusUnleashed.Game.Abstract.Entity\ITitle.cs	NexusUnleashed.Game.Abstract	C-LINEAGE	11	NexusUnleashed.Game.Abstract\NexusUnleashed.Game.Abstract.Entity\ITitle.cs
NexusUnleashed.Game.Abstract\NexusUnleashed.Game.Abstract.Entity\ITitleManager.cs	NexusUnleashed.Game.Abstract	C-LINEAGE	15	NexusUnleashed.Game.Abstract\NexusUnleashed.Game.Abstract.Entity\ITitleManager.cs
NexusUnleashed.Game.Abstract\NexusUnleashed.Game.Abstract.Entity\ITradeskillManager.cs	NexusUnleashed.Game.Abstract	C-LINEAGE	14	NexusUnleashed.Game.Abstract\NexusUnleashed.Game.Abstract.Entity\ITradeskillManager.cs
NexusUnleashed.Game.Abstract\NexusUnleashed.Game.Abstract.Entity\ITradeskillMaterial.cs	NexusUnleashed.Game.Abstract	C-LINEAGE	10	NexusUnleashed.Game.Abstract\NexusUnleashed.Game.Abstract.Entity\ITradeskillMaterial.cs
NexusUnleashed.Game.Abstract\NexusUnleashed.Game.Abstract.Entity\ITrapEntity.cs	NexusUnleashed.Game.Abstract	C-LINEAGE	6	NexusUnleashed.Game.Abstract\NexusUnleashed.Game.Abstract.Entity\ITrapEntity.cs
NexusUnleashed.Game.Abstract\NexusUnleashed.Game.Abstract.Entity\ITriggerEntity.cs	NexusUnleashed.Game.Abstract	C-LINEAGE	6	NexusUnleashed.Game.Abstract\NexusUnleashed.Game.Abstract.Entity\ITriggerEntity.cs
NexusUnleashed.Game.Abstract\NexusUnleashed.Game.Abstract.Entity\IUnitEntity.cs	NexusUnleashed.Game.Abstract	C-MODIFIED	73	NexusUnleashed.Game.Abstract\NexusUnleashed.Game.Abstract.Entity\IUnitEntity.cs
NexusUnleashed.Game.Abstract\NexusUnleashed.Game.Abstract.Entity\IVehicleEntity.cs	NexusUnleashed.Game.Abstract	C-LINEAGE	17	NexusUnleashed.Game.Abstract\NexusUnleashed.Game.Abstract.Entity\IVehicleEntity.cs
NexusUnleashed.Game.Abstract\NexusUnleashed.Game.Abstract.Entity\IVehiclePassenger.cs	NexusUnleashed.Game.Abstract	C-LINEAGE	8	NexusUnleashed.Game.Abstract\NexusUnleashed.Game.Abstract.Entity\IVehiclePassenger.cs
NexusUnleashed.Game.Abstract\NexusUnleashed.Game.Abstract.Entity\IVendorInfo.cs	NexusUnleashed.Game.Abstract	C-LINEAGE	14	NexusUnleashed.Game.Abstract\NexusUnleashed.Game.Abstract.Entity\IVendorInfo.cs
NexusUnleashed.Game.Abstract\NexusUnleashed.Game.Abstract.Entity\IVendorItemPurchaseCost.cs	NexusUnleashed.Game.Abstract	C-LINEAGE	11	NexusUnleashed.Game.Abstract\NexusUnleashed.Game.Abstract.Entity\IVendorItemPurchaseCost.cs
NexusUnleashed.Game.Abstract\NexusUnleashed.Game.Abstract.Entity\IWorldEntity.cs	NexusUnleashed.Game.Abstract	C-MODIFIED	105	NexusUnleashed.Game.Abstract\NexusUnleashed.Game.Abstract.Entity\IWorldEntity.cs
NexusUnleashed.Game.Abstract\NexusUnleashed.Game.Abstract.Entity\IWorldUnitEntity.cs	NexusUnleashed.Game.Abstract	C-LINEAGE	6	NexusUnleashed.Game.Abstract\NexusUnleashed.Game.Abstract.Entity\IWorldUnitEntity.cs
NexusUnleashed.Game.Abstract\NexusUnleashed.Game.Abstract.Entity\IXpManager.cs	NexusUnleashed.Game.Abstract	C-LINEAGE	10	NexusUnleashed.Game.Abstract\NexusUnleashed.Game.Abstract.Entity\IXpManager.cs
NexusUnleashed.Game.Abstract\NexusUnleashed.Game.Abstract.Group\GroupLootMember.cs	NexusUnleashed.Game.Abstract	C-LINEAGE	6	NexusUnleashed.Game.Abstract\NexusUnleashed.Game.Abstract.Group\GroupLootMember.cs
NexusUnleashed.Game.Abstract\NexusUnleashed.Game.Abstract.Group\GroupLootState.cs	NexusUnleashed.Game.Abstract	C-LINEAGE	49	NexusUnleashed.Game.Abstract\NexusUnleashed.Game.Abstract.Group\GroupLootState.cs
NexusUnleashed.Game.Abstract\NexusUnleashed.Game.Abstract.Group\IGroupStateManager.cs	NexusUnleashed.Game.Abstract	C-LINEAGE	15	NexusUnleashed.Game.Abstract\NexusUnleashed.Game.Abstract.Group\IGroupStateManager.cs
NexusUnleashed.Game.Abstract\NexusUnleashed.Game.Abstract.Guild\IArenaTeam.cs	NexusUnleashed.Game.Abstract	C-LINEAGE	11	NexusUnleashed.Game.Abstract\NexusUnleashed.Game.Abstract.Guild\IArenaTeam.cs
NexusUnleashed.Game.Abstract\NexusUnleashed.Game.Abstract.Guild\ICircle.cs	NexusUnleashed.Game.Abstract	C-LINEAGE	9	NexusUnleashed.Game.Abstract\NexusUnleashed.Game.Abstract.Guild\ICircle.cs
NexusUnleashed.Game.Abstract\NexusUnleashed.Game.Abstract.Guild\ICommunity.cs	NexusUnleashed.Game.Abstract	C-LINEAGE	12	NexusUnleashed.Game.Abstract\NexusUnleashed.Game.Abstract.Guild\ICommunity.cs
NexusUnleashed.Game.Abstract\NexusUnleashed.Game.Abstract.Guild\IGlobalGuildManager.cs	NexusUnleashed.Game.Abstract	C-LINEAGE	23	NexusUnleashed.Game.Abstract\NexusUnleashed.Game.Abstract.Guild\IGlobalGuildManager.cs
NexusUnleashed.Game.Abstract\NexusUnleashed.Game.Abstract.Guild\IGuild.cs	NexusUnleashed.Game.Abstract	C-LINEAGE	16	NexusUnleashed.Game.Abstract\NexusUnleashed.Game.Abstract.Guild\IGuild.cs
NexusUnleashed.Game.Abstract\NexusUnleashed.Game.Abstract.Guild\IGuildBase.cs	NexusUnleashed.Game.Abstract	C-LINEAGE	38	NexusUnleashed.Game.Abstract\NexusUnleashed.Game.Abstract.Guild\IGuildBase.cs
NexusUnleashed.Game.Abstract\NexusUnleashed.Game.Abstract.Guild\IGuildFactory.cs	NexusUnleashed.Game.Abstract	C-LINEAGE	8	NexusUnleashed.Game.Abstract\NexusUnleashed.Game.Abstract.Guild\IGuildFactory.cs
NexusUnleashed.Game.Abstract\NexusUnleashed.Game.Abstract.Guild\IGuildInvite.cs	NexusUnleashed.Game.Abstract	C-LINEAGE	6	NexusUnleashed.Game.Abstract\NexusUnleashed.Game.Abstract.Guild\IGuildInvite.cs
NexusUnleashed.Game.Abstract\NexusUnleashed.Game.Abstract.Guild\IGuildManager.cs	NexusUnleashed.Game.Abstract	C-LINEAGE	33	NexusUnleashed.Game.Abstract\NexusUnleashed.Game.Abstract.Guild\IGuildManager.cs
NexusUnleashed.Game.Abstract\NexusUnleashed.Game.Abstract.Guild\IGuildMember.cs	NexusUnleashed.Game.Abstract	C-LINEAGE	14	NexusUnleashed.Game.Abstract\NexusUnleashed.Game.Abstract.Guild\IGuildMember.cs
NexusUnleashed.Game.Abstract\NexusUnleashed.Game.Abstract.Guild\IGuildRank.cs	NexusUnleashed.Game.Abstract	C-LINEAGE	24	NexusUnleashed.Game.Abstract\NexusUnleashed.Game.Abstract.Guild\IGuildRank.cs
NexusUnleashed.Game.Abstract\NexusUnleashed.Game.Abstract.Guild\IGuildResultInfo.cs	NexusUnleashed.Game.Abstract	C-LINEAGE	9	NexusUnleashed.Game.Abstract\NexusUnleashed.Game.Abstract.Guild\IGuildResultInfo.cs
NexusUnleashed.Game.Abstract\NexusUnleashed.Game.Abstract.Guild\IGuildStandard.cs	NexusUnleashed.Game.Abstract	C-LINEAGE	10	NexusUnleashed.Game.Abstract\NexusUnleashed.Game.Abstract.Guild\IGuildStandard.cs
NexusUnleashed.Game.Abstract\NexusUnleashed.Game.Abstract.Guild\IGuildStandardPart.cs	NexusUnleashed.Game.Abstract	C-LINEAGE	14	NexusUnleashed.Game.Abstract\NexusUnleashed.Game.Abstract.Guild\IGuildStandardPart.cs
NexusUnleashed.Game.Abstract\NexusUnleashed.Game.Abstract.Guild\IWarParty.cs	NexusUnleashed.Game.Abstract	C-LINEAGE	9	NexusUnleashed.Game.Abstract\NexusUnleashed.Game.Abstract.Guild\IWarParty.cs
NexusUnleashed.Game.Abstract\NexusUnleashed.Game.Abstract.Housing\IDecor.cs	NexusUnleashed.Game.Abstract	C-LINEAGE	24	NexusUnleashed.Game.Abstract\NexusUnleashed.Game.Abstract.Housing\IDecor.cs
NexusUnleashed.Game.Abstract\NexusUnleashed.Game.Abstract.Housing\IGlobalResidenceManager.cs	NexusUnleashed.Game.Abstract	C-LINEAGE	28	NexusUnleashed.Game.Abstract\NexusUnleashed.Game.Abstract.Housing\IGlobalResidenceManager.cs
NexusUnleashed.Game.Abstract\NexusUnleashed.Game.Abstract.Housing\IPlot.cs	NexusUnleashed.Game.Abstract	C-LINEAGE	19	NexusUnleashed.Game.Abstract\NexusUnleashed.Game.Abstract.Housing\IPlot.cs
NexusUnleashed.Game.Abstract\NexusUnleashed.Game.Abstract.Housing\IPublicCommunity.cs	NexusUnleashed.Game.Abstract	C-LINEAGE	7	NexusUnleashed.Game.Abstract\NexusUnleashed.Game.Abstract.Housing\IPublicCommunity.cs
NexusUnleashed.Game.Abstract\NexusUnleashed.Game.Abstract.Housing\IPublicResidence.cs	NexusUnleashed.Game.Abstract	C-LINEAGE	7	NexusUnleashed.Game.Abstract\NexusUnleashed.Game.Abstract.Housing\IPublicResidence.cs
NexusUnleashed.Game.Abstract\NexusUnleashed.Game.Abstract.Housing\IResidence.cs	NexusUnleashed.Game.Abstract	C-LINEAGE	52	NexusUnleashed.Game.Abstract\NexusUnleashed.Game.Abstract.Housing\IResidence.cs
NexusUnleashed.Game.Abstract\NexusUnleashed.Game.Abstract.Housing\IResidenceChild.cs	NexusUnleashed.Game.Abstract	C-LINEAGE	8	NexusUnleashed.Game.Abstract\NexusUnleashed.Game.Abstract.Housing\IResidenceChild.cs
NexusUnleashed.Game.Abstract\NexusUnleashed.Game.Abstract.Housing\IResidenceEntrance.cs	NexusUnleashed.Game.Abstract	C-LINEAGE	9	NexusUnleashed.Game.Abstract\NexusUnleashed.Game.Abstract.Housing\IResidenceEntrance.cs
NexusUnleashed.Game.Abstract\NexusUnleashed.Game.Abstract.Housing\IResidenceManager.cs	NexusUnleashed.Game.Abstract	C-LINEAGE	13	NexusUnleashed.Game.Abstract\NexusUnleashed.Game.Abstract.Housing\IResidenceManager.cs
NexusUnleashed.Game.Abstract\NexusUnleashed.Game.Abstract.Loot\IGlobalLootManager.cs	NexusUnleashed.Game.Abstract	C-LINEAGE	19	NexusUnleashed.Game.Abstract\NexusUnleashed.Game.Abstract.Loot\IGlobalLootManager.cs
NexusUnleashed.Game.Abstract\NexusUnleashed.Game.Abstract.Loot\ILootGroup.cs	NexusUnleashed.Game.Abstract	C-LINEAGE	11	NexusUnleashed.Game.Abstract\NexusUnleashed.Game.Abstract.Loot\ILootGroup.cs
NexusUnleashed.Game.Abstract\NexusUnleashed.Game.Abstract.Loot\ILootInstance.cs	NexusUnleashed.Game.Abstract	C-LINEAGE	18	NexusUnleashed.Game.Abstract\NexusUnleashed.Game.Abstract.Loot\ILootInstance.cs
NexusUnleashed.Game.Abstract\NexusUnleashed.Game.Abstract.Loot\ILootInstanceItem.cs	NexusUnleashed.Game.Abstract	C-LINEAGE	23	NexusUnleashed.Game.Abstract\NexusUnleashed.Game.Abstract.Loot\ILootInstanceItem.cs
NexusUnleashed.Game.Abstract\NexusUnleashed.Game.Abstract.Loot\ILootItem.cs	NexusUnleashed.Game.Abstract	C-LINEAGE	8	NexusUnleashed.Game.Abstract\NexusUnleashed.Game.Abstract.Loot\ILootItem.cs
NexusUnleashed.Game.Abstract\NexusUnleashed.Game.Abstract.Mail\IMailAttachment.cs	NexusUnleashed.Game.Abstract	C-LINEAGE	12	NexusUnleashed.Game.Abstract\NexusUnleashed.Game.Abstract.Mail\IMailAttachment.cs
NexusUnleashed.Game.Abstract\NexusUnleashed.Game.Abstract.Mail\IMailItem.cs	NexusUnleashed.Game.Abstract	C-LINEAGE	38	NexusUnleashed.Game.Abstract\NexusUnleashed.Game.Abstract.Mail\IMailItem.cs
NexusUnleashed.Game.Abstract\NexusUnleashed.Game.Abstract.Mail\IMailParameters.cs	NexusUnleashed.Game.Abstract	C-LINEAGE	16	NexusUnleashed.Game.Abstract\NexusUnleashed.Game.Abstract.Mail\IMailParameters.cs
NexusUnleashed.Game.Abstract\NexusUnleashed.Game.Abstract.Map.Instance\IContentMapInstance.cs	NexusUnleashed.Game.Abstract	C-LINEAGE	10	NexusUnleashed.Game.Abstract\NexusUnleashed.Game.Abstract.Map.Instance\IContentMapInstance.cs
NexusUnleashed.Game.Abstract\NexusUnleashed.Game.Abstract.Map.Instance\IContentPvpMapInstance.cs	NexusUnleashed.Game.Abstract	C-LINEAGE	8	NexusUnleashed.Game.Abstract\NexusUnleashed.Game.Abstract.Map.Instance\IContentPvpMapInstance.cs
NexusUnleashed.Game.Abstract\NexusUnleashed.Game.Abstract.Map.Instance\IInstancedMap.cs	NexusUnleashed.Game.Abstract	C-LINEAGE	6	NexusUnleashed.Game.Abstract\NexusUnleashed.Game.Abstract.Map.Instance\IInstancedMap.cs
NexusUnleashed.Game.Abstract\NexusUnleashed.Game.Abstract.Map.Instance\IMapInstance.cs	NexusUnleashed.Game.Abstract	C-LINEAGE	20	NexusUnleashed.Game.Abstract\NexusUnleashed.Game.Abstract.Map.Instance\IMapInstance.cs
NexusUnleashed.Game.Abstract\NexusUnleashed.Game.Abstract.Map.Instance\IMapInstanceRemoval.cs	NexusUnleashed.Game.Abstract	C-LINEAGE	9	NexusUnleashed.Game.Abstract\NexusUnleashed.Game.Abstract.Map.Instance\IMapInstanceRemoval.cs
NexusUnleashed.Game.Abstract\NexusUnleashed.Game.Abstract.Map.Instance\IResidenceMapInstance.cs	NexusUnleashed.Game.Abstract	C-MODIFIED	23	NexusUnleashed.Game.Abstract\NexusUnleashed.Game.Abstract.Map.Instance\IResidenceMapInstance.cs
NexusUnleashed.Game.Abstract\NexusUnleashed.Game.Abstract.Map.Lock\IMapLock.cs	NexusUnleashed.Game.Abstract	C-LINEAGE	12	NexusUnleashed.Game.Abstract\NexusUnleashed.Game.Abstract.Map.Lock\IMapLock.cs
NexusUnleashed.Game.Abstract\NexusUnleashed.Game.Abstract.Map.Lock\IMapLockCollection.cs	NexusUnleashed.Game.Abstract	C-LINEAGE	9	NexusUnleashed.Game.Abstract\NexusUnleashed.Game.Abstract.Map.Lock\IMapLockCollection.cs
NexusUnleashed.Game.Abstract\NexusUnleashed.Game.Abstract.Map.Lock\IMapLockManager.cs	NexusUnleashed.Game.Abstract	C-LINEAGE	14	NexusUnleashed.Game.Abstract\NexusUnleashed.Game.Abstract.Map.Lock\IMapLockManager.cs
NexusUnleashed.Game.Abstract\NexusUnleashed.Game.Abstract.Map.Search\ISearchCheck.cs	NexusUnleashed.Game.Abstract	C-LINEAGE	6	NexusUnleashed.Game.Abstract\NexusUnleashed.Game.Abstract.Map.Search\ISearchCheck.cs
NexusUnleashed.Game.Abstract\NexusUnleashed.Game.Abstract.Map.Search\ISearchCheckSpellTargetImplicit.cs	NexusUnleashed.Game.Abstract	C-LINEAGE	8	NexusUnleashed.Game.Abstract\NexusUnleashed.Game.Abstract.Map.Search\ISearchCheckSpellTargetImplicit.cs
NexusUnleashed.Game.Abstract\NexusUnleashed.Game.Abstract.Map.Search\ISearchCheckTelegraph.cs	NexusUnleashed.Game.Abstract	C-LINEAGE	7	NexusUnleashed.Game.Abstract\NexusUnleashed.Game.Abstract.Map.Search\ISearchCheckTelegraph.cs
NexusUnleashed.Game.Abstract\NexusUnleashed.Game.Abstract.Map\IBaseMap.cs	NexusUnleashed.Game.Abstract	C-LINEAGE	30	NexusUnleashed.Game.Abstract\NexusUnleashed.Game.Abstract.Map\IBaseMap.cs
NexusUnleashed.Game.Abstract\NexusUnleashed.Game.Abstract.Map\IEntityCache.cs	NexusUnleashed.Game.Abstract	C-LINEAGE	11	NexusUnleashed.Game.Abstract\NexusUnleashed.Game.Abstract.Map\IEntityCache.cs
NexusUnleashed.Game.Abstract\NexusUnleashed.Game.Abstract.Map\IEntityCacheManager.cs	NexusUnleashed.Game.Abstract	C-LINEAGE	6	NexusUnleashed.Game.Abstract\NexusUnleashed.Game.Abstract.Map\IEntityCacheManager.cs
NexusUnleashed.Game.Abstract\NexusUnleashed.Game.Abstract.Map\IGridAction.cs	NexusUnleashed.Game.Abstract	C-LINEAGE	6	NexusUnleashed.Game.Abstract\NexusUnleashed.Game.Abstract.Map\IGridAction.cs
NexusUnleashed.Game.Abstract\NexusUnleashed.Game.Abstract.Map\IGridActionAdd.cs	NexusUnleashed.Game.Abstract	C-LINEAGE	7	NexusUnleashed.Game.Abstract\NexusUnleashed.Game.Abstract.Map\IGridActionAdd.cs
NexusUnleashed.Game.Abstract\NexusUnleashed.Game.Abstract.Map\IGridActionPending.cs	NexusUnleashed.Game.Abstract	C-LINEAGE	6	NexusUnleashed.Game.Abstract\NexusUnleashed.Game.Abstract.Map\IGridActionPending.cs
NexusUnleashed.Game.Abstract\NexusUnleashed.Game.Abstract.Map\IGridActionRelocate.cs	NexusUnleashed.Game.Abstract	C-LINEAGE	6	NexusUnleashed.Game.Abstract\NexusUnleashed.Game.Abstract.Map\IGridActionRelocate.cs
NexusUnleashed.Game.Abstract\NexusUnleashed.Game.Abstract.Map\IGridActionRemove.cs	NexusUnleashed.Game.Abstract	C-LINEAGE	4	NexusUnleashed.Game.Abstract\NexusUnleashed.Game.Abstract.Map\IGridActionRemove.cs
NexusUnleashed.Game.Abstract\NexusUnleashed.Game.Abstract.Map\IMap.cs	NexusUnleashed.Game.Abstract	C-LINEAGE	14	NexusUnleashed.Game.Abstract\NexusUnleashed.Game.Abstract.Map\IMap.cs
NexusUnleashed.Game.Abstract\NexusUnleashed.Game.Abstract.Map\IMapCell.cs	NexusUnleashed.Game.Abstract	C-LINEAGE	14	NexusUnleashed.Game.Abstract\NexusUnleashed.Game.Abstract.Map\IMapCell.cs
NexusUnleashed.Game.Abstract\NexusUnleashed.Game.Abstract.Map\IMapFactory.cs	NexusUnleashed.Game.Abstract	C-LINEAGE	6	NexusUnleashed.Game.Abstract\NexusUnleashed.Game.Abstract.Map\IMapFactory.cs
NexusUnleashed.Game.Abstract\NexusUnleashed.Game.Abstract.Map\IMapGrid.cs	NexusUnleashed.Game.Abstract	C-LINEAGE	19	NexusUnleashed.Game.Abstract\NexusUnleashed.Game.Abstract.Map\IMapGrid.cs
NexusUnleashed.Game.Abstract\NexusUnleashed.Game.Abstract.Map\IMapIOManager.cs	NexusUnleashed.Game.Abstract	C-LINEAGE	8	NexusUnleashed.Game.Abstract\NexusUnleashed.Game.Abstract.Map\IMapIOManager.cs
NexusUnleashed.Game.Abstract\NexusUnleashed.Game.Abstract.Map\IMapInfo.cs	NexusUnleashed.Game.Abstract	C-LINEAGE	8	NexusUnleashed.Game.Abstract\NexusUnleashed.Game.Abstract.Map\IMapInfo.cs
NexusUnleashed.Game.Abstract\NexusUnleashed.Game.Abstract.Map\IMapManager.cs	NexusUnleashed.Game.Abstract	C-LINEAGE	13	NexusUnleashed.Game.Abstract\NexusUnleashed.Game.Abstract.Map\IMapManager.cs
NexusUnleashed.Game.Abstract\NexusUnleashed.Game.Abstract.Map\IMapPosition.cs	NexusUnleashed.Game.Abstract	C-LINEAGE	7	NexusUnleashed.Game.Abstract\NexusUnleashed.Game.Abstract.Map\IMapPosition.cs
NexusUnleashed.Game.Abstract\NexusUnleashed.Game.Abstract.Map\IQueuedCounter.cs	NexusUnleashed.Game.Abstract	C-LINEAGE	6	NexusUnleashed.Game.Abstract\NexusUnleashed.Game.Abstract.Map\IQueuedCounter.cs
NexusUnleashed.Game.Abstract\NexusUnleashed.Game.Abstract.Map\IZoneMap.cs	NexusUnleashed.Game.Abstract	C-LINEAGE	10	NexusUnleashed.Game.Abstract\NexusUnleashed.Game.Abstract.Map\IZoneMap.cs
NexusUnleashed.Game.Abstract\NexusUnleashed.Game.Abstract.Map\IZoneMapCoordinate.cs	NexusUnleashed.Game.Abstract	C-LINEAGE	6	NexusUnleashed.Game.Abstract\NexusUnleashed.Game.Abstract.Map\IZoneMapCoordinate.cs
NexusUnleashed.Game.Abstract\NexusUnleashed.Game.Abstract.Map\IZoneMapManager.cs	NexusUnleashed.Game.Abstract	C-LINEAGE	11	NexusUnleashed.Game.Abstract\NexusUnleashed.Game.Abstract.Map\IZoneMapManager.cs
NexusUnleashed.Game.Abstract\NexusUnleashed.Game.Abstract.Map\OnAddDelegate.cs	NexusUnleashed.Game.Abstract	C-LINEAGE	3	NexusUnleashed.Game.Abstract\NexusUnleashed.Game.Abstract.Map\OnAddDelegate.cs
NexusUnleashed.Game.Abstract\NexusUnleashed.Game.Abstract.Map\OnExceptionDelegate.cs	NexusUnleashed.Game.Abstract	C-LINEAGE	3	NexusUnleashed.Game.Abstract\NexusUnleashed.Game.Abstract.Map\OnExceptionDelegate.cs
NexusUnleashed.Game.Abstract\NexusUnleashed.Game.Abstract.Map\OnGenericErrorDelegate.cs	NexusUnleashed.Game.Abstract	C-LINEAGE	3	NexusUnleashed.Game.Abstract\NexusUnleashed.Game.Abstract.Map\OnGenericErrorDelegate.cs
NexusUnleashed.Game.Abstract\NexusUnleashed.Game.Abstract.Map\OnRelocateDelegate.cs	NexusUnleashed.Game.Abstract	C-LINEAGE	3	NexusUnleashed.Game.Abstract\NexusUnleashed.Game.Abstract.Map\OnRelocateDelegate.cs
NexusUnleashed.Game.Abstract\NexusUnleashed.Game.Abstract.Map\OnRemoveDelegate.cs	NexusUnleashed.Game.Abstract	C-LINEAGE	2	NexusUnleashed.Game.Abstract\NexusUnleashed.Game.Abstract.Map\OnRemoveDelegate.cs
NexusUnleashed.Game.Abstract\NexusUnleashed.Game.Abstract.Marketplace\IGlobalMarketplaceManager.cs	NexusUnleashed.Game.Abstract	A-AUTHORED	29	
NexusUnleashed.Game.Abstract\NexusUnleashed.Game.Abstract.Matching.Match\IMatch.cs	NexusUnleashed.Game.Abstract	C-LINEAGE	26	NexusUnleashed.Game.Abstract\NexusUnleashed.Game.Abstract.Matching.Match\IMatch.cs
NexusUnleashed.Game.Abstract\NexusUnleashed.Game.Abstract.Matching.Match\IMatchCharacter.cs	NexusUnleashed.Game.Abstract	C-LINEAGE	12	NexusUnleashed.Game.Abstract\NexusUnleashed.Game.Abstract.Matching.Match\IMatchCharacter.cs
NexusUnleashed.Game.Abstract\NexusUnleashed.Game.Abstract.Matching.Match\IMatchFactory.cs	NexusUnleashed.Game.Abstract	C-LINEAGE	6	NexusUnleashed.Game.Abstract\NexusUnleashed.Game.Abstract.Matching.Match\IMatchFactory.cs
NexusUnleashed.Game.Abstract\NexusUnleashed.Game.Abstract.Matching.Match\IMatchManager.cs	NexusUnleashed.Game.Abstract	C-LINEAGE	13	NexusUnleashed.Game.Abstract\NexusUnleashed.Game.Abstract.Matching.Match\IMatchManager.cs
NexusUnleashed.Game.Abstract\NexusUnleashed.Game.Abstract.Matching.Match\IMatchProposal.cs	NexusUnleashed.Game.Abstract	C-LINEAGE	17	NexusUnleashed.Game.Abstract\NexusUnleashed.Game.Abstract.Matching.Match\IMatchProposal.cs
NexusUnleashed.Game.Abstract\NexusUnleashed.Game.Abstract.Matching.Match\IMatchProposalTeam.cs	NexusUnleashed.Game.Abstract	C-LINEAGE	15	NexusUnleashed.Game.Abstract\NexusUnleashed.Game.Abstract.Matching.Match\IMatchProposalTeam.cs
NexusUnleashed.Game.Abstract\NexusUnleashed.Game.Abstract.Matching.Match\IMatchProposalTeamMember.cs	NexusUnleashed.Game.Abstract	C-LINEAGE	9	NexusUnleashed.Game.Abstract\NexusUnleashed.Game.Abstract.Matching.Match\IMatchProposalTeamMember.cs
NexusUnleashed.Game.Abstract\NexusUnleashed.Game.Abstract.Matching.Match\IMatchTeam.cs	NexusUnleashed.Game.Abstract	C-LINEAGE	23	NexusUnleashed.Game.Abstract\NexusUnleashed.Game.Abstract.Matching.Match\IMatchTeam.cs
NexusUnleashed.Game.Abstract\NexusUnleashed.Game.Abstract.Matching.Match\IMatchTeamMember.cs	NexusUnleashed.Game.Abstract	C-LINEAGE	19	NexusUnleashed.Game.Abstract\NexusUnleashed.Game.Abstract.Matching.Match\IMatchTeamMember.cs
NexusUnleashed.Game.Abstract\NexusUnleashed.Game.Abstract.Matching.Match\IPvpMatch.cs	NexusUnleashed.Game.Abstract	C-LINEAGE	9	NexusUnleashed.Game.Abstract\NexusUnleashed.Game.Abstract.Matching.Match\IPvpMatch.cs
NexusUnleashed.Game.Abstract\NexusUnleashed.Game.Abstract.Matching.Queue\IMatchingCharacter.cs	NexusUnleashed.Game.Abstract	C-LINEAGE	13	NexusUnleashed.Game.Abstract\NexusUnleashed.Game.Abstract.Matching.Queue\IMatchingCharacter.cs
NexusUnleashed.Game.Abstract\NexusUnleashed.Game.Abstract.Matching.Queue\IMatchingCharacterQueue.cs	NexusUnleashed.Game.Abstract	C-LINEAGE	6	NexusUnleashed.Game.Abstract\NexusUnleashed.Game.Abstract.Matching.Queue\IMatchingCharacterQueue.cs
NexusUnleashed.Game.Abstract\NexusUnleashed.Game.Abstract.Matching.Queue\IMatchingManager.cs	NexusUnleashed.Game.Abstract	C-LINEAGE	19	NexusUnleashed.Game.Abstract\NexusUnleashed.Game.Abstract.Matching.Queue\IMatchingManager.cs
NexusUnleashed.Game.Abstract\NexusUnleashed.Game.Abstract.Matching.Queue\IMatchingMapSelector.cs	NexusUnleashed.Game.Abstract	C-LINEAGE	5	NexusUnleashed.Game.Abstract\NexusUnleashed.Game.Abstract.Matching.Queue\IMatchingMapSelector.cs
NexusUnleashed.Game.Abstract\NexusUnleashed.Game.Abstract.Matching.Queue\IMatchingMapSelectorResult.cs	NexusUnleashed.Game.Abstract	C-LINEAGE	8	NexusUnleashed.Game.Abstract\NexusUnleashed.Game.Abstract.Matching.Queue\IMatchingMapSelectorResult.cs
NexusUnleashed.Game.Abstract\NexusUnleashed.Game.Abstract.Matching.Queue\IMatchingQueue.cs	NexusUnleashed.Game.Abstract	C-LINEAGE	8	NexusUnleashed.Game.Abstract\NexusUnleashed.Game.Abstract.Matching.Queue\IMatchingQueue.cs
NexusUnleashed.Game.Abstract\NexusUnleashed.Game.Abstract.Matching.Queue\IMatchingQueueGroup.cs	NexusUnleashed.Game.Abstract	C-LINEAGE	18	NexusUnleashed.Game.Abstract\NexusUnleashed.Game.Abstract.Matching.Queue\IMatchingQueueGroup.cs
NexusUnleashed.Game.Abstract\NexusUnleashed.Game.Abstract.Matching.Queue\IMatchingQueueGroupMatcher.cs	NexusUnleashed.Game.Abstract	C-LINEAGE	5	NexusUnleashed.Game.Abstract\NexusUnleashed.Game.Abstract.Matching.Queue\IMatchingQueueGroupMatcher.cs
NexusUnleashed.Game.Abstract\NexusUnleashed.Game.Abstract.Matching.Queue\IMatchingQueueGroupTeam.cs	NexusUnleashed.Game.Abstract	C-LINEAGE	16	NexusUnleashed.Game.Abstract\NexusUnleashed.Game.Abstract.Matching.Queue\IMatchingQueueGroupTeam.cs
NexusUnleashed.Game.Abstract\NexusUnleashed.Game.Abstract.Matching.Queue\IMatchingQueueManager.cs	NexusUnleashed.Game.Abstract	C-LINEAGE	9	NexusUnleashed.Game.Abstract\NexusUnleashed.Game.Abstract.Matching.Queue\IMatchingQueueManager.cs
NexusUnleashed.Game.Abstract\NexusUnleashed.Game.Abstract.Matching.Queue\IMatchingQueueMatcher.cs	NexusUnleashed.Game.Abstract	C-LINEAGE	6	NexusUnleashed.Game.Abstract\NexusUnleashed.Game.Abstract.Matching.Queue\IMatchingQueueMatcher.cs
NexusUnleashed.Game.Abstract\NexusUnleashed.Game.Abstract.Matching.Queue\IMatchingQueueProposal.cs	NexusUnleashed.Game.Abstract	C-LINEAGE	24	NexusUnleashed.Game.Abstract\NexusUnleashed.Game.Abstract.Matching.Queue\IMatchingQueueProposal.cs
NexusUnleashed.Game.Abstract\NexusUnleashed.Game.Abstract.Matching.Queue\IMatchingQueueProposalMember.cs	NexusUnleashed.Game.Abstract	C-LINEAGE	11	NexusUnleashed.Game.Abstract\NexusUnleashed.Game.Abstract.Matching.Queue\IMatchingQueueProposalMember.cs
NexusUnleashed.Game.Abstract\NexusUnleashed.Game.Abstract.Matching.Queue\IMatchingQueueTimeManager.cs	NexusUnleashed.Game.Abstract	C-LINEAGE	9	NexusUnleashed.Game.Abstract\NexusUnleashed.Game.Abstract.Matching.Queue\IMatchingQueueTimeManager.cs
NexusUnleashed.Game.Abstract\NexusUnleashed.Game.Abstract.Matching.Queue\IMatchingQueueValidator.cs	NexusUnleashed.Game.Abstract	C-LINEAGE	6	NexusUnleashed.Game.Abstract\NexusUnleashed.Game.Abstract.Matching.Queue\IMatchingQueueValidator.cs
NexusUnleashed.Game.Abstract\NexusUnleashed.Game.Abstract.Matching.Queue\IMatchingRoleCheck.cs	NexusUnleashed.Game.Abstract	C-LINEAGE	15	NexusUnleashed.Game.Abstract\NexusUnleashed.Game.Abstract.Matching.Queue\IMatchingRoleCheck.cs
NexusUnleashed.Game.Abstract\NexusUnleashed.Game.Abstract.Matching.Queue\IMatchingRoleEnforcer.cs	NexusUnleashed.Game.Abstract	C-LINEAGE	6	NexusUnleashed.Game.Abstract\NexusUnleashed.Game.Abstract.Matching.Queue\IMatchingRoleEnforcer.cs
NexusUnleashed.Game.Abstract\NexusUnleashed.Game.Abstract.Matching.Queue\IMatchingRoleEnforcerResult.cs	NexusUnleashed.Game.Abstract	C-LINEAGE	7	NexusUnleashed.Game.Abstract\NexusUnleashed.Game.Abstract.Matching.Queue\IMatchingRoleEnforcerResult.cs
NexusUnleashed.Game.Abstract\NexusUnleashed.Game.Abstract.Matching.Queue\IMatchingRoleEnforcerResultMember.cs	NexusUnleashed.Game.Abstract	C-LINEAGE	7	NexusUnleashed.Game.Abstract\NexusUnleashed.Game.Abstract.Matching.Queue\IMatchingRoleEnforcerResultMember.cs
NexusUnleashed.Game.Abstract\NexusUnleashed.Game.Abstract.Matching\IMapEntrance.cs	NexusUnleashed.Game.Abstract	C-LINEAGE	9	NexusUnleashed.Game.Abstract\NexusUnleashed.Game.Abstract.Matching\IMapEntrance.cs
NexusUnleashed.Game.Abstract\NexusUnleashed.Game.Abstract.Matching\IMatchingDataManager.cs	NexusUnleashed.Game.Abstract	C-LINEAGE	18	NexusUnleashed.Game.Abstract\NexusUnleashed.Game.Abstract.Matching\IMatchingDataManager.cs
NexusUnleashed.Game.Abstract\NexusUnleashed.Game.Abstract.Matching\IMatchingMap.cs	NexusUnleashed.Game.Abstract	C-LINEAGE	8	NexusUnleashed.Game.Abstract\NexusUnleashed.Game.Abstract.Matching\IMatchingMap.cs
NexusUnleashed.Game.Abstract\NexusUnleashed.Game.Abstract.Option\IKeybinding.cs	NexusUnleashed.Game.Abstract	C-LINEAGE	24	NexusUnleashed.Game.Abstract\NexusUnleashed.Game.Abstract.Option\IKeybinding.cs
NexusUnleashed.Game.Abstract\NexusUnleashed.Game.Abstract.Option\IKeybindingManager.cs	NexusUnleashed.Game.Abstract	C-LINEAGE	11	NexusUnleashed.Game.Abstract\NexusUnleashed.Game.Abstract.Option\IKeybindingManager.cs
NexusUnleashed.Game.Abstract\NexusUnleashed.Game.Abstract.Option\IKeybindingSet.cs	NexusUnleashed.Game.Abstract	C-LINEAGE	14	NexusUnleashed.Game.Abstract\NexusUnleashed.Game.Abstract.Option\IKeybindingSet.cs
NexusUnleashed.Game.Abstract\NexusUnleashed.Game.Abstract.Prerequisite\IPrerequisiteCheck.cs	NexusUnleashed.Game.Abstract	C-LINEAGE	7	NexusUnleashed.Game.Abstract\NexusUnleashed.Game.Abstract.Prerequisite\IPrerequisiteCheck.cs
NexusUnleashed.Game.Abstract\NexusUnleashed.Game.Abstract.Prerequisite\IPrerequisiteManager.cs	NexusUnleashed.Game.Abstract	C-LINEAGE	7	NexusUnleashed.Game.Abstract\NexusUnleashed.Game.Abstract.Prerequisite\IPrerequisiteManager.cs
NexusUnleashed.Game.Abstract\NexusUnleashed.Game.Abstract.Prerequisite\IPrerequisiteParameters.cs	NexusUnleashed.Game.Abstract	C-LINEAGE	11	NexusUnleashed.Game.Abstract\NexusUnleashed.Game.Abstract.Prerequisite\IPrerequisiteParameters.cs
NexusUnleashed.Game.Abstract\NexusUnleashed.Game.Abstract.PublicEvent\IPublicEvent.cs	NexusUnleashed.Game.Abstract	C-LINEAGE	39	NexusUnleashed.Game.Abstract\NexusUnleashed.Game.Abstract.PublicEvent\IPublicEvent.cs
NexusUnleashed.Game.Abstract\NexusUnleashed.Game.Abstract.PublicEvent\IPublicEventCharacter.cs	NexusUnleashed.Game.Abstract	C-LINEAGE	15	NexusUnleashed.Game.Abstract\NexusUnleashed.Game.Abstract.PublicEvent\IPublicEventCharacter.cs
NexusUnleashed.Game.Abstract\NexusUnleashed.Game.Abstract.PublicEvent\IPublicEventEntityFactory.cs	NexusUnleashed.Game.Abstract	C-LINEAGE	9	NexusUnleashed.Game.Abstract\NexusUnleashed.Game.Abstract.PublicEvent\IPublicEventEntityFactory.cs
NexusUnleashed.Game.Abstract\NexusUnleashed.Game.Abstract.PublicEvent\IPublicEventFactory.cs	NexusUnleashed.Game.Abstract	C-LINEAGE	5	NexusUnleashed.Game.Abstract\NexusUnleashed.Game.Abstract.PublicEvent\IPublicEventFactory.cs
NexusUnleashed.Game.Abstract\NexusUnleashed.Game.Abstract.PublicEvent\IPublicEventManager.cs	NexusUnleashed.Game.Abstract	C-LINEAGE	26	NexusUnleashed.Game.Abstract\NexusUnleashed.Game.Abstract.PublicEvent\IPublicEventManager.cs
NexusUnleashed.Game.Abstract\NexusUnleashed.Game.Abstract.PublicEvent\IPublicEventObjective.cs	NexusUnleashed.Game.Abstract	C-LINEAGE	19	NexusUnleashed.Game.Abstract\NexusUnleashed.Game.Abstract.PublicEvent\IPublicEventObjective.cs
NexusUnleashed.Game.Abstract\NexusUnleashed.Game.Abstract.PublicEvent\IPublicEventStats.cs	NexusUnleashed.Game.Abstract	C-LINEAGE	9	NexusUnleashed.Game.Abstract\NexusUnleashed.Game.Abstract.PublicEvent\IPublicEventStats.cs
NexusUnleashed.Game.Abstract\NexusUnleashed.Game.Abstract.PublicEvent\IPublicEventTeam.cs	NexusUnleashed.Game.Abstract	C-LINEAGE	31	NexusUnleashed.Game.Abstract\NexusUnleashed.Game.Abstract.PublicEvent\IPublicEventTeam.cs
NexusUnleashed.Game.Abstract\NexusUnleashed.Game.Abstract.PublicEvent\IPublicEventTeamMember.cs	NexusUnleashed.Game.Abstract	C-LINEAGE	15	NexusUnleashed.Game.Abstract\NexusUnleashed.Game.Abstract.PublicEvent\IPublicEventTeamMember.cs
NexusUnleashed.Game.Abstract\NexusUnleashed.Game.Abstract.PublicEvent\IPublicEventTemplate.cs	NexusUnleashed.Game.Abstract	C-LINEAGE	12	NexusUnleashed.Game.Abstract\NexusUnleashed.Game.Abstract.PublicEvent\IPublicEventTemplate.cs
NexusUnleashed.Game.Abstract\NexusUnleashed.Game.Abstract.PublicEvent\IPublicEventTemplateManager.cs	NexusUnleashed.Game.Abstract	C-LINEAGE	8	NexusUnleashed.Game.Abstract\NexusUnleashed.Game.Abstract.PublicEvent\IPublicEventTemplateManager.cs
NexusUnleashed.Game.Abstract\NexusUnleashed.Game.Abstract.PublicEvent\IPublicEventVote.cs	NexusUnleashed.Game.Abstract	C-LINEAGE	9	NexusUnleashed.Game.Abstract\NexusUnleashed.Game.Abstract.PublicEvent\IPublicEventVote.cs
NexusUnleashed.Game.Abstract\NexusUnleashed.Game.Abstract.PublicEvent\IPublicEventVoteResponse.cs	NexusUnleashed.Game.Abstract	C-LINEAGE	8	NexusUnleashed.Game.Abstract\NexusUnleashed.Game.Abstract.PublicEvent\IPublicEventVoteResponse.cs
NexusUnleashed.Game.Abstract\NexusUnleashed.Game.Abstract.Quest\ICommunicatorMessage.cs	NexusUnleashed.Game.Abstract	C-LINEAGE	10	NexusUnleashed.Game.Abstract\NexusUnleashed.Game.Abstract.Quest\ICommunicatorMessage.cs
NexusUnleashed.Game.Abstract\NexusUnleashed.Game.Abstract.Quest\IGlobalQuestManager.cs	NexusUnleashed.Game.Abstract	C-LINEAGE	18	NexusUnleashed.Game.Abstract\NexusUnleashed.Game.Abstract.Quest\IGlobalQuestManager.cs
NexusUnleashed.Game.Abstract\NexusUnleashed.Game.Abstract.Quest\IQuest.cs	NexusUnleashed.Game.Abstract	C-LINEAGE	26	NexusUnleashed.Game.Abstract\NexusUnleashed.Game.Abstract.Quest\IQuest.cs
NexusUnleashed.Game.Abstract\NexusUnleashed.Game.Abstract.Quest\IQuestInfo.cs	NexusUnleashed.Game.Abstract	C-LINEAGE	20	NexusUnleashed.Game.Abstract\NexusUnleashed.Game.Abstract.Quest\IQuestInfo.cs
NexusUnleashed.Game.Abstract\NexusUnleashed.Game.Abstract.Quest\IQuestObjective.cs	NexusUnleashed.Game.Abstract	C-LINEAGE	14	NexusUnleashed.Game.Abstract\NexusUnleashed.Game.Abstract.Quest\IQuestObjective.cs
NexusUnleashed.Game.Abstract\NexusUnleashed.Game.Abstract.Quest\IQuestObjectiveInfo.cs	NexusUnleashed.Game.Abstract	C-LINEAGE	14	NexusUnleashed.Game.Abstract\NexusUnleashed.Game.Abstract.Quest\IQuestObjectiveInfo.cs
NexusUnleashed.Game.Abstract\NexusUnleashed.Game.Abstract.RBAC\IAccountPermission.cs	NexusUnleashed.Game.Abstract	C-LINEAGE	8	NexusUnleashed.Game.Abstract\NexusUnleashed.Game.Abstract.RBAC\IAccountPermission.cs
NexusUnleashed.Game.Abstract\NexusUnleashed.Game.Abstract.RBAC\IAccountRBACManager.cs	NexusUnleashed.Game.Abstract	C-LINEAGE	14	NexusUnleashed.Game.Abstract\NexusUnleashed.Game.Abstract.RBAC\IAccountRBACManager.cs
NexusUnleashed.Game.Abstract\NexusUnleashed.Game.Abstract.RBAC\IAccountRole.cs	NexusUnleashed.Game.Abstract	C-LINEAGE	8	NexusUnleashed.Game.Abstract\NexusUnleashed.Game.Abstract.RBAC\IAccountRole.cs
NexusUnleashed.Game.Abstract\NexusUnleashed.Game.Abstract.RBAC\IRBACManager.cs	NexusUnleashed.Game.Abstract	C-LINEAGE	8	NexusUnleashed.Game.Abstract\NexusUnleashed.Game.Abstract.RBAC\IRBACManager.cs
NexusUnleashed.Game.Abstract\NexusUnleashed.Game.Abstract.RBAC\IRBACPermission.cs	NexusUnleashed.Game.Abstract	C-LINEAGE	7	NexusUnleashed.Game.Abstract\NexusUnleashed.Game.Abstract.RBAC\IRBACPermission.cs
NexusUnleashed.Game.Abstract\NexusUnleashed.Game.Abstract.RBAC\IRBACRole.cs	NexusUnleashed.Game.Abstract	C-LINEAGE	10	NexusUnleashed.Game.Abstract\NexusUnleashed.Game.Abstract.RBAC\IRBACRole.cs
NexusUnleashed.Game.Abstract\NexusUnleashed.Game.Abstract.Reputation\IFactionManager.cs	NexusUnleashed.Game.Abstract	C-LINEAGE	7	NexusUnleashed.Game.Abstract\NexusUnleashed.Game.Abstract.Reputation\IFactionManager.cs
NexusUnleashed.Game.Abstract\NexusUnleashed.Game.Abstract.Reputation\IFactionNode.cs	NexusUnleashed.Game.Abstract	C-LINEAGE	16	NexusUnleashed.Game.Abstract\NexusUnleashed.Game.Abstract.Reputation\IFactionNode.cs
NexusUnleashed.Game.Abstract\NexusUnleashed.Game.Abstract.Reputation\IRelationshipNode.cs	NexusUnleashed.Game.Abstract	C-LINEAGE	10	NexusUnleashed.Game.Abstract\NexusUnleashed.Game.Abstract.Reputation\IRelationshipNode.cs
NexusUnleashed.Game.Abstract\NexusUnleashed.Game.Abstract.Reputation\IReputation.cs	NexusUnleashed.Game.Abstract	C-LINEAGE	9	NexusUnleashed.Game.Abstract\NexusUnleashed.Game.Abstract.Reputation\IReputation.cs
NexusUnleashed.Game.Abstract\NexusUnleashed.Game.Abstract.Reputation\IReputationManager.cs	NexusUnleashed.Game.Abstract	C-LINEAGE	10	NexusUnleashed.Game.Abstract\NexusUnleashed.Game.Abstract.Reputation\IReputationManager.cs
NexusUnleashed.Game.Abstract\NexusUnleashed.Game.Abstract.Server\IServerInfo.cs	NexusUnleashed.Game.Abstract	C-LINEAGE	10	NexusUnleashed.Game.Abstract\NexusUnleashed.Game.Abstract.Server\IServerInfo.cs
NexusUnleashed.Game.Abstract\NexusUnleashed.Game.Abstract.Server\IServerManager.cs	NexusUnleashed.Game.Abstract	C-LINEAGE	9	NexusUnleashed.Game.Abstract\NexusUnleashed.Game.Abstract.Server\IServerManager.cs
NexusUnleashed.Game.Abstract\NexusUnleashed.Game.Abstract.Server\IServerMessageInfo.cs	NexusUnleashed.Game.Abstract	C-LINEAGE	7	NexusUnleashed.Game.Abstract\NexusUnleashed.Game.Abstract.Server\IServerMessageInfo.cs
NexusUnleashed.Game.Abstract\NexusUnleashed.Game.Abstract.Spell.Effect.Data\ISpellEffectAbsorptionData.cs	NexusUnleashed.Game.Abstract	C-LINEAGE	4	NexusUnleashed.Game.Abstract\NexusUnleashed.Game.Abstract.Spell.Effect.Data\ISpellEffectAbsorptionData.cs
NexusUnleashed.Game.Abstract\NexusUnleashed.Game.Abstract.Spell.Effect.Data\ISpellEffectAchievementAdvanceData.cs	NexusUnleashed.Game.Abstract	C-LINEAGE	5	NexusUnleashed.Game.Abstract\NexusUnleashed.Game.Abstract.Spell.Effect.Data\ISpellEffectAchievementAdvanceData.cs
NexusUnleashed.Game.Abstract\NexusUnleashed.Game.Abstract.Spell.Effect.Data\ISpellEffectActionBarSetData.cs	NexusUnleashed.Game.Abstract	A-AUTHORED	18	
NexusUnleashed.Game.Abstract\NexusUnleashed.Game.Abstract.Spell.Effect.Data\ISpellEffectActivateSpellCooldownData.cs	NexusUnleashed.Game.Abstract	A-AUTHORED	17	
NexusUnleashed.Game.Abstract\NexusUnleashed.Game.Abstract.Spell.Effect.Data\ISpellEffectAggroImmuneData.cs	NexusUnleashed.Game.Abstract	A-AUTHORED	15	
NexusUnleashed.Game.Abstract\NexusUnleashed.Game.Abstract.Spell.Effect.Data\ISpellEffectCCStateBreakData.cs	NexusUnleashed.Game.Abstract	C-LINEAGE	8	NexusUnleashed.Game.Abstract\NexusUnleashed.Game.Abstract.Spell.Effect.Data\ISpellEffectCCStateBreakData.cs
NexusUnleashed.Game.Abstract\NexusUnleashed.Game.Abstract.Spell.Effect.Data\ISpellEffectCCStateSetData.cs	NexusUnleashed.Game.Abstract	C-LINEAGE	7	NexusUnleashed.Game.Abstract\NexusUnleashed.Game.Abstract.Spell.Effect.Data\ISpellEffectCCStateSetData.cs
NexusUnleashed.Game.Abstract\NexusUnleashed.Game.Abstract.Spell.Effect.Data\ISpellEffectCooldownResetData.cs	NexusUnleashed.Game.Abstract	A-AUTHORED	16	
NexusUnleashed.Game.Abstract\NexusUnleashed.Game.Abstract.Spell.Effect.Data\ISpellEffectDamageData.cs	NexusUnleashed.Game.Abstract	C-LINEAGE	4	NexusUnleashed.Game.Abstract\NexusUnleashed.Game.Abstract.Spell.Effect.Data\ISpellEffectDamageData.cs
NexusUnleashed.Game.Abstract\NexusUnleashed.Game.Abstract.Spell.Effect.Data\ISpellEffectDamageShieldsData.cs	NexusUnleashed.Game.Abstract	A-AUTHORED	18	
NexusUnleashed.Game.Abstract\NexusUnleashed.Game.Abstract.Spell.Effect.Data\ISpellEffectData.cs	NexusUnleashed.Game.Abstract	C-LINEAGE	7	NexusUnleashed.Game.Abstract\NexusUnleashed.Game.Abstract.Spell.Effect.Data\ISpellEffectData.cs
NexusUnleashed.Game.Abstract\NexusUnleashed.Game.Abstract.Spell.Effect.Data\ISpellEffectDefaultData.cs	NexusUnleashed.Game.Abstract	C-LINEAGE	14	NexusUnleashed.Game.Abstract\NexusUnleashed.Game.Abstract.Spell.Effect.Data\ISpellEffectDefaultData.cs
NexusUnleashed.Game.Abstract\NexusUnleashed.Game.Abstract.Spell.Effect.Data\ISpellEffectDelayDeathData.cs	NexusUnleashed.Game.Abstract	A-AUTHORED	12	
NexusUnleashed.Game.Abstract\NexusUnleashed.Game.Abstract.Spell.Effect.Data\ISpellEffectDisembarkData.cs	NexusUnleashed.Game.Abstract	A-AUTHORED	14	
NexusUnleashed.Game.Abstract\NexusUnleashed.Game.Abstract.Spell.Effect.Data\ISpellEffectDisguiseData.cs	NexusUnleashed.Game.Abstract	C-LINEAGE	5	NexusUnleashed.Game.Abstract\NexusUnleashed.Game.Abstract.Spell.Effect.Data\ISpellEffectDisguiseData.cs
NexusUnleashed.Game.Abstract\NexusUnleashed.Game.Abstract.Spell.Effect.Data\ISpellEffectDisguiseOutfitData.cs	NexusUnleashed.Game.Abstract	A-AUTHORED	20	
NexusUnleashed.Game.Abstract\NexusUnleashed.Game.Abstract.Spell.Effect.Data\ISpellEffectDistanceDependentDamageData.cs	NexusUnleashed.Game.Abstract	A-AUTHORED	20	
NexusUnleashed.Game.Abstract\NexusUnleashed.Game.Abstract.Spell.Effect.Data\ISpellEffectDistributedDamageData.cs	NexusUnleashed.Game.Abstract	C-LINEAGE	4	NexusUnleashed.Game.Abstract\NexusUnleashed.Game.Abstract.Spell.Effect.Data\ISpellEffectDistributedDamageData.cs
NexusUnleashed.Game.Abstract\NexusUnleashed.Game.Abstract.Spell.Effect.Data\ISpellEffectFactionSetData.cs	NexusUnleashed.Game.Abstract	C-LINEAGE	5	NexusUnleashed.Game.Abstract\NexusUnleashed.Game.Abstract.Spell.Effect.Data\ISpellEffectFactionSetData.cs
NexusUnleashed.Game.Abstract\NexusUnleashed.Game.Abstract.Spell.Effect.Data\ISpellEffectForceFacingData.cs	NexusUnleashed.Game.Abstract	A-AUTHORED	18	
NexusUnleashed.Game.Abstract\NexusUnleashed.Game.Abstract.Spell.Effect.Data\ISpellEffectForcedMoveData.cs	NexusUnleashed.Game.Abstract	C-LINEAGE	7	NexusUnleashed.Game.Abstract\NexusUnleashed.Game.Abstract.Spell.Effect.Data\ISpellEffectForcedMoveData.cs
NexusUnleashed.Game.Abstract\NexusUnleashed.Game.Abstract.Spell.Effect.Data\ISpellEffectGiveAbilityPointsToPlayerData.cs	NexusUnleashed.Game.Abstract	C-LINEAGE	5	NexusUnleashed.Game.Abstract\NexusUnleashed.Game.Abstract.Spell.Effect.Data\ISpellEffectGiveAbilityPointsToPlayerData.cs
NexusUnleashed.Game.Abstract\NexusUnleashed.Game.Abstract.Spell.Effect.Data\ISpellEffectGiveAugmentPowerToPlayerData.cs	NexusUnleashed.Game.Abstract	C-LINEAGE	5	NexusUnleashed.Game.Abstract\NexusUnleashed.Game.Abstract.Spell.Effect.Data\ISpellEffectGiveAugmentPowerToPlayerData.cs
NexusUnleashed.Game.Abstract\NexusUnleashed.Game.Abstract.Spell.Effect.Data\ISpellEffectGiveItemToPlayerData.cs	NexusUnleashed.Game.Abstract	A-AUTHORED	18	
NexusUnleashed.Game.Abstract\NexusUnleashed.Game.Abstract.Spell.Effect.Data\ISpellEffectGiveSchematicData.cs	NexusUnleashed.Game.Abstract	A-AUTHORED	18	
NexusUnleashed.Game.Abstract\NexusUnleashed.Game.Abstract.Spell.Effect.Data\ISpellEffectGrantXpData.cs	NexusUnleashed.Game.Abstract	C-LINEAGE	5	NexusUnleashed.Game.Abstract\NexusUnleashed.Game.Abstract.Spell.Effect.Data\ISpellEffectGrantXpData.cs
NexusUnleashed.Game.Abstract\NexusUnleashed.Game.Abstract.Spell.Effect.Data\ISpellEffectHazardEnableData.cs	NexusUnleashed.Game.Abstract	A-AUTHORED	12	
NexusUnleashed.Game.Abstract\NexusUnleashed.Game.Abstract.Spell.Effect.Data\ISpellEffectHazardModifyData.cs	NexusUnleashed.Game.Abstract	A-AUTHORED	23	
NexusUnleashed.Game.Abstract\NexusUnleashed.Game.Abstract.Spell.Effect.Data\ISpellEffectHazardSuspendData.cs	NexusUnleashed.Game.Abstract	A-AUTHORED	15	
NexusUnleashed.Game.Abstract\NexusUnleashed.Game.Abstract.Spell.Effect.Data\ISpellEffectHealData.cs	NexusUnleashed.Game.Abstract	C-LINEAGE	4	NexusUnleashed.Game.Abstract\NexusUnleashed.Game.Abstract.Spell.Effect.Data\ISpellEffectHealData.cs
NexusUnleashed.Game.Abstract\NexusUnleashed.Game.Abstract.Spell.Effect.Data\ISpellEffectHealShieldsData.cs	NexusUnleashed.Game.Abstract	C-LINEAGE	4	NexusUnleashed.Game.Abstract\NexusUnleashed.Game.Abstract.Spell.Effect.Data\ISpellEffectHealShieldsData.cs
NexusUnleashed.Game.Abstract\NexusUnleashed.Game.Abstract.Spell.Effect.Data\ISpellEffectHousingTeleportData.cs	NexusUnleashed.Game.Abstract	A-AUTHORED	15	
NexusUnleashed.Game.Abstract\NexusUnleashed.Game.Abstract.Spell.Effect.Data\ISpellEffectItemVisualSwapData.cs	NexusUnleashed.Game.Abstract	A-AUTHORED	16	
NexusUnleashed.Game.Abstract\NexusUnleashed.Game.Abstract.Spell.Effect.Data\ISpellEffectLearnDyeColourData.cs	NexusUnleashed.Game.Abstract	C-LINEAGE	5	NexusUnleashed.Game.Abstract\NexusUnleashed.Game.Abstract.Spell.Effect.Data\ISpellEffectLearnDyeColourData.cs
NexusUnleashed.Game.Abstract\NexusUnleashed.Game.Abstract.Spell.Effect.Data\ISpellEffectModifyInterruptArmorData.cs	NexusUnleashed.Game.Abstract	C-LINEAGE	5	NexusUnleashed.Game.Abstract\NexusUnleashed.Game.Abstract.Spell.Effect.Data\ISpellEffectModifyInterruptArmorData.cs
NexusUnleashed.Game.Abstract\NexusUnleashed.Game.Abstract.Spell.Effect.Data\ISpellEffectModifySpellCooldownData.cs	NexusUnleashed.Game.Abstract	C-LINEAGE	7	NexusUnleashed.Game.Abstract\NexusUnleashed.Game.Abstract.Spell.Effect.Data\ISpellEffectModifySpellCooldownData.cs
NexusUnleashed.Game.Abstract\NexusUnleashed.Game.Abstract.Spell.Effect.Data\ISpellEffectNpcExecutionDelayData.cs	NexusUnleashed.Game.Abstract	C-LINEAGE	5	NexusUnleashed.Game.Abstract\NexusUnleashed.Game.Abstract.Spell.Effect.Data\ISpellEffectNpcExecutionDelayData.cs
NexusUnleashed.Game.Abstract\NexusUnleashed.Game.Abstract.Spell.Effect.Data\ISpellEffectPathXpModifyData.cs	NexusUnleashed.Game.Abstract	C-LINEAGE	5	NexusUnleashed.Game.Abstract\NexusUnleashed.Game.Abstract.Spell.Effect.Data\ISpellEffectPathXpModifyData.cs
NexusUnleashed.Game.Abstract\NexusUnleashed.Game.Abstract.Spell.Effect.Data\ISpellEffectPersonalDmgHealModData.cs	NexusUnleashed.Game.Abstract	A-AUTHORED	19	
NexusUnleashed.Game.Abstract\NexusUnleashed.Game.Abstract.Spell.Effect.Data\ISpellEffectPetCastSpellData.cs	NexusUnleashed.Game.Abstract	A-AUTHORED	15	
NexusUnleashed.Game.Abstract\NexusUnleashed.Game.Abstract.Spell.Effect.Data\ISpellEffectProcData.cs	NexusUnleashed.Game.Abstract	C-LINEAGE	10	NexusUnleashed.Game.Abstract\NexusUnleashed.Game.Abstract.Spell.Effect.Data\ISpellEffectProcData.cs
NexusUnleashed.Game.Abstract\NexusUnleashed.Game.Abstract.Spell.Effect.Data\ISpellEffectProxyChannelVariableTimeData.cs	NexusUnleashed.Game.Abstract	A-AUTHORED	24	
NexusUnleashed.Game.Abstract\NexusUnleashed.Game.Abstract.Spell.Effect.Data\ISpellEffectProxyData.cs	NexusUnleashed.Game.Abstract	C-LINEAGE	8	NexusUnleashed.Game.Abstract\NexusUnleashed.Game.Abstract.Spell.Effect.Data\ISpellEffectProxyData.cs
NexusUnleashed.Game.Abstract\NexusUnleashed.Game.Abstract.Spell.Effect.Data\ISpellEffectProxyRandomExclusiveData.cs	NexusUnleashed.Game.Abstract	A-AUTHORED	13	
NexusUnleashed.Game.Abstract\NexusUnleashed.Game.Abstract.Spell.Effect.Data\ISpellEffectQuestAdvanceObjectiveData.cs	NexusUnleashed.Game.Abstract	C-LINEAGE	6	NexusUnleashed.Game.Abstract\NexusUnleashed.Game.Abstract.Spell.Effect.Data\ISpellEffectQuestAdvanceObjectiveData.cs
NexusUnleashed.Game.Abstract\NexusUnleashed.Game.Abstract.Spell.Effect.Data\ISpellEffectReputationModifyData.cs	NexusUnleashed.Game.Abstract	C-LINEAGE	6	NexusUnleashed.Game.Abstract\NexusUnleashed.Game.Abstract.Spell.Effect.Data\ISpellEffectReputationModifyData.cs
NexusUnleashed.Game.Abstract\NexusUnleashed.Game.Abstract.Spell.Effect.Data\ISpellEffectRewardPropertyModifierData.cs	NexusUnleashed.Game.Abstract	A-AUTHORED	16	
NexusUnleashed.Game.Abstract\NexusUnleashed.Game.Abstract.Spell.Effect.Data\ISpellEffectSapVitalData.cs	NexusUnleashed.Game.Abstract	C-LINEAGE	8	NexusUnleashed.Game.Abstract\NexusUnleashed.Game.Abstract.Spell.Effect.Data\ISpellEffectSapVitalData.cs
NexusUnleashed.Game.Abstract\NexusUnleashed.Game.Abstract.Spell.Effect.Data\ISpellEffectScaleData.cs	NexusUnleashed.Game.Abstract	C-LINEAGE	5	NexusUnleashed.Game.Abstract\NexusUnleashed.Game.Abstract.Spell.Effect.Data\ISpellEffectScaleData.cs
NexusUnleashed.Game.Abstract\NexusUnleashed.Game.Abstract.Spell.Effect.Data\ISpellEffectSetBusyData.cs	NexusUnleashed.Game.Abstract	C-MODIFIED	36	NexusUnleashed.Game.Abstract\NexusUnleashed.Game.Abstract.Spell.Effect.Data\ISpellEffectSetBusyData.cs
NexusUnleashed.Game.Abstract\NexusUnleashed.Game.Abstract.Spell.Effect.Data\ISpellEffectShieldOverloadData.cs	NexusUnleashed.Game.Abstract	A-AUTHORED	15	
NexusUnleashed.Game.Abstract\NexusUnleashed.Game.Abstract.Spell.Effect.Data\ISpellEffectSpellCounterData.cs	NexusUnleashed.Game.Abstract	A-AUTHORED	16	
NexusUnleashed.Game.Abstract\NexusUnleashed.Game.Abstract.Spell.Effect.Data\ISpellEffectSpellDispelData.cs	NexusUnleashed.Game.Abstract	A-AUTHORED	18	
NexusUnleashed.Game.Abstract\NexusUnleashed.Game.Abstract.Spell.Effect.Data\ISpellEffectSpellEffectImmunityData.cs	NexusUnleashed.Game.Abstract	A-AUTHORED	14	
NexusUnleashed.Game.Abstract\NexusUnleashed.Game.Abstract.Spell.Effect.Data\ISpellEffectSpellForceRemoveChanneledData.cs	NexusUnleashed.Game.Abstract	A-AUTHORED	9	
NexusUnleashed.Game.Abstract\NexusUnleashed.Game.Abstract.Spell.Effect.Data\ISpellEffectSpellForceRemoveData.cs	NexusUnleashed.Game.Abstract	C-LINEAGE	7	NexusUnleashed.Game.Abstract\NexusUnleashed.Game.Abstract.Spell.Effect.Data\ISpellEffectSpellForceRemoveData.cs
NexusUnleashed.Game.Abstract\NexusUnleashed.Game.Abstract.Spell.Effect.Data\ISpellEffectSummonCreatureData.cs	NexusUnleashed.Game.Abstract	C-LINEAGE	14	NexusUnleashed.Game.Abstract\NexusUnleashed.Game.Abstract.Spell.Effect.Data\ISpellEffectSummonCreatureData.cs
NexusUnleashed.Game.Abstract\NexusUnleashed.Game.Abstract.Spell.Effect.Data\ISpellEffectSummonMountData.cs	NexusUnleashed.Game.Abstract	C-LINEAGE	7	NexusUnleashed.Game.Abstract\NexusUnleashed.Game.Abstract.Spell.Effect.Data\ISpellEffectSummonMountData.cs
NexusUnleashed.Game.Abstract\NexusUnleashed.Game.Abstract.Spell.Effect.Data\ISpellEffectSummonPetData.cs	NexusUnleashed.Game.Abstract	C-LINEAGE	13	NexusUnleashed.Game.Abstract\NexusUnleashed.Game.Abstract.Spell.Effect.Data\ISpellEffectSummonPetData.cs
NexusUnleashed.Game.Abstract\NexusUnleashed.Game.Abstract.Spell.Effect.Data\ISpellEffectSummonTrapData.cs	NexusUnleashed.Game.Abstract	C-LINEAGE	13	NexusUnleashed.Game.Abstract\NexusUnleashed.Game.Abstract.Spell.Effect.Data\ISpellEffectSummonTrapData.cs
NexusUnleashed.Game.Abstract\NexusUnleashed.Game.Abstract.Spell.Effect.Data\ISpellEffectSummonVanityPetData.cs	NexusUnleashed.Game.Abstract	C-LINEAGE	5	NexusUnleashed.Game.Abstract\NexusUnleashed.Game.Abstract.Spell.Effect.Data\ISpellEffectSummonVanityPetData.cs
NexusUnleashed.Game.Abstract\NexusUnleashed.Game.Abstract.Spell.Effect.Data\ISpellEffectTeleportData.cs	NexusUnleashed.Game.Abstract	C-MODIFIED	18	NexusUnleashed.Game.Abstract\NexusUnleashed.Game.Abstract.Spell.Effect.Data\ISpellEffectTeleportData.cs
NexusUnleashed.Game.Abstract\NexusUnleashed.Game.Abstract.Spell.Effect.Data\ISpellEffectThreatModificationData.cs	NexusUnleashed.Game.Abstract	C-LINEAGE	5	NexusUnleashed.Game.Abstract\NexusUnleashed.Game.Abstract.Spell.Effect.Data\ISpellEffectThreatModificationData.cs
NexusUnleashed.Game.Abstract\NexusUnleashed.Game.Abstract.Spell.Effect.Data\ISpellEffectThreatTransferData.cs	NexusUnleashed.Game.Abstract	C-LINEAGE	5	NexusUnleashed.Game.Abstract\NexusUnleashed.Game.Abstract.Spell.Effect.Data\ISpellEffectThreatTransferData.cs
NexusUnleashed.Game.Abstract\NexusUnleashed.Game.Abstract.Spell.Effect.Data\ISpellEffectTitleGrantData.cs	NexusUnleashed.Game.Abstract	C-LINEAGE	5	NexusUnleashed.Game.Abstract\NexusUnleashed.Game.Abstract.Spell.Effect.Data\ISpellEffectTitleGrantData.cs
NexusUnleashed.Game.Abstract\NexusUnleashed.Game.Abstract.Spell.Effect.Data\ISpellEffectTitleRevokeData.cs	NexusUnleashed.Game.Abstract	C-LINEAGE	5	NexusUnleashed.Game.Abstract\NexusUnleashed.Game.Abstract.Spell.Effect.Data\ISpellEffectTitleRevokeData.cs
NexusUnleashed.Game.Abstract\NexusUnleashed.Game.Abstract.Spell.Effect.Data\ISpellEffectTransferenceData.cs	NexusUnleashed.Game.Abstract	C-LINEAGE	4	NexusUnleashed.Game.Abstract\NexusUnleashed.Game.Abstract.Spell.Effect.Data\ISpellEffectTransferenceData.cs
NexusUnleashed.Game.Abstract\NexusUnleashed.Game.Abstract.Spell.Effect.Data\ISpellEffectUnitPropertyModifierData.cs	NexusUnleashed.Game.Abstract	C-LINEAGE	10	NexusUnleashed.Game.Abstract\NexusUnleashed.Game.Abstract.Spell.Effect.Data\ISpellEffectUnitPropertyModifierData.cs
NexusUnleashed.Game.Abstract\NexusUnleashed.Game.Abstract.Spell.Effect.Data\ISpellEffectUnitStateSetData.cs	NexusUnleashed.Game.Abstract	A-AUTHORED	28	
NexusUnleashed.Game.Abstract\NexusUnleashed.Game.Abstract.Spell.Effect.Data\ISpellEffectUnlockInlaidAugmentData.cs	NexusUnleashed.Game.Abstract	C-LINEAGE	5	NexusUnleashed.Game.Abstract\NexusUnleashed.Game.Abstract.Spell.Effect.Data\ISpellEffectUnlockInlaidAugmentData.cs
NexusUnleashed.Game.Abstract\NexusUnleashed.Game.Abstract.Spell.Effect.Data\ISpellEffectUnlockMountData.cs	NexusUnleashed.Game.Abstract	C-LINEAGE	5	NexusUnleashed.Game.Abstract\NexusUnleashed.Game.Abstract.Spell.Effect.Data\ISpellEffectUnlockMountData.cs
NexusUnleashed.Game.Abstract\NexusUnleashed.Game.Abstract.Spell.Effect.Data\ISpellEffectUnlockPetFlairData.cs	NexusUnleashed.Game.Abstract	C-LINEAGE	5	NexusUnleashed.Game.Abstract\NexusUnleashed.Game.Abstract.Spell.Effect.Data\ISpellEffectUnlockPetFlairData.cs
NexusUnleashed.Game.Abstract\NexusUnleashed.Game.Abstract.Spell.Effect.Data\ISpellEffectUnlockVanityPetData.cs	NexusUnleashed.Game.Abstract	C-LINEAGE	5	NexusUnleashed.Game.Abstract\NexusUnleashed.Game.Abstract.Spell.Effect.Data\ISpellEffectUnlockVanityPetData.cs
NexusUnleashed.Game.Abstract\NexusUnleashed.Game.Abstract.Spell.Effect.Data\ISpellEffectVitalModifierData.cs	NexusUnleashed.Game.Abstract	C-LINEAGE	7	NexusUnleashed.Game.Abstract\NexusUnleashed.Game.Abstract.Spell.Effect.Data\ISpellEffectVitalModifierData.cs
NexusUnleashed.Game.Abstract\NexusUnleashed.Game.Abstract.Spell.Effect\IGlobalSpellEffectManager.cs	NexusUnleashed.Game.Abstract	C-LINEAGE	13	NexusUnleashed.Game.Abstract\NexusUnleashed.Game.Abstract.Spell.Effect\IGlobalSpellEffectManager.cs
NexusUnleashed.Game.Abstract\NexusUnleashed.Game.Abstract.Spell.Effect\ISpellEffectApplyHandler.cs	NexusUnleashed.Game.Abstract	C-LINEAGE	8	NexusUnleashed.Game.Abstract\NexusUnleashed.Game.Abstract.Spell.Effect\ISpellEffectApplyHandler.cs
NexusUnleashed.Game.Abstract\NexusUnleashed.Game.Abstract.Spell.Effect\ISpellEffectHandlerInvoker.cs	NexusUnleashed.Game.Abstract	C-LINEAGE	8	NexusUnleashed.Game.Abstract\NexusUnleashed.Game.Abstract.Spell.Effect\ISpellEffectHandlerInvoker.cs
NexusUnleashed.Game.Abstract\NexusUnleashed.Game.Abstract.Spell.Effect\ISpellEffectRemoveHandler.cs	NexusUnleashed.Game.Abstract	C-LINEAGE	8	NexusUnleashed.Game.Abstract\NexusUnleashed.Game.Abstract.Spell.Effect\ISpellEffectRemoveHandler.cs
NexusUnleashed.Game.Abstract\NexusUnleashed.Game.Abstract.Spell.Effect\SpellEffectHandlerApplyDelegate.cs	NexusUnleashed.Game.Abstract	C-LINEAGE	5	NexusUnleashed.Game.Abstract\NexusUnleashed.Game.Abstract.Spell.Effect\SpellEffectHandlerApplyDelegate.cs
NexusUnleashed.Game.Abstract\NexusUnleashed.Game.Abstract.Spell.Effect\SpellEffectHandlerRemoveDelegate.cs	NexusUnleashed.Game.Abstract	C-LINEAGE	5	NexusUnleashed.Game.Abstract\NexusUnleashed.Game.Abstract.Spell.Effect\SpellEffectHandlerRemoveDelegate.cs
NexusUnleashed.Game.Abstract\NexusUnleashed.Game.Abstract.Spell.Event\ISpellEvent.cs	NexusUnleashed.Game.Abstract	C-LINEAGE	8	NexusUnleashed.Game.Abstract\NexusUnleashed.Game.Abstract.Spell.Event\ISpellEvent.cs
NexusUnleashed.Game.Abstract\NexusUnleashed.Game.Abstract.Spell.Event\ISpellEventManager.cs	NexusUnleashed.Game.Abstract	C-LINEAGE	8	NexusUnleashed.Game.Abstract\NexusUnleashed.Game.Abstract.Spell.Event\ISpellEventManager.cs
NexusUnleashed.Game.Abstract\NexusUnleashed.Game.Abstract.Spell.Info.Patch\ISpellBaseInfoPatch.cs	NexusUnleashed.Game.Abstract	C-LINEAGE	5	NexusUnleashed.Game.Abstract\NexusUnleashed.Game.Abstract.Spell.Info.Patch\ISpellBaseInfoPatch.cs
NexusUnleashed.Game.Abstract\NexusUnleashed.Game.Abstract.Spell.Info.Patch\ISpellInfoPatch.cs	NexusUnleashed.Game.Abstract	C-LINEAGE	5	NexusUnleashed.Game.Abstract\NexusUnleashed.Game.Abstract.Spell.Info.Patch\ISpellInfoPatch.cs
NexusUnleashed.Game.Abstract\NexusUnleashed.Game.Abstract.Spell.Info\ISpellBaseInfo.cs	NexusUnleashed.Game.Abstract	C-LINEAGE	25	NexusUnleashed.Game.Abstract\NexusUnleashed.Game.Abstract.Spell.Info\ISpellBaseInfo.cs
NexusUnleashed.Game.Abstract\NexusUnleashed.Game.Abstract.Spell.Info\ISpellInfo.cs	NexusUnleashed.Game.Abstract	C-LINEAGE	32	NexusUnleashed.Game.Abstract\NexusUnleashed.Game.Abstract.Spell.Info\ISpellInfo.cs
NexusUnleashed.Game.Abstract\NexusUnleashed.Game.Abstract.Spell.Info\ISpellInfoManager.cs	NexusUnleashed.Game.Abstract	C-LINEAGE	7	NexusUnleashed.Game.Abstract\NexusUnleashed.Game.Abstract.Spell.Info\ISpellInfoManager.cs
NexusUnleashed.Game.Abstract\NexusUnleashed.Game.Abstract.Spell.Info\ISpellInfoPatchManager.cs	NexusUnleashed.Game.Abstract	C-LINEAGE	8	NexusUnleashed.Game.Abstract\NexusUnleashed.Game.Abstract.Spell.Info\ISpellInfoPatchManager.cs
NexusUnleashed.Game.Abstract\NexusUnleashed.Game.Abstract.Spell.Proc\IProcInfo.cs	NexusUnleashed.Game.Abstract	C-LINEAGE	13	NexusUnleashed.Game.Abstract\NexusUnleashed.Game.Abstract.Spell.Proc\IProcInfo.cs
NexusUnleashed.Game.Abstract\NexusUnleashed.Game.Abstract.Spell.Proc\IProcManager.cs	NexusUnleashed.Game.Abstract	C-LINEAGE	13	NexusUnleashed.Game.Abstract\NexusUnleashed.Game.Abstract.Spell.Proc\IProcManager.cs
NexusUnleashed.Game.Abstract\NexusUnleashed.Game.Abstract.Spell.Proc\IProcParameters.cs	NexusUnleashed.Game.Abstract	C-LINEAGE	6	NexusUnleashed.Game.Abstract\NexusUnleashed.Game.Abstract.Spell.Proc\IProcParameters.cs
NexusUnleashed.Game.Abstract\NexusUnleashed.Game.Abstract.Spell.Target.Implicit.Filter\ISpellTargetImplicitConstraintFilter.cs	NexusUnleashed.Game.Abstract	C-LINEAGE	6	NexusUnleashed.Game.Abstract\NexusUnleashed.Game.Abstract.Spell.Target.Implicit.Filter\ISpellTargetImplicitConstraintFilter.cs
NexusUnleashed.Game.Abstract\NexusUnleashed.Game.Abstract.Spell.Target.Implicit.Filter\ISpellTargetImplicitTelegraphFilter.cs	NexusUnleashed.Game.Abstract	C-LINEAGE	6	NexusUnleashed.Game.Abstract\NexusUnleashed.Game.Abstract.Spell.Target.Implicit.Filter\ISpellTargetImplicitTelegraphFilter.cs
NexusUnleashed.Game.Abstract\NexusUnleashed.Game.Abstract.Spell.Target.Implicit\ISpellTargetImplicit.cs	NexusUnleashed.Game.Abstract	C-LINEAGE	7	NexusUnleashed.Game.Abstract\NexusUnleashed.Game.Abstract.Spell.Target.Implicit\ISpellTargetImplicit.cs
NexusUnleashed.Game.Abstract\NexusUnleashed.Game.Abstract.Spell.Target.Implicit\ISpellTargetImplicitFilter.cs	NexusUnleashed.Game.Abstract	C-LINEAGE	6	NexusUnleashed.Game.Abstract\NexusUnleashed.Game.Abstract.Spell.Target.Implicit\ISpellTargetImplicitFilter.cs
NexusUnleashed.Game.Abstract\NexusUnleashed.Game.Abstract.Spell.Target.Implicit\ISpellTargetImplicitSelector.cs	NexusUnleashed.Game.Abstract	C-LINEAGE	8	NexusUnleashed.Game.Abstract\NexusUnleashed.Game.Abstract.Spell.Target.Implicit\ISpellTargetImplicitSelector.cs
NexusUnleashed.Game.Abstract\NexusUnleashed.Game.Abstract.Spell.Target\ISpellTarget.cs	NexusUnleashed.Game.Abstract	C-LINEAGE	8	NexusUnleashed.Game.Abstract\NexusUnleashed.Game.Abstract.Spell.Target\ISpellTarget.cs
NexusUnleashed.Game.Abstract\NexusUnleashed.Game.Abstract.Spell.Target\ISpellTargetCollection.cs	NexusUnleashed.Game.Abstract	C-LINEAGE	10	NexusUnleashed.Game.Abstract\NexusUnleashed.Game.Abstract.Spell.Target\ISpellTargetCollection.cs
NexusUnleashed.Game.Abstract\NexusUnleashed.Game.Abstract.Spell.Target\ISpellTargetEffectInfo.cs	NexusUnleashed.Game.Abstract	C-LINEAGE	26	NexusUnleashed.Game.Abstract\NexusUnleashed.Game.Abstract.Spell.Target\ISpellTargetEffectInfo.cs
NexusUnleashed.Game.Abstract\NexusUnleashed.Game.Abstract.Spell.Target\ISpellTargetInfo.cs	NexusUnleashed.Game.Abstract	C-LINEAGE	21	NexusUnleashed.Game.Abstract\NexusUnleashed.Game.Abstract.Spell.Target\ISpellTargetInfo.cs
NexusUnleashed.Game.Abstract\NexusUnleashed.Game.Abstract.Spell.Target\ISpellTargetInfoCollection.cs	NexusUnleashed.Game.Abstract	C-LINEAGE	13	NexusUnleashed.Game.Abstract\NexusUnleashed.Game.Abstract.Spell.Target\ISpellTargetInfoCollection.cs
NexusUnleashed.Game.Abstract\NexusUnleashed.Game.Abstract.Spell\IActionSet.cs	NexusUnleashed.Game.Abstract	C-LINEAGE	30	NexusUnleashed.Game.Abstract\NexusUnleashed.Game.Abstract.Spell\IActionSet.cs
NexusUnleashed.Game.Abstract\NexusUnleashed.Game.Abstract.Spell\IActionSetAmp.cs	NexusUnleashed.Game.Abstract	C-LINEAGE	8	NexusUnleashed.Game.Abstract\NexusUnleashed.Game.Abstract.Spell\IActionSetAmp.cs
NexusUnleashed.Game.Abstract\NexusUnleashed.Game.Abstract.Spell\IActionSetShortcut.cs	NexusUnleashed.Game.Abstract	C-LINEAGE	11	NexusUnleashed.Game.Abstract\NexusUnleashed.Game.Abstract.Spell\IActionSetShortcut.cs
NexusUnleashed.Game.Abstract\NexusUnleashed.Game.Abstract.Spell\ICharacterSpell.cs	NexusUnleashed.Game.Abstract	C-LINEAGE	21	NexusUnleashed.Game.Abstract\NexusUnleashed.Game.Abstract.Spell\ICharacterSpell.cs
NexusUnleashed.Game.Abstract\NexusUnleashed.Game.Abstract.Spell\IDamageDescription.cs	NexusUnleashed.Game.Abstract	C-LINEAGE	16	NexusUnleashed.Game.Abstract\NexusUnleashed.Game.Abstract.Spell\IDamageDescription.cs
NexusUnleashed.Game.Abstract\NexusUnleashed.Game.Abstract.Spell\IGlobalSpellManager.cs	NexusUnleashed.Game.Abstract	C-LINEAGE	12	NexusUnleashed.Game.Abstract\NexusUnleashed.Game.Abstract.Spell\IGlobalSpellManager.cs
NexusUnleashed.Game.Abstract\NexusUnleashed.Game.Abstract.Spell\IProxy.cs	NexusUnleashed.Game.Abstract	C-LINEAGE	13	NexusUnleashed.Game.Abstract\NexusUnleashed.Game.Abstract.Spell\IProxy.cs
NexusUnleashed.Game.Abstract\NexusUnleashed.Game.Abstract.Spell\ISpell.cs	NexusUnleashed.Game.Abstract	C-LINEAGE	29	NexusUnleashed.Game.Abstract\NexusUnleashed.Game.Abstract.Spell\ISpell.cs
NexusUnleashed.Game.Abstract\NexusUnleashed.Game.Abstract.Spell\ISpellExecutionContext.cs	NexusUnleashed.Game.Abstract	C-LINEAGE	16	NexusUnleashed.Game.Abstract\NexusUnleashed.Game.Abstract.Spell\ISpellExecutionContext.cs
NexusUnleashed.Game.Abstract\NexusUnleashed.Game.Abstract.Spell\ISpellFactory.cs	NexusUnleashed.Game.Abstract	C-LINEAGE	6	NexusUnleashed.Game.Abstract\NexusUnleashed.Game.Abstract.Spell\ISpellFactory.cs
NexusUnleashed.Game.Abstract\NexusUnleashed.Game.Abstract.Spell\ISpellLookupManager.cs	NexusUnleashed.Game.Abstract	C-LINEAGE	6	NexusUnleashed.Game.Abstract\NexusUnleashed.Game.Abstract.Spell\ISpellLookupManager.cs
NexusUnleashed.Game.Abstract\NexusUnleashed.Game.Abstract.Spell\ISpellParameters.cs	NexusUnleashed.Game.Abstract	C-LINEAGE	25	NexusUnleashed.Game.Abstract\NexusUnleashed.Game.Abstract.Spell\ISpellParameters.cs
NexusUnleashed.Game.Abstract\NexusUnleashed.Game.Abstract.Spell\ISpellType.cs	NexusUnleashed.Game.Abstract	C-LINEAGE	5	NexusUnleashed.Game.Abstract\NexusUnleashed.Game.Abstract.Spell\ISpellType.cs
NexusUnleashed.Game.Abstract\NexusUnleashed.Game.Abstract.Spell\ITelegraph.cs	NexusUnleashed.Game.Abstract	C-LINEAGE	14	NexusUnleashed.Game.Abstract\NexusUnleashed.Game.Abstract.Spell\ITelegraph.cs
NexusUnleashed.Game.Abstract\NexusUnleashed.Game.Abstract.Storefront\ICategory.cs	NexusUnleashed.Game.Abstract	C-LINEAGE	12	NexusUnleashed.Game.Abstract\NexusUnleashed.Game.Abstract.Storefront\ICategory.cs
NexusUnleashed.Game.Abstract\NexusUnleashed.Game.Abstract.Storefront\IGlobalStorefrontManager.cs	NexusUnleashed.Game.Abstract	C-LINEAGE	8	NexusUnleashed.Game.Abstract\NexusUnleashed.Game.Abstract.Storefront\IGlobalStorefrontManager.cs
NexusUnleashed.Game.Abstract\NexusUnleashed.Game.Abstract.Storefront\IOfferGroup.cs	NexusUnleashed.Game.Abstract	C-LINEAGE	16	NexusUnleashed.Game.Abstract\NexusUnleashed.Game.Abstract.Storefront\IOfferGroup.cs
NexusUnleashed.Game.Abstract\NexusUnleashed.Game.Abstract.Storefront\IOfferGroupCategory.cs	NexusUnleashed.Game.Abstract	C-LINEAGE	6	NexusUnleashed.Game.Abstract\NexusUnleashed.Game.Abstract.Storefront\IOfferGroupCategory.cs
NexusUnleashed.Game.Abstract\NexusUnleashed.Game.Abstract.Storefront\IOfferItem.cs	NexusUnleashed.Game.Abstract	C-LINEAGE	18	NexusUnleashed.Game.Abstract\NexusUnleashed.Game.Abstract.Storefront\IOfferItem.cs
NexusUnleashed.Game.Abstract\NexusUnleashed.Game.Abstract.Storefront\IOfferItemData.cs	NexusUnleashed.Game.Abstract	C-LINEAGE	12	NexusUnleashed.Game.Abstract\NexusUnleashed.Game.Abstract.Storefront\IOfferItemData.cs
NexusUnleashed.Game.Abstract\NexusUnleashed.Game.Abstract.Storefront\IOfferItemPrice.cs	NexusUnleashed.Game.Abstract	C-LINEAGE	15	NexusUnleashed.Game.Abstract\NexusUnleashed.Game.Abstract.Storefront\IOfferItemPrice.cs
NexusUnleashed.Game.Abstract\NexusUnleashed.Game.Abstract.Story\IStoryBuilder.cs	NexusUnleashed.Game.Abstract	C-LINEAGE	17	NexusUnleashed.Game.Abstract\NexusUnleashed.Game.Abstract.Story\IStoryBuilder.cs
NexusUnleashed.Game.Abstract\NexusUnleashed.Game.Abstract.Story\IStoryMessageBuilder.cs	NexusUnleashed.Game.Abstract	C-LINEAGE	13	NexusUnleashed.Game.Abstract\NexusUnleashed.Game.Abstract.Story\IStoryMessageBuilder.cs
NexusUnleashed.Game.Abstract\NexusUnleashed.Game.Abstract\IAssetManager.cs	NexusUnleashed.Game.Abstract	C-LINEAGE	13	NexusUnleashed.Game.Abstract\NexusUnleashed.Game.Abstract\IAssetManager.cs
NexusUnleashed.Game.Abstract\NexusUnleashed.Game.Abstract\ICleanupManager.cs	NexusUnleashed.Game.Abstract	C-LINEAGE	9	NexusUnleashed.Game.Abstract\NexusUnleashed.Game.Abstract\ICleanupManager.cs
NexusUnleashed.Game.Abstract\NexusUnleashed.Game.Abstract\IDamageCalculator.cs	NexusUnleashed.Game.Abstract	C-LINEAGE	9	NexusUnleashed.Game.Abstract\NexusUnleashed.Game.Abstract\IDamageCalculator.cs
NexusUnleashed.Game.Abstract\NexusUnleashed.Game.Abstract\IDisable.cs	NexusUnleashed.Game.Abstract	C-LINEAGE	8	NexusUnleashed.Game.Abstract\NexusUnleashed.Game.Abstract\IDisable.cs
NexusUnleashed.Game.Abstract\NexusUnleashed.Game.Abstract\IDisableManager.cs	NexusUnleashed.Game.Abstract	C-LINEAGE	8	NexusUnleashed.Game.Abstract\NexusUnleashed.Game.Abstract\IDisableManager.cs
NexusUnleashed.Game.Abstract\NexusUnleashed.Game.Abstract\IItemManager.cs	NexusUnleashed.Game.Abstract	C-LINEAGE	11	NexusUnleashed.Game.Abstract\NexusUnleashed.Game.Abstract\IItemManager.cs
NexusUnleashed.Game.Abstract\NexusUnleashed.Game.Abstract\IRapidTransportCostCalculator.cs	NexusUnleashed.Game.Abstract	C-LINEAGE	7	NexusUnleashed.Game.Abstract\NexusUnleashed.Game.Abstract\IRapidTransportCostCalculator.cs
NexusUnleashed.Game.Abstract\NexusUnleashed.Game.Abstract\IRealmContext.cs	NexusUnleashed.Game.Abstract	C-LINEAGE	9	NexusUnleashed.Game.Abstract\NexusUnleashed.Game.Abstract\IRealmContext.cs
NexusUnleashed.Game.Abstract\NexusUnleashed.Game.Abstract\IShutdownManager.cs	NexusUnleashed.Game.Abstract	C-LINEAGE	12	NexusUnleashed.Game.Abstract\NexusUnleashed.Game.Abstract\IShutdownManager.cs
NexusUnleashed.Game.Abstract\NexusUnleashed.Game.Abstract\Identity.cs	NexusUnleashed.Game.Abstract	C-LINEAGE	15	NexusUnleashed.Game.Abstract\NexusUnleashed.Game.Abstract\Identity.cs
NexusUnleashed.Game.Abstract\NexusUnleashed.Game.Map.Lock\IResidenceMapLock.cs	NexusUnleashed.Game.Abstract	C-LINEAGE	8	NexusUnleashed.Game.Abstract\NexusUnleashed.Game.Map.Lock\IResidenceMapLock.cs
NexusUnleashed.Game.Abstract\NexusUnleashed.Game.Matching.Queue\IMatchingQueueTime.cs	NexusUnleashed.Game.Abstract	C-LINEAGE	10	NexusUnleashed.Game.Abstract\NexusUnleashed.Game.Matching.Queue\IMatchingQueueTime.cs
NexusUnleashed.Game.Abstract\NexusUnleashed.Game.Matching.Queue\IMatchingRoleCheckMember.cs	NexusUnleashed.Game.Abstract	C-LINEAGE	12	NexusUnleashed.Game.Abstract\NexusUnleashed.Game.Matching.Queue\IMatchingRoleCheckMember.cs
NexusUnleashed.Game.Abstract\NexusUnleashed.Game.Spell.Info\ISpellInfoCache.cs	NexusUnleashed.Game.Abstract	C-LINEAGE	12	NexusUnleashed.Game.Abstract\NexusUnleashed.Game.Spell.Info\ISpellInfoCache.cs
NexusUnleashed.Game.Abstract\Properties\AssemblyInfo.cs	NexusUnleashed.Game.Abstract	C-MODIFIED	11	NexusUnleashed.Game.Abstract\Properties\AssemblyInfo.cs
NexusUnleashed.Game\--z__ReadOnlyArray.cs	NexusUnleashed.Game	C-LINEAGE	117	NexusUnleashed.Script.Main\--z__ReadOnlyArray.cs
NexusUnleashed.Game\--z__ReadOnlySingleElementList.cs	NexusUnleashed.Game	C-LINEAGE	171	NexusUnleashed.Script.Main\--z__ReadOnlySingleElementList.cs
NexusUnleashed.Game\NexusUnleashed.Game.Account.Costume\AccountCostumeManager.cs	NexusUnleashed.Game	C-LINEAGE	118	NexusUnleashed.Game\NexusUnleashed.Game.Account.Costume\AccountCostumeManager.cs
NexusUnleashed.Game\NexusUnleashed.Game.Account.Costume\CostumeUnlock.cs	NexusUnleashed.Game	C-LINEAGE	65	NexusUnleashed.Game\NexusUnleashed.Game.Account.Costume\CostumeUnlock.cs
NexusUnleashed.Game\NexusUnleashed.Game.Account.Currency\AccountCurrency.cs	NexusUnleashed.Game	C-LINEAGE	107	NexusUnleashed.Game\NexusUnleashed.Game.Account.Currency\AccountCurrency.cs
NexusUnleashed.Game\NexusUnleashed.Game.Account.Currency\AccountCurrencyManager.cs	NexusUnleashed.Game	C-LINEAGE	119	NexusUnleashed.Game\NexusUnleashed.Game.Account.Currency\AccountCurrencyManager.cs
NexusUnleashed.Game\NexusUnleashed.Game.Account.Entitlement\AccountEntitlement.cs	NexusUnleashed.Game	C-LINEAGE	55	NexusUnleashed.Game\NexusUnleashed.Game.Account.Entitlement\AccountEntitlement.cs
NexusUnleashed.Game\NexusUnleashed.Game.Account.Entitlement\AccountEntitlementManager.cs	NexusUnleashed.Game	C-LINEAGE	68	NexusUnleashed.Game\NexusUnleashed.Game.Account.Entitlement\AccountEntitlementManager.cs
NexusUnleashed.Game\NexusUnleashed.Game.Account.Inventory\AccountInventoryManager.cs	NexusUnleashed.Game	A-AUTHORED	238	
NexusUnleashed.Game\NexusUnleashed.Game.Account.Inventory\CreddExchangeManager.cs	NexusUnleashed.Game	A-AUTHORED	154	
NexusUnleashed.Game\NexusUnleashed.Game.Account.Inventory\FortuneManager.cs	NexusUnleashed.Game	A-AUTHORED	113	
NexusUnleashed.Game\NexusUnleashed.Game.Account.Option\AccountKeybindingManager.cs	NexusUnleashed.Game	C-LINEAGE	33	NexusUnleashed.Game\NexusUnleashed.Game.Account.Option\AccountKeybindingManager.cs
NexusUnleashed.Game\NexusUnleashed.Game.Account.Reward\RewardProperty.cs	NexusUnleashed.Game	C-LINEAGE	57	NexusUnleashed.Game\NexusUnleashed.Game.Account.Reward\RewardProperty.cs
NexusUnleashed.Game\NexusUnleashed.Game.Account.Reward\RewardPropertyManager.cs	NexusUnleashed.Game	C-MODIFIED	120	NexusUnleashed.Game\NexusUnleashed.Game.Account.Reward\RewardPropertyManager.cs
NexusUnleashed.Game\NexusUnleashed.Game.Account.Unlock\GenericUnlock.cs	NexusUnleashed.Game	C-LINEAGE	41	NexusUnleashed.Game\NexusUnleashed.Game.Account.Unlock\GenericUnlock.cs
NexusUnleashed.Game\NexusUnleashed.Game.Account.Unlock\GenericUnlockManager.cs	NexusUnleashed.Game	C-LINEAGE	106	NexusUnleashed.Game\NexusUnleashed.Game.Account.Unlock\GenericUnlockManager.cs
NexusUnleashed.Game\NexusUnleashed.Game.Account\Account.cs	NexusUnleashed.Game	C-LINEAGE	105	NexusUnleashed.Game\NexusUnleashed.Game.Account\Account.cs
NexusUnleashed.Game\NexusUnleashed.Game.Account\DailyLoginRewardGrant.cs	NexusUnleashed.Game	A-AUTHORED	124	
NexusUnleashed.Game\NexusUnleashed.Game.Account\DailyLoginTracker.cs	NexusUnleashed.Game	A-AUTHORED	104	
NexusUnleashed.Game\NexusUnleashed.Game.Account\GalacticArchiveTracker.cs	NexusUnleashed.Game	A-AUTHORED	88	
NexusUnleashed.Game\NexusUnleashed.Game.Account\UnlockAllManager.cs	NexusUnleashed.Game	C-MODIFIED	249	NexusUnleashed.Game\NexusUnleashed.Game.Account\UnlockAllManager.cs
NexusUnleashed.Game\NexusUnleashed.Game.Achievement\Achievement.cs	NexusUnleashed.Game	C-LINEAGE	144	NexusUnleashed.Game\NexusUnleashed.Game.Achievement\Achievement.cs
NexusUnleashed.Game\NexusUnleashed.Game.Achievement\AchievementInfo.cs	NexusUnleashed.Game	C-LINEAGE	19	NexusUnleashed.Game\NexusUnleashed.Game.Achievement\AchievementInfo.cs
NexusUnleashed.Game\NexusUnleashed.Game.Achievement\BaseAchievementManager.cs	NexusUnleashed.Game	C-LINEAGE	235	NexusUnleashed.Game\NexusUnleashed.Game.Achievement\BaseAchievementManager.cs
NexusUnleashed.Game\NexusUnleashed.Game.Achievement\CharacterAchievementManager.cs	NexusUnleashed.Game	C-LINEAGE	40	NexusUnleashed.Game\NexusUnleashed.Game.Achievement\CharacterAchievementManager.cs
NexusUnleashed.Game\NexusUnleashed.Game.Achievement\GlobalAchievementManager.cs	NexusUnleashed.Game	C-LINEAGE	60	NexusUnleashed.Game\NexusUnleashed.Game.Achievement\GlobalAchievementManager.cs
NexusUnleashed.Game\NexusUnleashed.Game.Achievement\GuildAchievementManager.cs	NexusUnleashed.Game	C-LINEAGE	31	NexusUnleashed.Game\NexusUnleashed.Game.Achievement\GuildAchievementManager.cs
NexusUnleashed.Game\NexusUnleashed.Game.Achievement\ServiceCollectionExtensions.cs	NexusUnleashed.Game	C-LINEAGE	11	NexusUnleashed.Game\NexusUnleashed.Game.Achievement\ServiceCollectionExtensions.cs
NexusUnleashed.Game\NexusUnleashed.Game.CSI\ClientSideInteraction.cs	NexusUnleashed.Game	C-LINEAGE	47	NexusUnleashed.Game\NexusUnleashed.Game.CSI\ClientSideInteraction.cs
NexusUnleashed.Game\NexusUnleashed.Game.Challenges\ChallengeCombatHooks.cs	NexusUnleashed.Game	C-LINEAGE	12	NexusUnleashed.Game\NexusUnleashed.Game.Challenges\ChallengeCombatHooks.cs
NexusUnleashed.Game\NexusUnleashed.Game.Challenges\ChallengeManager.cs	NexusUnleashed.Game	C-MODIFIED	616	NexusUnleashed.Game\NexusUnleashed.Game.Challenges\ChallengeManager.cs
NexusUnleashed.Game\NexusUnleashed.Game.Challenges\ChallengeRuntimeState.cs	NexusUnleashed.Game	C-LINEAGE	16	NexusUnleashed.Game\NexusUnleashed.Game.Challenges\ChallengeRuntimeState.cs
NexusUnleashed.Game\NexusUnleashed.Game.Challenges\PendingChallengeShare.cs	NexusUnleashed.Game	C-LINEAGE	6	NexusUnleashed.Game\NexusUnleashed.Game.Challenges\PendingChallengeShare.cs
NexusUnleashed.Game\NexusUnleashed.Game.Character\Character.cs	NexusUnleashed.Game	C-LINEAGE	43	NexusUnleashed.Game\NexusUnleashed.Game.Character\Character.cs
NexusUnleashed.Game\NexusUnleashed.Game.Character\CharacterManager.cs	NexusUnleashed.Game	C-LINEAGE	159	NexusUnleashed.Game\NexusUnleashed.Game.Character\CharacterManager.cs
NexusUnleashed.Game\NexusUnleashed.Game.Character\ServiceCollectionExtensions.cs	NexusUnleashed.Game	C-LINEAGE	11	NexusUnleashed.Game\NexusUnleashed.Game.Character\ServiceCollectionExtensions.cs
NexusUnleashed.Game\NexusUnleashed.Game.Chat.Format.Formatter\AlienChatFormatter.cs	NexusUnleashed.Game	C-LINEAGE	24	NexusUnleashed.Game\NexusUnleashed.Game.Chat.Format.Formatter\AlienChatFormatter.cs
NexusUnleashed.Game\NexusUnleashed.Game.Chat.Format.Formatter\ArchiveArticleChatFormatter.cs	NexusUnleashed.Game	C-LINEAGE	24	NexusUnleashed.Game\NexusUnleashed.Game.Chat.Format.Formatter\ArchiveArticleChatFormatter.cs
NexusUnleashed.Game\NexusUnleashed.Game.Chat.Format.Formatter\Format0ChatFormatter.cs	NexusUnleashed.Game	C-LINEAGE	24	NexusUnleashed.Game\NexusUnleashed.Game.Chat.Format.Formatter\Format0ChatFormatter.cs
NexusUnleashed.Game\NexusUnleashed.Game.Chat.Format.Formatter\Format3ChatFormatter.cs	NexusUnleashed.Game	C-LINEAGE	24	NexusUnleashed.Game\NexusUnleashed.Game.Chat.Format.Formatter\Format3ChatFormatter.cs
NexusUnleashed.Game\NexusUnleashed.Game.Chat.Format.Formatter\ItemFullChatFormatter.cs	NexusUnleashed.Game	C-LINEAGE	46	NexusUnleashed.Game\NexusUnleashed.Game.Chat.Format.Formatter\ItemFullChatFormatter.cs
NexusUnleashed.Game\NexusUnleashed.Game.Chat.Format.Formatter\ItemGuidChatFormatter.cs	NexusUnleashed.Game	C-LINEAGE	26	NexusUnleashed.Game\NexusUnleashed.Game.Chat.Format.Formatter\ItemGuidChatFormatter.cs
NexusUnleashed.Game\NexusUnleashed.Game.Chat.Format.Formatter\ItemIdChatFormatter.cs	NexusUnleashed.Game	C-LINEAGE	24	NexusUnleashed.Game\NexusUnleashed.Game.Chat.Format.Formatter\ItemIdChatFormatter.cs
NexusUnleashed.Game\NexusUnleashed.Game.Chat.Format.Formatter\LootChatFormatter.cs	NexusUnleashed.Game	C-LINEAGE	24	NexusUnleashed.Game\NexusUnleashed.Game.Chat.Format.Formatter\LootChatFormatter.cs
NexusUnleashed.Game\NexusUnleashed.Game.Chat.Format.Formatter\NavPointChatFormatter.cs	NexusUnleashed.Game	C-LINEAGE	28	NexusUnleashed.Game\NexusUnleashed.Game.Chat.Format.Formatter\NavPointChatFormatter.cs
NexusUnleashed.Game\NexusUnleashed.Game.Chat.Format.Formatter\ProfanityChatFormatter.cs	NexusUnleashed.Game	C-LINEAGE	24	NexusUnleashed.Game\NexusUnleashed.Game.Chat.Format.Formatter\ProfanityChatFormatter.cs
NexusUnleashed.Game\NexusUnleashed.Game.Chat.Format.Formatter\QuestIdChatFormatter.cs	NexusUnleashed.Game	C-LINEAGE	24	NexusUnleashed.Game\NexusUnleashed.Game.Chat.Format.Formatter\QuestIdChatFormatter.cs
NexusUnleashed.Game\NexusUnleashed.Game.Chat.Format.Formatter\RoleplayChatFormatter.cs	NexusUnleashed.Game	C-LINEAGE	24	NexusUnleashed.Game\NexusUnleashed.Game.Chat.Format.Formatter\RoleplayChatFormatter.cs
NexusUnleashed.Game\NexusUnleashed.Game.Chat.Format\ChatFormatManager.cs	NexusUnleashed.Game	C-LINEAGE	174	NexusUnleashed.Game\NexusUnleashed.Game.Chat.Format\ChatFormatManager.cs
NexusUnleashed.Game\NexusUnleashed.Game.Chat.Format\ServiceCollectionExtensions.cs	NexusUnleashed.Game	C-LINEAGE	19	NexusUnleashed.Game\NexusUnleashed.Game.Chat.Format\ServiceCollectionExtensions.cs
NexusUnleashed.Game\NexusUnleashed.Game.Chat\ChatMessageBuilder.cs	NexusUnleashed.Game	C-LINEAGE	108	NexusUnleashed.Game\NexusUnleashed.Game.Chat\ChatMessageBuilder.cs
NexusUnleashed.Game\NexusUnleashed.Game.Chat\GlobalChatManager.cs	NexusUnleashed.Game	C-LINEAGE	159	NexusUnleashed.Game\NexusUnleashed.Game.Chat\GlobalChatManager.cs
NexusUnleashed.Game\NexusUnleashed.Game.Chat\ServiceCollectionExtensions.cs	NexusUnleashed.Game	C-LINEAGE	13	NexusUnleashed.Game\NexusUnleashed.Game.Chat\ServiceCollectionExtensions.cs
NexusUnleashed.Game\NexusUnleashed.Game.Cinematic.Cinematics\CrimsonIsleOnCreate.cs	NexusUnleashed.Game	C-LINEAGE	53	NexusUnleashed.Game\NexusUnleashed.Game.Cinematic.Cinematics\CrimsonIsleOnCreate.cs
NexusUnleashed.Game\NexusUnleashed.Game.Cinematic.Cinematics\DatascapeAvatusSpawn.cs	NexusUnleashed.Game	C-LINEAGE	14	NexusUnleashed.Game\NexusUnleashed.Game.Cinematic.Cinematics\DatascapeAvatusSpawn.cs
NexusUnleashed.Game\NexusUnleashed.Game.Cinematic.Cinematics\DeepSpaceExplorationOnCreate.cs	NexusUnleashed.Game	C-LINEAGE	14	NexusUnleashed.Game\NexusUnleashed.Game.Cinematic.Cinematics\DeepSpaceExplorationOnCreate.cs
NexusUnleashed.Game\NexusUnleashed.Game.Cinematic.Cinematics\EverstarGroveOnCreate.cs	NexusUnleashed.Game	C-MODIFIED	74	NexusUnleashed.Game\NexusUnleashed.Game.Cinematic.Cinematics\EverstarGroveOnCreate.cs
NexusUnleashed.Game\NexusUnleashed.Game.Cinematic.Cinematics\EvilFromTheEtherOnCreate.cs	NexusUnleashed.Game	C-LINEAGE	90	NexusUnleashed.Game\NexusUnleashed.Game.Cinematic.Cinematics\EvilFromTheEtherOnCreate.cs
NexusUnleashed.Game\NexusUnleashed.Game.Cinematic.Cinematics\EvilFromTheEtherOnEthericOrganisms.cs	NexusUnleashed.Game	C-LINEAGE	101	NexusUnleashed.Game\NexusUnleashed.Game.Cinematic.Cinematics\EvilFromTheEtherOnEthericOrganisms.cs
NexusUnleashed.Game\NexusUnleashed.Game.Cinematic.Cinematics\EvilFromTheEtherOnOpenMedbay.cs	NexusUnleashed.Game	C-LINEAGE	76	NexusUnleashed.Game\NexusUnleashed.Game.Cinematic.Cinematics\EvilFromTheEtherOnOpenMedbay.cs
NexusUnleashed.Game\NexusUnleashed.Game.Cinematic.Cinematics\FragmentZeroFirstWarning.cs	NexusUnleashed.Game	C-LINEAGE	14	NexusUnleashed.Game\NexusUnleashed.Game.Cinematic.Cinematics\FragmentZeroFirstWarning.cs
NexusUnleashed.Game\NexusUnleashed.Game.Cinematic.Cinematics\FragmentZeroOnCreate.cs	NexusUnleashed.Game	C-LINEAGE	14	NexusUnleashed.Game\NexusUnleashed.Game.Cinematic.Cinematics\FragmentZeroOnCreate.cs
NexusUnleashed.Game\NexusUnleashed.Game.Cinematic.Cinematics\GauntletFindOutWhatHappened.cs	NexusUnleashed.Game	C-LINEAGE	14	NexusUnleashed.Game\NexusUnleashed.Game.Cinematic.Cinematics\GauntletFindOutWhatHappened.cs
NexusUnleashed.Game\NexusUnleashed.Game.Cinematic.Cinematics\GauntletOnSpawnBrickBraggor.cs	NexusUnleashed.Game	C-LINEAGE	14	NexusUnleashed.Game\NexusUnleashed.Game.Cinematic.Cinematics\GauntletOnSpawnBrickBraggor.cs
NexusUnleashed.Game\NexusUnleashed.Game.Cinematic.Cinematics\GeneticArchivesOpenOhmnaDoor.cs	NexusUnleashed.Game	C-LINEAGE	14	NexusUnleashed.Game\NexusUnleashed.Game.Cinematic.Cinematics\GeneticArchivesOpenOhmnaDoor.cs
NexusUnleashed.Game\NexusUnleashed.Game.Cinematic.Cinematics\InfestationOnCreate.cs	NexusUnleashed.Game	C-LINEAGE	14	NexusUnleashed.Game\NexusUnleashed.Game.Cinematic.Cinematics\InfestationOnCreate.cs
NexusUnleashed.Game\NexusUnleashed.Game.Cinematic.Cinematics\InitializationCoreY83OpenDoor.cs	NexusUnleashed.Game	C-LINEAGE	14	NexusUnleashed.Game\NexusUnleashed.Game.Cinematic.Cinematics\InitializationCoreY83OpenDoor.cs
NexusUnleashed.Game\NexusUnleashed.Game.Cinematic.Cinematics\JourneyIntoOMNICore1OnCreate.cs	NexusUnleashed.Game	C-LINEAGE	14	NexusUnleashed.Game\NexusUnleashed.Game.Cinematic.Cinematics\JourneyIntoOMNICore1OnCreate.cs
NexusUnleashed.Game\NexusUnleashed.Game.Cinematic.Cinematics\LevianBayOnCreate.cs	NexusUnleashed.Game	C-MODIFIED	96	NexusUnleashed.Game\NexusUnleashed.Game.Cinematic.Cinematics\LevianBayOnCreate.cs
NexusUnleashed.Game\NexusUnleashed.Game.Cinematic.Cinematics\NorthernWildsOnCreate.cs	NexusUnleashed.Game	C-MODIFIED	81	NexusUnleashed.Game\NexusUnleashed.Game.Cinematic.Cinematics\NorthernWildsOnCreate.cs
NexusUnleashed.Game\NexusUnleashed.Game.Cinematic.Cinematics\NoviceTutorialCombatProjector.cs	NexusUnleashed.Game	C-MODIFIED	147	NexusUnleashed.Game\NexusUnleashed.Game.Cinematic.Cinematics\NoviceTutorialCombatProjector.cs
NexusUnleashed.Game\NexusUnleashed.Game.Cinematic.Cinematics\NoviceTutorialOnEnter.cs	NexusUnleashed.Game	C-MODIFIED	176	NexusUnleashed.Game\NexusUnleashed.Game.Cinematic.Cinematics\NoviceTutorialOnEnter.cs
NexusUnleashed.Game\NexusUnleashed.Game.Cinematic.Cinematics\ProtostarSuperMallInTheSkyOnCreate.cs	NexusUnleashed.Game	C-LINEAGE	14	NexusUnleashed.Game\NexusUnleashed.Game.Cinematic.Cinematics\ProtostarSuperMallInTheSkyOnCreate.cs
NexusUnleashed.Game\NexusUnleashed.Game.Cinematic.Cinematics\Q3486EmpoweredTowerCinematic.cs	NexusUnleashed.Game	C-LINEAGE	40	NexusUnleashed.Game\NexusUnleashed.Game.Cinematic.Cinematics\Q3486EmpoweredTowerCinematic.cs
NexusUnleashed.Game\NexusUnleashed.Game.Cinematic.Cinematics\Q3673ContactWithThaydCinematic.cs	NexusUnleashed.Game	C-LINEAGE	218	NexusUnleashed.Game\NexusUnleashed.Game.Cinematic.Cinematics\Q3673ContactWithThaydCinematic.cs
NexusUnleashed.Game\NexusUnleashed.Game.Cinematic.Cinematics\Q3963MoreImportantThanRevengeDepartureCinematic.cs	NexusUnleashed.Game	C-LINEAGE	96	NexusUnleashed.Game\NexusUnleashed.Game.Cinematic.Cinematics\Q3963MoreImportantThanRevengeDepartureCinematic.cs
NexusUnleashed.Game\NexusUnleashed.Game.Cinematic.Cinematics\Q5573PoweringDownCinematic.cs	NexusUnleashed.Game	C-LINEAGE	64	NexusUnleashed.Game\NexusUnleashed.Game.Cinematic.Cinematics\Q5573PoweringDownCinematic.cs
NexusUnleashed.Game\NexusUnleashed.Game.Cinematic.Cinematics\Q5604TacticalDemolitionsCinematic.cs	NexusUnleashed.Game	C-LINEAGE	68	NexusUnleashed.Game\NexusUnleashed.Game.Cinematic.Cinematics\Q5604TacticalDemolitionsCinematic.cs
NexusUnleashed.Game\NexusUnleashed.Game.Cinematic.Cinematics\RuinsOfKelVorethEnter.cs	NexusUnleashed.Game	C-LINEAGE	14	NexusUnleashed.Game\NexusUnleashed.Game.Cinematic.Cinematics\RuinsOfKelVorethEnter.cs
NexusUnleashed.Game\NexusUnleashed.Game.Cinematic.Cinematics\ShadesEveOnCreate.cs	NexusUnleashed.Game	C-LINEAGE	14	NexusUnleashed.Game\NexusUnleashed.Game.Cinematic.Cinematics\ShadesEveOnCreate.cs
NexusUnleashed.Game\NexusUnleashed.Game.Cinematic.Cinematics\SpaceMadnessOnCreate.cs	NexusUnleashed.Game	C-LINEAGE	14	NexusUnleashed.Game\NexusUnleashed.Game.Cinematic.Cinematics\SpaceMadnessOnCreate.cs
NexusUnleashed.Game\NexusUnleashed.Game.Cinematic.Cinematics\StormtalonLairStormtalonReborn.cs	NexusUnleashed.Game	C-LINEAGE	14	NexusUnleashed.Game\NexusUnleashed.Game.Cinematic.Cinematics\StormtalonLairStormtalonReborn.cs
NexusUnleashed.Game\NexusUnleashed.Game.Cinematic.Cinematics\VaultOfTheArchonHarizogColdbloodWakingUp.cs	NexusUnleashed.Game	C-LINEAGE	14	NexusUnleashed.Game\NexusUnleashed.Game.Cinematic.Cinematics\VaultOfTheArchonHarizogColdbloodWakingUp.cs
NexusUnleashed.Game\NexusUnleashed.Game.Cinematic.Cinematics\VaultOfTheArchonHolocube.cs	NexusUnleashed.Game	C-LINEAGE	14	NexusUnleashed.Game\NexusUnleashed.Game.Cinematic.Cinematics\VaultOfTheArchonHolocube.cs
NexusUnleashed.Game\NexusUnleashed.Game.Cinematic.Cinematics\VaultOfTheArchonOnCreate.cs	NexusUnleashed.Game	C-LINEAGE	14	NexusUnleashed.Game\NexusUnleashed.Game.Cinematic.Cinematics\VaultOfTheArchonOnCreate.cs
NexusUnleashed.Game\NexusUnleashed.Game.Cinematic.Cinematics\VaultOfTheArchonOsunWakingUp.cs	NexusUnleashed.Game	C-LINEAGE	14	NexusUnleashed.Game\NexusUnleashed.Game.Cinematic.Cinematics\VaultOfTheArchonOsunWakingUp.cs
NexusUnleashed.Game\NexusUnleashed.Game.Cinematic.Cinematics\VaultOfTheArchonVaultDoorOpen.cs	NexusUnleashed.Game	C-LINEAGE	14	NexusUnleashed.Game\NexusUnleashed.Game.Cinematic.Cinematics\VaultOfTheArchonVaultDoorOpen.cs
NexusUnleashed.Game\NexusUnleashed.Game.Cinematic\Actor.cs	NexusUnleashed.Game	C-LINEAGE	84	NexusUnleashed.Game\NexusUnleashed.Game.Cinematic\Actor.cs
NexusUnleashed.Game\NexusUnleashed.Game.Cinematic\ActorVisibility.cs	NexusUnleashed.Game	C-LINEAGE	27	NexusUnleashed.Game\NexusUnleashed.Game.Cinematic\ActorVisibility.cs
NexusUnleashed.Game\NexusUnleashed.Game.Cinematic\Camera.cs	NexusUnleashed.Game	C-LINEAGE	37	NexusUnleashed.Game\NexusUnleashed.Game.Cinematic\Camera.cs
NexusUnleashed.Game\NexusUnleashed.Game.Cinematic\CameraAttach.cs	NexusUnleashed.Game	C-LINEAGE	31	NexusUnleashed.Game\NexusUnleashed.Game.Cinematic\CameraAttach.cs
NexusUnleashed.Game\NexusUnleashed.Game.Cinematic\CameraSpline.cs	NexusUnleashed.Game	C-LINEAGE	34	NexusUnleashed.Game\NexusUnleashed.Game.Cinematic\CameraSpline.cs
NexusUnleashed.Game\NexusUnleashed.Game.Cinematic\CameraTransition.cs	NexusUnleashed.Game	C-LINEAGE	31	NexusUnleashed.Game\NexusUnleashed.Game.Cinematic\CameraTransition.cs
NexusUnleashed.Game\NexusUnleashed.Game.Cinematic\CinematicBase.cs	NexusUnleashed.Game	C-LINEAGE	131	NexusUnleashed.Game\NexusUnleashed.Game.Cinematic\CinematicBase.cs
NexusUnleashed.Game\NexusUnleashed.Game.Cinematic\CinematicFactory.cs	NexusUnleashed.Game	C-LINEAGE	16	NexusUnleashed.Game\NexusUnleashed.Game.Cinematic\CinematicFactory.cs
NexusUnleashed.Game\NexusUnleashed.Game.Cinematic\FlagsKeyframe.cs	NexusUnleashed.Game	C-LINEAGE	22	NexusUnleashed.Game\NexusUnleashed.Game.Cinematic\FlagsKeyframe.cs
NexusUnleashed.Game\NexusUnleashed.Game.Cinematic\GlobalCinematicManager.cs	NexusUnleashed.Game	C-LINEAGE	11	NexusUnleashed.Game\NexusUnleashed.Game.Cinematic\GlobalCinematicManager.cs
NexusUnleashed.Game\NexusUnleashed.Game.Cinematic\ServiceCollectionExtensions.cs	NexusUnleashed.Game	C-LINEAGE	26	NexusUnleashed.Game\NexusUnleashed.Game.Cinematic\ServiceCollectionExtensions.cs
NexusUnleashed.Game\NexusUnleashed.Game.Cinematic\Transition.cs	NexusUnleashed.Game	C-LINEAGE	35	NexusUnleashed.Game\NexusUnleashed.Game.Cinematic\Transition.cs
NexusUnleashed.Game\NexusUnleashed.Game.Cinematic\VisualEffect.cs	NexusUnleashed.Game	C-LINEAGE	58	NexusUnleashed.Game\NexusUnleashed.Game.Cinematic\VisualEffect.cs
NexusUnleashed.Game\NexusUnleashed.Game.Cinematic\VisualEffectEnd.cs	NexusUnleashed.Game	C-LINEAGE	22	NexusUnleashed.Game\NexusUnleashed.Game.Cinematic\VisualEffectEnd.cs
NexusUnleashed.Game\NexusUnleashed.Game.Combat.CrowdControl\CCStateInstance.cs	NexusUnleashed.Game	C-MODIFIED	32	NexusUnleashed.Game\NexusUnleashed.Game.Combat.CrowdControl\CCStateInstance.cs
NexusUnleashed.Game\NexusUnleashed.Game.Combat.CrowdControl\CCStateManager.cs	NexusUnleashed.Game	C-MODIFIED	202	NexusUnleashed.Game\NexusUnleashed.Game.Combat.CrowdControl\CCStateManager.cs
NexusUnleashed.Game\NexusUnleashed.Game.Combat\ArmorMitigation.cs	NexusUnleashed.Game	C-LINEAGE	32	NexusUnleashed.Game\NexusUnleashed.Game.Combat\ArmorMitigation.cs
NexusUnleashed.Game\NexusUnleashed.Game.Combat\DamageCalculator.cs	NexusUnleashed.Game	C-MODIFIED	449	NexusUnleashed.Game\NexusUnleashed.Game.Combat\DamageCalculator.cs
NexusUnleashed.Game\NexusUnleashed.Game.Combat\DamageMonitor.cs	NexusUnleashed.Game	C-MODIFIED	91	NexusUnleashed.Game\NexusUnleashed.Game.Combat\DamageMonitor.cs
NexusUnleashed.Game\NexusUnleashed.Game.Combat\HostileEntity.cs	NexusUnleashed.Game	C-LINEAGE	16	NexusUnleashed.Game\NexusUnleashed.Game.Combat\HostileEntity.cs
NexusUnleashed.Game\NexusUnleashed.Game.Combat\ServiceCollectionExtensions.cs	NexusUnleashed.Game	C-LINEAGE	11	NexusUnleashed.Game\NexusUnleashed.Game.Combat\ServiceCollectionExtensions.cs
NexusUnleashed.Game\NexusUnleashed.Game.Combat\ThreatManager.cs	NexusUnleashed.Game	C-MODIFIED	139	NexusUnleashed.Game\NexusUnleashed.Game.Combat\ThreatManager.cs
NexusUnleashed.Game\NexusUnleashed.Game.Configuration.Model\MapConfig.cs	NexusUnleashed.Game	C-LINEAGE	15	NexusUnleashed.Game\NexusUnleashed.Game.Configuration.Model\MapConfig.cs
NexusUnleashed.Game\NexusUnleashed.Game.Configuration.Model\RealmConfig.cs	NexusUnleashed.Game	C-LINEAGE	14	NexusUnleashed.Game\NexusUnleashed.Game.Configuration.Model\RealmConfig.cs
NexusUnleashed.Game\NexusUnleashed.Game.Configuration.Model\UnlockAllConfig.cs	NexusUnleashed.Game	C-LINEAGE	24	NexusUnleashed.Game\NexusUnleashed.Game.Configuration.Model\UnlockAllConfig.cs
NexusUnleashed.Game\NexusUnleashed.Game.Crafting\CraftingExecution.cs	NexusUnleashed.Game	A-AUTHORED	313	
NexusUnleashed.Game\NexusUnleashed.Game.Customisation\CustomisationInfo.cs	NexusUnleashed.Game	C-LINEAGE	31	NexusUnleashed.Game\NexusUnleashed.Game.Customisation\CustomisationInfo.cs
NexusUnleashed.Game\NexusUnleashed.Game.Customisation\CustomisationInfoCollection.cs	NexusUnleashed.Game	C-LINEAGE	51	NexusUnleashed.Game\NexusUnleashed.Game.Customisation\CustomisationInfoCollection.cs
NexusUnleashed.Game\NexusUnleashed.Game.Customisation\CustomisationLabel.cs	NexusUnleashed.Game	C-LINEAGE	18	NexusUnleashed.Game\NexusUnleashed.Game.Customisation\CustomisationLabel.cs
NexusUnleashed.Game\NexusUnleashed.Game.Customisation\CustomisationManager.cs	NexusUnleashed.Game	C-LINEAGE	161	NexusUnleashed.Game\NexusUnleashed.Game.Customisation\CustomisationManager.cs
NexusUnleashed.Game\NexusUnleashed.Game.Customisation\CustomisationSelection.cs	NexusUnleashed.Game	C-LINEAGE	15	NexusUnleashed.Game\NexusUnleashed.Game.Customisation\CustomisationSelection.cs
NexusUnleashed.Game\NexusUnleashed.Game.Customisation\ServiceCollectionExtensions.cs	NexusUnleashed.Game	C-LINEAGE	10	NexusUnleashed.Game\NexusUnleashed.Game.Customisation\ServiceCollectionExtensions.cs
NexusUnleashed.Game\NexusUnleashed.Game.Diagnostics\MonitorConfig.cs	NexusUnleashed.Game	A-AUTHORED	207	
NexusUnleashed.Game\NexusUnleashed.Game.Diagnostics\VisibilityTracer.cs	NexusUnleashed.Game	A-AUTHORED	187	
NexusUnleashed.Game\NexusUnleashed.Game.Diagnostics\ZoneMonitor.cs	NexusUnleashed.Game	A-AUTHORED	324	
NexusUnleashed.Game\NexusUnleashed.Game.Duel\DuelManager.cs	NexusUnleashed.Game	A-AUTHORED	163	
NexusUnleashed.Game\NexusUnleashed.Game.Entitlement\Entitlement.cs	NexusUnleashed.Game	C-MODIFIED	53	NexusUnleashed.Game\NexusUnleashed.Game.Entitlement\Entitlement.cs
NexusUnleashed.Game\NexusUnleashed.Game.Entitlement\EntitlementManager.cs	NexusUnleashed.Game	C-MODIFIED	90	NexusUnleashed.Game\NexusUnleashed.Game.Entitlement\EntitlementManager.cs
NexusUnleashed.Game\NexusUnleashed.Game.Entity.Creature\CreatureInfo.cs	NexusUnleashed.Game	C-LINEAGE	141	NexusUnleashed.Game\NexusUnleashed.Game.Entity.Creature\CreatureInfo.cs
NexusUnleashed.Game\NexusUnleashed.Game.Entity.Creature\CreatureInfoManager.cs	NexusUnleashed.Game	C-MODIFIED	93	NexusUnleashed.Game\NexusUnleashed.Game.Entity.Creature\CreatureInfoManager.cs
NexusUnleashed.Game\NexusUnleashed.Game.Entity.Creature\CreatureInfoOverride.cs	NexusUnleashed.Game	C-LINEAGE	85	NexusUnleashed.Game\NexusUnleashed.Game.Entity.Creature\CreatureInfoOverride.cs
NexusUnleashed.Game\NexusUnleashed.Game.Entity.Creature\CreatureInfoProperty.cs	NexusUnleashed.Game	C-LINEAGE	13	NexusUnleashed.Game\NexusUnleashed.Game.Entity.Creature\CreatureInfoProperty.cs
NexusUnleashed.Game\NexusUnleashed.Game.Entity.Creature\CreatureInfoStat.cs	NexusUnleashed.Game	C-LINEAGE	13	NexusUnleashed.Game\NexusUnleashed.Game.Entity.Creature\CreatureInfoStat.cs
NexusUnleashed.Game\NexusUnleashed.Game.Entity.Movement.AntiTamper\ClientMovementCommandValidator.cs	NexusUnleashed.Game	C-LINEAGE	17	NexusUnleashed.Game\NexusUnleashed.Game.Entity.Movement.AntiTamper\ClientMovementCommandValidator.cs
NexusUnleashed.Game\NexusUnleashed.Game.Entity.Movement.Command.Mode\ModeCommand.cs	NexusUnleashed.Game	C-LINEAGE	36	NexusUnleashed.Game\NexusUnleashed.Game.Entity.Movement.Command.Mode\ModeCommand.cs
NexusUnleashed.Game\NexusUnleashed.Game.Entity.Movement.Command.Mode\ModeCommandGroup.cs	NexusUnleashed.Game	C-LINEAGE	82	NexusUnleashed.Game\NexusUnleashed.Game.Entity.Movement.Command.Mode\ModeCommandGroup.cs
NexusUnleashed.Game\NexusUnleashed.Game.Entity.Movement.Command.Mode\ModeDefaultCommand.cs	NexusUnleashed.Game	C-LINEAGE	28	NexusUnleashed.Game\NexusUnleashed.Game.Entity.Movement.Command.Mode\ModeDefaultCommand.cs
NexusUnleashed.Game\NexusUnleashed.Game.Entity.Movement.Command.Mode\ModeKeysCommand.cs	NexusUnleashed.Game	C-LINEAGE	41	NexusUnleashed.Game\NexusUnleashed.Game.Entity.Movement.Command.Mode\ModeKeysCommand.cs
NexusUnleashed.Game\NexusUnleashed.Game.Entity.Movement.Command.Move\MoveCommand.cs	NexusUnleashed.Game	C-LINEAGE	39	NexusUnleashed.Game\NexusUnleashed.Game.Entity.Movement.Command.Move\MoveCommand.cs
NexusUnleashed.Game\NexusUnleashed.Game.Entity.Movement.Command.Move\MoveCommandGroup.cs	NexusUnleashed.Game	C-LINEAGE	84	NexusUnleashed.Game\NexusUnleashed.Game.Entity.Movement.Command.Move\MoveCommandGroup.cs
NexusUnleashed.Game\NexusUnleashed.Game.Entity.Movement.Command.Move\MoveDefaultsCommand.cs	NexusUnleashed.Game	C-LINEAGE	36	NexusUnleashed.Game\NexusUnleashed.Game.Entity.Movement.Command.Move\MoveDefaultsCommand.cs
NexusUnleashed.Game\NexusUnleashed.Game.Entity.Movement.Command.Move\MoveKeysCommand.cs	NexusUnleashed.Game	C-LINEAGE	41	NexusUnleashed.Game\NexusUnleashed.Game.Entity.Movement.Command.Move\MoveKeysCommand.cs
NexusUnleashed.Game\NexusUnleashed.Game.Entity.Movement.Command.Platform\PlatformCommand.cs	NexusUnleashed.Game	C-LINEAGE	35	NexusUnleashed.Game\NexusUnleashed.Game.Entity.Movement.Command.Platform\PlatformCommand.cs
NexusUnleashed.Game\NexusUnleashed.Game.Entity.Movement.Command.Platform\PlatformCommandGroup.cs	NexusUnleashed.Game	C-LINEAGE	45	NexusUnleashed.Game\NexusUnleashed.Game.Entity.Movement.Command.Platform\PlatformCommandGroup.cs
NexusUnleashed.Game\NexusUnleashed.Game.Entity.Movement.Command.Position\PositionCommand.cs	NexusUnleashed.Game	C-LINEAGE	43	NexusUnleashed.Game\NexusUnleashed.Game.Entity.Movement.Command.Position\PositionCommand.cs
NexusUnleashed.Game\NexusUnleashed.Game.Entity.Movement.Command.Position\PositionCommandGroup.cs	NexusUnleashed.Game	C-MODIFIED	154	NexusUnleashed.Game\NexusUnleashed.Game.Entity.Movement.Command.Position\PositionCommandGroup.cs
NexusUnleashed.Game\NexusUnleashed.Game.Entity.Movement.Command.Position\PositionKeysCommand.cs	NexusUnleashed.Game	C-LINEAGE	44	NexusUnleashed.Game\NexusUnleashed.Game.Entity.Movement.Command.Position\PositionKeysCommand.cs
NexusUnleashed.Game\NexusUnleashed.Game.Entity.Movement.Command.Position\PositionPathCommand.cs	NexusUnleashed.Game	C-LINEAGE	58	NexusUnleashed.Game\NexusUnleashed.Game.Entity.Movement.Command.Position\PositionPathCommand.cs
NexusUnleashed.Game\NexusUnleashed.Game.Entity.Movement.Command.Position\PositionSplineCommand.cs	NexusUnleashed.Game	C-LINEAGE	59	NexusUnleashed.Game\NexusUnleashed.Game.Entity.Movement.Command.Position\PositionSplineCommand.cs
NexusUnleashed.Game\NexusUnleashed.Game.Entity.Movement.Command.Rotation\RotationCommand.cs	NexusUnleashed.Game	C-LINEAGE	39	NexusUnleashed.Game\NexusUnleashed.Game.Entity.Movement.Command.Rotation\RotationCommand.cs
NexusUnleashed.Game\NexusUnleashed.Game.Entity.Movement.Command.Rotation\RotationCommandGroup.cs	NexusUnleashed.Game	C-LINEAGE	131	NexusUnleashed.Game\NexusUnleashed.Game.Entity.Movement.Command.Rotation\RotationCommandGroup.cs
NexusUnleashed.Game\NexusUnleashed.Game.Entity.Movement.Command.Rotation\RotationDefaultsCommand.cs	NexusUnleashed.Game	C-MODIFIED	45	NexusUnleashed.Game\NexusUnleashed.Game.Entity.Movement.Command.Rotation\RotationDefaultsCommand.cs
NexusUnleashed.Game\NexusUnleashed.Game.Entity.Movement.Command.Rotation\RotationFacePositionCommand.cs	NexusUnleashed.Game	C-LINEAGE	42	NexusUnleashed.Game\NexusUnleashed.Game.Entity.Movement.Command.Rotation\RotationFacePositionCommand.cs
NexusUnleashed.Game\NexusUnleashed.Game.Entity.Movement.Command.Rotation\RotationFaceUnitCommand.cs	NexusUnleashed.Game	C-LINEAGE	47	NexusUnleashed.Game\NexusUnleashed.Game.Entity.Movement.Command.Rotation\RotationFaceUnitCommand.cs
NexusUnleashed.Game\NexusUnleashed.Game.Entity.Movement.Command.Rotation\RotationKeysCommand.cs	NexusUnleashed.Game	C-LINEAGE	41	NexusUnleashed.Game\NexusUnleashed.Game.Entity.Movement.Command.Rotation\RotationKeysCommand.cs
NexusUnleashed.Game\NexusUnleashed.Game.Entity.Movement.Command.Rotation\RotationSpinCommand.cs	NexusUnleashed.Game	C-LINEAGE	50	NexusUnleashed.Game\NexusUnleashed.Game.Entity.Movement.Command.Rotation\RotationSpinCommand.cs
NexusUnleashed.Game\NexusUnleashed.Game.Entity.Movement.Command.Scale\ScaleCommand.cs	NexusUnleashed.Game	C-LINEAGE	35	NexusUnleashed.Game\NexusUnleashed.Game.Entity.Movement.Command.Scale\ScaleCommand.cs
NexusUnleashed.Game\NexusUnleashed.Game.Entity.Movement.Command.Scale\ScaleCommandGroup.cs	NexusUnleashed.Game	C-LINEAGE	75	NexusUnleashed.Game\NexusUnleashed.Game.Entity.Movement.Command.Scale\ScaleCommandGroup.cs
NexusUnleashed.Game\NexusUnleashed.Game.Entity.Movement.Command.Scale\ScaleKeysCommand.cs	NexusUnleashed.Game	C-LINEAGE	40	NexusUnleashed.Game\NexusUnleashed.Game.Entity.Movement.Command.Scale\ScaleKeysCommand.cs
NexusUnleashed.Game\NexusUnleashed.Game.Entity.Movement.Command.State\StateCommand.cs	NexusUnleashed.Game	C-LINEAGE	36	NexusUnleashed.Game\NexusUnleashed.Game.Entity.Movement.Command.State\StateCommand.cs
NexusUnleashed.Game\NexusUnleashed.Game.Entity.Movement.Command.State\StateCommandGroup.cs	NexusUnleashed.Game	C-LINEAGE	84	NexusUnleashed.Game\NexusUnleashed.Game.Entity.Movement.Command.State\StateCommandGroup.cs
NexusUnleashed.Game\NexusUnleashed.Game.Entity.Movement.Command.State\StateDefaultCommand.cs	NexusUnleashed.Game	C-LINEAGE	59	NexusUnleashed.Game\NexusUnleashed.Game.Entity.Movement.Command.State\StateDefaultCommand.cs
NexusUnleashed.Game\NexusUnleashed.Game.Entity.Movement.Command.State\StateKeysCommand.cs	NexusUnleashed.Game	C-LINEAGE	41	NexusUnleashed.Game\NexusUnleashed.Game.Entity.Movement.Command.State\StateKeysCommand.cs
NexusUnleashed.Game\NexusUnleashed.Game.Entity.Movement.Command.Time\TimeCommand.cs	NexusUnleashed.Game	C-LINEAGE	37	NexusUnleashed.Game\NexusUnleashed.Game.Entity.Movement.Command.Time\TimeCommand.cs
NexusUnleashed.Game\NexusUnleashed.Game.Entity.Movement.Command.Time\TimeCommandGroup.cs	NexusUnleashed.Game	C-LINEAGE	53	NexusUnleashed.Game\NexusUnleashed.Game.Entity.Movement.Command.Time\TimeCommandGroup.cs
NexusUnleashed.Game\NexusUnleashed.Game.Entity.Movement.Command.Velocity\VelocityCommand.cs	NexusUnleashed.Game	C-LINEAGE	39	NexusUnleashed.Game\NexusUnleashed.Game.Entity.Movement.Command.Velocity\VelocityCommand.cs
NexusUnleashed.Game\NexusUnleashed.Game.Entity.Movement.Command.Velocity\VelocityCommandGroup.cs	NexusUnleashed.Game	C-LINEAGE	69	NexusUnleashed.Game\NexusUnleashed.Game.Entity.Movement.Command.Velocity\VelocityCommandGroup.cs
NexusUnleashed.Game\NexusUnleashed.Game.Entity.Movement.Command.Velocity\VelocityDefaultsCommand.cs	NexusUnleashed.Game	C-LINEAGE	28	NexusUnleashed.Game\NexusUnleashed.Game.Entity.Movement.Command.Velocity\VelocityDefaultsCommand.cs
NexusUnleashed.Game\NexusUnleashed.Game.Entity.Movement.Command\ServiceCollectionExtentions.cs	NexusUnleashed.Game	C-LINEAGE	70	NexusUnleashed.Game\NexusUnleashed.Game.Entity.Movement.Command\ServiceCollectionExtentions.cs
NexusUnleashed.Game\NexusUnleashed.Game.Entity.Movement.Generator\DirectMovementGenerator.cs	NexusUnleashed.Game	C-MODIFIED	63	NexusUnleashed.Game\NexusUnleashed.Game.Entity.Movement.Generator\DirectMovementGenerator.cs
NexusUnleashed.Game\NexusUnleashed.Game.Entity.Movement.Generator\PathMovementGenerator.cs	NexusUnleashed.Game	C-LINEAGE	43	NexusUnleashed.Game\NexusUnleashed.Game.Entity.Movement.Generator\PathMovementGenerator.cs
NexusUnleashed.Game\NexusUnleashed.Game.Entity.Movement.Generator\RandomMovementGenerator.cs	NexusUnleashed.Game	C-MODIFIED	73	NexusUnleashed.Game\NexusUnleashed.Game.Entity.Movement.Generator\RandomMovementGenerator.cs
NexusUnleashed.Game\NexusUnleashed.Game.Entity.Movement.Key\Keys.cs	NexusUnleashed.Game	C-LINEAGE	69	NexusUnleashed.Game\NexusUnleashed.Game.Entity.Movement.Key\Keys.cs
NexusUnleashed.Game\NexusUnleashed.Game.Entity.Movement.Key\ModeKeys.cs	NexusUnleashed.Game	C-LINEAGE	9	NexusUnleashed.Game\NexusUnleashed.Game.Entity.Movement.Key\ModeKeys.cs
NexusUnleashed.Game\NexusUnleashed.Game.Entity.Movement.Key\MoveKeys.cs	NexusUnleashed.Game	C-LINEAGE	9	NexusUnleashed.Game\NexusUnleashed.Game.Entity.Movement.Key\MoveKeys.cs
NexusUnleashed.Game\NexusUnleashed.Game.Entity.Movement.Key\PositionKeys.cs	NexusUnleashed.Game	C-LINEAGE	17	NexusUnleashed.Game\NexusUnleashed.Game.Entity.Movement.Key\PositionKeys.cs
NexusUnleashed.Game\NexusUnleashed.Game.Entity.Movement.Key\RotationKeys.cs	NexusUnleashed.Game	C-LINEAGE	11	NexusUnleashed.Game\NexusUnleashed.Game.Entity.Movement.Key\RotationKeys.cs
NexusUnleashed.Game\NexusUnleashed.Game.Entity.Movement.Key\ScaleKeys.cs	NexusUnleashed.Game	C-LINEAGE	8	NexusUnleashed.Game\NexusUnleashed.Game.Entity.Movement.Key\ScaleKeys.cs
NexusUnleashed.Game\NexusUnleashed.Game.Entity.Movement.Key\StateKeys.cs	NexusUnleashed.Game	C-LINEAGE	9	NexusUnleashed.Game\NexusUnleashed.Game.Entity.Movement.Key\StateKeys.cs
NexusUnleashed.Game\NexusUnleashed.Game.Entity.Movement.Spline.Mode\SplineModeBackAndForth.cs	NexusUnleashed.Game	C-LINEAGE	16	NexusUnleashed.Game\NexusUnleashed.Game.Entity.Movement.Spline.Mode\SplineModeBackAndForth.cs
NexusUnleashed.Game\NexusUnleashed.Game.Entity.Movement.Spline.Mode\SplineModeBackAndForthReverse.cs	NexusUnleashed.Game	C-LINEAGE	16	NexusUnleashed.Game\NexusUnleashed.Game.Entity.Movement.Spline.Mode\SplineModeBackAndForthReverse.cs
NexusUnleashed.Game\NexusUnleashed.Game.Entity.Movement.Spline.Mode\SplineModeCyclic.cs	NexusUnleashed.Game	C-LINEAGE	15	NexusUnleashed.Game\NexusUnleashed.Game.Entity.Movement.Spline.Mode\SplineModeCyclic.cs
NexusUnleashed.Game\NexusUnleashed.Game.Entity.Movement.Spline.Mode\SplineModeCyclicReverse.cs	NexusUnleashed.Game	C-LINEAGE	15	NexusUnleashed.Game\NexusUnleashed.Game.Entity.Movement.Spline.Mode\SplineModeCyclicReverse.cs
NexusUnleashed.Game\NexusUnleashed.Game.Entity.Movement.Spline.Mode\SplineModeFactory.cs	NexusUnleashed.Game	C-MODIFIED	37	NexusUnleashed.Game\NexusUnleashed.Game.Entity.Movement.Spline.Mode\SplineModeFactory.cs
NexusUnleashed.Game\NexusUnleashed.Game.Entity.Movement.Spline.Mode\SplineModeInterpolatedOffset.cs	NexusUnleashed.Game	C-LINEAGE	9	NexusUnleashed.Game\NexusUnleashed.Game.Entity.Movement.Spline.Mode\SplineModeInterpolatedOffset.cs
NexusUnleashed.Game\NexusUnleashed.Game.Entity.Movement.Spline.Mode\SplineModeOneShot.cs	NexusUnleashed.Game	C-LINEAGE	17	NexusUnleashed.Game\NexusUnleashed.Game.Entity.Movement.Spline.Mode\SplineModeOneShot.cs
NexusUnleashed.Game\NexusUnleashed.Game.Entity.Movement.Spline.Mode\SplineModeOneShotReverse.cs	NexusUnleashed.Game	C-LINEAGE	17	NexusUnleashed.Game\NexusUnleashed.Game.Entity.Movement.Spline.Mode\SplineModeOneShotReverse.cs
NexusUnleashed.Game\NexusUnleashed.Game.Entity.Movement.Spline.Template\SplineTemplatePath.cs	NexusUnleashed.Game	C-LINEAGE	36	NexusUnleashed.Game\NexusUnleashed.Game.Entity.Movement.Spline.Template\SplineTemplatePath.cs
NexusUnleashed.Game\NexusUnleashed.Game.Entity.Movement.Spline.Template\SplineTemplatePoint.cs	NexusUnleashed.Game	C-LINEAGE	10	NexusUnleashed.Game\NexusUnleashed.Game.Entity.Movement.Spline.Template\SplineTemplatePoint.cs
NexusUnleashed.Game\NexusUnleashed.Game.Entity.Movement.Spline.Template\SplineTemplateTbl.cs	NexusUnleashed.Game	C-LINEAGE	41	NexusUnleashed.Game\NexusUnleashed.Game.Entity.Movement.Spline.Template\SplineTemplateTbl.cs
NexusUnleashed.Game\NexusUnleashed.Game.Entity.Movement.Spline.Type\SplineTypeCatmullRom.cs	NexusUnleashed.Game	C-MODIFIED	122	NexusUnleashed.Game\NexusUnleashed.Game.Entity.Movement.Spline.Type\SplineTypeCatmullRom.cs
NexusUnleashed.Game\NexusUnleashed.Game.Entity.Movement.Spline.Type\SplineTypeFactory.cs	NexusUnleashed.Game	C-LINEAGE	22	NexusUnleashed.Game\NexusUnleashed.Game.Entity.Movement.Spline.Type\SplineTypeFactory.cs
NexusUnleashed.Game\NexusUnleashed.Game.Entity.Movement.Spline.Type\SplineTypeLinear.cs	NexusUnleashed.Game	C-MODIFIED	50	NexusUnleashed.Game\NexusUnleashed.Game.Entity.Movement.Spline.Type\SplineTypeLinear.cs
NexusUnleashed.Game\NexusUnleashed.Game.Entity.Movement.Spline\ServiceCollectionExtensions.cs	NexusUnleashed.Game	C-LINEAGE	28	NexusUnleashed.Game\NexusUnleashed.Game.Entity.Movement.Spline\ServiceCollectionExtensions.cs
NexusUnleashed.Game\NexusUnleashed.Game.Entity.Movement.Spline\Spline.cs	NexusUnleashed.Game	C-MODIFIED	202	NexusUnleashed.Game\NexusUnleashed.Game.Entity.Movement.Spline\Spline.cs
NexusUnleashed.Game\NexusUnleashed.Game.Entity.Movement.Spline\SplinePoint.cs	NexusUnleashed.Game	C-LINEAGE	12	NexusUnleashed.Game\NexusUnleashed.Game.Entity.Movement.Spline\SplinePoint.cs
NexusUnleashed.Game\NexusUnleashed.Game.Entity.Movement.Spline\SplinePointLength.cs	NexusUnleashed.Game	C-LINEAGE	8	NexusUnleashed.Game\NexusUnleashed.Game.Entity.Movement.Spline\SplinePointLength.cs
NexusUnleashed.Game\NexusUnleashed.Game.Entity.Movement\MovementManager.cs	NexusUnleashed.Game	C-MODIFIED	682	NexusUnleashed.Game\NexusUnleashed.Game.Entity.Movement\MovementManager.cs
NexusUnleashed.Game\NexusUnleashed.Game.Entity.Movement\MovementMath.cs	NexusUnleashed.Game	C-LINEAGE	41	NexusUnleashed.Game\NexusUnleashed.Game.Entity.Movement\MovementMath.cs
NexusUnleashed.Game\NexusUnleashed.Game.Entity.Movement\ServiceCollectionExtentions.cs	NexusUnleashed.Game	C-LINEAGE	22	NexusUnleashed.Game\NexusUnleashed.Game.Entity.Movement\ServiceCollectionExtentions.cs
NexusUnleashed.Game\NexusUnleashed.Game.Entity.Stat.Entity\HealthStatUpdater.cs	NexusUnleashed.Game	C-LINEAGE	32	NexusUnleashed.Game\NexusUnleashed.Game.Entity.Stat.Entity\HealthStatUpdater.cs
NexusUnleashed.Game\NexusUnleashed.Game.Entity.Stat.Entity\SheildStatUpdater.cs	NexusUnleashed.Game	C-LINEAGE	32	NexusUnleashed.Game\NexusUnleashed.Game.Entity.Stat.Entity\SheildStatUpdater.cs
NexusUnleashed.Game\NexusUnleashed.Game.Entity.Stat.Player\DashStatUpdater.cs	NexusUnleashed.Game	C-LINEAGE	29	NexusUnleashed.Game\NexusUnleashed.Game.Entity.Stat.Player\DashStatUpdater.cs
NexusUnleashed.Game\NexusUnleashed.Game.Entity.Stat.Player\EngineerStatUpdater.cs	NexusUnleashed.Game	C-LINEAGE	37	NexusUnleashed.Game\NexusUnleashed.Game.Entity.Stat.Player\EngineerStatUpdater.cs
NexusUnleashed.Game\NexusUnleashed.Game.Entity.Stat.Player\EsperStatUpdater.cs	NexusUnleashed.Game	C-LINEAGE	28	NexusUnleashed.Game\NexusUnleashed.Game.Entity.Stat.Player\EsperStatUpdater.cs
NexusUnleashed.Game\NexusUnleashed.Game.Entity.Stat.Player\FocusStatUpdater.cs	NexusUnleashed.Game	C-LINEAGE	26	NexusUnleashed.Game\NexusUnleashed.Game.Entity.Stat.Player\FocusStatUpdater.cs
NexusUnleashed.Game\NexusUnleashed.Game.Entity.Stat.Player\MedicStatUpdater.cs	NexusUnleashed.Game	C-LINEAGE	29	NexusUnleashed.Game\NexusUnleashed.Game.Entity.Stat.Player\MedicStatUpdater.cs
NexusUnleashed.Game\NexusUnleashed.Game.Entity.Stat.Player\SpellSlingerStatUpdater.cs	NexusUnleashed.Game	C-LINEAGE	28	NexusUnleashed.Game\NexusUnleashed.Game.Entity.Stat.Player\SpellSlingerStatUpdater.cs
NexusUnleashed.Game\NexusUnleashed.Game.Entity.Stat.Player\StalkerStatUpdater.cs	NexusUnleashed.Game	C-LINEAGE	29	NexusUnleashed.Game\NexusUnleashed.Game.Entity.Stat.Player\StalkerStatUpdater.cs
NexusUnleashed.Game\NexusUnleashed.Game.Entity.Stat.Player\WarriorStatUpdater.cs	NexusUnleashed.Game	C-LINEAGE	45	NexusUnleashed.Game\NexusUnleashed.Game.Entity.Stat.Player\WarriorStatUpdater.cs
NexusUnleashed.Game\NexusUnleashed.Game.Entity.Stat\EntityStatUpdateManager.cs	NexusUnleashed.Game	C-LINEAGE	59	NexusUnleashed.Game\NexusUnleashed.Game.Entity.Stat\EntityStatUpdateManager.cs
NexusUnleashed.Game\NexusUnleashed.Game.Entity.Stat\PlayerStatUpdateManager.cs	NexusUnleashed.Game	C-LINEAGE	27	NexusUnleashed.Game\NexusUnleashed.Game.Entity.Stat\PlayerStatUpdateManager.cs
NexusUnleashed.Game\NexusUnleashed.Game.Entity.Stat\ServiceCollectionExtensions.cs	NexusUnleashed.Game	C-LINEAGE	25	NexusUnleashed.Game\NexusUnleashed.Game.Entity.Stat\ServiceCollectionExtensions.cs
NexusUnleashed.Game\NexusUnleashed.Game.Entity.Synchronisation\SynchronisationTask.cs	NexusUnleashed.Game	C-LINEAGE	30	NexusUnleashed.Game\NexusUnleashed.Game.Entity.Synchronisation\SynchronisationTask.cs
NexusUnleashed.Game\NexusUnleashed.Game.Entity.Trigger\GridTriggerEntity.cs	NexusUnleashed.Game	C-LINEAGE	33	NexusUnleashed.Game\NexusUnleashed.Game.Entity.Trigger\GridTriggerEntity.cs
NexusUnleashed.Game\NexusUnleashed.Game.Entity.Trigger\TurnstileTriggerEntity.cs	NexusUnleashed.Game	C-LINEAGE	28	NexusUnleashed.Game\NexusUnleashed.Game.Entity.Trigger\TurnstileTriggerEntity.cs
NexusUnleashed.Game\NexusUnleashed.Game.Entity.Trigger\VolumeGridTriggerEntity.cs	NexusUnleashed.Game	C-LINEAGE	36	NexusUnleashed.Game\NexusUnleashed.Game.Entity.Trigger\VolumeGridTriggerEntity.cs
NexusUnleashed.Game\NexusUnleashed.Game.Entity.Trigger\WorldLocationVolumeGridTriggerEntity.cs	NexusUnleashed.Game	C-LINEAGE	27	NexusUnleashed.Game\NexusUnleashed.Game.Entity.Trigger\WorldLocationVolumeGridTriggerEntity.cs
NexusUnleashed.Game\NexusUnleashed.Game.Entity\AiTurretEntity.cs	NexusUnleashed.Game	C-LINEAGE	37	NexusUnleashed.Game\NexusUnleashed.Game.Entity\AiTurretEntity.cs
NexusUnleashed.Game\NexusUnleashed.Game.Entity\Appearance.cs	NexusUnleashed.Game	C-LINEAGE	92	NexusUnleashed.Game\NexusUnleashed.Game.Entity\Appearance.cs
NexusUnleashed.Game\NexusUnleashed.Game.Entity\AppearanceManager.cs	NexusUnleashed.Game	C-LINEAGE	162	NexusUnleashed.Game\NexusUnleashed.Game.Entity\AppearanceManager.cs
NexusUnleashed.Game\NexusUnleashed.Game.Entity\Bag.cs	NexusUnleashed.Game	C-MODIFIED	210	NexusUnleashed.Game\NexusUnleashed.Game.Entity\Bag.cs
NexusUnleashed.Game\NexusUnleashed.Game.Entity\BindPointEntity.cs	NexusUnleashed.Game	C-LINEAGE	23	NexusUnleashed.Game\NexusUnleashed.Game.Entity\BindPointEntity.cs
NexusUnleashed.Game\NexusUnleashed.Game.Entity\BindPointManager.cs	NexusUnleashed.Game	A-AUTHORED	94	
NexusUnleashed.Game\NexusUnleashed.Game.Entity\Bone.cs	NexusUnleashed.Game	C-LINEAGE	91	NexusUnleashed.Game\NexusUnleashed.Game.Entity\Bone.cs
NexusUnleashed.Game\NexusUnleashed.Game.Entity\BuybackInfo.cs	NexusUnleashed.Game	C-LINEAGE	36	NexusUnleashed.Game\NexusUnleashed.Game.Entity\BuybackInfo.cs
NexusUnleashed.Game\NexusUnleashed.Game.Entity\BuybackItem.cs	NexusUnleashed.Game	C-LINEAGE	45	NexusUnleashed.Game\NexusUnleashed.Game.Entity\BuybackItem.cs
NexusUnleashed.Game\NexusUnleashed.Game.Entity\BuybackManager.cs	NexusUnleashed.Game	C-LINEAGE	96	NexusUnleashed.Game\NexusUnleashed.Game.Entity\BuybackManager.cs
NexusUnleashed.Game\NexusUnleashed.Game.Entity\CameraEntity.cs	NexusUnleashed.Game	C-LINEAGE	20	NexusUnleashed.Game\NexusUnleashed.Game.Entity\CameraEntity.cs
NexusUnleashed.Game\NexusUnleashed.Game.Entity\CharacterEntitlement.cs	NexusUnleashed.Game	C-LINEAGE	53	NexusUnleashed.Game\NexusUnleashed.Game.Entity\CharacterEntitlement.cs
NexusUnleashed.Game\NexusUnleashed.Game.Entity\CharacterEntitlementManager.cs	NexusUnleashed.Game	C-LINEAGE	67	NexusUnleashed.Game\NexusUnleashed.Game.Entity\CharacterEntitlementManager.cs
NexusUnleashed.Game\NexusUnleashed.Game.Entity\CharacterKeybindingManager.cs	NexusUnleashed.Game	C-LINEAGE	35	NexusUnleashed.Game\NexusUnleashed.Game.Entity\CharacterKeybindingManager.cs
NexusUnleashed.Game\NexusUnleashed.Game.Entity\ChestEntity.cs	NexusUnleashed.Game	C-LINEAGE	23	NexusUnleashed.Game\NexusUnleashed.Game.Entity\ChestEntity.cs
NexusUnleashed.Game\NexusUnleashed.Game.Entity\CinematicManager.cs	NexusUnleashed.Game	C-MODIFIED	48	NexusUnleashed.Game\NexusUnleashed.Game.Entity\CinematicManager.cs
NexusUnleashed.Game\NexusUnleashed.Game.Entity\CollectableUnitEntity.cs	NexusUnleashed.Game	C-LINEAGE	24	NexusUnleashed.Game\NexusUnleashed.Game.Entity\CollectableUnitEntity.cs
NexusUnleashed.Game\NexusUnleashed.Game.Entity\CorpseUnitEntity.cs	NexusUnleashed.Game	C-LINEAGE	23	NexusUnleashed.Game\NexusUnleashed.Game.Entity\CorpseUnitEntity.cs
NexusUnleashed.Game\NexusUnleashed.Game.Entity\Costume.cs	NexusUnleashed.Game	C-MODIFIED	183	NexusUnleashed.Game\NexusUnleashed.Game.Entity\Costume.cs
NexusUnleashed.Game\NexusUnleashed.Game.Entity\CostumeItem.cs	NexusUnleashed.Game	C-LINEAGE	155	NexusUnleashed.Game\NexusUnleashed.Game.Entity\CostumeItem.cs
NexusUnleashed.Game\NexusUnleashed.Game.Entity\CostumeManager.cs	NexusUnleashed.Game	C-MODIFIED	219	NexusUnleashed.Game\NexusUnleashed.Game.Entity\CostumeManager.cs
NexusUnleashed.Game\NexusUnleashed.Game.Entity\CreatureEntity.cs	NexusUnleashed.Game	C-MODIFIED	716	NexusUnleashed.Game\NexusUnleashed.Game.Entity\CreatureEntity.cs
NexusUnleashed.Game\NexusUnleashed.Game.Entity\CreatureSpellEntry.cs	NexusUnleashed.Game	C-LINEAGE	16	NexusUnleashed.Game\NexusUnleashed.Game.Entity\CreatureSpellEntry.cs
NexusUnleashed.Game\NexusUnleashed.Game.Entity\CreatureSpellTable.cs	NexusUnleashed.Game	C-LINEAGE	77	NexusUnleashed.Game\NexusUnleashed.Game.Entity\CreatureSpellTable.cs
NexusUnleashed.Game\NexusUnleashed.Game.Entity\Currency.cs	NexusUnleashed.Game	C-MODIFIED	86	NexusUnleashed.Game\NexusUnleashed.Game.Entity\Currency.cs
NexusUnleashed.Game\NexusUnleashed.Game.Entity\CurrencyManager.cs	NexusUnleashed.Game	C-MODIFIED	158	NexusUnleashed.Game\NexusUnleashed.Game.Entity\CurrencyManager.cs
NexusUnleashed.Game\NexusUnleashed.Game.Entity\Customisation.cs	NexusUnleashed.Game	C-LINEAGE	91	NexusUnleashed.Game\NexusUnleashed.Game.Entity\Customisation.cs
NexusUnleashed.Game\NexusUnleashed.Game.Entity\Datacube.cs	NexusUnleashed.Game	C-LINEAGE	81	NexusUnleashed.Game\NexusUnleashed.Game.Entity\Datacube.cs
NexusUnleashed.Game\NexusUnleashed.Game.Entity\DatacubeManager.cs	NexusUnleashed.Game	C-LINEAGE	95	NexusUnleashed.Game\NexusUnleashed.Game.Entity\DatacubeManager.cs
NexusUnleashed.Game\NexusUnleashed.Game.Entity\DestructibleDoorEntity.cs	NexusUnleashed.Game	C-LINEAGE	23	NexusUnleashed.Game\NexusUnleashed.Game.Entity\DestructibleDoorEntity.cs
NexusUnleashed.Game\NexusUnleashed.Game.Entity\DestructibleEntity.cs	NexusUnleashed.Game	C-LINEAGE	23	NexusUnleashed.Game\NexusUnleashed.Game.Entity\DestructibleEntity.cs
NexusUnleashed.Game\NexusUnleashed.Game.Entity\DoorEntity.cs	NexusUnleashed.Game	C-LINEAGE	70	NexusUnleashed.Game\NexusUnleashed.Game.Entity\DoorEntity.cs
NexusUnleashed.Game\NexusUnleashed.Game.Entity\EntityFactory.cs	NexusUnleashed.Game	C-LINEAGE	61	NexusUnleashed.Game\NexusUnleashed.Game.Entity\EntityFactory.cs
NexusUnleashed.Game\NexusUnleashed.Game.Entity\EntityManager.cs	NexusUnleashed.Game	C-LINEAGE	122	NexusUnleashed.Game\NexusUnleashed.Game.Entity\EntityManager.cs
NexusUnleashed.Game\NexusUnleashed.Game.Entity\EntitySummonFactory.cs	NexusUnleashed.Game	C-MODIFIED	130	NexusUnleashed.Game\NexusUnleashed.Game.Entity\EntitySummonFactory.cs
NexusUnleashed.Game\NexusUnleashed.Game.Entity\EsperPetEntity.cs	NexusUnleashed.Game	C-LINEAGE	19	NexusUnleashed.Game\NexusUnleashed.Game.Entity\EsperPetEntity.cs
NexusUnleashed.Game\NexusUnleashed.Game.Entity\GhostEntity.cs	NexusUnleashed.Game	C-LINEAGE	82	NexusUnleashed.Game\NexusUnleashed.Game.Entity\GhostEntity.cs
NexusUnleashed.Game\NexusUnleashed.Game.Entity\GridEntity.cs	NexusUnleashed.Game	C-MODIFIED	377	NexusUnleashed.Game\NexusUnleashed.Game.Entity\GridEntity.cs
NexusUnleashed.Game\NexusUnleashed.Game.Entity\HarvestUnitEntity.cs	NexusUnleashed.Game	C-LINEAGE	23	NexusUnleashed.Game\NexusUnleashed.Game.Entity\HarvestUnitEntity.cs
NexusUnleashed.Game\NexusUnleashed.Game.Entity\HazardManager.cs	NexusUnleashed.Game	A-AUTHORED	109	
NexusUnleashed.Game\NexusUnleashed.Game.Entity\HazardStateCollection.cs	NexusUnleashed.Game	A-AUTHORED	236	
NexusUnleashed.Game\NexusUnleashed.Game.Entity\HiddenEntity.cs	NexusUnleashed.Game	C-LINEAGE	23	NexusUnleashed.Game\NexusUnleashed.Game.Entity\HiddenEntity.cs
NexusUnleashed.Game\NexusUnleashed.Game.Entity\HousingHarvestPlugEntity.cs	NexusUnleashed.Game	C-LINEAGE	19	NexusUnleashed.Game\NexusUnleashed.Game.Entity\HousingHarvestPlugEntity.cs
NexusUnleashed.Game\NexusUnleashed.Game.Entity\HousingMannequinEntity.cs	NexusUnleashed.Game	C-LINEAGE	23	NexusUnleashed.Game\NexusUnleashed.Game.Entity\HousingMannequinEntity.cs
NexusUnleashed.Game\NexusUnleashed.Game.Entity\HousingPlantEntity.cs	NexusUnleashed.Game	C-LINEAGE	19	NexusUnleashed.Game\NexusUnleashed.Game.Entity\HousingPlantEntity.cs
NexusUnleashed.Game\NexusUnleashed.Game.Entity\InstancePortalEntity.cs	NexusUnleashed.Game	C-LINEAGE	23	NexusUnleashed.Game\NexusUnleashed.Game.Entity\InstancePortalEntity.cs
NexusUnleashed.Game\NexusUnleashed.Game.Entity\InteriorFloorTable.cs	NexusUnleashed.Game	A-AUTHORED	128	
NexusUnleashed.Game\NexusUnleashed.Game.Entity\Inventory.cs	NexusUnleashed.Game	C-MODIFIED	760	NexusUnleashed.Game\NexusUnleashed.Game.Entity\Inventory.cs
NexusUnleashed.Game\NexusUnleashed.Game.Entity\Item.cs	NexusUnleashed.Game	C-LINEAGE	299	NexusUnleashed.Game\NexusUnleashed.Game.Entity\Item.cs
NexusUnleashed.Game\NexusUnleashed.Game.Entity\ItemInfo.cs	NexusUnleashed.Game	C-MODIFIED	718	NexusUnleashed.Game\NexusUnleashed.Game.Entity\ItemInfo.cs
NexusUnleashed.Game\NexusUnleashed.Game.Entity\ItemInfoPropertyBuilder.cs	NexusUnleashed.Game	C-LINEAGE	8	NexusUnleashed.Game\NexusUnleashed.Game.Entity\ItemInfoPropertyBuilder.cs
NexusUnleashed.Game\NexusUnleashed.Game.Entity\ItemVisual.cs	NexusUnleashed.Game	C-LINEAGE	22	NexusUnleashed.Game\NexusUnleashed.Game.Entity\ItemVisual.cs
NexusUnleashed.Game\NexusUnleashed.Game.Entity\LevelBandTable.cs	NexusUnleashed.Game	A-AUTHORED	89	
NexusUnleashed.Game\NexusUnleashed.Game.Entity\Location.cs	NexusUnleashed.Game	C-LINEAGE	16	NexusUnleashed.Game\NexusUnleashed.Game.Entity\Location.cs
NexusUnleashed.Game\NexusUnleashed.Game.Entity\LockboxEntity.cs	NexusUnleashed.Game	C-LINEAGE	19	NexusUnleashed.Game\NexusUnleashed.Game.Entity\LockboxEntity.cs
NexusUnleashed.Game\NexusUnleashed.Game.Entity\LogoutManager.cs	NexusUnleashed.Game	C-LINEAGE	71	NexusUnleashed.Game\NexusUnleashed.Game.Entity\LogoutManager.cs
NexusUnleashed.Game\NexusUnleashed.Game.Entity\MailManager.cs	NexusUnleashed.Game	C-MODIFIED	481	NexusUnleashed.Game\NexusUnleashed.Game.Entity\MailManager.cs
NexusUnleashed.Game\NexusUnleashed.Game.Entity\MailboxEntity.cs	NexusUnleashed.Game	C-LINEAGE	30	NexusUnleashed.Game\NexusUnleashed.Game.Entity\MailboxEntity.cs
NexusUnleashed.Game\NexusUnleashed.Game.Entity\MountEntity.cs	NexusUnleashed.Game	C-LINEAGE	114	NexusUnleashed.Game\NexusUnleashed.Game.Entity\MountEntity.cs
NexusUnleashed.Game\NexusUnleashed.Game.Entity\MovementMonitor.cs	NexusUnleashed.Game	C-LINEAGE	48	NexusUnleashed.Game\NexusUnleashed.Game.Entity\MovementMonitor.cs
NexusUnleashed.Game\NexusUnleashed.Game.Entity\NonPlayerEntity.cs	NexusUnleashed.Game	C-LINEAGE	61	NexusUnleashed.Game\NexusUnleashed.Game.Entity\NonPlayerEntity.cs
NexusUnleashed.Game\NexusUnleashed.Game.Entity\PathEntry.cs	NexusUnleashed.Game	C-LINEAGE	131	NexusUnleashed.Game\NexusUnleashed.Game.Entity\PathEntry.cs
NexusUnleashed.Game\NexusUnleashed.Game.Entity\PathManager.cs	NexusUnleashed.Game	C-MODIFIED	487	NexusUnleashed.Game\NexusUnleashed.Game.Entity\PathManager.cs
NexusUnleashed.Game\NexusUnleashed.Game.Entity\PathMissionEntry.cs	NexusUnleashed.Game	C-LINEAGE	69	NexusUnleashed.Game\NexusUnleashed.Game.Entity\PathMissionEntry.cs
NexusUnleashed.Game\NexusUnleashed.Game.Entity\PendingTeleport.cs	NexusUnleashed.Game	C-LINEAGE	10	NexusUnleashed.Game\NexusUnleashed.Game.Entity\PendingTeleport.cs
NexusUnleashed.Game\NexusUnleashed.Game.Entity\PetCustomisation.cs	NexusUnleashed.Game	C-LINEAGE	130	NexusUnleashed.Game\NexusUnleashed.Game.Entity\PetCustomisation.cs
NexusUnleashed.Game\NexusUnleashed.Game.Entity\PetCustomisationManager.cs	NexusUnleashed.Game	C-LINEAGE	147	NexusUnleashed.Game\NexusUnleashed.Game.Entity\PetCustomisationManager.cs
NexusUnleashed.Game\NexusUnleashed.Game.Entity\PetEntity.cs	NexusUnleashed.Game	C-LINEAGE	99	NexusUnleashed.Game\NexusUnleashed.Game.Entity\PetEntity.cs
NexusUnleashed.Game\NexusUnleashed.Game.Entity\PetFlair.cs	NexusUnleashed.Game	C-LINEAGE	37	NexusUnleashed.Game\NexusUnleashed.Game.Entity\PetFlair.cs
NexusUnleashed.Game\NexusUnleashed.Game.Entity\PickupEntity.cs	NexusUnleashed.Game	C-LINEAGE	19	NexusUnleashed.Game\NexusUnleashed.Game.Entity\PickupEntity.cs
NexusUnleashed.Game\NexusUnleashed.Game.Entity\PinataLootEntity.cs	NexusUnleashed.Game	C-LINEAGE	19	NexusUnleashed.Game\NexusUnleashed.Game.Entity\PinataLootEntity.cs
NexusUnleashed.Game\NexusUnleashed.Game.Entity\PlatformEntity.cs	NexusUnleashed.Game	C-MODIFIED	34	NexusUnleashed.Game\NexusUnleashed.Game.Entity\PlatformEntity.cs
NexusUnleashed.Game\NexusUnleashed.Game.Entity\Player.cs	NexusUnleashed.Game	C-MODIFIED	1603	NexusUnleashed.Game\NexusUnleashed.Game.Entity\Player.cs
NexusUnleashed.Game\NexusUnleashed.Game.Entity\PlayerManager.cs	NexusUnleashed.Game	C-MODIFIED	94	NexusUnleashed.Game\NexusUnleashed.Game.Entity\PlayerManager.cs
NexusUnleashed.Game\NexusUnleashed.Game.Entity\PlugEntity.cs	NexusUnleashed.Game	C-LINEAGE	33	NexusUnleashed.Game\NexusUnleashed.Game.Entity\PlugEntity.cs
NexusUnleashed.Game\NexusUnleashed.Game.Entity\PropertyModifier.cs	NexusUnleashed.Game	C-LINEAGE	23	NexusUnleashed.Game\NexusUnleashed.Game.Entity\PropertyModifier.cs
NexusUnleashed.Game\NexusUnleashed.Game.Entity\PropertyValue.cs	NexusUnleashed.Game	C-LINEAGE	26	NexusUnleashed.Game\NexusUnleashed.Game.Entity\PropertyValue.cs
NexusUnleashed.Game\NexusUnleashed.Game.Entity\QuestManager.cs	NexusUnleashed.Game	C-MODIFIED	818	NexusUnleashed.Game\NexusUnleashed.Game.Entity\QuestManager.cs
NexusUnleashed.Game\NexusUnleashed.Game.Entity\ResidenceEntity.cs	NexusUnleashed.Game	C-LINEAGE	23	NexusUnleashed.Game\NexusUnleashed.Game.Entity\ResidenceEntity.cs
NexusUnleashed.Game\NexusUnleashed.Game.Entity\ResurrectionManager.cs	NexusUnleashed.Game	C-LINEAGE	207	NexusUnleashed.Game\NexusUnleashed.Game.Entity\ResurrectionManager.cs
NexusUnleashed.Game\NexusUnleashed.Game.Entity\ScannerUnitEntity.cs	NexusUnleashed.Game	C-LINEAGE	19	NexusUnleashed.Game\NexusUnleashed.Game.Entity\ScannerUnitEntity.cs
NexusUnleashed.Game\NexusUnleashed.Game.Entity\ServiceCollectionExtentions.cs	NexusUnleashed.Game	C-MODIFIED	67	NexusUnleashed.Game\NexusUnleashed.Game.Entity\ServiceCollectionExtentions.cs
NexusUnleashed.Game\NexusUnleashed.Game.Entity\SimpleCollidableEntity.cs	NexusUnleashed.Game	C-LINEAGE	24	NexusUnleashed.Game\NexusUnleashed.Game.Entity\SimpleCollidableEntity.cs
NexusUnleashed.Game\NexusUnleashed.Game.Entity\SimpleEntity.cs	NexusUnleashed.Game	C-MODIFIED	114	NexusUnleashed.Game\NexusUnleashed.Game.Entity\SimpleEntity.cs
NexusUnleashed.Game\NexusUnleashed.Game.Entity\SpellManager.cs	NexusUnleashed.Game	C-MODIFIED	845	NexusUnleashed.Game\NexusUnleashed.Game.Entity\SpellManager.cs
NexusUnleashed.Game\NexusUnleashed.Game.Entity\SpellPropertyModifier.cs	NexusUnleashed.Game	C-LINEAGE	33	NexusUnleashed.Game\NexusUnleashed.Game.Entity\SpellPropertyModifier.cs
NexusUnleashed.Game\NexusUnleashed.Game.Entity\StatValue.cs	NexusUnleashed.Game	C-LINEAGE	122	NexusUnleashed.Game\NexusUnleashed.Game.Entity\StatValue.cs
NexusUnleashed.Game\NexusUnleashed.Game.Entity\StructuredPlugEntity.cs	NexusUnleashed.Game	C-LINEAGE	19	NexusUnleashed.Game\NexusUnleashed.Game.Entity\StructuredPlugEntity.cs
NexusUnleashed.Game\NexusUnleashed.Game.Entity\SupplySatchelManager.cs	NexusUnleashed.Game	C-MODIFIED	177	NexusUnleashed.Game\NexusUnleashed.Game.Entity\SupplySatchelManager.cs
NexusUnleashed.Game\NexusUnleashed.Game.Entity\TaxiEntity.cs	NexusUnleashed.Game	C-LINEAGE	23	NexusUnleashed.Game\NexusUnleashed.Game.Entity\TaxiEntity.cs
NexusUnleashed.Game\NexusUnleashed.Game.Entity\Title.cs	NexusUnleashed.Game	C-LINEAGE	112	NexusUnleashed.Game\NexusUnleashed.Game.Entity\Title.cs
NexusUnleashed.Game\NexusUnleashed.Game.Entity\TitleManager.cs	NexusUnleashed.Game	C-LINEAGE	174	NexusUnleashed.Game\NexusUnleashed.Game.Entity\TitleManager.cs
NexusUnleashed.Game\NexusUnleashed.Game.Entity\TradeskillManager.cs	NexusUnleashed.Game	C-MODIFIED	317	NexusUnleashed.Game\NexusUnleashed.Game.Entity\TradeskillManager.cs
NexusUnleashed.Game\NexusUnleashed.Game.Entity\TradeskillMaterial.cs	NexusUnleashed.Game	C-LINEAGE	84	NexusUnleashed.Game\NexusUnleashed.Game.Entity\TradeskillMaterial.cs
NexusUnleashed.Game\NexusUnleashed.Game.Entity\TrapEntity.cs	NexusUnleashed.Game	C-LINEAGE	19	NexusUnleashed.Game\NexusUnleashed.Game.Entity\TrapEntity.cs
NexusUnleashed.Game\NexusUnleashed.Game.Entity\TriggerEntity.cs	NexusUnleashed.Game	C-LINEAGE	19	NexusUnleashed.Game\NexusUnleashed.Game.Entity\TriggerEntity.cs
NexusUnleashed.Game\NexusUnleashed.Game.Entity\UnitEntity.cs	NexusUnleashed.Game	C-MODIFIED	1024	NexusUnleashed.Game\NexusUnleashed.Game.Entity\UnitEntity.cs
NexusUnleashed.Game\NexusUnleashed.Game.Entity\VehicleEntity.cs	NexusUnleashed.Game	C-LINEAGE	204	NexusUnleashed.Game\NexusUnleashed.Game.Entity\VehicleEntity.cs
NexusUnleashed.Game\NexusUnleashed.Game.Entity\VehiclePassenger.cs	NexusUnleashed.Game	C-LINEAGE	15	NexusUnleashed.Game\NexusUnleashed.Game.Entity\VehiclePassenger.cs
NexusUnleashed.Game\NexusUnleashed.Game.Entity\VendorInfo.cs	NexusUnleashed.Game	C-LINEAGE	69	NexusUnleashed.Game\NexusUnleashed.Game.Entity\VendorInfo.cs
NexusUnleashed.Game\NexusUnleashed.Game.Entity\VendorItemPurchaseCost.cs	NexusUnleashed.Game	C-LINEAGE	99	NexusUnleashed.Game\NexusUnleashed.Game.Entity\VendorItemPurchaseCost.cs
NexusUnleashed.Game\NexusUnleashed.Game.Entity\VitalAttribute.cs	NexusUnleashed.Game	C-LINEAGE	12	NexusUnleashed.Game\NexusUnleashed.Game.Entity\VitalAttribute.cs
NexusUnleashed.Game\NexusUnleashed.Game.Entity\WorldEntity.cs	NexusUnleashed.Game	C-MODIFIED	1325	NexusUnleashed.Game\NexusUnleashed.Game.Entity\WorldEntity.cs
NexusUnleashed.Game\NexusUnleashed.Game.Entity\WorldUnitEntity.cs	NexusUnleashed.Game	C-LINEAGE	20	NexusUnleashed.Game\NexusUnleashed.Game.Entity\WorldUnitEntity.cs
NexusUnleashed.Game\NexusUnleashed.Game.Entity\XpManager.cs	NexusUnleashed.Game	C-LINEAGE	135	NexusUnleashed.Game\NexusUnleashed.Game.Entity\XpManager.cs
NexusUnleashed.Game\NexusUnleashed.Game.Group\GroupStateManager.cs	NexusUnleashed.Game	C-LINEAGE	153	NexusUnleashed.Game\NexusUnleashed.Game.Group\GroupStateManager.cs
NexusUnleashed.Game\NexusUnleashed.Game.Guild\ArenaTeam.cs	NexusUnleashed.Game	C-LINEAGE	32	NexusUnleashed.Game\NexusUnleashed.Game.Guild\ArenaTeam.cs
NexusUnleashed.Game\NexusUnleashed.Game.Guild\Circle.cs	NexusUnleashed.Game	C-LINEAGE	19	NexusUnleashed.Game\NexusUnleashed.Game.Guild\Circle.cs
NexusUnleashed.Game\NexusUnleashed.Game.Guild\Community.cs	NexusUnleashed.Game	C-LINEAGE	158	NexusUnleashed.Game\NexusUnleashed.Game.Guild\Community.cs
NexusUnleashed.Game\NexusUnleashed.Game.Guild\GlobalGuildManager.cs	NexusUnleashed.Game	C-MODIFIED	269	NexusUnleashed.Game\NexusUnleashed.Game.Guild\GlobalGuildManager.cs
NexusUnleashed.Game\NexusUnleashed.Game.Guild\Guild.cs	NexusUnleashed.Game	C-LINEAGE	220	NexusUnleashed.Game\NexusUnleashed.Game.Guild\Guild.cs
NexusUnleashed.Game\NexusUnleashed.Game.Guild\GuildBase.cs	NexusUnleashed.Game	C-MODIFIED	1015	NexusUnleashed.Game\NexusUnleashed.Game.Guild\GuildBase.cs
NexusUnleashed.Game\NexusUnleashed.Game.Guild\GuildFactory.cs	NexusUnleashed.Game	C-LINEAGE	40	NexusUnleashed.Game\NexusUnleashed.Game.Guild\GuildFactory.cs
NexusUnleashed.Game\NexusUnleashed.Game.Guild\GuildInvite.cs	NexusUnleashed.Game	C-LINEAGE	7	NexusUnleashed.Game\NexusUnleashed.Game.Guild\GuildInvite.cs
NexusUnleashed.Game\NexusUnleashed.Game.Guild\GuildManager.cs	NexusUnleashed.Game	C-LINEAGE	501	NexusUnleashed.Game\NexusUnleashed.Game.Guild\GuildManager.cs
NexusUnleashed.Game\NexusUnleashed.Game.Guild\GuildMember.cs	NexusUnleashed.Game	C-LINEAGE	176	NexusUnleashed.Game\NexusUnleashed.Game.Guild\GuildMember.cs
NexusUnleashed.Game\NexusUnleashed.Game.Guild\GuildNameEqualityComparer.cs	NexusUnleashed.Game	C-LINEAGE	35	NexusUnleashed.Game\NexusUnleashed.Game.Guild\GuildNameEqualityComparer.cs
NexusUnleashed.Game\NexusUnleashed.Game.Guild\GuildOperationHandlerAttribute.cs	NexusUnleashed.Game	C-LINEAGE	12	NexusUnleashed.Game\NexusUnleashed.Game.Guild\GuildOperationHandlerAttribute.cs
NexusUnleashed.Game\NexusUnleashed.Game.Guild\GuildRank.cs	NexusUnleashed.Game	C-LINEAGE	226	NexusUnleashed.Game\NexusUnleashed.Game.Guild\GuildRank.cs
NexusUnleashed.Game\NexusUnleashed.Game.Guild\GuildResultInfo.cs	NexusUnleashed.Game	C-LINEAGE	29	NexusUnleashed.Game\NexusUnleashed.Game.Guild\GuildResultInfo.cs
NexusUnleashed.Game\NexusUnleashed.Game.Guild\GuildStandard.cs	NexusUnleashed.Game	C-LINEAGE	87	NexusUnleashed.Game\NexusUnleashed.Game.Guild\GuildStandard.cs
NexusUnleashed.Game\NexusUnleashed.Game.Guild\ServiceCollectionExtensions.cs	NexusUnleashed.Game	C-LINEAGE	20	NexusUnleashed.Game\NexusUnleashed.Game.Guild\ServiceCollectionExtensions.cs
NexusUnleashed.Game\NexusUnleashed.Game.Guild\WarParty.cs	NexusUnleashed.Game	C-LINEAGE	19	NexusUnleashed.Game\NexusUnleashed.Game.Guild\WarParty.cs
NexusUnleashed.Game\NexusUnleashed.Game.Housing\Decor.cs	NexusUnleashed.Game	C-LINEAGE	292	NexusUnleashed.Game\NexusUnleashed.Game.Housing\Decor.cs
NexusUnleashed.Game\NexusUnleashed.Game.Housing\GlobalResidenceManager.cs	NexusUnleashed.Game	C-LINEAGE	265	NexusUnleashed.Game\NexusUnleashed.Game.Housing\GlobalResidenceManager.cs
NexusUnleashed.Game\NexusUnleashed.Game.Housing\HousingException.cs	NexusUnleashed.Game	C-LINEAGE	9	NexusUnleashed.Game\NexusUnleashed.Game.Housing\HousingException.cs
NexusUnleashed.Game\NexusUnleashed.Game.Housing\HousingNeighborManager.cs	NexusUnleashed.Game	A-AUTHORED	184	
NexusUnleashed.Game\NexusUnleashed.Game.Housing\Plot.cs	NexusUnleashed.Game	C-LINEAGE	158	NexusUnleashed.Game\NexusUnleashed.Game.Housing\Plot.cs
NexusUnleashed.Game\NexusUnleashed.Game.Housing\PublicCommunity.cs	NexusUnleashed.Game	C-LINEAGE	9	NexusUnleashed.Game\NexusUnleashed.Game.Housing\PublicCommunity.cs
NexusUnleashed.Game\NexusUnleashed.Game.Housing\PublicResidence.cs	NexusUnleashed.Game	C-LINEAGE	9	NexusUnleashed.Game\NexusUnleashed.Game.Housing\PublicResidence.cs
NexusUnleashed.Game\NexusUnleashed.Game.Housing\Residence.cs	NexusUnleashed.Game	C-LINEAGE	648	NexusUnleashed.Game\NexusUnleashed.Game.Housing\Residence.cs
NexusUnleashed.Game\NexusUnleashed.Game.Housing\ResidenceChild.cs	NexusUnleashed.Game	C-LINEAGE	9	NexusUnleashed.Game\NexusUnleashed.Game.Housing\ResidenceChild.cs
NexusUnleashed.Game\NexusUnleashed.Game.Housing\ResidenceEntrance.cs	NexusUnleashed.Game	C-LINEAGE	18	NexusUnleashed.Game\NexusUnleashed.Game.Housing\ResidenceEntrance.cs
NexusUnleashed.Game\NexusUnleashed.Game.Housing\ResidenceManager.cs	NexusUnleashed.Game	C-LINEAGE	75	NexusUnleashed.Game\NexusUnleashed.Game.Housing\ResidenceManager.cs
NexusUnleashed.Game\NexusUnleashed.Game.Housing\ServiceCollectionExtensions.cs	NexusUnleashed.Game	C-LINEAGE	14	NexusUnleashed.Game\NexusUnleashed.Game.Housing\ServiceCollectionExtensions.cs
NexusUnleashed.Game\NexusUnleashed.Game.ICComm\ICCommManager.cs	NexusUnleashed.Game	A-AUTHORED	180	
NexusUnleashed.Game\NexusUnleashed.Game.Loot\GlobalLootManager.cs	NexusUnleashed.Game	C-LINEAGE	239	NexusUnleashed.Game\NexusUnleashed.Game.Loot\GlobalLootManager.cs
NexusUnleashed.Game\NexusUnleashed.Game.Loot\LootGroup.cs	NexusUnleashed.Game	C-MODIFIED	137	NexusUnleashed.Game\NexusUnleashed.Game.Loot\LootGroup.cs
NexusUnleashed.Game\NexusUnleashed.Game.Loot\LootInstance.cs	NexusUnleashed.Game	C-LINEAGE	109	NexusUnleashed.Game\NexusUnleashed.Game.Loot\LootInstance.cs
NexusUnleashed.Game\NexusUnleashed.Game.Loot\LootInstanceItem.cs	NexusUnleashed.Game	C-LINEAGE	142	NexusUnleashed.Game\NexusUnleashed.Game.Loot\LootInstanceItem.cs
NexusUnleashed.Game\NexusUnleashed.Game.Loot\LootItem.cs	NexusUnleashed.Game	C-LINEAGE	31	NexusUnleashed.Game\NexusUnleashed.Game.Loot\LootItem.cs
NexusUnleashed.Game\NexusUnleashed.Game.Loot\ServiceCollectionExtensions.cs	NexusUnleashed.Game	C-LINEAGE	11	NexusUnleashed.Game\NexusUnleashed.Game.Loot\ServiceCollectionExtensions.cs
NexusUnleashed.Game\NexusUnleashed.Game.Mail\MailAttachment.cs	NexusUnleashed.Game	C-LINEAGE	76	NexusUnleashed.Game\NexusUnleashed.Game.Mail\MailAttachment.cs
NexusUnleashed.Game\NexusUnleashed.Game.Mail\MailItem.cs	NexusUnleashed.Game	C-MODIFIED	323	NexusUnleashed.Game\NexusUnleashed.Game.Mail\MailItem.cs
NexusUnleashed.Game\NexusUnleashed.Game.Mail\MailParameters.cs	NexusUnleashed.Game	C-LINEAGE	17	NexusUnleashed.Game\NexusUnleashed.Game.Mail\MailParameters.cs
NexusUnleashed.Game\NexusUnleashed.Game.Map.Instance\ContentInstancedMap.cs	NexusUnleashed.Game	C-LINEAGE	45	NexusUnleashed.Game\NexusUnleashed.Game.Map.Instance\ContentInstancedMap.cs
NexusUnleashed.Game\NexusUnleashed.Game.Map.Instance\ContentMapInstance.cs	NexusUnleashed.Game	C-LINEAGE	88	NexusUnleashed.Game\NexusUnleashed.Game.Map.Instance\ContentMapInstance.cs
NexusUnleashed.Game\NexusUnleashed.Game.Map.Instance\ContentPvpMapInstance.cs	NexusUnleashed.Game	C-LINEAGE	39	NexusUnleashed.Game\NexusUnleashed.Game.Map.Instance\ContentPvpMapInstance.cs
NexusUnleashed.Game\NexusUnleashed.Game.Map.Instance\InstancedMap.cs	NexusUnleashed.Game	C-MODIFIED	180	NexusUnleashed.Game\NexusUnleashed.Game.Map.Instance\InstancedMap.cs
NexusUnleashed.Game\NexusUnleashed.Game.Map.Instance\MapInstance.cs	NexusUnleashed.Game	C-LINEAGE	282	NexusUnleashed.Game\NexusUnleashed.Game.Map.Instance\MapInstance.cs
NexusUnleashed.Game\NexusUnleashed.Game.Map.Instance\MapInstanceRemoval.cs	NexusUnleashed.Game	C-LINEAGE	11	NexusUnleashed.Game\NexusUnleashed.Game.Map.Instance\MapInstanceRemoval.cs
NexusUnleashed.Game\NexusUnleashed.Game.Map.Instance\ResidenceInstancedMap.cs	NexusUnleashed.Game	C-LINEAGE	58	NexusUnleashed.Game\NexusUnleashed.Game.Map.Instance\ResidenceInstancedMap.cs
NexusUnleashed.Game\NexusUnleashed.Game.Map.Instance\ResidenceMapInstance.cs	NexusUnleashed.Game	C-MODIFIED	595	NexusUnleashed.Game\NexusUnleashed.Game.Map.Instance\ResidenceMapInstance.cs
NexusUnleashed.Game\NexusUnleashed.Game.Map.Instance\ServiceCollectionExtensions.cs	NexusUnleashed.Game	C-LINEAGE	16	NexusUnleashed.Game\NexusUnleashed.Game.Map.Instance\ServiceCollectionExtensions.cs
NexusUnleashed.Game\NexusUnleashed.Game.Map.Lock\MapLock.cs	NexusUnleashed.Game	C-LINEAGE	40	NexusUnleashed.Game\NexusUnleashed.Game.Map.Lock\MapLock.cs
NexusUnleashed.Game\NexusUnleashed.Game.Map.Lock\MapLockCollection.cs	NexusUnleashed.Game	C-LINEAGE	38	NexusUnleashed.Game\NexusUnleashed.Game.Map.Lock\MapLockCollection.cs
NexusUnleashed.Game\NexusUnleashed.Game.Map.Lock\MapLockManager.cs	NexusUnleashed.Game	C-LINEAGE	88	NexusUnleashed.Game\NexusUnleashed.Game.Map.Lock\MapLockManager.cs
NexusUnleashed.Game\NexusUnleashed.Game.Map.Lock\ResidenceMapLock.cs	NexusUnleashed.Game	C-LINEAGE	24	NexusUnleashed.Game\NexusUnleashed.Game.Map.Lock\ResidenceMapLock.cs
NexusUnleashed.Game\NexusUnleashed.Game.Map.Lock\ServiceCollectionExtensions.cs	NexusUnleashed.Game	C-LINEAGE	15	NexusUnleashed.Game\NexusUnleashed.Game.Map.Lock\ServiceCollectionExtensions.cs
NexusUnleashed.Game\NexusUnleashed.Game.Map.Search\SearchCheckRange.cs	NexusUnleashed.Game	C-LINEAGE	28	NexusUnleashed.Game\NexusUnleashed.Game.Map.Search\SearchCheckRange.cs
NexusUnleashed.Game\NexusUnleashed.Game.Map.Search\SearchCheckRangeAoeSelect.cs	NexusUnleashed.Game	C-LINEAGE	44	NexusUnleashed.Game\NexusUnleashed.Game.Map.Search\SearchCheckRangeAoeSelect.cs
NexusUnleashed.Game\NexusUnleashed.Game.Map.Search\SearchCheckSpellTargetImplicit.cs	NexusUnleashed.Game	C-LINEAGE	48	NexusUnleashed.Game\NexusUnleashed.Game.Map.Search\SearchCheckSpellTargetImplicit.cs
NexusUnleashed.Game\NexusUnleashed.Game.Map.Search\SearchCheckTelegraph.cs	NexusUnleashed.Game	C-LINEAGE	32	NexusUnleashed.Game\NexusUnleashed.Game.Map.Search\SearchCheckTelegraph.cs
NexusUnleashed.Game\NexusUnleashed.Game.Map.Search\ServiceCollectionExtensions.cs	NexusUnleashed.Game	C-LINEAGE	11	NexusUnleashed.Game\NexusUnleashed.Game.Map.Search\ServiceCollectionExtensions.cs
NexusUnleashed.Game\NexusUnleashed.Game.Map\BaseMap.cs	NexusUnleashed.Game	C-MODIFIED	519	NexusUnleashed.Game\NexusUnleashed.Game.Map\BaseMap.cs
NexusUnleashed.Game\NexusUnleashed.Game.Map\EntityCache.cs	NexusUnleashed.Game	C-LINEAGE	42	NexusUnleashed.Game\NexusUnleashed.Game.Map\EntityCache.cs
NexusUnleashed.Game\NexusUnleashed.Game.Map\EntityCacheManager.cs	NexusUnleashed.Game	C-LINEAGE	42	NexusUnleashed.Game\NexusUnleashed.Game.Map\EntityCacheManager.cs
NexusUnleashed.Game\NexusUnleashed.Game.Map\GridActionAdd.cs	NexusUnleashed.Game	C-LINEAGE	10	NexusUnleashed.Game\NexusUnleashed.Game.Map\GridActionAdd.cs
NexusUnleashed.Game\NexusUnleashed.Game.Map\GridActionPending.cs	NexusUnleashed.Game	C-LINEAGE	9	NexusUnleashed.Game\NexusUnleashed.Game.Map\GridActionPending.cs
NexusUnleashed.Game\NexusUnleashed.Game.Map\GridActionRelocate.cs	NexusUnleashed.Game	C-LINEAGE	9	NexusUnleashed.Game\NexusUnleashed.Game.Map\GridActionRelocate.cs
NexusUnleashed.Game\NexusUnleashed.Game.Map\GridActionRemove.cs	NexusUnleashed.Game	C-LINEAGE	7	NexusUnleashed.Game\NexusUnleashed.Game.Map\GridActionRemove.cs
NexusUnleashed.Game\NexusUnleashed.Game.Map\MapCell.cs	NexusUnleashed.Game	C-LINEAGE	72	NexusUnleashed.Game\NexusUnleashed.Game.Map\MapCell.cs
NexusUnleashed.Game\NexusUnleashed.Game.Map\MapFactory.cs	NexusUnleashed.Game	C-LINEAGE	31	NexusUnleashed.Game\NexusUnleashed.Game.Map\MapFactory.cs
NexusUnleashed.Game\NexusUnleashed.Game.Map\MapGrid.cs	NexusUnleashed.Game	C-LINEAGE	181	NexusUnleashed.Game\NexusUnleashed.Game.Map\MapGrid.cs
NexusUnleashed.Game\NexusUnleashed.Game.Map\MapIOManager.cs	NexusUnleashed.Game	C-LINEAGE	90	NexusUnleashed.Game\NexusUnleashed.Game.Map\MapIOManager.cs
NexusUnleashed.Game\NexusUnleashed.Game.Map\MapInfo.cs	NexusUnleashed.Game	C-LINEAGE	9	NexusUnleashed.Game\NexusUnleashed.Game.Map\MapInfo.cs
NexusUnleashed.Game\NexusUnleashed.Game.Map\MapManager.cs	NexusUnleashed.Game	C-MODIFIED	244	NexusUnleashed.Game\NexusUnleashed.Game.Map\MapManager.cs
NexusUnleashed.Game\NexusUnleashed.Game.Map\MapPosition.cs	NexusUnleashed.Game	C-LINEAGE	8	NexusUnleashed.Game\NexusUnleashed.Game.Map\MapPosition.cs
NexusUnleashed.Game\NexusUnleashed.Game.Map\QueuedCounter.cs	NexusUnleashed.Game	C-LINEAGE	20	NexusUnleashed.Game\NexusUnleashed.Game.Map\QueuedCounter.cs
NexusUnleashed.Game\NexusUnleashed.Game.Map\ServiceCollectionExtensions.cs	NexusUnleashed.Game	C-LINEAGE	25	NexusUnleashed.Game\NexusUnleashed.Game.Map\ServiceCollectionExtensions.cs
NexusUnleashed.Game\NexusUnleashed.Game.Map\ZoneMap.cs	NexusUnleashed.Game	C-LINEAGE	101	NexusUnleashed.Game\NexusUnleashed.Game.Map\ZoneMap.cs
NexusUnleashed.Game\NexusUnleashed.Game.Map\ZoneMapCoordinate.cs	NexusUnleashed.Game	C-LINEAGE	7	NexusUnleashed.Game\NexusUnleashed.Game.Map\ZoneMapCoordinate.cs
NexusUnleashed.Game\NexusUnleashed.Game.Map\ZoneMapManager.cs	NexusUnleashed.Game	C-LINEAGE	140	NexusUnleashed.Game\NexusUnleashed.Game.Map\ZoneMapManager.cs
NexusUnleashed.Game\NexusUnleashed.Game.Marketplace\GlobalMarketplaceManager.Persistence.cs	NexusUnleashed.Game	A-AUTHORED	245	
NexusUnleashed.Game\NexusUnleashed.Game.Marketplace\GlobalMarketplaceManager.cs	NexusUnleashed.Game	A-AUTHORED	1488	
NexusUnleashed.Game\NexusUnleashed.Game.Marketplace\MarketplaceAccountLimits.cs	NexusUnleashed.Game	A-AUTHORED	62	
NexusUnleashed.Game\NexusUnleashed.Game.Marketplace\MarketplaceAuctionDuration.cs	NexusUnleashed.Game	A-AUTHORED	30	
NexusUnleashed.Game\NexusUnleashed.Game.Marketplace\MarketplaceCommodityDuration.cs	NexusUnleashed.Game	A-AUTHORED	40	
NexusUnleashed.Game\NexusUnleashed.Game.Marketplace\MarketplaceCompatModels.cs	NexusUnleashed.Game	A-AUTHORED	51	
NexusUnleashed.Game\NexusUnleashed.Game.Marketplace\MarketplaceListingDuration.cs	NexusUnleashed.Game	A-AUTHORED	40	
NexusUnleashed.Game\NexusUnleashed.Game.Marketplace\MarketplaceMailDelivery.cs	NexusUnleashed.Game	A-AUTHORED	90	
NexusUnleashed.Game\NexusUnleashed.Game.Marketplace\MarketplaceMailTexts.cs	NexusUnleashed.Game	A-AUTHORED	35	
NexusUnleashed.Game\NexusUnleashed.Game.Marketplace\MarketplaceTransactionFee.cs	NexusUnleashed.Game	A-AUTHORED	58	
NexusUnleashed.Game\NexusUnleashed.Game.Marketplace\ServiceCollectionExtensions.cs	NexusUnleashed.Game	C-MODIFIED	16	NexusUnleashed.Game\NexusUnleashed.Game\ServiceCollectionExtensions.cs
NexusUnleashed.Game\NexusUnleashed.Game.Matching.Match\Match.cs	NexusUnleashed.Game	C-MODIFIED	290	NexusUnleashed.Game\NexusUnleashed.Game.Matching.Match\Match.cs
NexusUnleashed.Game\NexusUnleashed.Game.Matching.Match\MatchCharacter.cs	NexusUnleashed.Game	C-LINEAGE	61	NexusUnleashed.Game\NexusUnleashed.Game.Matching.Match\MatchCharacter.cs
NexusUnleashed.Game\NexusUnleashed.Game.Matching.Match\MatchFactory.cs	NexusUnleashed.Game	C-LINEAGE	23	NexusUnleashed.Game\NexusUnleashed.Game.Matching.Match\MatchFactory.cs
NexusUnleashed.Game\NexusUnleashed.Game.Matching.Match\MatchManager.cs	NexusUnleashed.Game	C-LINEAGE	187	NexusUnleashed.Game\NexusUnleashed.Game.Matching.Match\MatchManager.cs
NexusUnleashed.Game\NexusUnleashed.Game.Matching.Match\MatchMappingExtensions.cs	NexusUnleashed.Game	C-LINEAGE	36	NexusUnleashed.Game\NexusUnleashed.Game.Matching.Match\MatchMappingExtensions.cs
NexusUnleashed.Game\NexusUnleashed.Game.Matching.Match\MatchProposal.cs	NexusUnleashed.Game	C-MODIFIED	131	NexusUnleashed.Game\NexusUnleashed.Game.Matching.Match\MatchProposal.cs
NexusUnleashed.Game\NexusUnleashed.Game.Matching.Match\MatchProposalTeam.cs	NexusUnleashed.Game	C-LINEAGE	53	NexusUnleashed.Game\NexusUnleashed.Game.Matching.Match\MatchProposalTeam.cs
NexusUnleashed.Game\NexusUnleashed.Game.Matching.Match\MatchProposalTeamMember.cs	NexusUnleashed.Game	C-LINEAGE	32	NexusUnleashed.Game\NexusUnleashed.Game.Matching.Match\MatchProposalTeamMember.cs
NexusUnleashed.Game\NexusUnleashed.Game.Matching.Match\MatchTeam.cs	NexusUnleashed.Game	C-LINEAGE	116	NexusUnleashed.Game\NexusUnleashed.Game.Matching.Match\MatchTeam.cs
NexusUnleashed.Game\NexusUnleashed.Game.Matching.Match\MatchTeamMember.cs	NexusUnleashed.Game	C-MODIFIED	107	NexusUnleashed.Game\NexusUnleashed.Game.Matching.Match\MatchTeamMember.cs
NexusUnleashed.Game\NexusUnleashed.Game.Matching.Match\PvpMatch.cs	NexusUnleashed.Game	C-LINEAGE	167	NexusUnleashed.Game\NexusUnleashed.Game.Matching.Match\PvpMatch.cs
NexusUnleashed.Game\NexusUnleashed.Game.Matching.Match\ServiceCollectionExtensions.cs	NexusUnleashed.Game	C-LINEAGE	21	NexusUnleashed.Game\NexusUnleashed.Game.Matching.Match\ServiceCollectionExtensions.cs
NexusUnleashed.Game\NexusUnleashed.Game.Matching.Queue\MatchingCharacter.cs	NexusUnleashed.Game	C-LINEAGE	95	NexusUnleashed.Game\NexusUnleashed.Game.Matching.Queue\MatchingCharacter.cs
NexusUnleashed.Game\NexusUnleashed.Game.Matching.Queue\MatchingCharacterQueue.cs	NexusUnleashed.Game	C-LINEAGE	7	NexusUnleashed.Game\NexusUnleashed.Game.Matching.Queue\MatchingCharacterQueue.cs
NexusUnleashed.Game\NexusUnleashed.Game.Matching.Queue\MatchingManager.cs	NexusUnleashed.Game	C-LINEAGE	242	NexusUnleashed.Game\NexusUnleashed.Game.Matching.Queue\MatchingManager.cs
NexusUnleashed.Game\NexusUnleashed.Game.Matching.Queue\MatchingMapSelector.cs	NexusUnleashed.Game	C-MODIFIED	63	NexusUnleashed.Game\NexusUnleashed.Game.Matching.Queue\MatchingMapSelector.cs
NexusUnleashed.Game\NexusUnleashed.Game.Matching.Queue\MatchingMapSelectorResult.cs	NexusUnleashed.Game	C-LINEAGE	10	NexusUnleashed.Game\NexusUnleashed.Game.Matching.Queue\MatchingMapSelectorResult.cs
NexusUnleashed.Game\NexusUnleashed.Game.Matching.Queue\MatchingQueue.cs	NexusUnleashed.Game	C-LINEAGE	93	NexusUnleashed.Game\NexusUnleashed.Game.Matching.Queue\MatchingQueue.cs
NexusUnleashed.Game\NexusUnleashed.Game.Matching.Queue\MatchingQueueGroup.cs	NexusUnleashed.Game	C-LINEAGE	130	NexusUnleashed.Game\NexusUnleashed.Game.Matching.Queue\MatchingQueueGroup.cs
NexusUnleashed.Game\NexusUnleashed.Game.Matching.Queue\MatchingQueueGroupMatcher.cs	NexusUnleashed.Game	C-LINEAGE	63	NexusUnleashed.Game\NexusUnleashed.Game.Matching.Queue\MatchingQueueGroupMatcher.cs
NexusUnleashed.Game\NexusUnleashed.Game.Matching.Queue\MatchingQueueGroupTeam.cs	NexusUnleashed.Game	C-LINEAGE	56	NexusUnleashed.Game\NexusUnleashed.Game.Matching.Queue\MatchingQueueGroupTeam.cs
NexusUnleashed.Game\NexusUnleashed.Game.Matching.Queue\MatchingQueueManager.cs	NexusUnleashed.Game	C-LINEAGE	46	NexusUnleashed.Game\NexusUnleashed.Game.Matching.Queue\MatchingQueueManager.cs
NexusUnleashed.Game\NexusUnleashed.Game.Matching.Queue\MatchingQueueMatcher.cs	NexusUnleashed.Game	C-LINEAGE	31	NexusUnleashed.Game\NexusUnleashed.Game.Matching.Queue\MatchingQueueMatcher.cs
NexusUnleashed.Game\NexusUnleashed.Game.Matching.Queue\MatchingQueueProposal.cs	NexusUnleashed.Game	C-LINEAGE	145	NexusUnleashed.Game\NexusUnleashed.Game.Matching.Queue\MatchingQueueProposal.cs
NexusUnleashed.Game\NexusUnleashed.Game.Matching.Queue\MatchingQueueProposalMember.cs	NexusUnleashed.Game	C-LINEAGE	32	NexusUnleashed.Game\NexusUnleashed.Game.Matching.Queue\MatchingQueueProposalMember.cs
NexusUnleashed.Game\NexusUnleashed.Game.Matching.Queue\MatchingQueueTime.cs	NexusUnleashed.Game	C-LINEAGE	44	NexusUnleashed.Game\NexusUnleashed.Game.Matching.Queue\MatchingQueueTime.cs
NexusUnleashed.Game\NexusUnleashed.Game.Matching.Queue\MatchingQueueTimeManager.cs	NexusUnleashed.Game	C-LINEAGE	53	NexusUnleashed.Game\NexusUnleashed.Game.Matching.Queue\MatchingQueueTimeManager.cs
NexusUnleashed.Game\NexusUnleashed.Game.Matching.Queue\MatchingQueueValidator.cs	NexusUnleashed.Game	C-LINEAGE	92	NexusUnleashed.Game\NexusUnleashed.Game.Matching.Queue\MatchingQueueValidator.cs
NexusUnleashed.Game\NexusUnleashed.Game.Matching.Queue\MatchingRoleCheck.cs	NexusUnleashed.Game	C-LINEAGE	111	NexusUnleashed.Game\NexusUnleashed.Game.Matching.Queue\MatchingRoleCheck.cs
NexusUnleashed.Game\NexusUnleashed.Game.Matching.Queue\MatchingRoleCheckMember.cs	NexusUnleashed.Game	C-LINEAGE	40	NexusUnleashed.Game\NexusUnleashed.Game.Matching.Queue\MatchingRoleCheckMember.cs
NexusUnleashed.Game\NexusUnleashed.Game.Matching.Queue\MatchingRoleEnforcer.cs	NexusUnleashed.Game	C-LINEAGE	80	NexusUnleashed.Game\NexusUnleashed.Game.Matching.Queue\MatchingRoleEnforcer.cs
NexusUnleashed.Game\NexusUnleashed.Game.Matching.Queue\MatchingRoleEnforcerResult.cs	NexusUnleashed.Game	C-LINEAGE	8	NexusUnleashed.Game\NexusUnleashed.Game.Matching.Queue\MatchingRoleEnforcerResult.cs
NexusUnleashed.Game\NexusUnleashed.Game.Matching.Queue\MatchingRoleEnforcerResultMember.cs	NexusUnleashed.Game	C-LINEAGE	9	NexusUnleashed.Game\NexusUnleashed.Game.Matching.Queue\MatchingRoleEnforcerResultMember.cs
NexusUnleashed.Game\NexusUnleashed.Game.Matching\MapEntrance.cs	NexusUnleashed.Game	C-LINEAGE	10	NexusUnleashed.Game\NexusUnleashed.Game.Matching\MapEntrance.cs
NexusUnleashed.Game\NexusUnleashed.Game.Matching\MatchingDataManager.cs	NexusUnleashed.Game	C-LINEAGE	228	NexusUnleashed.Game\NexusUnleashed.Game.Matching\MatchingDataManager.cs
NexusUnleashed.Game\NexusUnleashed.Game.Matching\MatchingMap.cs	NexusUnleashed.Game	C-LINEAGE	9	NexusUnleashed.Game\NexusUnleashed.Game.Matching\MatchingMap.cs
NexusUnleashed.Game\NexusUnleashed.Game.Matching\ServiceCollectionExtensions.cs	NexusUnleashed.Game	C-LINEAGE	34	NexusUnleashed.Game\NexusUnleashed.Game.Matching\ServiceCollectionExtensions.cs
NexusUnleashed.Game\NexusUnleashed.Game.Network.Handler\ClientMarketplaceHandlers.cs	NexusUnleashed.Game	A-AUTHORED	307	
NexusUnleashed.Game\NexusUnleashed.Game.Network.Handler\CombatSupportHandlers.cs	NexusUnleashed.Game	A-AUTHORED	183	
NexusUnleashed.Game\NexusUnleashed.Game.Network.Handler\CraftingHandlers.cs	NexusUnleashed.Game	A-AUTHORED	91	
NexusUnleashed.Game\NexusUnleashed.Game.Network.Handler\DuelHandlers.cs	NexusUnleashed.Game	A-AUTHORED	68	
NexusUnleashed.Game\NexusUnleashed.Game.Network.Handler\EngineCarriedHandlers.cs	NexusUnleashed.Game	A-AUTHORED	323	
NexusUnleashed.Game\NexusUnleashed.Game.Network.Handler\GalacticArchiveHandlers.cs	NexusUnleashed.Game	A-AUTHORED	53	
NexusUnleashed.Game\NexusUnleashed.Game.Network.Handler\GenericMapHandlers.cs	NexusUnleashed.Game	A-AUTHORED	77	
NexusUnleashed.Game\NexusUnleashed.Game.Network.Handler\HousingNeighborHandlers.cs	NexusUnleashed.Game	A-AUTHORED	68	
NexusUnleashed.Game\NexusUnleashed.Game.Network.Handler\InstanceSettingsHandlers.cs	NexusUnleashed.Game	A-AUTHORED	82	
NexusUnleashed.Game\NexusUnleashed.Game.Network.Handler\MatchVoteHandlers.cs	NexusUnleashed.Game	A-AUTHORED	69	
NexusUnleashed.Game\NexusUnleashed.Game.Network.Handler\MovementAckHandlers.cs	NexusUnleashed.Game	A-AUTHORED	48	
NexusUnleashed.Game\NexusUnleashed.Game.Network.Handler\PetCommandHandlers.cs	NexusUnleashed.Game	A-AUTHORED	203	
NexusUnleashed.Game\NexusUnleashed.Game.Network.Handler\ResourceStanceHandlers.cs	NexusUnleashed.Game	A-AUTHORED	184	
NexusUnleashed.Game\NexusUnleashed.Game.Network.Handler\SupportReportHandlers.cs	NexusUnleashed.Game	A-AUTHORED	100	
NexusUnleashed.Game\NexusUnleashed.Game.Option\Keybinding.cs	NexusUnleashed.Game	C-LINEAGE	390	NexusUnleashed.Game\NexusUnleashed.Game.Option\Keybinding.cs
NexusUnleashed.Game\NexusUnleashed.Game.Option\KeybindingSet.cs	NexusUnleashed.Game	C-LINEAGE	111	NexusUnleashed.Game\NexusUnleashed.Game.Option\KeybindingSet.cs
NexusUnleashed.Game\NexusUnleashed.Game.Prerequisite.Check\ItemPrereq.cs	NexusUnleashed.Game	C-LINEAGE	23	NexusUnleashed.Game\NexusUnleashed.Game.Prerequisite.Check\ItemPrereq.cs
NexusUnleashed.Game\NexusUnleashed.Game.Prerequisite.Check\PrerequisiteCheckAbilityTierPoints.cs	NexusUnleashed.Game	C-LINEAGE	14	NexusUnleashed.Game\NexusUnleashed.Game.Prerequisite.Check\PrerequisiteCheckAbilityTierPoints.cs
NexusUnleashed.Game\NexusUnleashed.Game.Prerequisite.Check\PrerequisiteCheckAbsentSystemZeroState.cs	NexusUnleashed.Game	A-AUTHORED	80	
NexusUnleashed.Game\NexusUnleashed.Game.Prerequisite.Check\PrerequisiteCheckAccountCurrencyAmount.cs	NexusUnleashed.Game	C-LINEAGE	20	NexusUnleashed.Game\NexusUnleashed.Game.Prerequisite.Check\PrerequisiteCheckAccountCurrencyAmount.cs
NexusUnleashed.Game\NexusUnleashed.Game.Prerequisite.Check\PrerequisiteCheckAccountItemCount.cs	NexusUnleashed.Game	C-LINEAGE	23	NexusUnleashed.Game\NexusUnleashed.Game.Prerequisite.Check\PrerequisiteCheckAccountItemCount.cs
NexusUnleashed.Game\NexusUnleashed.Game.Prerequisite.Check\PrerequisiteCheckAccountItemCountCompared.cs	NexusUnleashed.Game	C-LINEAGE	19	NexusUnleashed.Game\NexusUnleashed.Game.Prerequisite.Check\PrerequisiteCheckAccountItemCountCompared.cs
NexusUnleashed.Game\NexusUnleashed.Game.Prerequisite.Check\PrerequisiteCheckAccountItemListItem2Count.cs	NexusUnleashed.Game	C-LINEAGE	20	NexusUnleashed.Game\NexusUnleashed.Game.Prerequisite.Check\PrerequisiteCheckAccountItemListItem2Count.cs
NexusUnleashed.Game\NexusUnleashed.Game.Prerequisite.Check\PrerequisiteCheckAccountItemListItem2CountNpc.cs	NexusUnleashed.Game	C-LINEAGE	26	NexusUnleashed.Game\NexusUnleashed.Game.Prerequisite.Check\PrerequisiteCheckAccountItemListItem2CountNpc.cs
NexusUnleashed.Game\NexusUnleashed.Game.Prerequisite.Check\PrerequisiteCheckAchievementObject.cs	NexusUnleashed.Game	C-LINEAGE	18	NexusUnleashed.Game\NexusUnleashed.Game.Prerequisite.Check\PrerequisiteCheckAchievementObject.cs
NexusUnleashed.Game\NexusUnleashed.Game.Prerequisite.Check\PrerequisiteCheckAchievementState.cs	NexusUnleashed.Game	C-LINEAGE	27	NexusUnleashed.Game\NexusUnleashed.Game.Prerequisite.Check\PrerequisiteCheckAchievementState.cs
NexusUnleashed.Game\NexusUnleashed.Game.Prerequisite.Check\PrerequisiteCheckActionBar.cs	NexusUnleashed.Game	A-AUTHORED	28	
NexusUnleashed.Game\NexusUnleashed.Game.Prerequisite.Check\PrerequisiteCheckActionSetSpell.cs	NexusUnleashed.Game	C-LINEAGE	35	NexusUnleashed.Game\NexusUnleashed.Game.Prerequisite.Check\PrerequisiteCheckActionSetSpell.cs
NexusUnleashed.Game\NexusUnleashed.Game.Prerequisite.Check\PrerequisiteCheckActiveSpellEffectOnTarget.cs	NexusUnleashed.Game	C-LINEAGE	34	NexusUnleashed.Game\NexusUnleashed.Game.Prerequisite.Check\PrerequisiteCheckActiveSpellEffectOnTarget.cs
NexusUnleashed.Game\NexusUnleashed.Game.Prerequisite.Check\PrerequisiteCheckActiveSpellEffectOnUnit.cs	NexusUnleashed.Game	C-MODIFIED	45	NexusUnleashed.Game\NexusUnleashed.Game.Prerequisite.Check\PrerequisiteCheckActiveSpellEffectOnUnit.cs
NexusUnleashed.Game\NexusUnleashed.Game.Prerequisite.Check\PrerequisiteCheckActiveSpellTargetMechanic.cs	NexusUnleashed.Game	C-LINEAGE	13	NexusUnleashed.Game\NexusUnleashed.Game.Prerequisite.Check\PrerequisiteCheckActiveSpellTargetMechanic.cs
NexusUnleashed.Game\NexusUnleashed.Game.Prerequisite.Check\PrerequisiteCheckAppliedItemStatId.cs	NexusUnleashed.Game	C-LINEAGE	17	NexusUnleashed.Game\NexusUnleashed.Game.Prerequisite.Check\PrerequisiteCheckAppliedItemStatId.cs
NexusUnleashed.Game\NexusUnleashed.Game.Prerequisite.Check\PrerequisiteCheckBaseFaction.cs	NexusUnleashed.Game	C-LINEAGE	28	NexusUnleashed.Game\NexusUnleashed.Game.Prerequisite.Check\PrerequisiteCheckBaseFaction.cs
NexusUnleashed.Game\NexusUnleashed.Game.Prerequisite.Check\PrerequisiteCheckBonusAbilityTierPoints.cs	NexusUnleashed.Game	C-LINEAGE	13	NexusUnleashed.Game\NexusUnleashed.Game.Prerequisite.Check\PrerequisiteCheckBonusAbilityTierPoints.cs
NexusUnleashed.Game\NexusUnleashed.Game.Prerequisite.Check\PrerequisiteCheckBonusPower.cs	NexusUnleashed.Game	C-LINEAGE	13	NexusUnleashed.Game\NexusUnleashed.Game.Prerequisite.Check\PrerequisiteCheckBonusPower.cs
NexusUnleashed.Game\NexusUnleashed.Game.Prerequisite.Check\PrerequisiteCheckChallenge125.cs	NexusUnleashed.Game	C-LINEAGE	13	NexusUnleashed.Game\NexusUnleashed.Game.Prerequisite.Check\PrerequisiteCheckChallenge125.cs
NexusUnleashed.Game\NexusUnleashed.Game.Prerequisite.Check\PrerequisiteCheckChallenge160.cs	NexusUnleashed.Game	C-LINEAGE	13	NexusUnleashed.Game\NexusUnleashed.Game.Prerequisite.Check\PrerequisiteCheckChallenge160.cs
NexusUnleashed.Game\NexusUnleashed.Game.Prerequisite.Check\PrerequisiteCheckChallengeCompletionCount.cs	NexusUnleashed.Game	C-LINEAGE	13	NexusUnleashed.Game\NexusUnleashed.Game.Prerequisite.Check\PrerequisiteCheckChallengeCompletionCount.cs
NexusUnleashed.Game\NexusUnleashed.Game.Prerequisite.Check\PrerequisiteCheckChallengeLocked.cs	NexusUnleashed.Game	C-LINEAGE	13	NexusUnleashed.Game\NexusUnleashed.Game.Prerequisite.Check\PrerequisiteCheckChallengeLocked.cs
NexusUnleashed.Game\NexusUnleashed.Game.Prerequisite.Check\PrerequisiteCheckChallengeObject.cs	NexusUnleashed.Game	C-LINEAGE	23	NexusUnleashed.Game\NexusUnleashed.Game.Prerequisite.Check\PrerequisiteCheckChallengeObject.cs
NexusUnleashed.Game\NexusUnleashed.Game.Prerequisite.Check\PrerequisiteCheckChallengeRequirement.cs	NexusUnleashed.Game	C-LINEAGE	36	NexusUnleashed.Game\NexusUnleashed.Game.Prerequisite.Check\PrerequisiteCheckChallengeRequirement.cs
NexusUnleashed.Game\NexusUnleashed.Game.Prerequisite.Check\PrerequisiteCheckChallengeTier.cs	NexusUnleashed.Game	C-LINEAGE	13	NexusUnleashed.Game\NexusUnleashed.Game.Prerequisite.Check\PrerequisiteCheckChallengeTier.cs
NexusUnleashed.Game\NexusUnleashed.Game.Prerequisite.Check\PrerequisiteCheckClass.cs	NexusUnleashed.Game	C-LINEAGE	27	NexusUnleashed.Game\NexusUnleashed.Game.Prerequisite.Check\PrerequisiteCheckClass.cs
NexusUnleashed.Game\NexusUnleashed.Game.Prerequisite.Check\PrerequisiteCheckCreatureDifficulty.cs	NexusUnleashed.Game	C-LINEAGE	23	NexusUnleashed.Game\NexusUnleashed.Game.Prerequisite.Check\PrerequisiteCheckCreatureDifficulty.cs
NexusUnleashed.Game\NexusUnleashed.Game.Prerequisite.Check\PrerequisiteCheckCreatureDifficultyRank.cs	NexusUnleashed.Game	A-AUTHORED	33	
NexusUnleashed.Game\NexusUnleashed.Game.Prerequisite.Check\PrerequisiteCheckCreatureState.cs	NexusUnleashed.Game	A-AUTHORED	42	
NexusUnleashed.Game\NexusUnleashed.Game.Prerequisite.Check\PrerequisiteCheckCreatureWithinDistance.cs	NexusUnleashed.Game	C-LINEAGE	16	NexusUnleashed.Game\NexusUnleashed.Game.Prerequisite.Check\PrerequisiteCheckCreatureWithinDistance.cs
NexusUnleashed.Game\NexusUnleashed.Game.Prerequisite.Check\PrerequisiteCheckCurrency.cs	NexusUnleashed.Game	C-LINEAGE	16	NexusUnleashed.Game\NexusUnleashed.Game.Prerequisite.Check\PrerequisiteCheckCurrency.cs
NexusUnleashed.Game\NexusUnleashed.Game.Prerequisite.Check\PrerequisiteCheckDailyLoginDaysTotal.cs	NexusUnleashed.Game	A-AUTHORED	27	
NexusUnleashed.Game\NexusUnleashed.Game.Prerequisite.Check\PrerequisiteCheckDailyLoginRewardsAvailable.cs	NexusUnleashed.Game	A-AUTHORED	31	
NexusUnleashed.Game\NexusUnleashed.Game.Prerequisite.Check\PrerequisiteCheckDatacube.cs	NexusUnleashed.Game	C-LINEAGE	29	NexusUnleashed.Game\NexusUnleashed.Game.Prerequisite.Check\PrerequisiteCheckDatacube.cs
NexusUnleashed.Game\NexusUnleashed.Game.Prerequisite.Check\PrerequisiteCheckDeadState.cs	NexusUnleashed.Game	C-LINEAGE	28	NexusUnleashed.Game\NexusUnleashed.Game.Prerequisite.Check\PrerequisiteCheckDeadState.cs
NexusUnleashed.Game\NexusUnleashed.Game.Prerequisite.Check\PrerequisiteCheckDifficulty.cs	NexusUnleashed.Game	C-LINEAGE	21	NexusUnleashed.Game\NexusUnleashed.Game.Prerequisite.Check\PrerequisiteCheckDifficulty.cs
NexusUnleashed.Game\NexusUnleashed.Game.Prerequisite.Check\PrerequisiteCheckDistance.cs	NexusUnleashed.Game	C-LINEAGE	46	NexusUnleashed.Game\NexusUnleashed.Game.Prerequisite.Check\PrerequisiteCheckDistance.cs
NexusUnleashed.Game\NexusUnleashed.Game.Prerequisite.Check\PrerequisiteCheckDistanceToWorldLocation.cs	NexusUnleashed.Game	C-LINEAGE	34	NexusUnleashed.Game\NexusUnleashed.Game.Prerequisite.Check\PrerequisiteCheckDistanceToWorldLocation.cs
NexusUnleashed.Game\NexusUnleashed.Game.Prerequisite.Check\PrerequisiteCheckDoesNotOwnAccountItemOnCharacter.cs	NexusUnleashed.Game	C-LINEAGE	14	NexusUnleashed.Game\NexusUnleashed.Game.Prerequisite.Check\PrerequisiteCheckDoesNotOwnAccountItemOnCharacter.cs
NexusUnleashed.Game\NexusUnleashed.Game.Prerequisite.Check\PrerequisiteCheckDueling.cs	NexusUnleashed.Game	A-AUTHORED	24	
NexusUnleashed.Game\NexusUnleashed.Game.Prerequisite.Check\PrerequisiteCheckEldanAugmentation.cs	NexusUnleashed.Game	A-AUTHORED	28	
NexusUnleashed.Game\NexusUnleashed.Game.Prerequisite.Check\PrerequisiteCheckEntitlement.cs	NexusUnleashed.Game	C-LINEAGE	37	NexusUnleashed.Game\NexusUnleashed.Game.Prerequisite.Check\PrerequisiteCheckEntitlement.cs
NexusUnleashed.Game\NexusUnleashed.Game.Prerequisite.Check\PrerequisiteCheckEntitlementCount.cs	NexusUnleashed.Game	C-LINEAGE	14	NexusUnleashed.Game\NexusUnleashed.Game.Prerequisite.Check\PrerequisiteCheckEntitlementCount.cs
NexusUnleashed.Game\NexusUnleashed.Game.Prerequisite.Check\PrerequisiteCheckEvalContextFloatByObjectId.cs	NexusUnleashed.Game	C-LINEAGE	12	NexusUnleashed.Game\NexusUnleashed.Game.Prerequisite.Check\PrerequisiteCheckEvalContextFloatByObjectId.cs
NexusUnleashed.Game\NexusUnleashed.Game.Prerequisite.Check\PrerequisiteCheckEvaluatedEntityPresent.cs	NexusUnleashed.Game	C-LINEAGE	16	NexusUnleashed.Game\NexusUnleashed.Game.Prerequisite.Check\PrerequisiteCheckEvaluatedEntityPresent.cs
NexusUnleashed.Game\NexusUnleashed.Game.Prerequisite.Check\PrerequisiteCheckFaction.cs	NexusUnleashed.Game	C-LINEAGE	12	NexusUnleashed.Game\NexusUnleashed.Game.Prerequisite.Check\PrerequisiteCheckFaction.cs
NexusUnleashed.Game\NexusUnleashed.Game.Prerequisite.Check\PrerequisiteCheckFaction128.cs	NexusUnleashed.Game	C-LINEAGE	13	NexusUnleashed.Game\NexusUnleashed.Game.Prerequisite.Check\PrerequisiteCheckFaction128.cs
NexusUnleashed.Game\NexusUnleashed.Game.Prerequisite.Check\PrerequisiteCheckFaction243.cs	NexusUnleashed.Game	C-LINEAGE	12	NexusUnleashed.Game\NexusUnleashed.Game.Prerequisite.Check\PrerequisiteCheckFaction243.cs
NexusUnleashed.Game\NexusUnleashed.Game.Prerequisite.Check\PrerequisiteCheckGameFormula.cs	NexusUnleashed.Game	C-LINEAGE	24	NexusUnleashed.Game\NexusUnleashed.Game.Prerequisite.Check\PrerequisiteCheckGameFormula.cs
NexusUnleashed.Game\NexusUnleashed.Game.Prerequisite.Check\PrerequisiteCheckGender.cs	NexusUnleashed.Game	C-LINEAGE	27	NexusUnleashed.Game\NexusUnleashed.Game.Prerequisite.Check\PrerequisiteCheckGender.cs
NexusUnleashed.Game\NexusUnleashed.Game.Prerequisite.Check\PrerequisiteCheckGroupIsRaid.cs	NexusUnleashed.Game	C-LINEAGE	24	NexusUnleashed.Game\NexusUnleashed.Game.Prerequisite.Check\PrerequisiteCheckGroupIsRaid.cs
NexusUnleashed.Game\NexusUnleashed.Game.Prerequisite.Check\PrerequisiteCheckGroupSize.cs	NexusUnleashed.Game	C-LINEAGE	20	NexusUnleashed.Game\NexusUnleashed.Game.Prerequisite.Check\PrerequisiteCheckGroupSize.cs
NexusUnleashed.Game\NexusUnleashed.Game.Prerequisite.Check\PrerequisiteCheckGuild.cs	NexusUnleashed.Game	C-LINEAGE	28	NexusUnleashed.Game\NexusUnleashed.Game.Prerequisite.Check\PrerequisiteCheckGuild.cs
NexusUnleashed.Game\NexusUnleashed.Game.Prerequisite.Check\PrerequisiteCheckGuild2.cs	NexusUnleashed.Game	C-LINEAGE	20	NexusUnleashed.Game\NexusUnleashed.Game.Prerequisite.Check\PrerequisiteCheckGuild2.cs
NexusUnleashed.Game\NexusUnleashed.Game.Prerequisite.Check\PrerequisiteCheckGuildPerk.cs	NexusUnleashed.Game	C-LINEAGE	12	NexusUnleashed.Game\NexusUnleashed.Game.Prerequisite.Check\PrerequisiteCheckGuildPerk.cs
NexusUnleashed.Game\NexusUnleashed.Game.Prerequisite.Check\PrerequisiteCheckHealth.cs	NexusUnleashed.Game	C-LINEAGE	37	NexusUnleashed.Game\NexusUnleashed.Game.Prerequisite.Check\PrerequisiteCheckHealth.cs
NexusUnleashed.Game\NexusUnleashed.Game.Prerequisite.Check\PrerequisiteCheckHealthRequirement.cs	NexusUnleashed.Game	C-LINEAGE	37	NexusUnleashed.Game\NexusUnleashed.Game.Prerequisite.Check\PrerequisiteCheckHealthRequirement.cs
NexusUnleashed.Game\NexusUnleashed.Game.Prerequisite.Check\PrerequisiteCheckHealthScaled.cs	NexusUnleashed.Game	C-LINEAGE	15	NexusUnleashed.Game\NexusUnleashed.Game.Prerequisite.Check\PrerequisiteCheckHealthScaled.cs
NexusUnleashed.Game\NexusUnleashed.Game.Prerequisite.Check\PrerequisiteCheckHouseOwnership.cs	NexusUnleashed.Game	C-LINEAGE	13	NexusUnleashed.Game\NexusUnleashed.Game.Prerequisite.Check\PrerequisiteCheckHouseOwnership.cs
NexusUnleashed.Game\NexusUnleashed.Game.Prerequisite.Check\PrerequisiteCheckHousingResidenceLoaded.cs	NexusUnleashed.Game	C-LINEAGE	22	NexusUnleashed.Game\NexusUnleashed.Game.Prerequisite.Check\PrerequisiteCheckHousingResidenceLoaded.cs
NexusUnleashed.Game\NexusUnleashed.Game.Prerequisite.Check\PrerequisiteCheckHoverboardUsage.cs	NexusUnleashed.Game	C-LINEAGE	12	NexusUnleashed.Game\NexusUnleashed.Game.Prerequisite.Check\PrerequisiteCheckHoverboardUsage.cs
NexusUnleashed.Game\NexusUnleashed.Game.Prerequisite.Check\PrerequisiteCheckInCombat.cs	NexusUnleashed.Game	C-LINEAGE	27	NexusUnleashed.Game\NexusUnleashed.Game.Prerequisite.Check\PrerequisiteCheckInCombat.cs
NexusUnleashed.Game\NexusUnleashed.Game.Prerequisite.Check\PrerequisiteCheckInPhase.cs	NexusUnleashed.Game	A-AUTHORED	50	
NexusUnleashed.Game\NexusUnleashed.Game.Prerequisite.Check\PrerequisiteCheckInSubZone.cs	NexusUnleashed.Game	C-LINEAGE	52	NexusUnleashed.Game\NexusUnleashed.Game.Prerequisite.Check\PrerequisiteCheckInSubZone.cs
NexusUnleashed.Game\NexusUnleashed.Game.Prerequisite.Check\PrerequisiteCheckInTargetGroup.cs	NexusUnleashed.Game	A-AUTHORED	33	
NexusUnleashed.Game\NexusUnleashed.Game.Prerequisite.Check\PrerequisiteCheckInTriggerVolume.cs	NexusUnleashed.Game	C-LINEAGE	21	NexusUnleashed.Game\NexusUnleashed.Game.Prerequisite.Check\PrerequisiteCheckInTriggerVolume.cs
NexusUnleashed.Game\NexusUnleashed.Game.Prerequisite.Check\PrerequisiteCheckIsCreature.cs	NexusUnleashed.Game	C-LINEAGE	14	NexusUnleashed.Game\NexusUnleashed.Game.Prerequisite.Check\PrerequisiteCheckIsCreature.cs
NexusUnleashed.Game\NexusUnleashed.Game.Prerequisite.Check\PrerequisiteCheckIsGroupLeader.cs	NexusUnleashed.Game	C-LINEAGE	23	NexusUnleashed.Game\NexusUnleashed.Game.Prerequisite.Check\PrerequisiteCheckIsGroupLeader.cs
NexusUnleashed.Game\NexusUnleashed.Game.Prerequisite.Check\PrerequisiteCheckIsLocalPlayerEntity.cs	NexusUnleashed.Game	C-LINEAGE	17	NexusUnleashed.Game\NexusUnleashed.Game.Prerequisite.Check\PrerequisiteCheckIsLocalPlayerEntity.cs
NexusUnleashed.Game\NexusUnleashed.Game.Prerequisite.Check\PrerequisiteCheckIsObjectiveActive.cs	NexusUnleashed.Game	C-LINEAGE	13	NexusUnleashed.Game\NexusUnleashed.Game.Prerequisite.Check\PrerequisiteCheckIsObjectiveActive.cs
NexusUnleashed.Game\NexusUnleashed.Game.Prerequisite.Check\PrerequisiteCheckIsOutOfBounds.cs	NexusUnleashed.Game	C-LINEAGE	13	NexusUnleashed.Game\NexusUnleashed.Game.Prerequisite.Check\PrerequisiteCheckIsOutOfBounds.cs
NexusUnleashed.Game\NexusUnleashed.Game.Prerequisite.Check\PrerequisiteCheckIsPlayer.cs	NexusUnleashed.Game	C-LINEAGE	28	NexusUnleashed.Game\NexusUnleashed.Game.Prerequisite.Check\PrerequisiteCheckIsPlayer.cs
NexusUnleashed.Game\NexusUnleashed.Game.Prerequisite.Check\PrerequisiteCheckItem133.cs	NexusUnleashed.Game	C-LINEAGE	12	NexusUnleashed.Game\NexusUnleashed.Game.Prerequisite.Check\PrerequisiteCheckItem133.cs
NexusUnleashed.Game\NexusUnleashed.Game.Prerequisite.Check\PrerequisiteCheckItem134.cs	NexusUnleashed.Game	C-LINEAGE	12	NexusUnleashed.Game\NexusUnleashed.Game.Prerequisite.Check\PrerequisiteCheckItem134.cs
NexusUnleashed.Game\NexusUnleashed.Game.Prerequisite.Check\PrerequisiteCheckItem135.cs	NexusUnleashed.Game	C-LINEAGE	12	NexusUnleashed.Game\NexusUnleashed.Game.Prerequisite.Check\PrerequisiteCheckItem135.cs
NexusUnleashed.Game\NexusUnleashed.Game.Prerequisite.Check\PrerequisiteCheckItem136.cs	NexusUnleashed.Game	C-LINEAGE	12	NexusUnleashed.Game\NexusUnleashed.Game.Prerequisite.Check\PrerequisiteCheckItem136.cs
NexusUnleashed.Game\NexusUnleashed.Game.Prerequisite.Check\PrerequisiteCheckItem140.cs	NexusUnleashed.Game	C-LINEAGE	12	NexusUnleashed.Game\NexusUnleashed.Game.Prerequisite.Check\PrerequisiteCheckItem140.cs
NexusUnleashed.Game\NexusUnleashed.Game.Prerequisite.Check\PrerequisiteCheckItem2Id.cs	NexusUnleashed.Game	C-LINEAGE	16	NexusUnleashed.Game\NexusUnleashed.Game.Prerequisite.Check\PrerequisiteCheckItem2Id.cs
NexusUnleashed.Game\NexusUnleashed.Game.Prerequisite.Check\PrerequisiteCheckItem6.cs	NexusUnleashed.Game	C-LINEAGE	12	NexusUnleashed.Game\NexusUnleashed.Game.Prerequisite.Check\PrerequisiteCheckItem6.cs
NexusUnleashed.Game\NexusUnleashed.Game.Prerequisite.Check\PrerequisiteCheckItem7.cs	NexusUnleashed.Game	C-LINEAGE	12	NexusUnleashed.Game\NexusUnleashed.Game.Prerequisite.Check\PrerequisiteCheckItem7.cs
NexusUnleashed.Game\NexusUnleashed.Game.Prerequisite.Check\PrerequisiteCheckItemEquipped.cs	NexusUnleashed.Game	C-LINEAGE	18	NexusUnleashed.Game\NexusUnleashed.Game.Prerequisite.Check\PrerequisiteCheckItemEquipped.cs
NexusUnleashed.Game\NexusUnleashed.Game.Prerequisite.Check\PrerequisiteCheckItemLevel.cs	NexusUnleashed.Game	C-LINEAGE	17	NexusUnleashed.Game\NexusUnleashed.Game.Prerequisite.Check\PrerequisiteCheckItemLevel.cs
NexusUnleashed.Game\NexusUnleashed.Game.Prerequisite.Check\PrerequisiteCheckItemOnCharacter.cs	NexusUnleashed.Game	C-LINEAGE	33	NexusUnleashed.Game\NexusUnleashed.Game.Prerequisite.Check\PrerequisiteCheckItemOnCharacter.cs
NexusUnleashed.Game\NexusUnleashed.Game.Prerequisite.Check\PrerequisiteCheckItemProficiency.cs	NexusUnleashed.Game	C-LINEAGE	28	NexusUnleashed.Game\NexusUnleashed.Game.Prerequisite.Check\PrerequisiteCheckItemProficiency.cs
NexusUnleashed.Game\NexusUnleashed.Game.Prerequisite.Check\PrerequisiteCheckItemQuantity.cs	NexusUnleashed.Game	C-LINEAGE	33	NexusUnleashed.Game\NexusUnleashed.Game.Prerequisite.Check\PrerequisiteCheckItemQuantity.cs
NexusUnleashed.Game\NexusUnleashed.Game.Prerequisite.Check\PrerequisiteCheckItemRolledPropertyValue.cs	NexusUnleashed.Game	C-LINEAGE	48	NexusUnleashed.Game\NexusUnleashed.Game.Prerequisite.Check\PrerequisiteCheckItemRolledPropertyValue.cs
NexusUnleashed.Game\NexusUnleashed.Game.Prerequisite.Check\PrerequisiteCheckItemSpecial.cs	NexusUnleashed.Game	C-LINEAGE	16	NexusUnleashed.Game\NexusUnleashed.Game.Prerequisite.Check\PrerequisiteCheckItemSpecial.cs
NexusUnleashed.Game\NexusUnleashed.Game.Prerequisite.Check\PrerequisiteCheckItemStatData.cs	NexusUnleashed.Game	C-LINEAGE	34	NexusUnleashed.Game\NexusUnleashed.Game.Prerequisite.Check\PrerequisiteCheckItemStatData.cs
NexusUnleashed.Game\NexusUnleashed.Game.Prerequisite.Check\PrerequisiteCheckItemStatId.cs	NexusUnleashed.Game	C-LINEAGE	17	NexusUnleashed.Game\NexusUnleashed.Game.Prerequisite.Check\PrerequisiteCheckItemStatId.cs
NexusUnleashed.Game\NexusUnleashed.Game.Prerequisite.Check\PrerequisiteCheckItemTradeSkill.cs	NexusUnleashed.Game	C-LINEAGE	18	NexusUnleashed.Game\NexusUnleashed.Game.Prerequisite.Check\PrerequisiteCheckItemTradeSkill.cs
NexusUnleashed.Game\NexusUnleashed.Game.Prerequisite.Check\PrerequisiteCheckItemTradeSkillKnown.cs	NexusUnleashed.Game	C-LINEAGE	18	NexusUnleashed.Game\NexusUnleashed.Game.Prerequisite.Check\PrerequisiteCheckItemTradeSkillKnown.cs
NexusUnleashed.Game\NexusUnleashed.Game.Prerequisite.Check\PrerequisiteCheckItemTradeSkillLevel.cs	NexusUnleashed.Game	A-AUTHORED	48	
NexusUnleashed.Game\NexusUnleashed.Game.Prerequisite.Check\PrerequisiteCheckJump.cs	NexusUnleashed.Game	C-LINEAGE	15	NexusUnleashed.Game\NexusUnleashed.Game.Prerequisite.Check\PrerequisiteCheckJump.cs
NexusUnleashed.Game\NexusUnleashed.Game.Prerequisite.Check\PrerequisiteCheckLevel.cs	NexusUnleashed.Game	C-LINEAGE	35	NexusUnleashed.Game\NexusUnleashed.Game.Prerequisite.Check\PrerequisiteCheckLevel.cs
NexusUnleashed.Game\NexusUnleashed.Game.Prerequisite.Check\PrerequisiteCheckLevel131.cs	NexusUnleashed.Game	C-LINEAGE	22	NexusUnleashed.Game\NexusUnleashed.Game.Prerequisite.Check\PrerequisiteCheckLevel131.cs
NexusUnleashed.Game\NexusUnleashed.Game.Prerequisite.Check\PrerequisiteCheckLevelGrantAbilityTierPoints.cs	NexusUnleashed.Game	C-LINEAGE	14	NexusUnleashed.Game\NexusUnleashed.Game.Prerequisite.Check\PrerequisiteCheckLevelGrantAbilityTierPoints.cs
NexusUnleashed.Game\NexusUnleashed.Game.Prerequisite.Check\PrerequisiteCheckLevelGrantAmpPoints.cs	NexusUnleashed.Game	C-LINEAGE	14	NexusUnleashed.Game\NexusUnleashed.Game.Prerequisite.Check\PrerequisiteCheckLevelGrantAmpPoints.cs
NexusUnleashed.Game\NexusUnleashed.Game.Prerequisite.Check\PrerequisiteCheckLiveEventTreeLookup.cs	NexusUnleashed.Game	C-LINEAGE	32	NexusUnleashed.Game\NexusUnleashed.Game.Prerequisite.Check\PrerequisiteCheckLiveEventTreeLookup.cs
NexusUnleashed.Game\NexusUnleashed.Game.Prerequisite.Check\PrerequisiteCheckLiveEventWorldFactionBranch.cs	NexusUnleashed.Game	C-LINEAGE	27	NexusUnleashed.Game\NexusUnleashed.Game.Prerequisite.Check\PrerequisiteCheckLiveEventWorldFactionBranch.cs
NexusUnleashed.Game\NexusUnleashed.Game.Prerequisite.Check\PrerequisiteCheckLoyaltyRewards.cs	NexusUnleashed.Game	A-AUTHORED	33	
NexusUnleashed.Game\NexusUnleashed.Game.Prerequisite.Check\PrerequisiteCheckMount.cs	NexusUnleashed.Game	C-LINEAGE	14	NexusUnleashed.Game\NexusUnleashed.Game.Prerequisite.Check\PrerequisiteCheckMount.cs
NexusUnleashed.Game\NexusUnleashed.Game.Prerequisite.Check\PrerequisiteCheckMountUsage.cs	NexusUnleashed.Game	C-LINEAGE	12	NexusUnleashed.Game\NexusUnleashed.Game.Prerequisite.Check\PrerequisiteCheckMountUsage.cs
NexusUnleashed.Game\NexusUnleashed.Game.Prerequisite.Check\PrerequisiteCheckMountVehicleType.cs	NexusUnleashed.Game	C-LINEAGE	13	NexusUnleashed.Game\NexusUnleashed.Game.Prerequisite.Check\PrerequisiteCheckMountVehicleType.cs
NexusUnleashed.Game\NexusUnleashed.Game.Prerequisite.Check\PrerequisiteCheckMovementMode.cs	NexusUnleashed.Game	C-LINEAGE	15	NexusUnleashed.Game\NexusUnleashed.Game.Prerequisite.Check\PrerequisiteCheckMovementMode.cs
NexusUnleashed.Game\NexusUnleashed.Game.Prerequisite.Check\PrerequisiteCheckMoving.cs	NexusUnleashed.Game	C-LINEAGE	16	NexusUnleashed.Game\NexusUnleashed.Game.Prerequisite.Check\PrerequisiteCheckMoving.cs
NexusUnleashed.Game\NexusUnleashed.Game.Prerequisite.Check\PrerequisiteCheckNpcInventoryItemCount.cs	NexusUnleashed.Game	C-LINEAGE	15	NexusUnleashed.Game\NexusUnleashed.Game.Prerequisite.Check\PrerequisiteCheckNpcInventoryItemCount.cs
NexusUnleashed.Game\NexusUnleashed.Game.Prerequisite.Check\PrerequisiteCheckOtherPrerequisite.cs	NexusUnleashed.Game	C-LINEAGE	29	NexusUnleashed.Game\NexusUnleashed.Game.Prerequisite.Check\PrerequisiteCheckOtherPrerequisite.cs
NexusUnleashed.Game\NexusUnleashed.Game.Prerequisite.Check\PrerequisiteCheckOutOfBounds.cs	NexusUnleashed.Game	C-LINEAGE	13	NexusUnleashed.Game\NexusUnleashed.Game.Prerequisite.Check\PrerequisiteCheckOutOfBounds.cs
NexusUnleashed.Game\NexusUnleashed.Game.Prerequisite.Check\PrerequisiteCheckPath.cs	NexusUnleashed.Game	C-LINEAGE	24	NexusUnleashed.Game\NexusUnleashed.Game.Prerequisite.Check\PrerequisiteCheckPath.cs
NexusUnleashed.Game\NexusUnleashed.Game.Prerequisite.Check\PrerequisiteCheckPathEpisode.cs	NexusUnleashed.Game	A-AUTHORED	41	
NexusUnleashed.Game\NexusUnleashed.Game.Prerequisite.Check\PrerequisiteCheckPathLevel.cs	NexusUnleashed.Game	C-LINEAGE	35	NexusUnleashed.Game\NexusUnleashed.Game.Prerequisite.Check\PrerequisiteCheckPathLevel.cs
NexusUnleashed.Game\NexusUnleashed.Game.Prerequisite.Check\PrerequisiteCheckPathMission155.cs	NexusUnleashed.Game	C-LINEAGE	13	NexusUnleashed.Game\NexusUnleashed.Game.Prerequisite.Check\PrerequisiteCheckPathMission155.cs
NexusUnleashed.Game\NexusUnleashed.Game.Prerequisite.Check\PrerequisiteCheckPathMissionChecklistItemComplete.cs	NexusUnleashed.Game	C-LINEAGE	13	NexusUnleashed.Game\NexusUnleashed.Game.Prerequisite.Check\PrerequisiteCheckPathMissionChecklistItemComplete.cs
NexusUnleashed.Game\NexusUnleashed.Game.Prerequisite.Check\PrerequisiteCheckPathMissionCount.cs	NexusUnleashed.Game	A-AUTHORED	42	
NexusUnleashed.Game\NexusUnleashed.Game.Prerequisite.Check\PrerequisiteCheckPathMissionRequirement.cs	NexusUnleashed.Game	C-LINEAGE	13	NexusUnleashed.Game\NexusUnleashed.Game.Prerequisite.Check\PrerequisiteCheckPathMissionRequirement.cs
NexusUnleashed.Game\NexusUnleashed.Game.Prerequisite.Check\PrerequisiteCheckPathTypeLevel.cs	NexusUnleashed.Game	C-LINEAGE	21	NexusUnleashed.Game\NexusUnleashed.Game.Prerequisite.Check\PrerequisiteCheckPathTypeLevel.cs
NexusUnleashed.Game\NexusUnleashed.Game.Prerequisite.Check\PrerequisiteCheckPet.cs	NexusUnleashed.Game	C-LINEAGE	28	NexusUnleashed.Game\NexusUnleashed.Game.Prerequisite.Check\PrerequisiteCheckPet.cs
NexusUnleashed.Game\NexusUnleashed.Game.Prerequisite.Check\PrerequisiteCheckPetFlair.cs	NexusUnleashed.Game	C-LINEAGE	28	NexusUnleashed.Game\NexusUnleashed.Game.Prerequisite.Check\PrerequisiteCheckPetFlair.cs
NexusUnleashed.Game\NexusUnleashed.Game.Prerequisite.Check\PrerequisiteCheckPetMatchTarget.cs	NexusUnleashed.Game	C-LINEAGE	27	NexusUnleashed.Game\NexusUnleashed.Game.Prerequisite.Check\PrerequisiteCheckPetMatchTarget.cs
NexusUnleashed.Game\NexusUnleashed.Game.Prerequisite.Check\PrerequisiteCheckPetOrEsperPetEntity.cs	NexusUnleashed.Game	C-MODIFIED	17	NexusUnleashed.Game\NexusUnleashed.Game.Prerequisite.Check\PrerequisiteCheckPetOrEsperPetEntity.cs
NexusUnleashed.Game\NexusUnleashed.Game.Prerequisite.Check\PrerequisiteCheckPlane.cs	NexusUnleashed.Game	C-LINEAGE	12	NexusUnleashed.Game\NexusUnleashed.Game.Prerequisite.Check\PrerequisiteCheckPlane.cs
NexusUnleashed.Game\NexusUnleashed.Game.Prerequisite.Check\PrerequisiteCheckPlayerPathMission.cs	NexusUnleashed.Game	C-LINEAGE	13	NexusUnleashed.Game\NexusUnleashed.Game.Prerequisite.Check\PrerequisiteCheckPlayerPathMission.cs
NexusUnleashed.Game\NexusUnleashed.Game.Prerequisite.Check\PrerequisiteCheckPlayersInWorld.cs	NexusUnleashed.Game	C-LINEAGE	27	NexusUnleashed.Game\NexusUnleashed.Game.Prerequisite.Check\PrerequisiteCheckPlayersInWorld.cs
NexusUnleashed.Game\NexusUnleashed.Game.Prerequisite.Check\PrerequisiteCheckPositionalRequirement.cs	NexusUnleashed.Game	C-LINEAGE	56	NexusUnleashed.Game\NexusUnleashed.Game.Prerequisite.Check\PrerequisiteCheckPositionalRequirement.cs
NexusUnleashed.Game\NexusUnleashed.Game.Prerequisite.Check\PrerequisiteCheckPositionalRequirementBetweenCasterAndTarget.cs	NexusUnleashed.Game	C-MODIFIED	55	NexusUnleashed.Game\NexusUnleashed.Game.Prerequisite.Check\PrerequisiteCheckPositionalRequirementBetweenCasterAndTarget.cs
NexusUnleashed.Game\NexusUnleashed.Game.Prerequisite.Check\PrerequisiteCheckPower.cs	NexusUnleashed.Game	C-LINEAGE	14	NexusUnleashed.Game\NexusUnleashed.Game.Prerequisite.Check\PrerequisiteCheckPower.cs
NexusUnleashed.Game\NexusUnleashed.Game.Prerequisite.Check\PrerequisiteCheckPrimalMatrixNode.cs	NexusUnleashed.Game	C-LINEAGE	26	NexusUnleashed.Game\NexusUnleashed.Game.Prerequisite.Check\PrerequisiteCheckPrimalMatrixNode.cs
NexusUnleashed.Game\NexusUnleashed.Game.Prerequisite.Check\PrerequisiteCheckPublicEvent117.cs	NexusUnleashed.Game	C-LINEAGE	15	NexusUnleashed.Game\NexusUnleashed.Game.Prerequisite.Check\PrerequisiteCheckPublicEvent117.cs
NexusUnleashed.Game\NexusUnleashed.Game.Prerequisite.Check\PrerequisiteCheckPublicEvent120.cs	NexusUnleashed.Game	C-LINEAGE	15	NexusUnleashed.Game\NexusUnleashed.Game.Prerequisite.Check\PrerequisiteCheckPublicEvent120.cs
NexusUnleashed.Game\NexusUnleashed.Game.Prerequisite.Check\PrerequisiteCheckPublicEvent121.cs	NexusUnleashed.Game	C-LINEAGE	15	NexusUnleashed.Game\NexusUnleashed.Game.Prerequisite.Check\PrerequisiteCheckPublicEvent121.cs
NexusUnleashed.Game\NexusUnleashed.Game.Prerequisite.Check\PrerequisiteCheckPublicEvent199.cs	NexusUnleashed.Game	C-LINEAGE	15	NexusUnleashed.Game\NexusUnleashed.Game.Prerequisite.Check\PrerequisiteCheckPublicEvent199.cs
NexusUnleashed.Game\NexusUnleashed.Game.Prerequisite.Check\PrerequisiteCheckPublicEventObjective.cs	NexusUnleashed.Game	A-AUTHORED	52	
NexusUnleashed.Game\NexusUnleashed.Game.Prerequisite.Check\PrerequisiteCheckPublicEventObjective188.cs	NexusUnleashed.Game	C-LINEAGE	13	NexusUnleashed.Game\NexusUnleashed.Game.Prerequisite.Check\PrerequisiteCheckPublicEventObjective188.cs
NexusUnleashed.Game\NexusUnleashed.Game.Prerequisite.Check\PrerequisiteCheckPublicEventObjective2.cs	NexusUnleashed.Game	C-LINEAGE	13	NexusUnleashed.Game\NexusUnleashed.Game.Prerequisite.Check\PrerequisiteCheckPublicEventObjective2.cs
NexusUnleashed.Game\NexusUnleashed.Game.Prerequisite.Check\PrerequisiteCheckPublicEventObjective200.cs	NexusUnleashed.Game	C-LINEAGE	13	NexusUnleashed.Game\NexusUnleashed.Game.Prerequisite.Check\PrerequisiteCheckPublicEventObjective200.cs
NexusUnleashed.Game\NexusUnleashed.Game.Prerequisite.Check\PrerequisiteCheckPublicEventObjectiveObject.cs	NexusUnleashed.Game	C-LINEAGE	13	NexusUnleashed.Game\NexusUnleashed.Game.Prerequisite.Check\PrerequisiteCheckPublicEventObjectiveObject.cs
NexusUnleashed.Game\NexusUnleashed.Game.Prerequisite.Check\PrerequisiteCheckPublicEventParticipant164.cs	NexusUnleashed.Game	C-LINEAGE	16	NexusUnleashed.Game\NexusUnleashed.Game.Prerequisite.Check\PrerequisiteCheckPublicEventParticipant164.cs
NexusUnleashed.Game\NexusUnleashed.Game.Prerequisite.Check\PrerequisiteCheckPublicEventParticipantCount.cs	NexusUnleashed.Game	C-LINEAGE	16	NexusUnleashed.Game\NexusUnleashed.Game.Prerequisite.Check\PrerequisiteCheckPublicEventParticipantCount.cs
NexusUnleashed.Game\NexusUnleashed.Game.Prerequisite.Check\PrerequisiteCheckPurchasedTitle.cs	NexusUnleashed.Game	C-LINEAGE	27	NexusUnleashed.Game\NexusUnleashed.Game.Prerequisite.Check\PrerequisiteCheckPurchasedTitle.cs
NexusUnleashed.Game\NexusUnleashed.Game.Prerequisite.Check\PrerequisiteCheckQuestObjective.cs	NexusUnleashed.Game	C-LINEAGE	13	NexusUnleashed.Game\NexusUnleashed.Game.Prerequisite.Check\PrerequisiteCheckQuestObjective.cs
NexusUnleashed.Game\NexusUnleashed.Game.Prerequisite.Check\PrerequisiteCheckQuestObjective0.cs	NexusUnleashed.Game	C-LINEAGE	13	NexusUnleashed.Game\NexusUnleashed.Game.Prerequisite.Check\PrerequisiteCheckQuestObjective0.cs
NexusUnleashed.Game\NexusUnleashed.Game.Prerequisite.Check\PrerequisiteCheckQuestObjective1.cs	NexusUnleashed.Game	C-LINEAGE	13	NexusUnleashed.Game\NexusUnleashed.Game.Prerequisite.Check\PrerequisiteCheckQuestObjective1.cs
NexusUnleashed.Game\NexusUnleashed.Game.Prerequisite.Check\PrerequisiteCheckQuestObjective2.cs	NexusUnleashed.Game	C-LINEAGE	13	NexusUnleashed.Game\NexusUnleashed.Game.Prerequisite.Check\PrerequisiteCheckQuestObjective2.cs
NexusUnleashed.Game\NexusUnleashed.Game.Prerequisite.Check\PrerequisiteCheckQuestObjective3.cs	NexusUnleashed.Game	C-LINEAGE	13	NexusUnleashed.Game\NexusUnleashed.Game.Prerequisite.Check\PrerequisiteCheckQuestObjective3.cs
NexusUnleashed.Game\NexusUnleashed.Game.Prerequisite.Check\PrerequisiteCheckQuestObjective4.cs	NexusUnleashed.Game	C-LINEAGE	13	NexusUnleashed.Game\NexusUnleashed.Game.Prerequisite.Check\PrerequisiteCheckQuestObjective4.cs
NexusUnleashed.Game\NexusUnleashed.Game.Prerequisite.Check\PrerequisiteCheckQuestObjective47.cs	NexusUnleashed.Game	C-LINEAGE	13	NexusUnleashed.Game\NexusUnleashed.Game.Prerequisite.Check\PrerequisiteCheckQuestObjective47.cs
NexusUnleashed.Game\NexusUnleashed.Game.Prerequisite.Check\PrerequisiteCheckQuestObjective47OnCasterAndTarget.cs	NexusUnleashed.Game	C-LINEAGE	15	NexusUnleashed.Game\NexusUnleashed.Game.Prerequisite.Check\PrerequisiteCheckQuestObjective47OnCasterAndTarget.cs
NexusUnleashed.Game\NexusUnleashed.Game.Prerequisite.Check\PrerequisiteCheckQuestObjective5.cs	NexusUnleashed.Game	C-LINEAGE	13	NexusUnleashed.Game\NexusUnleashed.Game.Prerequisite.Check\PrerequisiteCheckQuestObjective5.cs
NexusUnleashed.Game\NexusUnleashed.Game.Prerequisite.Check\PrerequisiteCheckQuestObjective6.cs	NexusUnleashed.Game	C-LINEAGE	13	NexusUnleashed.Game\NexusUnleashed.Game.Prerequisite.Check\PrerequisiteCheckQuestObjective6.cs
NexusUnleashed.Game\NexusUnleashed.Game.Prerequisite.Check\PrerequisiteCheckQuestObjective7.cs	NexusUnleashed.Game	C-LINEAGE	13	NexusUnleashed.Game\NexusUnleashed.Game.Prerequisite.Check\PrerequisiteCheckQuestObjective7.cs
NexusUnleashed.Game\NexusUnleashed.Game.Prerequisite.Check\PrerequisiteCheckQuestObjectiveOnTarget.cs	NexusUnleashed.Game	C-LINEAGE	13	NexusUnleashed.Game\NexusUnleashed.Game.Prerequisite.Check\PrerequisiteCheckQuestObjectiveOnTarget.cs
NexusUnleashed.Game\NexusUnleashed.Game.Prerequisite.Check\PrerequisiteCheckQuestState.cs	NexusUnleashed.Game	C-LINEAGE	28	NexusUnleashed.Game\NexusUnleashed.Game.Prerequisite.Check\PrerequisiteCheckQuestState.cs
NexusUnleashed.Game\NexusUnleashed.Game.Prerequisite.Check\PrerequisiteCheckRace.cs	NexusUnleashed.Game	C-LINEAGE	27	NexusUnleashed.Game\NexusUnleashed.Game.Prerequisite.Check\PrerequisiteCheckRace.cs
NexusUnleashed.Game\NexusUnleashed.Game.Prerequisite.Check\PrerequisiteCheckRacial.cs	NexusUnleashed.Game	C-LINEAGE	27	NexusUnleashed.Game\NexusUnleashed.Game.Prerequisite.Check\PrerequisiteCheckRacial.cs
NexusUnleashed.Game\NexusUnleashed.Game.Prerequisite.Check\PrerequisiteCheckRandomPercent.cs	NexusUnleashed.Game	C-LINEAGE	14	NexusUnleashed.Game\NexusUnleashed.Game.Prerequisite.Check\PrerequisiteCheckRandomPercent.cs
NexusUnleashed.Game\NexusUnleashed.Game.Prerequisite.Check\PrerequisiteCheckRapidTransport.cs	NexusUnleashed.Game	C-LINEAGE	95	NexusUnleashed.Game\NexusUnleashed.Game.Prerequisite.Check\PrerequisiteCheckRapidTransport.cs
NexusUnleashed.Game\NexusUnleashed.Game.Prerequisite.Check\PrerequisiteCheckReputation.cs	NexusUnleashed.Game	C-LINEAGE	37	NexusUnleashed.Game\NexusUnleashed.Game.Prerequisite.Check\PrerequisiteCheckReputation.cs
NexusUnleashed.Game\NexusUnleashed.Game.Prerequisite.Check\PrerequisiteCheckScanCreature.cs	NexusUnleashed.Game	C-LINEAGE	14	NexusUnleashed.Game\NexusUnleashed.Game.Prerequisite.Check\PrerequisiteCheckScanCreature.cs
NexusUnleashed.Game\NexusUnleashed.Game.Prerequisite.Check\PrerequisiteCheckShield215.cs	NexusUnleashed.Game	C-LINEAGE	37	NexusUnleashed.Game\NexusUnleashed.Game.Prerequisite.Check\PrerequisiteCheckShield215.cs
NexusUnleashed.Game\NexusUnleashed.Game.Prerequisite.Check\PrerequisiteCheckShield216.cs	NexusUnleashed.Game	C-LINEAGE	37	NexusUnleashed.Game\NexusUnleashed.Game.Prerequisite.Check\PrerequisiteCheckShield216.cs
NexusUnleashed.Game\NexusUnleashed.Game.Prerequisite.Check\PrerequisiteCheckSpell.cs	NexusUnleashed.Game	C-LINEAGE	38	NexusUnleashed.Game\NexusUnleashed.Game.Prerequisite.Check\PrerequisiteCheckSpell.cs
NexusUnleashed.Game\NexusUnleashed.Game.Prerequisite.Check\PrerequisiteCheckSpell130.cs	NexusUnleashed.Game	C-LINEAGE	12	NexusUnleashed.Game\NexusUnleashed.Game.Prerequisite.Check\PrerequisiteCheckSpell130.cs
NexusUnleashed.Game\NexusUnleashed.Game.Prerequisite.Check\PrerequisiteCheckSpell191.cs	NexusUnleashed.Game	C-LINEAGE	12	NexusUnleashed.Game\NexusUnleashed.Game.Prerequisite.Check\PrerequisiteCheckSpell191.cs
NexusUnleashed.Game\NexusUnleashed.Game.Prerequisite.Check\PrerequisiteCheckSpell233.cs	NexusUnleashed.Game	C-LINEAGE	12	NexusUnleashed.Game\NexusUnleashed.Game.Prerequisite.Check\PrerequisiteCheckSpell233.cs
NexusUnleashed.Game\NexusUnleashed.Game.Prerequisite.Check\PrerequisiteCheckSpell279.cs	NexusUnleashed.Game	C-LINEAGE	12	NexusUnleashed.Game\NexusUnleashed.Game.Prerequisite.Check\PrerequisiteCheckSpell279.cs
NexusUnleashed.Game\NexusUnleashed.Game.Prerequisite.Check\PrerequisiteCheckSpell280.cs	NexusUnleashed.Game	C-LINEAGE	12	NexusUnleashed.Game\NexusUnleashed.Game.Prerequisite.Check\PrerequisiteCheckSpell280.cs
NexusUnleashed.Game\NexusUnleashed.Game.Prerequisite.Check\PrerequisiteCheckSpell4EffectCategoryOnUnit.cs	NexusUnleashed.Game	C-LINEAGE	19	NexusUnleashed.Game\NexusUnleashed.Game.Prerequisite.Check\PrerequisiteCheckSpell4EffectCategoryOnUnit.cs
NexusUnleashed.Game\NexusUnleashed.Game.Prerequisite.Check\PrerequisiteCheckSpell59.cs	NexusUnleashed.Game	C-LINEAGE	12	NexusUnleashed.Game\NexusUnleashed.Game.Prerequisite.Check\PrerequisiteCheckSpell59.cs
NexusUnleashed.Game\NexusUnleashed.Game.Prerequisite.Check\PrerequisiteCheckSpell60.cs	NexusUnleashed.Game	C-LINEAGE	12	NexusUnleashed.Game\NexusUnleashed.Game.Prerequisite.Check\PrerequisiteCheckSpell60.cs
NexusUnleashed.Game\NexusUnleashed.Game.Prerequisite.Check\PrerequisiteCheckSpellBaseId.cs	NexusUnleashed.Game	C-LINEAGE	27	NexusUnleashed.Game\NexusUnleashed.Game.Prerequisite.Check\PrerequisiteCheckSpellBaseId.cs
NexusUnleashed.Game\NexusUnleashed.Game.Prerequisite.Check\PrerequisiteCheckSpellCooldownNodeInServiceSet.cs	NexusUnleashed.Game	C-LINEAGE	19	NexusUnleashed.Game\NexusUnleashed.Game.Prerequisite.Check\PrerequisiteCheckSpellCooldownNodeInServiceSet.cs
NexusUnleashed.Game\NexusUnleashed.Game.Prerequisite.Check\PrerequisiteCheckSpellCooldownNodeOnTarget.cs	NexusUnleashed.Game	C-LINEAGE	23	NexusUnleashed.Game\NexusUnleashed.Game.Prerequisite.Check\PrerequisiteCheckSpellCooldownNodeOnTarget.cs
NexusUnleashed.Game\NexusUnleashed.Game.Prerequisite.Check\PrerequisiteCheckSpellCooldownNodeOnUnit.cs	NexusUnleashed.Game	C-LINEAGE	23	NexusUnleashed.Game\NexusUnleashed.Game.Prerequisite.Check\PrerequisiteCheckSpellCooldownNodeOnUnit.cs
NexusUnleashed.Game\NexusUnleashed.Game.Prerequisite.Check\PrerequisiteCheckSpellEffectTypeOnUnit.cs	NexusUnleashed.Game	C-LINEAGE	14	NexusUnleashed.Game\NexusUnleashed.Game.Prerequisite.Check\PrerequisiteCheckSpellEffectTypeOnUnit.cs
NexusUnleashed.Game\NexusUnleashed.Game.Prerequisite.Check\PrerequisiteCheckSpellTier.cs	NexusUnleashed.Game	C-LINEAGE	18	NexusUnleashed.Game\NexusUnleashed.Game.Prerequisite.Check\PrerequisiteCheckSpellTier.cs
NexusUnleashed.Game\NexusUnleashed.Game.Prerequisite.Check\PrerequisiteCheckSpellTierOnCasterAndTarget.cs	NexusUnleashed.Game	C-LINEAGE	26	NexusUnleashed.Game\NexusUnleashed.Game.Prerequisite.Check\PrerequisiteCheckSpellTierOnCasterAndTarget.cs
NexusUnleashed.Game\NexusUnleashed.Game.Prerequisite.Check\PrerequisiteCheckSpellTierOnTarget.cs	NexusUnleashed.Game	C-LINEAGE	22	NexusUnleashed.Game\NexusUnleashed.Game.Prerequisite.Check\PrerequisiteCheckSpellTierOnTarget.cs
NexusUnleashed.Game\NexusUnleashed.Game.Prerequisite.Check\PrerequisiteCheckSpellTierUnlocked.cs	NexusUnleashed.Game	C-LINEAGE	30	NexusUnleashed.Game\NexusUnleashed.Game.Prerequisite.Check\PrerequisiteCheckSpellTierUnlocked.cs
NexusUnleashed.Game\NexusUnleashed.Game.Prerequisite.Check\PrerequisiteCheckStealth.cs	NexusUnleashed.Game	C-LINEAGE	16	NexusUnleashed.Game\NexusUnleashed.Game.Prerequisite.Check\PrerequisiteCheckStealth.cs
NexusUnleashed.Game\NexusUnleashed.Game.Prerequisite.Check\PrerequisiteCheckTargetEntityLookupHit.cs	NexusUnleashed.Game	C-LINEAGE	18	NexusUnleashed.Game\NexusUnleashed.Game.Prerequisite.Check\PrerequisiteCheckTargetEntityLookupHit.cs
NexusUnleashed.Game\NexusUnleashed.Game.Prerequisite.Check\PrerequisiteCheckTaxi.cs	NexusUnleashed.Game	C-LINEAGE	13	NexusUnleashed.Game\NexusUnleashed.Game.Prerequisite.Check\PrerequisiteCheckTaxi.cs
NexusUnleashed.Game\NexusUnleashed.Game.Prerequisite.Check\PrerequisiteCheckTimeOfDay.cs	NexusUnleashed.Game	C-LINEAGE	13	NexusUnleashed.Game\NexusUnleashed.Game.Prerequisite.Check\PrerequisiteCheckTimeOfDay.cs
NexusUnleashed.Game\NexusUnleashed.Game.Prerequisite.Check\PrerequisiteCheckTradeSkill.cs	NexusUnleashed.Game	C-LINEAGE	14	NexusUnleashed.Game\NexusUnleashed.Game.Prerequisite.Check\PrerequisiteCheckTradeSkill.cs
NexusUnleashed.Game\NexusUnleashed.Game.Prerequisite.Check\PrerequisiteCheckTradeSkill228.cs	NexusUnleashed.Game	C-LINEAGE	14	NexusUnleashed.Game\NexusUnleashed.Game.Prerequisite.Check\PrerequisiteCheckTradeSkill228.cs
NexusUnleashed.Game\NexusUnleashed.Game.Prerequisite.Check\PrerequisiteCheckTradeSkill229.cs	NexusUnleashed.Game	C-LINEAGE	14	NexusUnleashed.Game\NexusUnleashed.Game.Prerequisite.Check\PrerequisiteCheckTradeSkill229.cs
NexusUnleashed.Game\NexusUnleashed.Game.Prerequisite.Check\PrerequisiteCheckTradeSkillProfession.cs	NexusUnleashed.Game	A-AUTHORED	30	
NexusUnleashed.Game\NexusUnleashed.Game.Prerequisite.Check\PrerequisiteCheckTradeSkillSchematicLevel.cs	NexusUnleashed.Game	A-AUTHORED	27	
NexusUnleashed.Game\NexusUnleashed.Game.Prerequisite.Check\PrerequisiteCheckTrueLevel.cs	NexusUnleashed.Game	C-LINEAGE	36	NexusUnleashed.Game\NexusUnleashed.Game.Prerequisite.Check\PrerequisiteCheckTrueLevel.cs
NexusUnleashed.Game\NexusUnleashed.Game.Prerequisite.Check\PrerequisiteCheckUnderForcedMovement.cs	NexusUnleashed.Game	C-LINEAGE	15	NexusUnleashed.Game\NexusUnleashed.Game.Prerequisite.Check\PrerequisiteCheckUnderForcedMovement.cs
NexusUnleashed.Game\NexusUnleashed.Game.Prerequisite.Check\PrerequisiteCheckUnderSpell.cs	NexusUnleashed.Game	C-LINEAGE	29	NexusUnleashed.Game\NexusUnleashed.Game.Prerequisite.Check\PrerequisiteCheckUnderSpell.cs
NexusUnleashed.Game\NexusUnleashed.Game.Prerequisite.Check\PrerequisiteCheckUnderSpellOnCasterAndTarget.cs	NexusUnleashed.Game	C-LINEAGE	43	NexusUnleashed.Game\NexusUnleashed.Game.Prerequisite.Check\PrerequisiteCheckUnderSpellOnCasterAndTarget.cs
NexusUnleashed.Game\NexusUnleashed.Game.Prerequisite.Check\PrerequisiteCheckUnderSpellOnTarget.cs	NexusUnleashed.Game	C-LINEAGE	35	NexusUnleashed.Game\NexusUnleashed.Game.Prerequisite.Check\PrerequisiteCheckUnderSpellOnTarget.cs
NexusUnleashed.Game\NexusUnleashed.Game.Prerequisite.Check\PrerequisiteCheckUnit.cs	NexusUnleashed.Game	C-LINEAGE	13	NexusUnleashed.Game\NexusUnleashed.Game.Prerequisite.Check\PrerequisiteCheckUnit.cs
NexusUnleashed.Game\NexusUnleashed.Game.Prerequisite.Check\PrerequisiteCheckUnitEntityType.cs	NexusUnleashed.Game	C-LINEAGE	14	NexusUnleashed.Game\NexusUnleashed.Game.Prerequisite.Check\PrerequisiteCheckUnitEntityType.cs
NexusUnleashed.Game\NexusUnleashed.Game.Prerequisite.Check\PrerequisiteCheckUnknown245.cs	NexusUnleashed.Game	C-MODIFIED	26	NexusUnleashed.Game\NexusUnleashed.Game.Prerequisite.Check\PrerequisiteCheckUnknown245.cs
NexusUnleashed.Game\NexusUnleashed.Game.Prerequisite.Check\PrerequisiteCheckUnknown275.cs	NexusUnleashed.Game	C-MODIFIED	26	NexusUnleashed.Game\NexusUnleashed.Game.Prerequisite.Check\PrerequisiteCheckUnknown275.cs
NexusUnleashed.Game\NexusUnleashed.Game.Prerequisite.Check\PrerequisiteCheckVehicle.cs	NexusUnleashed.Game	C-LINEAGE	13	NexusUnleashed.Game\NexusUnleashed.Game.Prerequisite.Check\PrerequisiteCheckVehicle.cs
NexusUnleashed.Game\NexusUnleashed.Game.Prerequisite.Check\PrerequisiteCheckVital.cs	NexusUnleashed.Game	C-LINEAGE	36	NexusUnleashed.Game\NexusUnleashed.Game.Prerequisite.Check\PrerequisiteCheckVital.cs
NexusUnleashed.Game\NexusUnleashed.Game.Prerequisite.Check\PrerequisiteCheckVital114.cs	NexusUnleashed.Game	C-LINEAGE	37	NexusUnleashed.Game\NexusUnleashed.Game.Prerequisite.Check\PrerequisiteCheckVital114.cs
NexusUnleashed.Game\NexusUnleashed.Game.Prerequisite.Check\PrerequisiteCheckVitalPercent.cs	NexusUnleashed.Game	A-AUTHORED	50	
NexusUnleashed.Game\NexusUnleashed.Game.Prerequisite.Check\PrerequisiteCheckVolume.cs	NexusUnleashed.Game	C-LINEAGE	13	NexusUnleashed.Game\NexusUnleashed.Game.Prerequisite.Check\PrerequisiteCheckVolume.cs
NexusUnleashed.Game\NexusUnleashed.Game.Prerequisite.Check\PrerequisiteCheckWarplotPermission.cs	NexusUnleashed.Game	C-LINEAGE	12	NexusUnleashed.Game\NexusUnleashed.Game.Prerequisite.Check\PrerequisiteCheckWarplotPermission.cs
NexusUnleashed.Game\NexusUnleashed.Game.Prerequisite.Check\PrerequisiteCheckWaypoint.cs	NexusUnleashed.Game	C-LINEAGE	29	NexusUnleashed.Game\NexusUnleashed.Game.Prerequisite.Check\PrerequisiteCheckWaypoint.cs
NexusUnleashed.Game\NexusUnleashed.Game.Prerequisite.Check\PrerequisiteCheckWorldRequirement.cs	NexusUnleashed.Game	C-LINEAGE	13	NexusUnleashed.Game\NexusUnleashed.Game.Prerequisite.Check\PrerequisiteCheckWorldRequirement.cs
NexusUnleashed.Game\NexusUnleashed.Game.Prerequisite.Check\PrerequisiteCheckWrongSpellMechanic.cs	NexusUnleashed.Game	C-LINEAGE	13	NexusUnleashed.Game\NexusUnleashed.Game.Prerequisite.Check\PrerequisiteCheckWrongSpellMechanic.cs
NexusUnleashed.Game\NexusUnleashed.Game.Prerequisite.Check\PrerequisiteCheckZoneExplored.cs	NexusUnleashed.Game	C-LINEAGE	13	NexusUnleashed.Game\NexusUnleashed.Game.Prerequisite.Check\PrerequisiteCheckZoneExplored.cs
NexusUnleashed.Game\NexusUnleashed.Game.Prerequisite.Check\SpellPrereq.cs	NexusUnleashed.Game	C-LINEAGE	16	NexusUnleashed.Game\NexusUnleashed.Game.Prerequisite.Check\SpellPrereq.cs
NexusUnleashed.Game\NexusUnleashed.Game.Prerequisite\AccountItemOwnedCount.cs	NexusUnleashed.Game	C-LINEAGE	28	NexusUnleashed.Game\NexusUnleashed.Game.Prerequisite\AccountItemOwnedCount.cs
NexusUnleashed.Game\NexusUnleashed.Game.Prerequisite\CreatureDifficultyPrerequisiteHelper.cs	NexusUnleashed.Game	C-LINEAGE	11	NexusUnleashed.Game\NexusUnleashed.Game.Prerequisite\CreatureDifficultyPrerequisiteHelper.cs
NexusUnleashed.Game\NexusUnleashed.Game.Prerequisite\CurrencyPrerequisiteHelper.cs	NexusUnleashed.Game	C-LINEAGE	17	NexusUnleashed.Game\NexusUnleashed.Game.Prerequisite\CurrencyPrerequisiteHelper.cs
NexusUnleashed.Game\NexusUnleashed.Game.Prerequisite\DatacubePrerequisiteHelper.cs	NexusUnleashed.Game	C-LINEAGE	39	NexusUnleashed.Game\NexusUnleashed.Game.Prerequisite\DatacubePrerequisiteHelper.cs
NexusUnleashed.Game\NexusUnleashed.Game.Prerequisite\FactionPrerequisiteHelper.cs	NexusUnleashed.Game	C-LINEAGE	17	NexusUnleashed.Game\NexusUnleashed.Game.Prerequisite\FactionPrerequisiteHelper.cs
NexusUnleashed.Game\NexusUnleashed.Game.Prerequisite\InGameTimePrerequisiteHelper.cs	NexusUnleashed.Game	C-LINEAGE	17	NexusUnleashed.Game\NexusUnleashed.Game.Prerequisite\InGameTimePrerequisiteHelper.cs
NexusUnleashed.Game\NexusUnleashed.Game.Prerequisite\LiveEventPrerequisiteProgress.cs	NexusUnleashed.Game	C-MODIFIED	37	NexusUnleashed.Game\NexusUnleashed.Game.Prerequisite\LiveEventPrerequisiteProgress.cs
NexusUnleashed.Game\NexusUnleashed.Game.Prerequisite\MovementPrerequisiteHelper.cs	NexusUnleashed.Game	C-LINEAGE	22	NexusUnleashed.Game\NexusUnleashed.Game.Prerequisite\MovementPrerequisiteHelper.cs
NexusUnleashed.Game\NexusUnleashed.Game.Prerequisite\PathPrerequisiteHelper.cs	NexusUnleashed.Game	C-LINEAGE	22	NexusUnleashed.Game\NexusUnleashed.Game.Prerequisite\PathPrerequisiteHelper.cs
NexusUnleashed.Game\NexusUnleashed.Game.Prerequisite\PathScientistPrerequisiteHelper.cs	NexusUnleashed.Game	C-LINEAGE	11	NexusUnleashed.Game\NexusUnleashed.Game.Prerequisite\PathScientistPrerequisiteHelper.cs
NexusUnleashed.Game\NexusUnleashed.Game.Prerequisite\PositionalPrerequisiteHelper.cs	NexusUnleashed.Game	C-LINEAGE	40	NexusUnleashed.Game\NexusUnleashed.Game.Prerequisite\PositionalPrerequisiteHelper.cs
NexusUnleashed.Game\NexusUnleashed.Game.Prerequisite\PrerequisiteCheckAttribute.cs	NexusUnleashed.Game	C-LINEAGE	12	NexusUnleashed.Game\NexusUnleashed.Game.Prerequisite\PrerequisiteCheckAttribute.cs
NexusUnleashed.Game\NexusUnleashed.Game.Prerequisite\PrerequisiteCompare.cs	NexusUnleashed.Game	C-LINEAGE	18	NexusUnleashed.Game\NexusUnleashed.Game.Prerequisite\PrerequisiteCompare.cs
NexusUnleashed.Game\NexusUnleashed.Game.Prerequisite\PrerequisiteEvalListHelper.cs	NexusUnleashed.Game	C-LINEAGE	39	NexusUnleashed.Game\NexusUnleashed.Game.Prerequisite\PrerequisiteEvalListHelper.cs
NexusUnleashed.Game\NexusUnleashed.Game.Prerequisite\PrerequisiteEvaluation.cs	NexusUnleashed.Game	C-LINEAGE	39	NexusUnleashed.Game\NexusUnleashed.Game.Prerequisite\PrerequisiteEvaluation.cs
NexusUnleashed.Game\NexusUnleashed.Game.Prerequisite\PrerequisiteItemTypes.cs	NexusUnleashed.Game	C-LINEAGE	26	NexusUnleashed.Game\NexusUnleashed.Game.Prerequisite\PrerequisiteItemTypes.cs
NexusUnleashed.Game\NexusUnleashed.Game.Prerequisite\PrerequisiteManager.cs	NexusUnleashed.Game	C-LINEAGE	89	NexusUnleashed.Game\NexusUnleashed.Game.Prerequisite\PrerequisiteManager.cs
NexusUnleashed.Game\NexusUnleashed.Game.Prerequisite\PrerequisiteNpcTargetContext.cs	NexusUnleashed.Game	C-LINEAGE	14	NexusUnleashed.Game\NexusUnleashed.Game.Prerequisite\PrerequisiteNpcTargetContext.cs
NexusUnleashed.Game\NexusUnleashed.Game.Prerequisite\PrerequisiteParameters.cs	NexusUnleashed.Game	C-LINEAGE	12	NexusUnleashed.Game\NexusUnleashed.Game.Prerequisite\PrerequisiteParameters.cs
NexusUnleashed.Game\NexusUnleashed.Game.Prerequisite\PublicEventObjectiveLookup.cs	NexusUnleashed.Game	C-LINEAGE	45	NexusUnleashed.Game\NexusUnleashed.Game.Prerequisite\PublicEventObjectiveLookup.cs
NexusUnleashed.Game\NexusUnleashed.Game.Prerequisite\QuestObjectivePrerequisiteHelper.cs	NexusUnleashed.Game	C-LINEAGE	20	NexusUnleashed.Game\NexusUnleashed.Game.Prerequisite\QuestObjectivePrerequisiteHelper.cs
NexusUnleashed.Game\NexusUnleashed.Game.Prerequisite\ServiceCollectionExtensions.cs	NexusUnleashed.Game	C-LINEAGE	28	NexusUnleashed.Game\NexusUnleashed.Game.Prerequisite\ServiceCollectionExtensions.cs
NexusUnleashed.Game\NexusUnleashed.Game.Prerequisite\SpellPrerequisiteHelper.cs	NexusUnleashed.Game	C-MODIFIED	121	NexusUnleashed.Game\NexusUnleashed.Game.Prerequisite\SpellPrerequisiteHelper.cs
NexusUnleashed.Game\NexusUnleashed.Game.Prerequisite\TradeskillPrerequisiteHelper.cs	NexusUnleashed.Game	C-MODIFIED	110	NexusUnleashed.Game\NexusUnleashed.Game.Prerequisite\TradeskillPrerequisiteHelper.cs
NexusUnleashed.Game\NexusUnleashed.Game.Prerequisite\WorldBounds.cs	NexusUnleashed.Game	C-LINEAGE	40	NexusUnleashed.Game\NexusUnleashed.Game.Prerequisite\WorldBounds.cs
NexusUnleashed.Game\NexusUnleashed.Game.Prerequisite\WorldLocationPrerequisiteHelper.cs	NexusUnleashed.Game	C-LINEAGE	36	NexusUnleashed.Game\NexusUnleashed.Game.Prerequisite\WorldLocationPrerequisiteHelper.cs
NexusUnleashed.Game\NexusUnleashed.Game.PublicEvent\PublicEvent.cs	NexusUnleashed.Game	C-LINEAGE	372	NexusUnleashed.Game\NexusUnleashed.Game.PublicEvent\PublicEvent.cs
NexusUnleashed.Game\NexusUnleashed.Game.PublicEvent\PublicEventCharacter.cs	NexusUnleashed.Game	C-LINEAGE	77	NexusUnleashed.Game\NexusUnleashed.Game.PublicEvent\PublicEventCharacter.cs
NexusUnleashed.Game\NexusUnleashed.Game.PublicEvent\PublicEventEntityFactory.cs	NexusUnleashed.Game	C-LINEAGE	78	NexusUnleashed.Game\NexusUnleashed.Game.PublicEvent\PublicEventEntityFactory.cs
NexusUnleashed.Game\NexusUnleashed.Game.PublicEvent\PublicEventFactory.cs	NexusUnleashed.Game	C-LINEAGE	22	NexusUnleashed.Game\NexusUnleashed.Game.PublicEvent\PublicEventFactory.cs
NexusUnleashed.Game\NexusUnleashed.Game.PublicEvent\PublicEventManager.cs	NexusUnleashed.Game	C-LINEAGE	207	NexusUnleashed.Game\NexusUnleashed.Game.PublicEvent\PublicEventManager.cs
NexusUnleashed.Game\NexusUnleashed.Game.PublicEvent\PublicEventObjective.cs	NexusUnleashed.Game	C-MODIFIED	177	NexusUnleashed.Game\NexusUnleashed.Game.PublicEvent\PublicEventObjective.cs
NexusUnleashed.Game\NexusUnleashed.Game.PublicEvent\PublicEventStats.cs	NexusUnleashed.Game	C-LINEAGE	143	NexusUnleashed.Game\NexusUnleashed.Game.PublicEvent\PublicEventStats.cs
NexusUnleashed.Game\NexusUnleashed.Game.PublicEvent\PublicEventTeam.cs	NexusUnleashed.Game	C-LINEAGE	196	NexusUnleashed.Game\NexusUnleashed.Game.PublicEvent\PublicEventTeam.cs
NexusUnleashed.Game\NexusUnleashed.Game.PublicEvent\PublicEventTeamMember.cs	NexusUnleashed.Game	C-LINEAGE	72	NexusUnleashed.Game\NexusUnleashed.Game.PublicEvent\PublicEventTeamMember.cs
NexusUnleashed.Game\NexusUnleashed.Game.PublicEvent\PublicEventTemplate.cs	NexusUnleashed.Game	C-LINEAGE	45	NexusUnleashed.Game\NexusUnleashed.Game.PublicEvent\PublicEventTemplate.cs
NexusUnleashed.Game\NexusUnleashed.Game.PublicEvent\PublicEventTemplateManager.cs	NexusUnleashed.Game	C-LINEAGE	46	NexusUnleashed.Game\NexusUnleashed.Game.PublicEvent\PublicEventTemplateManager.cs
NexusUnleashed.Game\NexusUnleashed.Game.PublicEvent\PublicEventVote.cs	NexusUnleashed.Game	C-LINEAGE	144	NexusUnleashed.Game\NexusUnleashed.Game.PublicEvent\PublicEventVote.cs
NexusUnleashed.Game\NexusUnleashed.Game.PublicEvent\PublicEventVoteResponse.cs	NexusUnleashed.Game	C-LINEAGE	30	NexusUnleashed.Game\NexusUnleashed.Game.PublicEvent\PublicEventVoteResponse.cs
NexusUnleashed.Game\NexusUnleashed.Game.PublicEvent\ServiceCollectionExtensions.cs	NexusUnleashed.Game	C-LINEAGE	22	NexusUnleashed.Game\NexusUnleashed.Game.PublicEvent\ServiceCollectionExtensions.cs
NexusUnleashed.Game\NexusUnleashed.Game.Quest\CommunicatorMessage.cs	NexusUnleashed.Game	C-MODIFIED	86	NexusUnleashed.Game\NexusUnleashed.Game.Quest\CommunicatorMessage.cs
NexusUnleashed.Game\NexusUnleashed.Game.Quest\ContractManager.cs	NexusUnleashed.Game	A-AUTHORED	161	
NexusUnleashed.Game\NexusUnleashed.Game.Quest\GlobalQuestManager.cs	NexusUnleashed.Game	C-MODIFIED	195	NexusUnleashed.Game\NexusUnleashed.Game.Quest\GlobalQuestManager.cs
NexusUnleashed.Game\NexusUnleashed.Game.Quest\Quest.cs	NexusUnleashed.Game	C-MODIFIED	413	NexusUnleashed.Game\NexusUnleashed.Game.Quest\Quest.cs
NexusUnleashed.Game\NexusUnleashed.Game.Quest\QuestException.cs	NexusUnleashed.Game	C-LINEAGE	9	NexusUnleashed.Game\NexusUnleashed.Game.Quest\QuestException.cs
NexusUnleashed.Game\NexusUnleashed.Game.Quest\QuestInfo.cs	NexusUnleashed.Game	C-LINEAGE	94	NexusUnleashed.Game\NexusUnleashed.Game.Quest\QuestInfo.cs
NexusUnleashed.Game\NexusUnleashed.Game.Quest\QuestObjective.cs	NexusUnleashed.Game	C-MODIFIED	173	NexusUnleashed.Game\NexusUnleashed.Game.Quest\QuestObjective.cs
NexusUnleashed.Game\NexusUnleashed.Game.Quest\QuestObjectiveInfo.cs	NexusUnleashed.Game	C-LINEAGE	56	NexusUnleashed.Game\NexusUnleashed.Game.Quest\QuestObjectiveInfo.cs
NexusUnleashed.Game\NexusUnleashed.Game.Quest\ServiceCollectionExtensions.cs	NexusUnleashed.Game	C-LINEAGE	11	NexusUnleashed.Game\NexusUnleashed.Game.Quest\ServiceCollectionExtensions.cs
NexusUnleashed.Game\NexusUnleashed.Game.RBAC\AccountPermission.cs	NexusUnleashed.Game	C-LINEAGE	64	NexusUnleashed.Game\NexusUnleashed.Game.RBAC\AccountPermission.cs
NexusUnleashed.Game\NexusUnleashed.Game.RBAC\AccountRBACManager.cs	NexusUnleashed.Game	C-LINEAGE	164	NexusUnleashed.Game\NexusUnleashed.Game.RBAC\AccountRBACManager.cs
NexusUnleashed.Game\NexusUnleashed.Game.RBAC\AccountRole.cs	NexusUnleashed.Game	C-LINEAGE	64	NexusUnleashed.Game\NexusUnleashed.Game.RBAC\AccountRole.cs
NexusUnleashed.Game\NexusUnleashed.Game.RBAC\RBACManager.cs	NexusUnleashed.Game	C-LINEAGE	66	NexusUnleashed.Game\NexusUnleashed.Game.RBAC\RBACManager.cs
NexusUnleashed.Game\NexusUnleashed.Game.RBAC\RBACPermission.cs	NexusUnleashed.Game	C-LINEAGE	14	NexusUnleashed.Game\NexusUnleashed.Game.RBAC\RBACPermission.cs
NexusUnleashed.Game\NexusUnleashed.Game.RBAC\RBACRole.cs	NexusUnleashed.Game	C-LINEAGE	20	NexusUnleashed.Game\NexusUnleashed.Game.RBAC\RBACRole.cs
NexusUnleashed.Game\NexusUnleashed.Game.RBAC\ServiceCollectionExtensions.cs	NexusUnleashed.Game	C-LINEAGE	11	NexusUnleashed.Game\NexusUnleashed.Game.RBAC\ServiceCollectionExtensions.cs
NexusUnleashed.Game\NexusUnleashed.Game.Reputation\FactionManager.cs	NexusUnleashed.Game	C-LINEAGE	55	NexusUnleashed.Game\NexusUnleashed.Game.Reputation\FactionManager.cs
NexusUnleashed.Game\NexusUnleashed.Game.Reputation\FactionNode.cs	NexusUnleashed.Game	C-LINEAGE	149	NexusUnleashed.Game\NexusUnleashed.Game.Reputation\FactionNode.cs
NexusUnleashed.Game\NexusUnleashed.Game.Reputation\RelationshipNode.cs	NexusUnleashed.Game	C-LINEAGE	23	NexusUnleashed.Game\NexusUnleashed.Game.Reputation\RelationshipNode.cs
NexusUnleashed.Game\NexusUnleashed.Game.Reputation\Reputation.cs	NexusUnleashed.Game	C-LINEAGE	76	NexusUnleashed.Game\NexusUnleashed.Game.Reputation\Reputation.cs
NexusUnleashed.Game\NexusUnleashed.Game.Reputation\ReputationManager.cs	NexusUnleashed.Game	C-LINEAGE	80	NexusUnleashed.Game\NexusUnleashed.Game.Reputation\ReputationManager.cs
NexusUnleashed.Game\NexusUnleashed.Game.Reputation\ServiceCollectionExtensions.cs	NexusUnleashed.Game	C-LINEAGE	11	NexusUnleashed.Game\NexusUnleashed.Game.Reputation\ServiceCollectionExtensions.cs
NexusUnleashed.Game\NexusUnleashed.Game.Retail\RetailCertainRules.cs	NexusUnleashed.Game	C-LINEAGE	24	NexusUnleashed.Game\NexusUnleashed.Game.Retail\RetailCertainRules.cs
NexusUnleashed.Game\NexusUnleashed.Game.Retail\RetailMatchingDeserterSpells.cs	NexusUnleashed.Game	C-LINEAGE	22	NexusUnleashed.Game\NexusUnleashed.Game.Retail\RetailMatchingDeserterSpells.cs
NexusUnleashed.Game\NexusUnleashed.Game.RewardTrack\RewardTrackManager.cs	NexusUnleashed.Game	A-AUTHORED	277	
NexusUnleashed.Game\NexusUnleashed.Game.Server\ServerInfo.cs	NexusUnleashed.Game	C-LINEAGE	42	NexusUnleashed.Game\NexusUnleashed.Game.Server\ServerInfo.cs
NexusUnleashed.Game\NexusUnleashed.Game.Server\ServerManager.cs	NexusUnleashed.Game	C-LINEAGE	95	NexusUnleashed.Game\NexusUnleashed.Game.Server\ServerManager.cs
NexusUnleashed.Game\NexusUnleashed.Game.Server\ServerMessageInfo.cs	NexusUnleashed.Game	C-LINEAGE	19	NexusUnleashed.Game\NexusUnleashed.Game.Server\ServerMessageInfo.cs
NexusUnleashed.Game\NexusUnleashed.Game.Server\ServiceCollectionExtensions.cs	NexusUnleashed.Game	C-LINEAGE	11	NexusUnleashed.Game\NexusUnleashed.Game.Server\ServiceCollectionExtensions.cs
NexusUnleashed.Game\NexusUnleashed.Game.Spell.Effect.Data\SpellEffectAbsorptionData.cs	NexusUnleashed.Game	C-LINEAGE	13	NexusUnleashed.Game\NexusUnleashed.Game.Spell.Effect.Data\SpellEffectAbsorptionData.cs
NexusUnleashed.Game\NexusUnleashed.Game.Spell.Effect.Data\SpellEffectAchievementAdvanceData.cs	NexusUnleashed.Game	C-LINEAGE	15	NexusUnleashed.Game\NexusUnleashed.Game.Spell.Effect.Data\SpellEffectAchievementAdvanceData.cs
NexusUnleashed.Game\NexusUnleashed.Game.Spell.Effect.Data\SpellEffectActionBarSetData.cs	NexusUnleashed.Game	A-AUTHORED	44	
NexusUnleashed.Game\NexusUnleashed.Game.Spell.Effect.Data\SpellEffectActivateSpellCooldownData.cs	NexusUnleashed.Game	A-AUTHORED	15	
NexusUnleashed.Game\NexusUnleashed.Game.Spell.Effect.Data\SpellEffectAggroImmuneData.cs	NexusUnleashed.Game	A-AUTHORED	13	
NexusUnleashed.Game\NexusUnleashed.Game.Spell.Effect.Data\SpellEffectCCStateBreakData.cs	NexusUnleashed.Game	C-MODIFIED	34	NexusUnleashed.Game\NexusUnleashed.Game.Spell.Effect.Data\SpellEffectCCStateBreakData.cs
NexusUnleashed.Game\NexusUnleashed.Game.Spell.Effect.Data\SpellEffectCCStateSetData.cs	NexusUnleashed.Game	C-LINEAGE	18	NexusUnleashed.Game\NexusUnleashed.Game.Spell.Effect.Data\SpellEffectCCStateSetData.cs
NexusUnleashed.Game\NexusUnleashed.Game.Spell.Effect.Data\SpellEffectCooldownResetData.cs	NexusUnleashed.Game	A-AUTHORED	15	
NexusUnleashed.Game\NexusUnleashed.Game.Spell.Effect.Data\SpellEffectDamageData.cs	NexusUnleashed.Game	C-LINEAGE	13	NexusUnleashed.Game\NexusUnleashed.Game.Spell.Effect.Data\SpellEffectDamageData.cs
NexusUnleashed.Game\NexusUnleashed.Game.Spell.Effect.Data\SpellEffectDamageShieldsData.cs	NexusUnleashed.Game	A-AUTHORED	15	
NexusUnleashed.Game\NexusUnleashed.Game.Spell.Effect.Data\SpellEffectDefaultData.cs	NexusUnleashed.Game	C-LINEAGE	31	NexusUnleashed.Game\NexusUnleashed.Game.Spell.Effect.Data\SpellEffectDefaultData.cs
NexusUnleashed.Game\NexusUnleashed.Game.Spell.Effect.Data\SpellEffectDelayDeathData.cs	NexusUnleashed.Game	A-AUTHORED	13	
NexusUnleashed.Game\NexusUnleashed.Game.Spell.Effect.Data\SpellEffectDisembarkData.cs	NexusUnleashed.Game	A-AUTHORED	13	
NexusUnleashed.Game\NexusUnleashed.Game.Spell.Effect.Data\SpellEffectDisguiseData.cs	NexusUnleashed.Game	C-LINEAGE	13	NexusUnleashed.Game\NexusUnleashed.Game.Spell.Effect.Data\SpellEffectDisguiseData.cs
NexusUnleashed.Game\NexusUnleashed.Game.Spell.Effect.Data\SpellEffectDisguiseOutfitData.cs	NexusUnleashed.Game	A-AUTHORED	47	
NexusUnleashed.Game\NexusUnleashed.Game.Spell.Effect.Data\SpellEffectDistanceDependentDamageData.cs	NexusUnleashed.Game	A-AUTHORED	17	
NexusUnleashed.Game\NexusUnleashed.Game.Spell.Effect.Data\SpellEffectDistributedDamageData.cs	NexusUnleashed.Game	C-LINEAGE	13	NexusUnleashed.Game\NexusUnleashed.Game.Spell.Effect.Data\SpellEffectDistributedDamageData.cs
NexusUnleashed.Game\NexusUnleashed.Game.Spell.Effect.Data\SpellEffectFactionSetData.cs	NexusUnleashed.Game	C-LINEAGE	15	NexusUnleashed.Game\NexusUnleashed.Game.Spell.Effect.Data\SpellEffectFactionSetData.cs
NexusUnleashed.Game\NexusUnleashed.Game.Spell.Effect.Data\SpellEffectForceFacingData.cs	NexusUnleashed.Game	A-AUTHORED	15	
NexusUnleashed.Game\NexusUnleashed.Game.Spell.Effect.Data\SpellEffectForcedMoveData.cs	NexusUnleashed.Game	C-LINEAGE	30	NexusUnleashed.Game\NexusUnleashed.Game.Spell.Effect.Data\SpellEffectForcedMoveData.cs
NexusUnleashed.Game\NexusUnleashed.Game.Spell.Effect.Data\SpellEffectGiveAbilityPointsToPlayerData.cs	NexusUnleashed.Game	C-LINEAGE	15	NexusUnleashed.Game\NexusUnleashed.Game.Spell.Effect.Data\SpellEffectGiveAbilityPointsToPlayerData.cs
NexusUnleashed.Game\NexusUnleashed.Game.Spell.Effect.Data\SpellEffectGiveAugmentPowerToPlayerData.cs	NexusUnleashed.Game	C-LINEAGE	15	NexusUnleashed.Game\NexusUnleashed.Game.Spell.Effect.Data\SpellEffectGiveAugmentPowerToPlayerData.cs
NexusUnleashed.Game\NexusUnleashed.Game.Spell.Effect.Data\SpellEffectGiveItemToPlayerData.cs	NexusUnleashed.Game	A-AUTHORED	17	
NexusUnleashed.Game\NexusUnleashed.Game.Spell.Effect.Data\SpellEffectGiveSchematicData.cs	NexusUnleashed.Game	A-AUTHORED	24	
NexusUnleashed.Game\NexusUnleashed.Game.Spell.Effect.Data\SpellEffectGrantXpData.cs	NexusUnleashed.Game	C-LINEAGE	15	NexusUnleashed.Game\NexusUnleashed.Game.Spell.Effect.Data\SpellEffectGrantXpData.cs
NexusUnleashed.Game\NexusUnleashed.Game.Spell.Effect.Data\SpellEffectHazardEnableData.cs	NexusUnleashed.Game	A-AUTHORED	15	
NexusUnleashed.Game\NexusUnleashed.Game.Spell.Effect.Data\SpellEffectHazardModifyData.cs	NexusUnleashed.Game	A-AUTHORED	25	
NexusUnleashed.Game\NexusUnleashed.Game.Spell.Effect.Data\SpellEffectHazardSuspendData.cs	NexusUnleashed.Game	A-AUTHORED	17	
NexusUnleashed.Game\NexusUnleashed.Game.Spell.Effect.Data\SpellEffectHealData.cs	NexusUnleashed.Game	C-LINEAGE	13	NexusUnleashed.Game\NexusUnleashed.Game.Spell.Effect.Data\SpellEffectHealData.cs
NexusUnleashed.Game\NexusUnleashed.Game.Spell.Effect.Data\SpellEffectHealShieldsData.cs	NexusUnleashed.Game	C-LINEAGE	13	NexusUnleashed.Game\NexusUnleashed.Game.Spell.Effect.Data\SpellEffectHealShieldsData.cs
NexusUnleashed.Game\NexusUnleashed.Game.Spell.Effect.Data\SpellEffectHousingTeleportData.cs	NexusUnleashed.Game	A-AUTHORED	13	
NexusUnleashed.Game\NexusUnleashed.Game.Spell.Effect.Data\SpellEffectItemVisualSwapData.cs	NexusUnleashed.Game	A-AUTHORED	41	
NexusUnleashed.Game\NexusUnleashed.Game.Spell.Effect.Data\SpellEffectLearnDyeColourData.cs	NexusUnleashed.Game	C-LINEAGE	13	NexusUnleashed.Game\NexusUnleashed.Game.Spell.Effect.Data\SpellEffectLearnDyeColourData.cs
NexusUnleashed.Game\NexusUnleashed.Game.Spell.Effect.Data\SpellEffectModifyInterruptArmorData.cs	NexusUnleashed.Game	C-LINEAGE	15	NexusUnleashed.Game\NexusUnleashed.Game.Spell.Effect.Data\SpellEffectModifyInterruptArmorData.cs
NexusUnleashed.Game\NexusUnleashed.Game.Spell.Effect.Data\SpellEffectModifySpellCooldownData.cs	NexusUnleashed.Game	C-LINEAGE	20	NexusUnleashed.Game\NexusUnleashed.Game.Spell.Effect.Data\SpellEffectModifySpellCooldownData.cs
NexusUnleashed.Game\NexusUnleashed.Game.Spell.Effect.Data\SpellEffectNpcExecutionDelayData.cs	NexusUnleashed.Game	C-LINEAGE	13	NexusUnleashed.Game\NexusUnleashed.Game.Spell.Effect.Data\SpellEffectNpcExecutionDelayData.cs
NexusUnleashed.Game\NexusUnleashed.Game.Spell.Effect.Data\SpellEffectPathXpModifyData.cs	NexusUnleashed.Game	C-LINEAGE	15	NexusUnleashed.Game\NexusUnleashed.Game.Spell.Effect.Data\SpellEffectPathXpModifyData.cs
NexusUnleashed.Game\NexusUnleashed.Game.Spell.Effect.Data\SpellEffectPersonalDmgHealModData.cs	NexusUnleashed.Game	A-AUTHORED	22	
NexusUnleashed.Game\NexusUnleashed.Game.Spell.Effect.Data\SpellEffectPetCastSpellData.cs	NexusUnleashed.Game	A-AUTHORED	15	
NexusUnleashed.Game\NexusUnleashed.Game.Spell.Effect.Data\SpellEffectProcData.cs	NexusUnleashed.Game	C-LINEAGE	22	NexusUnleashed.Game\NexusUnleashed.Game.Spell.Effect.Data\SpellEffectProcData.cs
NexusUnleashed.Game\NexusUnleashed.Game.Spell.Effect.Data\SpellEffectProxyChannelVariableTimeData.cs	NexusUnleashed.Game	A-AUTHORED	53	
NexusUnleashed.Game\NexusUnleashed.Game.Spell.Effect.Data\SpellEffectProxyData.cs	NexusUnleashed.Game	C-LINEAGE	19	NexusUnleashed.Game\NexusUnleashed.Game.Spell.Effect.Data\SpellEffectProxyData.cs
NexusUnleashed.Game\NexusUnleashed.Game.Spell.Effect.Data\SpellEffectProxyRandomExclusiveData.cs	NexusUnleashed.Game	A-AUTHORED	21	
NexusUnleashed.Game\NexusUnleashed.Game.Spell.Effect.Data\SpellEffectQuestAdvanceObjectiveData.cs	NexusUnleashed.Game	C-LINEAGE	17	NexusUnleashed.Game\NexusUnleashed.Game.Spell.Effect.Data\SpellEffectQuestAdvanceObjectiveData.cs
NexusUnleashed.Game\NexusUnleashed.Game.Spell.Effect.Data\SpellEffectReputationModifyData.cs	NexusUnleashed.Game	C-LINEAGE	18	NexusUnleashed.Game\NexusUnleashed.Game.Spell.Effect.Data\SpellEffectReputationModifyData.cs
NexusUnleashed.Game\NexusUnleashed.Game.Spell.Effect.Data\SpellEffectRewardPropertyModifierData.cs	NexusUnleashed.Game	A-AUTHORED	42	
NexusUnleashed.Game\NexusUnleashed.Game.Spell.Effect.Data\SpellEffectSapVitalData.cs	NexusUnleashed.Game	C-LINEAGE	21	NexusUnleashed.Game\NexusUnleashed.Game.Spell.Effect.Data\SpellEffectSapVitalData.cs
NexusUnleashed.Game\NexusUnleashed.Game.Spell.Effect.Data\SpellEffectScaleData.cs	NexusUnleashed.Game	C-LINEAGE	16	NexusUnleashed.Game\NexusUnleashed.Game.Spell.Effect.Data\SpellEffectScaleData.cs
NexusUnleashed.Game\NexusUnleashed.Game.Spell.Effect.Data\SpellEffectSetBusyData.cs	NexusUnleashed.Game	C-MODIFIED	35	NexusUnleashed.Game\NexusUnleashed.Game.Spell.Effect.Data\SpellEffectSetBusyData.cs
NexusUnleashed.Game\NexusUnleashed.Game.Spell.Effect.Data\SpellEffectShieldOverloadData.cs	NexusUnleashed.Game	A-AUTHORED	20	
NexusUnleashed.Game\NexusUnleashed.Game.Spell.Effect.Data\SpellEffectSpellDispelData.cs	NexusUnleashed.Game	A-AUTHORED	17	
NexusUnleashed.Game\NexusUnleashed.Game.Spell.Effect.Data\SpellEffectSpellEffectImmunityData.cs	NexusUnleashed.Game	A-AUTHORED	15	
NexusUnleashed.Game\NexusUnleashed.Game.Spell.Effect.Data\SpellEffectSpellForceRemoveChanneledData.cs	NexusUnleashed.Game	A-AUTHORED	13	
NexusUnleashed.Game\NexusUnleashed.Game.Spell.Effect.Data\SpellEffectSpellForceRemoveData.cs	NexusUnleashed.Game	C-LINEAGE	16	NexusUnleashed.Game\NexusUnleashed.Game.Spell.Effect.Data\SpellEffectSpellForceRemoveData.cs
NexusUnleashed.Game\NexusUnleashed.Game.Spell.Effect.Data\SpellEffectSummonCreatureData.cs	NexusUnleashed.Game	C-LINEAGE	33	NexusUnleashed.Game\NexusUnleashed.Game.Spell.Effect.Data\SpellEffectSummonCreatureData.cs
NexusUnleashed.Game\NexusUnleashed.Game.Spell.Effect.Data\SpellEffectSummonMountData.cs	NexusUnleashed.Game	C-LINEAGE	17	NexusUnleashed.Game\NexusUnleashed.Game.Spell.Effect.Data\SpellEffectSummonMountData.cs
NexusUnleashed.Game\NexusUnleashed.Game.Spell.Effect.Data\SpellEffectSummonPetData.cs	NexusUnleashed.Game	C-LINEAGE	31	NexusUnleashed.Game\NexusUnleashed.Game.Spell.Effect.Data\SpellEffectSummonPetData.cs
NexusUnleashed.Game\NexusUnleashed.Game.Spell.Effect.Data\SpellEffectSummonTrapData.cs	NexusUnleashed.Game	C-LINEAGE	32	NexusUnleashed.Game\NexusUnleashed.Game.Spell.Effect.Data\SpellEffectSummonTrapData.cs
NexusUnleashed.Game\NexusUnleashed.Game.Spell.Effect.Data\SpellEffectSummonVanityPetData.cs	NexusUnleashed.Game	C-LINEAGE	13	NexusUnleashed.Game\NexusUnleashed.Game.Spell.Effect.Data\SpellEffectSummonVanityPetData.cs
NexusUnleashed.Game\NexusUnleashed.Game.Spell.Effect.Data\SpellEffectTeleportData.cs	NexusUnleashed.Game	C-MODIFIED	17	NexusUnleashed.Game\NexusUnleashed.Game.Spell.Effect.Data\SpellEffectTeleportData.cs
NexusUnleashed.Game\NexusUnleashed.Game.Spell.Effect.Data\SpellEffectThreatModificationData.cs	NexusUnleashed.Game	C-LINEAGE	16	NexusUnleashed.Game\NexusUnleashed.Game.Spell.Effect.Data\SpellEffectThreatModificationData.cs
NexusUnleashed.Game\NexusUnleashed.Game.Spell.Effect.Data\SpellEffectThreatTransferData.cs	NexusUnleashed.Game	C-LINEAGE	17	NexusUnleashed.Game\NexusUnleashed.Game.Spell.Effect.Data\SpellEffectThreatTransferData.cs
NexusUnleashed.Game\NexusUnleashed.Game.Spell.Effect.Data\SpellEffectTitleGrantData.cs	NexusUnleashed.Game	C-LINEAGE	15	NexusUnleashed.Game\NexusUnleashed.Game.Spell.Effect.Data\SpellEffectTitleGrantData.cs
NexusUnleashed.Game\NexusUnleashed.Game.Spell.Effect.Data\SpellEffectTitleRevokeData.cs	NexusUnleashed.Game	C-LINEAGE	15	NexusUnleashed.Game\NexusUnleashed.Game.Spell.Effect.Data\SpellEffectTitleRevokeData.cs
NexusUnleashed.Game\NexusUnleashed.Game.Spell.Effect.Data\SpellEffectTransferenceData.cs	NexusUnleashed.Game	C-LINEAGE	13	NexusUnleashed.Game\NexusUnleashed.Game.Spell.Effect.Data\SpellEffectTransferenceData.cs
NexusUnleashed.Game\NexusUnleashed.Game.Spell.Effect.Data\SpellEffectUnitPropertyModifierData.cs	NexusUnleashed.Game	C-LINEAGE	23	NexusUnleashed.Game\NexusUnleashed.Game.Spell.Effect.Data\SpellEffectUnitPropertyModifierData.cs
NexusUnleashed.Game\NexusUnleashed.Game.Spell.Effect.Data\SpellEffectUnitStateSetData.cs	NexusUnleashed.Game	A-AUTHORED	36	
NexusUnleashed.Game\NexusUnleashed.Game.Spell.Effect.Data\SpellEffectUnlockInlaidAugmentData.cs	NexusUnleashed.Game	C-LINEAGE	15	NexusUnleashed.Game\NexusUnleashed.Game.Spell.Effect.Data\SpellEffectUnlockInlaidAugmentData.cs
NexusUnleashed.Game\NexusUnleashed.Game.Spell.Effect.Data\SpellEffectUnlockMountData.cs	NexusUnleashed.Game	C-LINEAGE	13	NexusUnleashed.Game\NexusUnleashed.Game.Spell.Effect.Data\SpellEffectUnlockMountData.cs
NexusUnleashed.Game\NexusUnleashed.Game.Spell.Effect.Data\SpellEffectUnlockPetFlairData.cs	NexusUnleashed.Game	C-LINEAGE	13	NexusUnleashed.Game\NexusUnleashed.Game.Spell.Effect.Data\SpellEffectUnlockPetFlairData.cs
NexusUnleashed.Game\NexusUnleashed.Game.Spell.Effect.Data\SpellEffectUnlockVanityPetData.cs	NexusUnleashed.Game	C-LINEAGE	13	NexusUnleashed.Game\NexusUnleashed.Game.Spell.Effect.Data\SpellEffectUnlockVanityPetData.cs
NexusUnleashed.Game\NexusUnleashed.Game.Spell.Effect.Data\SpellEffectVitalModifierData.cs	NexusUnleashed.Game	C-LINEAGE	16	NexusUnleashed.Game\NexusUnleashed.Game.Spell.Effect.Data\SpellEffectVitalModifierData.cs
NexusUnleashed.Game\NexusUnleashed.Game.Spell.Effect.Handler\SpellEffectAbsorptionHandler.cs	NexusUnleashed.Game	C-LINEAGE	30	NexusUnleashed.Game\NexusUnleashed.Game.Spell.Effect.Handler\SpellEffectAbsorptionHandler.cs
NexusUnleashed.Game\NexusUnleashed.Game.Spell.Effect.Handler\SpellEffectAchievementAdvanceHandler.cs	NexusUnleashed.Game	C-LINEAGE	18	NexusUnleashed.Game\NexusUnleashed.Game.Spell.Effect.Handler\SpellEffectAchievementAdvanceHandler.cs
NexusUnleashed.Game\NexusUnleashed.Game.Spell.Effect.Handler\SpellEffectActionBarSetHandler.cs	NexusUnleashed.Game	A-AUTHORED	48	
NexusUnleashed.Game\NexusUnleashed.Game.Spell.Effect.Handler\SpellEffectActivateHandler.cs	NexusUnleashed.Game	C-LINEAGE	15	NexusUnleashed.Game\NexusUnleashed.Game.Spell.Effect.Handler\SpellEffectActivateHandler.cs
NexusUnleashed.Game\NexusUnleashed.Game.Spell.Effect.Handler\SpellEffectActivateSpellCooldownHandler.cs	NexusUnleashed.Game	A-AUTHORED	37	
NexusUnleashed.Game\NexusUnleashed.Game.Spell.Effect.Handler\SpellEffectAggroImmuneHandler.cs	NexusUnleashed.Game	A-AUTHORED	36	
NexusUnleashed.Game\NexusUnleashed.Game.Spell.Effect.Handler\SpellEffectCCStateBreakHandler.cs	NexusUnleashed.Game	C-LINEAGE	33	NexusUnleashed.Game\NexusUnleashed.Game.Spell.Effect.Handler\SpellEffectCCStateBreakHandler.cs
NexusUnleashed.Game\NexusUnleashed.Game.Spell.Effect.Handler\SpellEffectCCStateSetHandler.cs	NexusUnleashed.Game	C-MODIFIED	24	NexusUnleashed.Game\NexusUnleashed.Game.Spell.Effect.Handler\SpellEffectCCStateSetHandler.cs
NexusUnleashed.Game\NexusUnleashed.Game.Spell.Effect.Handler\SpellEffectCooldownResetHandler.cs	NexusUnleashed.Game	A-AUTHORED	37	
NexusUnleashed.Game\NexusUnleashed.Game.Spell.Effect.Handler\SpellEffectDamageHandler.cs	NexusUnleashed.Game	C-LINEAGE	40	NexusUnleashed.Game\NexusUnleashed.Game.Spell.Effect.Handler\SpellEffectDamageHandler.cs
NexusUnleashed.Game\NexusUnleashed.Game.Spell.Effect.Handler\SpellEffectDamageShieldsHandler.cs	NexusUnleashed.Game	A-AUTHORED	59	
NexusUnleashed.Game\NexusUnleashed.Game.Spell.Effect.Handler\SpellEffectDelayDeathHandler.cs	NexusUnleashed.Game	A-AUTHORED	35	
NexusUnleashed.Game\NexusUnleashed.Game.Spell.Effect.Handler\SpellEffectDespawnUnitHandler.cs	NexusUnleashed.Game	C-LINEAGE	18	NexusUnleashed.Game\NexusUnleashed.Game.Spell.Effect.Handler\SpellEffectDespawnUnitHandler.cs
NexusUnleashed.Game\NexusUnleashed.Game.Spell.Effect.Handler\SpellEffectDisembarkHandler.cs	NexusUnleashed.Game	A-AUTHORED	26	
NexusUnleashed.Game\NexusUnleashed.Game.Spell.Effect.Handler\SpellEffectDisguiseHandler.cs	NexusUnleashed.Game	C-LINEAGE	35	NexusUnleashed.Game\NexusUnleashed.Game.Spell.Effect.Handler\SpellEffectDisguiseHandler.cs
NexusUnleashed.Game\NexusUnleashed.Game.Spell.Effect.Handler\SpellEffectDisguiseOutfitHandler.cs	NexusUnleashed.Game	A-AUTHORED	50	
NexusUnleashed.Game\NexusUnleashed.Game.Spell.Effect.Handler\SpellEffectDistanceDependentDamageHandler.cs	NexusUnleashed.Game	A-AUTHORED	54	
NexusUnleashed.Game\NexusUnleashed.Game.Spell.Effect.Handler\SpellEffectDistributedDamageHandler.cs	NexusUnleashed.Game	C-LINEAGE	38	NexusUnleashed.Game\NexusUnleashed.Game.Spell.Effect.Handler\SpellEffectDistributedDamageHandler.cs
NexusUnleashed.Game\NexusUnleashed.Game.Spell.Effect.Handler\SpellEffectFactionSetHandler.cs	NexusUnleashed.Game	C-LINEAGE	19	NexusUnleashed.Game\NexusUnleashed.Game.Spell.Effect.Handler\SpellEffectFactionSetHandler.cs
NexusUnleashed.Game\NexusUnleashed.Game.Spell.Effect.Handler\SpellEffectFluffHandler.cs	NexusUnleashed.Game	C-LINEAGE	14	NexusUnleashed.Game\NexusUnleashed.Game.Spell.Effect.Handler\SpellEffectFluffHandler.cs
NexusUnleashed.Game\NexusUnleashed.Game.Spell.Effect.Handler\SpellEffectForceFacingHandler.cs	NexusUnleashed.Game	A-AUTHORED	47	
NexusUnleashed.Game\NexusUnleashed.Game.Spell.Effect.Handler\SpellEffectForcedMoveHandler.cs	NexusUnleashed.Game	C-LINEAGE	77	NexusUnleashed.Game\NexusUnleashed.Game.Spell.Effect.Handler\SpellEffectForcedMoveHandler.cs
NexusUnleashed.Game\NexusUnleashed.Game.Spell.Effect.Handler\SpellEffectFullScreenEffectHandler.cs	NexusUnleashed.Game	C-LINEAGE	14	NexusUnleashed.Game\NexusUnleashed.Game.Spell.Effect.Handler\SpellEffectFullScreenEffectHandler.cs
NexusUnleashed.Game\NexusUnleashed.Game.Spell.Effect.Handler\SpellEffectGiveAbilityPointsToPlayerHandler.cs	NexusUnleashed.Game	C-LINEAGE	18	NexusUnleashed.Game\NexusUnleashed.Game.Spell.Effect.Handler\SpellEffectGiveAbilityPointsToPlayerHandler.cs
NexusUnleashed.Game\NexusUnleashed.Game.Spell.Effect.Handler\SpellEffectGiveAugmentPowerToPlayerHandler.cs	NexusUnleashed.Game	C-LINEAGE	18	NexusUnleashed.Game\NexusUnleashed.Game.Spell.Effect.Handler\SpellEffectGiveAugmentPowerToPlayerHandler.cs
NexusUnleashed.Game\NexusUnleashed.Game.Spell.Effect.Handler\SpellEffectGiveItemToPlayerHandler.cs	NexusUnleashed.Game	A-AUTHORED	37	
NexusUnleashed.Game\NexusUnleashed.Game.Spell.Effect.Handler\SpellEffectGiveSchematicHandler.cs	NexusUnleashed.Game	A-AUTHORED	36	
NexusUnleashed.Game\NexusUnleashed.Game.Spell.Effect.Handler\SpellEffectGrantXpHandler.cs	NexusUnleashed.Game	C-LINEAGE	19	NexusUnleashed.Game\NexusUnleashed.Game.Spell.Effect.Handler\SpellEffectGrantXpHandler.cs
NexusUnleashed.Game\NexusUnleashed.Game.Spell.Effect.Handler\SpellEffectHazardHandlers.cs	NexusUnleashed.Game	A-AUTHORED	75	
NexusUnleashed.Game\NexusUnleashed.Game.Spell.Effect.Handler\SpellEffectHealHandler.cs	NexusUnleashed.Game	C-LINEAGE	41	NexusUnleashed.Game\NexusUnleashed.Game.Spell.Effect.Handler\SpellEffectHealHandler.cs
NexusUnleashed.Game\NexusUnleashed.Game.Spell.Effect.Handler\SpellEffectHealShieldsHandler.cs	NexusUnleashed.Game	C-LINEAGE	30	NexusUnleashed.Game\NexusUnleashed.Game.Spell.Effect.Handler\SpellEffectHealShieldsHandler.cs
NexusUnleashed.Game\NexusUnleashed.Game.Spell.Effect.Handler\SpellEffectHousingTeleportHandler.cs	NexusUnleashed.Game	A-AUTHORED	51	
NexusUnleashed.Game\NexusUnleashed.Game.Spell.Effect.Handler\SpellEffectItemVisualSwapHandler.cs	NexusUnleashed.Game	A-AUTHORED	38	
NexusUnleashed.Game\NexusUnleashed.Game.Spell.Effect.Handler\SpellEffectKillHandler.cs	NexusUnleashed.Game	C-LINEAGE	18	NexusUnleashed.Game\NexusUnleashed.Game.Spell.Effect.Handler\SpellEffectKillHandler.cs
NexusUnleashed.Game\NexusUnleashed.Game.Spell.Effect.Handler\SpellEffectLearnDyeColorHandler.cs	NexusUnleashed.Game	C-LINEAGE	18	NexusUnleashed.Game\NexusUnleashed.Game.Spell.Effect.Handler\SpellEffectLearnDyeColorHandler.cs
NexusUnleashed.Game\NexusUnleashed.Game.Spell.Effect.Handler\SpellEffectModifyInterruptArmorHandler.cs	NexusUnleashed.Game	C-LINEAGE	19	NexusUnleashed.Game\NexusUnleashed.Game.Spell.Effect.Handler\SpellEffectModifyInterruptArmorHandler.cs
NexusUnleashed.Game\NexusUnleashed.Game.Spell.Effect.Handler\SpellEffectModifySpellCooldownHandler.cs	NexusUnleashed.Game	C-MODIFIED	33	NexusUnleashed.Game\NexusUnleashed.Game.Spell.Effect.Handler\SpellEffectModifySpellCooldownHandler.cs
NexusUnleashed.Game\NexusUnleashed.Game.Spell.Effect.Handler\SpellEffectNpcExecutionDelayHandler.cs	NexusUnleashed.Game	C-LINEAGE	18	NexusUnleashed.Game\NexusUnleashed.Game.Spell.Effect.Handler\SpellEffectNpcExecutionDelayHandler.cs
NexusUnleashed.Game\NexusUnleashed.Game.Spell.Effect.Handler\SpellEffectPathXpModifyHandler.cs	NexusUnleashed.Game	C-LINEAGE	18	NexusUnleashed.Game\NexusUnleashed.Game.Spell.Effect.Handler\SpellEffectPathXpModifyHandler.cs
NexusUnleashed.Game\NexusUnleashed.Game.Spell.Effect.Handler\SpellEffectPersonalDmgHealModHandler.cs	NexusUnleashed.Game	A-AUTHORED	52	
NexusUnleashed.Game\NexusUnleashed.Game.Spell.Effect.Handler\SpellEffectPetCastSpellHandler.cs	NexusUnleashed.Game	A-AUTHORED	63	
NexusUnleashed.Game\NexusUnleashed.Game.Spell.Effect.Handler\SpellEffectProcHandler.cs	NexusUnleashed.Game	C-LINEAGE	19	NexusUnleashed.Game\NexusUnleashed.Game.Spell.Effect.Handler\SpellEffectProcHandler.cs
NexusUnleashed.Game\NexusUnleashed.Game.Spell.Effect.Handler\SpellEffectProxyChannelVariableTimeHandler.cs	NexusUnleashed.Game	A-AUTHORED	66	
NexusUnleashed.Game\NexusUnleashed.Game.Spell.Effect.Handler\SpellEffectProxyHandler.cs	NexusUnleashed.Game	C-LINEAGE	18	NexusUnleashed.Game\NexusUnleashed.Game.Spell.Effect.Handler\SpellEffectProxyHandler.cs
NexusUnleashed.Game\NexusUnleashed.Game.Spell.Effect.Handler\SpellEffectProxyRandomExclusiveHandler.cs	NexusUnleashed.Game	A-AUTHORED	52	
NexusUnleashed.Game\NexusUnleashed.Game.Spell.Effect.Handler\SpellEffectQuestAdvanceObjectiveHandler.cs	NexusUnleashed.Game	C-LINEAGE	18	NexusUnleashed.Game\NexusUnleashed.Game.Spell.Effect.Handler\SpellEffectQuestAdvanceObjectiveHandler.cs
NexusUnleashed.Game\NexusUnleashed.Game.Spell.Effect.Handler\SpellEffectRapidTransportHandler.cs	NexusUnleashed.Game	C-LINEAGE	105	NexusUnleashed.Game\NexusUnleashed.Game.Spell.Effect.Handler\SpellEffectRapidTransportHandler.cs
NexusUnleashed.Game\NexusUnleashed.Game.Spell.Effect.Handler\SpellEffectRemoveStealthHandler.cs	NexusUnleashed.Game	C-LINEAGE	16	NexusUnleashed.Game\NexusUnleashed.Game.Spell.Effect.Handler\SpellEffectRemoveStealthHandler.cs
NexusUnleashed.Game\NexusUnleashed.Game.Spell.Effect.Handler\SpellEffectReputationModifyHandler.cs	NexusUnleashed.Game	C-LINEAGE	19	NexusUnleashed.Game\NexusUnleashed.Game.Spell.Effect.Handler\SpellEffectReputationModifyHandler.cs
NexusUnleashed.Game\NexusUnleashed.Game.Spell.Effect.Handler\SpellEffectResurrectHandler.cs	NexusUnleashed.Game	C-LINEAGE	18	NexusUnleashed.Game\NexusUnleashed.Game.Spell.Effect.Handler\SpellEffectResurrectHandler.cs
NexusUnleashed.Game\NexusUnleashed.Game.Spell.Effect.Handler\SpellEffectRewardPropertyModifierHandler.cs	NexusUnleashed.Game	A-AUTHORED	37	
NexusUnleashed.Game\NexusUnleashed.Game.Spell.Effect.Handler\SpellEffectSapVitalHandler.cs	NexusUnleashed.Game	C-LINEAGE	31	NexusUnleashed.Game\NexusUnleashed.Game.Spell.Effect.Handler\SpellEffectSapVitalHandler.cs
NexusUnleashed.Game\NexusUnleashed.Game.Spell.Effect.Handler\SpellEffectScaleHandler.cs	NexusUnleashed.Game	C-LINEAGE	22	NexusUnleashed.Game\NexusUnleashed.Game.Spell.Effect.Handler\SpellEffectScaleHandler.cs
NexusUnleashed.Game\NexusUnleashed.Game.Spell.Effect.Handler\SpellEffectSetBusyHandler.cs	NexusUnleashed.Game	C-MODIFIED	72	NexusUnleashed.Game\NexusUnleashed.Game.Spell.Effect.Handler\SpellEffectSetBusyHandler.cs
NexusUnleashed.Game\NexusUnleashed.Game.Spell.Effect.Handler\SpellEffectShieldOverloadHandler.cs	NexusUnleashed.Game	A-AUTHORED	33	
NexusUnleashed.Game\NexusUnleashed.Game.Spell.Effect.Handler\SpellEffectSpellDispelHandler.cs	NexusUnleashed.Game	A-AUTHORED	30	
NexusUnleashed.Game\NexusUnleashed.Game.Spell.Effect.Handler\SpellEffectSpellEffectImmunityHandler.cs	NexusUnleashed.Game	A-AUTHORED	28	
NexusUnleashed.Game\NexusUnleashed.Game.Spell.Effect.Handler\SpellEffectSpellForceRemoveChanneledHandler.cs	NexusUnleashed.Game	A-AUTHORED	25	
NexusUnleashed.Game\NexusUnleashed.Game.Spell.Effect.Handler\SpellEffectSpellForceRemoveHandler.cs	NexusUnleashed.Game	C-LINEAGE	51	NexusUnleashed.Game\NexusUnleashed.Game.Spell.Effect.Handler\SpellEffectSpellForceRemoveHandler.cs
NexusUnleashed.Game\NexusUnleashed.Game.Spell.Effect.Handler\SpellEffectStealthHandler.cs	NexusUnleashed.Game	C-LINEAGE	20	NexusUnleashed.Game\NexusUnleashed.Game.Spell.Effect.Handler\SpellEffectStealthHandler.cs
NexusUnleashed.Game\NexusUnleashed.Game.Spell.Effect.Handler\SpellEffectSummonCreatureHandler.cs	NexusUnleashed.Game	C-LINEAGE	38	NexusUnleashed.Game\NexusUnleashed.Game.Spell.Effect.Handler\SpellEffectSummonCreatureHandler.cs
NexusUnleashed.Game\NexusUnleashed.Game.Spell.Effect.Handler\SpellEffectSummonMountHandler.cs	NexusUnleashed.Game	C-LINEAGE	44	NexusUnleashed.Game\NexusUnleashed.Game.Spell.Effect.Handler\SpellEffectSummonMountHandler.cs
NexusUnleashed.Game\NexusUnleashed.Game.Spell.Effect.Handler\SpellEffectSummonPetHandler.cs	NexusUnleashed.Game	C-MODIFIED	46	NexusUnleashed.Game\NexusUnleashed.Game.Spell.Effect.Handler\SpellEffectSummonPetHandler.cs
NexusUnleashed.Game\NexusUnleashed.Game.Spell.Effect.Handler\SpellEffectSummonTrapHandler.cs	NexusUnleashed.Game	C-LINEAGE	43	NexusUnleashed.Game\NexusUnleashed.Game.Spell.Effect.Handler\SpellEffectSummonTrapHandler.cs
NexusUnleashed.Game\NexusUnleashed.Game.Spell.Effect.Handler\SpellEffectSummonVanityPetHandler.cs	NexusUnleashed.Game	C-LINEAGE	38	NexusUnleashed.Game\NexusUnleashed.Game.Spell.Effect.Handler\SpellEffectSummonVanityPetHandler.cs
NexusUnleashed.Game\NexusUnleashed.Game.Spell.Effect.Handler\SpellEffectTeleportHandler.cs	NexusUnleashed.Game	C-MODIFIED	58	NexusUnleashed.Game\NexusUnleashed.Game.Spell.Effect.Handler\SpellEffectTeleportHandler.cs
NexusUnleashed.Game\NexusUnleashed.Game.Spell.Effect.Handler\SpellEffectThreatModificationHandler.cs	NexusUnleashed.Game	C-LINEAGE	28	NexusUnleashed.Game\NexusUnleashed.Game.Spell.Effect.Handler\SpellEffectThreatModificationHandler.cs
NexusUnleashed.Game\NexusUnleashed.Game.Spell.Effect.Handler\SpellEffectThreatTransferHandler.cs	NexusUnleashed.Game	C-LINEAGE	39	NexusUnleashed.Game\NexusUnleashed.Game.Spell.Effect.Handler\SpellEffectThreatTransferHandler.cs
NexusUnleashed.Game\NexusUnleashed.Game.Spell.Effect.Handler\SpellEffectTitleGrantHandler.cs	NexusUnleashed.Game	C-LINEAGE	18	NexusUnleashed.Game\NexusUnleashed.Game.Spell.Effect.Handler\SpellEffectTitleGrantHandler.cs
NexusUnleashed.Game\NexusUnleashed.Game.Spell.Effect.Handler\SpellEffectTitleRevokeHandler.cs	NexusUnleashed.Game	C-LINEAGE	18	NexusUnleashed.Game\NexusUnleashed.Game.Spell.Effect.Handler\SpellEffectTitleRevokeHandler.cs
NexusUnleashed.Game\NexusUnleashed.Game.Spell.Effect.Handler\SpellEffectTransferenceHandler.cs	NexusUnleashed.Game	C-LINEAGE	36	NexusUnleashed.Game\NexusUnleashed.Game.Spell.Effect.Handler\SpellEffectTransferenceHandler.cs
NexusUnleashed.Game\NexusUnleashed.Game.Spell.Effect.Handler\SpellEffectUnitPropertyModifierHandler.cs	NexusUnleashed.Game	C-LINEAGE	21	NexusUnleashed.Game\NexusUnleashed.Game.Spell.Effect.Handler\SpellEffectUnitPropertyModifierHandler.cs
NexusUnleashed.Game\NexusUnleashed.Game.Spell.Effect.Handler\SpellEffectUnitStateSetHandler.cs	NexusUnleashed.Game	A-AUTHORED	60	
NexusUnleashed.Game\NexusUnleashed.Game.Spell.Effect.Handler\SpellEffectUnlockInlaidAugmentHandler.cs	NexusUnleashed.Game	C-LINEAGE	34	NexusUnleashed.Game\NexusUnleashed.Game.Spell.Effect.Handler\SpellEffectUnlockInlaidAugmentHandler.cs
NexusUnleashed.Game\NexusUnleashed.Game.Spell.Effect.Handler\SpellEffectUnlockMountHandler.cs	NexusUnleashed.Game	C-LINEAGE	31	NexusUnleashed.Game\NexusUnleashed.Game.Spell.Effect.Handler\SpellEffectUnlockMountHandler.cs
NexusUnleashed.Game\NexusUnleashed.Game.Spell.Effect.Handler\SpellEffectUnlockPetFlairHandler.cs	NexusUnleashed.Game	C-LINEAGE	18	NexusUnleashed.Game\NexusUnleashed.Game.Spell.Effect.Handler\SpellEffectUnlockPetFlairHandler.cs
NexusUnleashed.Game\NexusUnleashed.Game.Spell.Effect.Handler\SpellEffectUnlockVanityPetHandler.cs	NexusUnleashed.Game	C-LINEAGE	31	NexusUnleashed.Game\NexusUnleashed.Game.Spell.Effect.Handler\SpellEffectUnlockVanityPetHandler.cs
NexusUnleashed.Game\NexusUnleashed.Game.Spell.Effect.Handler\SpellEffectVitalModifierHandler.cs	NexusUnleashed.Game	C-LINEAGE	15	NexusUnleashed.Game\NexusUnleashed.Game.Spell.Effect.Handler\SpellEffectVitalModifierHandler.cs
NexusUnleashed.Game\NexusUnleashed.Game.Spell.Effect\GlobalSpellEffectManager.cs	NexusUnleashed.Game	C-LINEAGE	124	NexusUnleashed.Game\NexusUnleashed.Game.Spell.Effect\GlobalSpellEffectManager.cs
NexusUnleashed.Game\NexusUnleashed.Game.Spell.Effect\ServiceCollectionExtensions.cs	NexusUnleashed.Game	C-MODIFIED	111	NexusUnleashed.Game\NexusUnleashed.Game\ServiceCollectionExtensions.cs
NexusUnleashed.Game\NexusUnleashed.Game.Spell.Effect\SpellEffectDataAttribute.cs	NexusUnleashed.Game	C-LINEAGE	12	NexusUnleashed.Game\NexusUnleashed.Game.Spell.Effect\SpellEffectDataAttribute.cs
NexusUnleashed.Game\NexusUnleashed.Game.Spell.Effect\SpellEffectHandlerAttribute.cs	NexusUnleashed.Game	C-LINEAGE	12	NexusUnleashed.Game\NexusUnleashed.Game.Spell.Effect\SpellEffectHandlerAttribute.cs
NexusUnleashed.Game\NexusUnleashed.Game.Spell.Effect\SpellEffectHandlerInvoker.cs	NexusUnleashed.Game	C-MODIFIED	109	NexusUnleashed.Game\NexusUnleashed.Game.Spell.Effect\SpellEffectHandlerInvoker.cs
NexusUnleashed.Game\NexusUnleashed.Game.Spell.Event\SpellEvent.cs	NexusUnleashed.Game	C-LINEAGE	18	NexusUnleashed.Game\NexusUnleashed.Game.Spell.Event\SpellEvent.cs
NexusUnleashed.Game\NexusUnleashed.Game.Spell.Event\SpellEventManager.cs	NexusUnleashed.Game	C-LINEAGE	30	NexusUnleashed.Game\NexusUnleashed.Game.Spell.Event\SpellEventManager.cs
NexusUnleashed.Game\NexusUnleashed.Game.Spell.Info.Patch\PulseBlastSpellInfoPatch.cs	NexusUnleashed.Game	C-LINEAGE	26	NexusUnleashed.Game\NexusUnleashed.Game.Spell.Info.Patch\PulseBlastSpellInfoPatch.cs
NexusUnleashed.Game\NexusUnleashed.Game.Spell.Info\ServiceCollectionExtensions.cs	NexusUnleashed.Game	C-LINEAGE	17	NexusUnleashed.Game\NexusUnleashed.Game.Spell.Info\ServiceCollectionExtensions.cs
NexusUnleashed.Game\NexusUnleashed.Game.Spell.Info\SpellBaseInfo.cs	NexusUnleashed.Game	C-MODIFIED	135	NexusUnleashed.Game\NexusUnleashed.Game.Spell.Info\SpellBaseInfo.cs
NexusUnleashed.Game\NexusUnleashed.Game.Spell.Info\SpellInfo.cs	NexusUnleashed.Game	C-LINEAGE	138	NexusUnleashed.Game\NexusUnleashed.Game.Spell.Info\SpellInfo.cs
NexusUnleashed.Game\NexusUnleashed.Game.Spell.Info\SpellInfoCache.cs	NexusUnleashed.Game	C-LINEAGE	74	NexusUnleashed.Game\NexusUnleashed.Game.Spell.Info\SpellInfoCache.cs
NexusUnleashed.Game\NexusUnleashed.Game.Spell.Info\SpellInfoManager.cs	NexusUnleashed.Game	C-LINEAGE	86	NexusUnleashed.Game\NexusUnleashed.Game.Spell.Info\SpellInfoManager.cs
NexusUnleashed.Game\NexusUnleashed.Game.Spell.Info\SpellInfoPatchManager.cs	NexusUnleashed.Game	C-LINEAGE	65	NexusUnleashed.Game\NexusUnleashed.Game.Spell.Info\SpellInfoPatchManager.cs
NexusUnleashed.Game\NexusUnleashed.Game.Spell.Info\SpellInfoPatchSpellBaseIdAttribute.cs	NexusUnleashed.Game	C-LINEAGE	11	NexusUnleashed.Game\NexusUnleashed.Game.Spell.Info\SpellInfoPatchSpellBaseIdAttribute.cs
NexusUnleashed.Game\NexusUnleashed.Game.Spell.Proc\ProcInfo.cs	NexusUnleashed.Game	C-LINEAGE	72	NexusUnleashed.Game\NexusUnleashed.Game.Spell.Proc\ProcInfo.cs
NexusUnleashed.Game\NexusUnleashed.Game.Spell.Proc\ProcManager.cs	NexusUnleashed.Game	C-LINEAGE	83	NexusUnleashed.Game\NexusUnleashed.Game.Spell.Proc\ProcManager.cs
NexusUnleashed.Game\NexusUnleashed.Game.Spell.Proc\ProcParameters.cs	NexusUnleashed.Game	C-LINEAGE	7	NexusUnleashed.Game\NexusUnleashed.Game.Spell.Proc\ProcParameters.cs
NexusUnleashed.Game\NexusUnleashed.Game.Spell.Target.Implicit.Filter.Comparer\ComparerClosest.cs	NexusUnleashed.Game	C-LINEAGE	22	NexusUnleashed.Game\NexusUnleashed.Game.Spell.Target.Implicit.Filter.Comparer\ComparerClosest.cs
NexusUnleashed.Game\NexusUnleashed.Game.Spell.Target.Implicit.Filter.Comparer\ComparerFurthest.cs	NexusUnleashed.Game	C-LINEAGE	22	NexusUnleashed.Game\NexusUnleashed.Game.Spell.Target.Implicit.Filter.Comparer\ComparerFurthest.cs
NexusUnleashed.Game\NexusUnleashed.Game.Spell.Target.Implicit.Filter.Comparer\ComparerLowestAbsoluteHealth.cs	NexusUnleashed.Game	C-LINEAGE	22	NexusUnleashed.Game\NexusUnleashed.Game.Spell.Target.Implicit.Filter.Comparer\ComparerLowestAbsoluteHealth.cs
NexusUnleashed.Game\NexusUnleashed.Game.Spell.Target.Implicit.Filter.Comparer\ComparerMissingMostHealth.cs	NexusUnleashed.Game	C-LINEAGE	22	NexusUnleashed.Game\NexusUnleashed.Game.Spell.Target.Implicit.Filter.Comparer\ComparerMissingMostHealth.cs
NexusUnleashed.Game\NexusUnleashed.Game.Spell.Target.Implicit.Filter\SpellTargetImplicitConstraintFilter.cs	NexusUnleashed.Game	C-MODIFIED	122	NexusUnleashed.Game\NexusUnleashed.Game.Spell.Target.Implicit.Filter\SpellTargetImplicitConstraintFilter.cs
NexusUnleashed.Game\NexusUnleashed.Game.Spell.Target.Implicit.Filter\SpellTargetImplicitTelegraphFilter.cs	NexusUnleashed.Game	C-LINEAGE	39	NexusUnleashed.Game\NexusUnleashed.Game.Spell.Target.Implicit.Filter\SpellTargetImplicitTelegraphFilter.cs
NexusUnleashed.Game\NexusUnleashed.Game.Spell.Target.Implicit\SpellTargetImplicit.cs	NexusUnleashed.Game	C-LINEAGE	18	NexusUnleashed.Game\NexusUnleashed.Game.Spell.Target.Implicit\SpellTargetImplicit.cs
NexusUnleashed.Game\NexusUnleashed.Game.Spell.Target.Implicit\SpellTargetImplicitSelector.cs	NexusUnleashed.Game	C-LINEAGE	47	NexusUnleashed.Game\NexusUnleashed.Game.Spell.Target.Implicit\SpellTargetImplicitSelector.cs
NexusUnleashed.Game\NexusUnleashed.Game.Spell.Target\ServiceCollectionExtensions.cs	NexusUnleashed.Game	C-LINEAGE	23	NexusUnleashed.Game\NexusUnleashed.Game.Spell.Target\ServiceCollectionExtensions.cs
NexusUnleashed.Game\NexusUnleashed.Game.Spell.Target\SpellTarget.cs	NexusUnleashed.Game	C-LINEAGE	14	NexusUnleashed.Game\NexusUnleashed.Game.Spell.Target\SpellTarget.cs
NexusUnleashed.Game\NexusUnleashed.Game.Spell.Target\SpellTargetCollection.cs	NexusUnleashed.Game	C-LINEAGE	33	NexusUnleashed.Game\NexusUnleashed.Game.Spell.Target\SpellTargetCollection.cs
NexusUnleashed.Game\NexusUnleashed.Game.Spell.Target\SpellTargetEffectInfo.cs	NexusUnleashed.Game	C-MODIFIED	164	NexusUnleashed.Game\NexusUnleashed.Game.Spell.Target\SpellTargetEffectInfo.cs
NexusUnleashed.Game\NexusUnleashed.Game.Spell.Target\SpellTargetInfo.cs	NexusUnleashed.Game	C-LINEAGE	126	NexusUnleashed.Game\NexusUnleashed.Game.Spell.Target\SpellTargetInfo.cs
NexusUnleashed.Game\NexusUnleashed.Game.Spell.Target\SpellTargetInfoCollection.cs	NexusUnleashed.Game	C-LINEAGE	87	NexusUnleashed.Game\NexusUnleashed.Game.Spell.Target\SpellTargetInfoCollection.cs
NexusUnleashed.Game\NexusUnleashed.Game.Spell.Type\SpellAura.cs	NexusUnleashed.Game	C-LINEAGE	194	NexusUnleashed.Game\NexusUnleashed.Game.Spell.Type\SpellAura.cs
NexusUnleashed.Game\NexusUnleashed.Game.Spell.Type\SpellChanneled.cs	NexusUnleashed.Game	C-LINEAGE	69	NexusUnleashed.Game\NexusUnleashed.Game.Spell.Type\SpellChanneled.cs
NexusUnleashed.Game\NexusUnleashed.Game.Spell.Type\SpellChanneledField.cs	NexusUnleashed.Game	C-LINEAGE	13	NexusUnleashed.Game\NexusUnleashed.Game.Spell.Type\SpellChanneledField.cs
NexusUnleashed.Game\NexusUnleashed.Game.Spell.Type\SpellChargeRelease.cs	NexusUnleashed.Game	C-LINEAGE	61	NexusUnleashed.Game\NexusUnleashed.Game.Spell.Type\SpellChargeRelease.cs
NexusUnleashed.Game\NexusUnleashed.Game.Spell.Type\SpellClientSideInteraction.cs	NexusUnleashed.Game	C-LINEAGE	91	NexusUnleashed.Game\NexusUnleashed.Game.Spell.Type\SpellClientSideInteraction.cs
NexusUnleashed.Game\NexusUnleashed.Game.Spell.Type\SpellMultiphase.cs	NexusUnleashed.Game	C-LINEAGE	81	NexusUnleashed.Game\NexusUnleashed.Game.Spell.Type\SpellMultiphase.cs
NexusUnleashed.Game\NexusUnleashed.Game.Spell.Type\SpellNormal.cs	NexusUnleashed.Game	C-LINEAGE	39	NexusUnleashed.Game\NexusUnleashed.Game.Spell.Type\SpellNormal.cs
NexusUnleashed.Game\NexusUnleashed.Game.Spell.Type\SpellThreshold.cs	NexusUnleashed.Game	C-LINEAGE	244	NexusUnleashed.Game\NexusUnleashed.Game.Spell.Type\SpellThreshold.cs
NexusUnleashed.Game\NexusUnleashed.Game.Spell\ActionSet.cs	NexusUnleashed.Game	C-LINEAGE	459	NexusUnleashed.Game\NexusUnleashed.Game.Spell\ActionSet.cs
NexusUnleashed.Game\NexusUnleashed.Game.Spell\ActionSetAmp.cs	NexusUnleashed.Game	C-LINEAGE	62	NexusUnleashed.Game\NexusUnleashed.Game.Spell\ActionSetAmp.cs
NexusUnleashed.Game\NexusUnleashed.Game.Spell\ActionSetShortcut.cs	NexusUnleashed.Game	C-LINEAGE	154	NexusUnleashed.Game\NexusUnleashed.Game.Spell\ActionSetShortcut.cs
NexusUnleashed.Game\NexusUnleashed.Game.Spell\CharacterSpell.cs	NexusUnleashed.Game	C-MODIFIED	293	NexusUnleashed.Game\NexusUnleashed.Game.Spell\CharacterSpell.cs
NexusUnleashed.Game\NexusUnleashed.Game.Spell\DamageDescription.cs	NexusUnleashed.Game	C-LINEAGE	32	NexusUnleashed.Game\NexusUnleashed.Game.Spell\DamageDescription.cs
NexusUnleashed.Game\NexusUnleashed.Game.Spell\GlobalSpellManager.cs	NexusUnleashed.Game	C-LINEAGE	64	NexusUnleashed.Game\NexusUnleashed.Game.Spell\GlobalSpellManager.cs
NexusUnleashed.Game\NexusUnleashed.Game.Spell\Proxy.cs	NexusUnleashed.Game	C-LINEAGE	95	NexusUnleashed.Game\NexusUnleashed.Game.Spell\Proxy.cs
NexusUnleashed.Game\NexusUnleashed.Game.Spell\ServiceCollectionExtensions.cs	NexusUnleashed.Game	C-LINEAGE	34	NexusUnleashed.Game\NexusUnleashed.Game.Spell\ServiceCollectionExtensions.cs
NexusUnleashed.Game\NexusUnleashed.Game.Spell\Spell.cs	NexusUnleashed.Game	C-MODIFIED	1047	NexusUnleashed.Game\NexusUnleashed.Game.Spell\Spell.cs
NexusUnleashed.Game\NexusUnleashed.Game.Spell\SpellException.cs	NexusUnleashed.Game	C-LINEAGE	9	NexusUnleashed.Game\NexusUnleashed.Game.Spell\SpellException.cs
NexusUnleashed.Game\NexusUnleashed.Game.Spell\SpellExecutionContext.cs	NexusUnleashed.Game	C-LINEAGE	54	NexusUnleashed.Game\NexusUnleashed.Game.Spell\SpellExecutionContext.cs
NexusUnleashed.Game\NexusUnleashed.Game.Spell\SpellFactory.cs	NexusUnleashed.Game	C-LINEAGE	17	NexusUnleashed.Game\NexusUnleashed.Game.Spell\SpellFactory.cs
NexusUnleashed.Game\NexusUnleashed.Game.Spell\SpellLookupManager.cs	NexusUnleashed.Game	C-LINEAGE	38	NexusUnleashed.Game\NexusUnleashed.Game.Spell\SpellLookupManager.cs
NexusUnleashed.Game\NexusUnleashed.Game.Spell\SpellParameters.cs	NexusUnleashed.Game	C-LINEAGE	26	NexusUnleashed.Game\NexusUnleashed.Game.Spell\SpellParameters.cs
NexusUnleashed.Game\NexusUnleashed.Game.Spell\SpellRapidTap.cs	NexusUnleashed.Game	C-LINEAGE	44	NexusUnleashed.Game\NexusUnleashed.Game.Spell\SpellRapidTap.cs
NexusUnleashed.Game\NexusUnleashed.Game.Spell\SpellTypeAttribute.cs	NexusUnleashed.Game	C-LINEAGE	12	NexusUnleashed.Game\NexusUnleashed.Game.Spell\SpellTypeAttribute.cs
NexusUnleashed.Game\NexusUnleashed.Game.Spell\Telegraph.cs	NexusUnleashed.Game	C-MODIFIED	268	NexusUnleashed.Game\NexusUnleashed.Game.Spell\Telegraph.cs
NexusUnleashed.Game\NexusUnleashed.Game.Storefront\Category.cs	NexusUnleashed.Game	C-LINEAGE	36	NexusUnleashed.Game\NexusUnleashed.Game.Storefront\Category.cs
NexusUnleashed.Game\NexusUnleashed.Game.Storefront\GlobalStorefrontManager.cs	NexusUnleashed.Game	C-LINEAGE	120	NexusUnleashed.Game\NexusUnleashed.Game.Storefront\GlobalStorefrontManager.cs
NexusUnleashed.Game\NexusUnleashed.Game.Storefront\OfferGroup.cs	NexusUnleashed.Game	C-LINEAGE	73	NexusUnleashed.Game\NexusUnleashed.Game.Storefront\OfferGroup.cs
NexusUnleashed.Game\NexusUnleashed.Game.Storefront\OfferGroupCategory.cs	NexusUnleashed.Game	C-LINEAGE	7	NexusUnleashed.Game\NexusUnleashed.Game.Storefront\OfferGroupCategory.cs
NexusUnleashed.Game\NexusUnleashed.Game.Storefront\OfferItem.cs	NexusUnleashed.Game	C-LINEAGE	86	NexusUnleashed.Game\NexusUnleashed.Game.Storefront\OfferItem.cs
NexusUnleashed.Game\NexusUnleashed.Game.Storefront\OfferItemData.cs	NexusUnleashed.Game	C-LINEAGE	38	NexusUnleashed.Game\NexusUnleashed.Game.Storefront\OfferItemData.cs
NexusUnleashed.Game\NexusUnleashed.Game.Storefront\OfferItemPrice.cs	NexusUnleashed.Game	C-LINEAGE	42	NexusUnleashed.Game\NexusUnleashed.Game.Storefront\OfferItemPrice.cs
NexusUnleashed.Game\NexusUnleashed.Game.Storefront\ServiceCollectionExtensions.cs	NexusUnleashed.Game	C-LINEAGE	11	NexusUnleashed.Game\NexusUnleashed.Game.Storefront\ServiceCollectionExtensions.cs
NexusUnleashed.Game\NexusUnleashed.Game.Story\ServiceCollectionExtensions.cs	NexusUnleashed.Game	C-LINEAGE	11	NexusUnleashed.Game\NexusUnleashed.Game.Story\ServiceCollectionExtensions.cs
NexusUnleashed.Game\NexusUnleashed.Game.Story\StoryBuilder.cs	NexusUnleashed.Game	C-LINEAGE	100	NexusUnleashed.Game\NexusUnleashed.Game.Story\StoryBuilder.cs
NexusUnleashed.Game\NexusUnleashed.Game.Story\StoryMessageBuilder.cs	NexusUnleashed.Game	C-LINEAGE	78	NexusUnleashed.Game\NexusUnleashed.Game.Story\StoryMessageBuilder.cs
NexusUnleashed.Game\NexusUnleashed.Game.Trade\P2PTradeManager.cs	NexusUnleashed.Game	A-AUTHORED	311	
NexusUnleashed.Game\NexusUnleashed.Game\AssetManager.cs	NexusUnleashed.Game	C-LINEAGE	133	NexusUnleashed.Game\NexusUnleashed.Game\AssetManager.cs
NexusUnleashed.Game\NexusUnleashed.Game\CleanupManager.cs	NexusUnleashed.Game	C-LINEAGE	29	NexusUnleashed.Game\NexusUnleashed.Game\CleanupManager.cs
NexusUnleashed.Game\NexusUnleashed.Game\Disable.cs	NexusUnleashed.Game	C-LINEAGE	15	NexusUnleashed.Game\NexusUnleashed.Game\Disable.cs
NexusUnleashed.Game\NexusUnleashed.Game\DisableManager.cs	NexusUnleashed.Game	C-LINEAGE	40	NexusUnleashed.Game\NexusUnleashed.Game\DisableManager.cs
NexusUnleashed.Game\NexusUnleashed.Game\IdentityMappingExtensions.cs	NexusUnleashed.Game	C-LINEAGE	39	NexusUnleashed.Game\NexusUnleashed.Game\IdentityMappingExtensions.cs
NexusUnleashed.Game\NexusUnleashed.Game\ItemManager.cs	NexusUnleashed.Game	C-LINEAGE	81	NexusUnleashed.Game\NexusUnleashed.Game\ItemManager.cs
NexusUnleashed.Game\NexusUnleashed.Game\MathsExtensions.cs	NexusUnleashed.Game	C-LINEAGE	83	NexusUnleashed.Game\NexusUnleashed.Game\MathsExtensions.cs
NexusUnleashed.Game\NexusUnleashed.Game\RapidTransportCostCalculator.cs	NexusUnleashed.Game	C-LINEAGE	47	NexusUnleashed.Game\NexusUnleashed.Game\RapidTransportCostCalculator.cs
NexusUnleashed.Game\NexusUnleashed.Game\RealmContext.cs	NexusUnleashed.Game	C-LINEAGE	37	NexusUnleashed.Game\NexusUnleashed.Game\RealmContext.cs
NexusUnleashed.Game\NexusUnleashed.Game\ServiceCollectionExtensions.cs	NexusUnleashed.Game	C-MODIFIED	94	NexusUnleashed.Game\NexusUnleashed.Game\ServiceCollectionExtensions.cs
NexusUnleashed.Game\NexusUnleashed.Game\ShutdownManager.cs	NexusUnleashed.Game	C-MODIFIED	172	NexusUnleashed.Game\NexusUnleashed.Game\ShutdownManager.cs
NexusUnleashed.Game\Properties\AssemblyInfo.cs	NexusUnleashed.Game	C-MODIFIED	11	NexusUnleashed.Game\Properties\AssemblyInfo.cs
NexusUnleashed.Network.Internal\NexusUnleashed.Network.Internal.Configuration\BrokerConfig.cs	NexusUnleashed.Network.Internal	C-LINEAGE	8	NexusUnleashed.Network.Internal\NexusUnleashed.Network.Internal.Configuration\BrokerConfig.cs
NexusUnleashed.Network.Internal\NexusUnleashed.Network.Internal.Message.Chat.Shared.Format.Model\ChatChannelTextAlienFormat.cs	NexusUnleashed.Network.Internal	C-LINEAGE	7	NexusUnleashed.Network.Internal\NexusUnleashed.Network.Internal.Message.Chat.Shared.Format.Model\ChatChannelTextAlienFormat.cs
NexusUnleashed.Network.Internal\NexusUnleashed.Network.Internal.Message.Chat.Shared.Format.Model\ChatChannelTextArchiveArticleFormat.cs	NexusUnleashed.Network.Internal	C-LINEAGE	7	NexusUnleashed.Network.Internal\NexusUnleashed.Network.Internal.Message.Chat.Shared.Format.Model\ChatChannelTextArchiveArticleFormat.cs
NexusUnleashed.Network.Internal\NexusUnleashed.Network.Internal.Message.Chat.Shared.Format.Model\ChatChannelTextFormat0Format.cs	NexusUnleashed.Network.Internal	C-LINEAGE	7	NexusUnleashed.Network.Internal\NexusUnleashed.Network.Internal.Message.Chat.Shared.Format.Model\ChatChannelTextFormat0Format.cs
NexusUnleashed.Network.Internal\NexusUnleashed.Network.Internal.Message.Chat.Shared.Format.Model\ChatChannelTextFormat3Format.cs	NexusUnleashed.Network.Internal	C-LINEAGE	7	NexusUnleashed.Network.Internal\NexusUnleashed.Network.Internal.Message.Chat.Shared.Format.Model\ChatChannelTextFormat3Format.cs
NexusUnleashed.Network.Internal\NexusUnleashed.Network.Internal.Message.Chat.Shared.Format.Model\ChatChannelTextItemFullFormat.cs	NexusUnleashed.Network.Internal	C-LINEAGE	19	NexusUnleashed.Network.Internal\NexusUnleashed.Network.Internal.Message.Chat.Shared.Format.Model\ChatChannelTextItemFullFormat.cs
NexusUnleashed.Network.Internal\NexusUnleashed.Network.Internal.Message.Chat.Shared.Format.Model\ChatChannelTextItemGuidFormat.cs	NexusUnleashed.Network.Internal	C-LINEAGE	7	NexusUnleashed.Network.Internal\NexusUnleashed.Network.Internal.Message.Chat.Shared.Format.Model\ChatChannelTextItemGuidFormat.cs
NexusUnleashed.Network.Internal\NexusUnleashed.Network.Internal.Message.Chat.Shared.Format.Model\ChatChannelTextItemIdFormat.cs	NexusUnleashed.Network.Internal	C-LINEAGE	7	NexusUnleashed.Network.Internal\NexusUnleashed.Network.Internal.Message.Chat.Shared.Format.Model\ChatChannelTextItemIdFormat.cs
NexusUnleashed.Network.Internal\NexusUnleashed.Network.Internal.Message.Chat.Shared.Format.Model\ChatChannelTextLootFormat.cs	NexusUnleashed.Network.Internal	C-LINEAGE	7	NexusUnleashed.Network.Internal\NexusUnleashed.Network.Internal.Message.Chat.Shared.Format.Model\ChatChannelTextLootFormat.cs
NexusUnleashed.Network.Internal\NexusUnleashed.Network.Internal.Message.Chat.Shared.Format.Model\ChatChannelTextNavPointFormat.cs	NexusUnleashed.Network.Internal	C-LINEAGE	9	NexusUnleashed.Network.Internal\NexusUnleashed.Network.Internal.Message.Chat.Shared.Format.Model\ChatChannelTextNavPointFormat.cs
NexusUnleashed.Network.Internal\NexusUnleashed.Network.Internal.Message.Chat.Shared.Format.Model\ChatChannelTextProfanityFormat.cs	NexusUnleashed.Network.Internal	C-LINEAGE	7	NexusUnleashed.Network.Internal\NexusUnleashed.Network.Internal.Message.Chat.Shared.Format.Model\ChatChannelTextProfanityFormat.cs
NexusUnleashed.Network.Internal\NexusUnleashed.Network.Internal.Message.Chat.Shared.Format.Model\ChatChannelTextQuestIdFormat.cs	NexusUnleashed.Network.Internal	C-LINEAGE	7	NexusUnleashed.Network.Internal\NexusUnleashed.Network.Internal.Message.Chat.Shared.Format.Model\ChatChannelTextQuestIdFormat.cs
NexusUnleashed.Network.Internal\NexusUnleashed.Network.Internal.Message.Chat.Shared.Format.Model\ChatChannelTextRoleplayFormat.cs	NexusUnleashed.Network.Internal	C-LINEAGE	7	NexusUnleashed.Network.Internal\NexusUnleashed.Network.Internal.Message.Chat.Shared.Format.Model\ChatChannelTextRoleplayFormat.cs
NexusUnleashed.Network.Internal\NexusUnleashed.Network.Internal.Message.Chat.Shared.Format\ChatChannelTextFormat.cs	NexusUnleashed.Network.Internal	C-LINEAGE	9	NexusUnleashed.Network.Internal\NexusUnleashed.Network.Internal.Message.Chat.Shared.Format\ChatChannelTextFormat.cs
NexusUnleashed.Network.Internal\NexusUnleashed.Network.Internal.Message.Chat.Shared.Format\ChatChannelTextFormatModelFactory.cs	NexusUnleashed.Network.Internal	C-LINEAGE	16	NexusUnleashed.Network.Internal\NexusUnleashed.Network.Internal.Message.Chat.Shared.Format\ChatChannelTextFormatModelFactory.cs
NexusUnleashed.Network.Internal\NexusUnleashed.Network.Internal.Message.Chat.Shared.Format\IChatChannelTextFormatModel.cs	NexusUnleashed.Network.Internal	C-LINEAGE	21	NexusUnleashed.Network.Internal\NexusUnleashed.Network.Internal.Message.Chat.Shared.Format\IChatChannelTextFormatModel.cs
NexusUnleashed.Network.Internal\NexusUnleashed.Network.Internal.Message.Chat.Shared\ChatChannel.cs	NexusUnleashed.Network.Internal	C-LINEAGE	13	NexusUnleashed.Network.Internal\NexusUnleashed.Network.Internal.Message.Chat.Shared\ChatChannel.cs
NexusUnleashed.Network.Internal\NexusUnleashed.Network.Internal.Message.Chat.Shared\ChatChannelMember.cs	NexusUnleashed.Network.Internal	C-LINEAGE	9	NexusUnleashed.Network.Internal\NexusUnleashed.Network.Internal.Message.Chat.Shared\ChatChannelMember.cs
NexusUnleashed.Network.Internal\NexusUnleashed.Network.Internal.Message.Chat.Shared\ChatChannelText.cs	NexusUnleashed.Network.Internal	C-LINEAGE	8	NexusUnleashed.Network.Internal\NexusUnleashed.Network.Internal.Message.Chat.Shared\ChatChannelText.cs
NexusUnleashed.Network.Internal\NexusUnleashed.Network.Internal.Message.Chat.Shared\ChatCharacter.cs	NexusUnleashed.Network.Internal	C-LINEAGE	10	NexusUnleashed.Network.Internal\NexusUnleashed.Network.Internal.Message.Chat.Shared\ChatCharacter.cs
NexusUnleashed.Network.Internal\NexusUnleashed.Network.Internal.Message.Chat\ChatChannelActionMessage.cs	NexusUnleashed.Network.Internal	C-LINEAGE	10	NexusUnleashed.Network.Internal\NexusUnleashed.Network.Internal.Message.Chat\ChatChannelActionMessage.cs
NexusUnleashed.Network.Internal\NexusUnleashed.Network.Internal.Message.Chat\ChatChannelJoinMessage.cs	NexusUnleashed.Network.Internal	C-LINEAGE	11	NexusUnleashed.Network.Internal\NexusUnleashed.Network.Internal.Message.Chat\ChatChannelJoinMessage.cs
NexusUnleashed.Network.Internal\NexusUnleashed.Network.Internal.Message.Chat\ChatChannelJoinResultMessage.cs	NexusUnleashed.Network.Internal	C-LINEAGE	10	NexusUnleashed.Network.Internal\NexusUnleashed.Network.Internal.Message.Chat\ChatChannelJoinResultMessage.cs
NexusUnleashed.Network.Internal\NexusUnleashed.Network.Internal.Message.Chat\ChatChannelMemberAddedMessage.cs	NexusUnleashed.Network.Internal	C-LINEAGE	7	NexusUnleashed.Network.Internal\NexusUnleashed.Network.Internal.Message.Chat\ChatChannelMemberAddedMessage.cs
NexusUnleashed.Network.Internal\NexusUnleashed.Network.Internal.Message.Chat\ChatChannelMemberKickMessage.cs	NexusUnleashed.Network.Internal	C-LINEAGE	10	NexusUnleashed.Network.Internal\NexusUnleashed.Network.Internal.Message.Chat\ChatChannelMemberKickMessage.cs
NexusUnleashed.Network.Internal\NexusUnleashed.Network.Internal.Message.Chat\ChatChannelMemberLeaveMessage.cs	NexusUnleashed.Network.Internal	C-LINEAGE	9	NexusUnleashed.Network.Internal\NexusUnleashed.Network.Internal.Message.Chat\ChatChannelMemberLeaveMessage.cs
NexusUnleashed.Network.Internal\NexusUnleashed.Network.Internal.Message.Chat\ChatChannelMemberLeftMessage.cs	NexusUnleashed.Network.Internal	C-LINEAGE	9	NexusUnleashed.Network.Internal\NexusUnleashed.Network.Internal.Message.Chat\ChatChannelMemberLeftMessage.cs
NexusUnleashed.Network.Internal\NexusUnleashed.Network.Internal.Message.Chat\ChatChannelMemberModeratorMessage.cs	NexusUnleashed.Network.Internal	C-LINEAGE	11	NexusUnleashed.Network.Internal\NexusUnleashed.Network.Internal.Message.Chat\ChatChannelMemberModeratorMessage.cs
NexusUnleashed.Network.Internal\NexusUnleashed.Network.Internal.Message.Chat\ChatChannelMemberMuteMessage.cs	NexusUnleashed.Network.Internal	C-LINEAGE	11	NexusUnleashed.Network.Internal\NexusUnleashed.Network.Internal.Message.Chat\ChatChannelMemberMuteMessage.cs
NexusUnleashed.Network.Internal\NexusUnleashed.Network.Internal.Message.Chat\ChatChannelMemberOwnerMessage.cs	NexusUnleashed.Network.Internal	C-LINEAGE	10	NexusUnleashed.Network.Internal\NexusUnleashed.Network.Internal.Message.Chat\ChatChannelMemberOwnerMessage.cs
NexusUnleashed.Network.Internal\NexusUnleashed.Network.Internal.Message.Chat\ChatChannelMemberRemovedMessage.cs	NexusUnleashed.Network.Internal	C-LINEAGE	7	NexusUnleashed.Network.Internal\NexusUnleashed.Network.Internal.Message.Chat\ChatChannelMemberRemovedMessage.cs
NexusUnleashed.Network.Internal\NexusUnleashed.Network.Internal.Message.Chat\ChatChannelMembersMessage.cs	NexusUnleashed.Network.Internal	C-LINEAGE	7	NexusUnleashed.Network.Internal\NexusUnleashed.Network.Internal.Message.Chat\ChatChannelMembersMessage.cs
NexusUnleashed.Network.Internal\NexusUnleashed.Network.Internal.Message.Chat\ChatChannelMembersRequestMessage.cs	NexusUnleashed.Network.Internal	C-LINEAGE	9	NexusUnleashed.Network.Internal\NexusUnleashed.Network.Internal.Message.Chat\ChatChannelMembersRequestMessage.cs
NexusUnleashed.Network.Internal\NexusUnleashed.Network.Internal.Message.Chat\ChatChannelPasswordMessage.cs	NexusUnleashed.Network.Internal	C-LINEAGE	10	NexusUnleashed.Network.Internal\NexusUnleashed.Network.Internal.Message.Chat\ChatChannelPasswordMessage.cs
NexusUnleashed.Network.Internal\NexusUnleashed.Network.Internal.Message.Chat\ChatChannelResultMessage.cs	NexusUnleashed.Network.Internal	C-LINEAGE	10	NexusUnleashed.Network.Internal\NexusUnleashed.Network.Internal.Message.Chat\ChatChannelResultMessage.cs
NexusUnleashed.Network.Internal\NexusUnleashed.Network.Internal.Message.Chat\ChatChannelTextAcceptedMessage.cs	NexusUnleashed.Network.Internal	C-LINEAGE	7	NexusUnleashed.Network.Internal\NexusUnleashed.Network.Internal.Message.Chat\ChatChannelTextAcceptedMessage.cs
NexusUnleashed.Network.Internal\NexusUnleashed.Network.Internal.Message.Chat\ChatChannelTextMessage.cs	NexusUnleashed.Network.Internal	C-LINEAGE	8	NexusUnleashed.Network.Internal\NexusUnleashed.Network.Internal.Message.Chat\ChatChannelTextMessage.cs
NexusUnleashed.Network.Internal\NexusUnleashed.Network.Internal.Message.Chat\ChatChannelTextRequestMessage.cs	NexusUnleashed.Network.Internal	C-LINEAGE	12	NexusUnleashed.Network.Internal\NexusUnleashed.Network.Internal.Message.Chat\ChatChannelTextRequestMessage.cs
NexusUnleashed.Network.Internal\NexusUnleashed.Network.Internal.Message.Chat\ChatChannelTextResultMessage.cs	NexusUnleashed.Network.Internal	C-LINEAGE	11	NexusUnleashed.Network.Internal\NexusUnleashed.Network.Internal.Message.Chat\ChatChannelTextResultMessage.cs
NexusUnleashed.Network.Internal\NexusUnleashed.Network.Internal.Message.Chat\ChatTextAcceptedMessage.cs	NexusUnleashed.Network.Internal	C-LINEAGE	9	NexusUnleashed.Network.Internal\NexusUnleashed.Network.Internal.Message.Chat\ChatTextAcceptedMessage.cs
NexusUnleashed.Network.Internal\NexusUnleashed.Network.Internal.Message.Chat\ChatWhisperFailedMessage.cs	NexusUnleashed.Network.Internal	C-LINEAGE	9	NexusUnleashed.Network.Internal\NexusUnleashed.Network.Internal.Message.Chat\ChatWhisperFailedMessage.cs
NexusUnleashed.Network.Internal\NexusUnleashed.Network.Internal.Message.Chat\ChatWhisperRequestMessage.cs	NexusUnleashed.Network.Internal	C-LINEAGE	11	NexusUnleashed.Network.Internal\NexusUnleashed.Network.Internal.Message.Chat\ChatWhisperRequestMessage.cs
NexusUnleashed.Network.Internal\NexusUnleashed.Network.Internal.Message.Chat\ChatWhisperTextMessage.cs	NexusUnleashed.Network.Internal	C-LINEAGE	13	NexusUnleashed.Network.Internal\NexusUnleashed.Network.Internal.Message.Chat\ChatWhisperTextMessage.cs
NexusUnleashed.Network.Internal\NexusUnleashed.Network.Internal.Message.Friendship.Shared\Account.cs	NexusUnleashed.Network.Internal	C-LINEAGE	14	NexusUnleashed.Network.Internal\NexusUnleashed.Network.Internal.Message.Friendship.Shared\Account.cs
NexusUnleashed.Network.Internal\NexusUnleashed.Network.Internal.Message.Friendship.Shared\Character.cs	NexusUnleashed.Network.Internal	C-LINEAGE	19	NexusUnleashed.Network.Internal\NexusUnleashed.Network.Internal.Message.Friendship.Shared\Character.cs
NexusUnleashed.Network.Internal\NexusUnleashed.Network.Internal.Message.Friendship.Shared\Friend.cs	NexusUnleashed.Network.Internal	C-LINEAGE	10	NexusUnleashed.Network.Internal\NexusUnleashed.Network.Internal.Message.Friendship.Shared\Friend.cs
NexusUnleashed.Network.Internal\NexusUnleashed.Network.Internal.Message.Friendship.Shared\FriendAccount.cs	NexusUnleashed.Network.Internal	C-LINEAGE	8	NexusUnleashed.Network.Internal\NexusUnleashed.Network.Internal.Message.Friendship.Shared\FriendAccount.cs
NexusUnleashed.Network.Internal\NexusUnleashed.Network.Internal.Message.Friendship.Shared\FriendAccountInvite.cs	NexusUnleashed.Network.Internal	C-LINEAGE	11	NexusUnleashed.Network.Internal\NexusUnleashed.Network.Internal.Message.Friendship.Shared\FriendAccountInvite.cs
NexusUnleashed.Network.Internal\NexusUnleashed.Network.Internal.Message.Friendship.Shared\FriendInvite.cs	NexusUnleashed.Network.Internal	C-LINEAGE	13	NexusUnleashed.Network.Internal\NexusUnleashed.Network.Internal.Message.Friendship.Shared\FriendInvite.cs
NexusUnleashed.Network.Internal\NexusUnleashed.Network.Internal.Message.Friendship\FriendshipAccountEmailInviteRequestMessage.cs	NexusUnleashed.Network.Internal	C-LINEAGE	9	NexusUnleashed.Network.Internal\NexusUnleashed.Network.Internal.Message.Friendship\FriendshipAccountEmailInviteRequestMessage.cs
NexusUnleashed.Network.Internal\NexusUnleashed.Network.Internal.Message.Friendship\FriendshipAccountFriendInviteRequestMessage.cs	NexusUnleashed.Network.Internal	C-LINEAGE	9	NexusUnleashed.Network.Internal\NexusUnleashed.Network.Internal.Message.Friendship\FriendshipAccountFriendInviteRequestMessage.cs
NexusUnleashed.Network.Internal\NexusUnleashed.Network.Internal.Message.Friendship\FriendshipAccountInviteListMessage.cs	NexusUnleashed.Network.Internal	C-LINEAGE	8	NexusUnleashed.Network.Internal\NexusUnleashed.Network.Internal.Message.Friendship\FriendshipAccountInviteListMessage.cs
NexusUnleashed.Network.Internal\NexusUnleashed.Network.Internal.Message.Friendship\FriendshipAccountInviteMarkSeenMessage.cs	NexusUnleashed.Network.Internal	C-LINEAGE	6	NexusUnleashed.Network.Internal\NexusUnleashed.Network.Internal.Message.Friendship\FriendshipAccountInviteMarkSeenMessage.cs
NexusUnleashed.Network.Internal\NexusUnleashed.Network.Internal.Message.Friendship\FriendshipAccountInviteRemovedMessage.cs	NexusUnleashed.Network.Internal	C-LINEAGE	6	NexusUnleashed.Network.Internal\NexusUnleashed.Network.Internal.Message.Friendship\FriendshipAccountInviteRemovedMessage.cs
NexusUnleashed.Network.Internal\NexusUnleashed.Network.Internal.Message.Friendship\FriendshipAccountInviteResponseMessage.cs	NexusUnleashed.Network.Internal	C-LINEAGE	9	NexusUnleashed.Network.Internal\NexusUnleashed.Network.Internal.Message.Friendship\FriendshipAccountInviteResponseMessage.cs
NexusUnleashed.Network.Internal\NexusUnleashed.Network.Internal.Message.Friendship\FriendshipAccountLastOnlineUpdatedMessage.cs	NexusUnleashed.Network.Internal	C-LINEAGE	8	NexusUnleashed.Network.Internal\NexusUnleashed.Network.Internal.Message.Friendship\FriendshipAccountLastOnlineUpdatedMessage.cs
NexusUnleashed.Network.Internal\NexusUnleashed.Network.Internal.Message.Friendship\FriendshipAccountLevelUpdatedMessage.cs	NexusUnleashed.Network.Internal	C-LINEAGE	8	NexusUnleashed.Network.Internal\NexusUnleashed.Network.Internal.Message.Friendship\FriendshipAccountLevelUpdatedMessage.cs
NexusUnleashed.Network.Internal\NexusUnleashed.Network.Internal.Message.Friendship\FriendshipAccountListMessage.cs	NexusUnleashed.Network.Internal	C-LINEAGE	8	NexusUnleashed.Network.Internal\NexusUnleashed.Network.Internal.Message.Friendship\FriendshipAccountListMessage.cs
NexusUnleashed.Network.Internal\NexusUnleashed.Network.Internal.Message.Friendship\FriendshipAccountLocationsUpdatedMessage.cs	NexusUnleashed.Network.Internal	C-LINEAGE	8	NexusUnleashed.Network.Internal\NexusUnleashed.Network.Internal.Message.Friendship\FriendshipAccountLocationsUpdatedMessage.cs
NexusUnleashed.Network.Internal\NexusUnleashed.Network.Internal.Message.Friendship\FriendshipAccountNicknameUpdateMessage.cs	NexusUnleashed.Network.Internal	C-LINEAGE	8	NexusUnleashed.Network.Internal\NexusUnleashed.Network.Internal.Message.Friendship\FriendshipAccountNicknameUpdateMessage.cs
NexusUnleashed.Network.Internal\NexusUnleashed.Network.Internal.Message.Friendship\FriendshipAccountNicknameUpdatedMessage.cs	NexusUnleashed.Network.Internal	C-LINEAGE	8	NexusUnleashed.Network.Internal\NexusUnleashed.Network.Internal.Message.Friendship\FriendshipAccountNicknameUpdatedMessage.cs
NexusUnleashed.Network.Internal\NexusUnleashed.Network.Internal.Message.Friendship\FriendshipAccountNoteUpdateMessage.cs	NexusUnleashed.Network.Internal	C-LINEAGE	9	NexusUnleashed.Network.Internal\NexusUnleashed.Network.Internal.Message.Friendship\FriendshipAccountNoteUpdateMessage.cs
NexusUnleashed.Network.Internal\NexusUnleashed.Network.Internal.Message.Friendship\FriendshipAccountNoteUpdatedMessage.cs	NexusUnleashed.Network.Internal	C-LINEAGE	6	NexusUnleashed.Network.Internal\NexusUnleashed.Network.Internal.Message.Friendship\FriendshipAccountNoteUpdatedMessage.cs
NexusUnleashed.Network.Internal\NexusUnleashed.Network.Internal.Message.Friendship\FriendshipAccountPersonalStatusUpdatedMessage.cs	NexusUnleashed.Network.Internal	C-LINEAGE	6	NexusUnleashed.Network.Internal\NexusUnleashed.Network.Internal.Message.Friendship\FriendshipAccountPersonalStatusUpdatedMessage.cs
NexusUnleashed.Network.Internal\NexusUnleashed.Network.Internal.Message.Friendship\FriendshipAccountPresenceUpdateMessage.cs	NexusUnleashed.Network.Internal	C-LINEAGE	7	NexusUnleashed.Network.Internal\NexusUnleashed.Network.Internal.Message.Friendship\FriendshipAccountPresenceUpdateMessage.cs
NexusUnleashed.Network.Internal\NexusUnleashed.Network.Internal.Message.Friendship\FriendshipAccountPresenceUpdatedMessage.cs	NexusUnleashed.Network.Internal	C-LINEAGE	8	NexusUnleashed.Network.Internal\NexusUnleashed.Network.Internal.Message.Friendship\FriendshipAccountPresenceUpdatedMessage.cs
NexusUnleashed.Network.Internal\NexusUnleashed.Network.Internal.Message.Friendship\FriendshipAccountRemoveMessage.cs	NexusUnleashed.Network.Internal	C-LINEAGE	6	NexusUnleashed.Network.Internal\NexusUnleashed.Network.Internal.Message.Friendship\FriendshipAccountRemoveMessage.cs
NexusUnleashed.Network.Internal\NexusUnleashed.Network.Internal.Message.Friendship\FriendshipAccountRemovedMessage.cs	NexusUnleashed.Network.Internal	C-LINEAGE	6	NexusUnleashed.Network.Internal\NexusUnleashed.Network.Internal.Message.Friendship\FriendshipAccountRemovedMessage.cs
NexusUnleashed.Network.Internal\NexusUnleashed.Network.Internal.Message.Friendship\FriendshipAccountStatusUpdateMessage.cs	NexusUnleashed.Network.Internal	C-LINEAGE	8	NexusUnleashed.Network.Internal\NexusUnleashed.Network.Internal.Message.Friendship\FriendshipAccountStatusUpdateMessage.cs
NexusUnleashed.Network.Internal\NexusUnleashed.Network.Internal.Message.Friendship\FriendshipAccountStatusUpdatedMessage.cs	NexusUnleashed.Network.Internal	C-LINEAGE	8	NexusUnleashed.Network.Internal\NexusUnleashed.Network.Internal.Message.Friendship\FriendshipAccountStatusUpdatedMessage.cs
NexusUnleashed.Network.Internal\NexusUnleashed.Network.Internal.Message.Friendship\FriendshipAccountUpdatedMessage.cs	NexusUnleashed.Network.Internal	C-LINEAGE	8	NexusUnleashed.Network.Internal\NexusUnleashed.Network.Internal.Message.Friendship\FriendshipAccountUpdatedMessage.cs
NexusUnleashed.Network.Internal\NexusUnleashed.Network.Internal.Message.Friendship\FriendshipAddedMessage.cs	NexusUnleashed.Network.Internal	C-LINEAGE	6	NexusUnleashed.Network.Internal\NexusUnleashed.Network.Internal.Message.Friendship\FriendshipAddedMessage.cs
NexusUnleashed.Network.Internal\NexusUnleashed.Network.Internal.Message.Friendship\FriendshipIdentityInviteRequestMessage.cs	NexusUnleashed.Network.Internal	C-LINEAGE	10	NexusUnleashed.Network.Internal\NexusUnleashed.Network.Internal.Message.Friendship\FriendshipIdentityInviteRequestMessage.cs
NexusUnleashed.Network.Internal\NexusUnleashed.Network.Internal.Message.Friendship\FriendshipInviteListMessage.cs	NexusUnleashed.Network.Internal	C-LINEAGE	9	NexusUnleashed.Network.Internal\NexusUnleashed.Network.Internal.Message.Friendship\FriendshipInviteListMessage.cs
NexusUnleashed.Network.Internal\NexusUnleashed.Network.Internal.Message.Friendship\FriendshipInviteMarkSeenMessage.cs	NexusUnleashed.Network.Internal	C-LINEAGE	8	NexusUnleashed.Network.Internal\NexusUnleashed.Network.Internal.Message.Friendship\FriendshipInviteMarkSeenMessage.cs
NexusUnleashed.Network.Internal\NexusUnleashed.Network.Internal.Message.Friendship\FriendshipInviteRemovedMessage.cs	NexusUnleashed.Network.Internal	C-LINEAGE	6	NexusUnleashed.Network.Internal\NexusUnleashed.Network.Internal.Message.Friendship\FriendshipInviteRemovedMessage.cs
NexusUnleashed.Network.Internal\NexusUnleashed.Network.Internal.Message.Friendship\FriendshipInviteResponseMessage.cs	NexusUnleashed.Network.Internal	C-LINEAGE	9	NexusUnleashed.Network.Internal\NexusUnleashed.Network.Internal.Message.Friendship\FriendshipInviteResponseMessage.cs
NexusUnleashed.Network.Internal\NexusUnleashed.Network.Internal.Message.Friendship\FriendshipLastOnlineUpdatedMessage.cs	NexusUnleashed.Network.Internal	C-LINEAGE	8	NexusUnleashed.Network.Internal\NexusUnleashed.Network.Internal.Message.Friendship\FriendshipLastOnlineUpdatedMessage.cs
NexusUnleashed.Network.Internal\NexusUnleashed.Network.Internal.Message.Friendship\FriendshipLevelUpdatedMessage.cs	NexusUnleashed.Network.Internal	C-LINEAGE	8	NexusUnleashed.Network.Internal\NexusUnleashed.Network.Internal.Message.Friendship\FriendshipLevelUpdatedMessage.cs
NexusUnleashed.Network.Internal\NexusUnleashed.Network.Internal.Message.Friendship\FriendshipListMessage.cs	NexusUnleashed.Network.Internal	C-LINEAGE	8	NexusUnleashed.Network.Internal\NexusUnleashed.Network.Internal.Message.Friendship\FriendshipListMessage.cs
NexusUnleashed.Network.Internal\NexusUnleashed.Network.Internal.Message.Friendship\FriendshipLocationRequestMessage.cs	NexusUnleashed.Network.Internal	C-LINEAGE	9	NexusUnleashed.Network.Internal\NexusUnleashed.Network.Internal.Message.Friendship\FriendshipLocationRequestMessage.cs
NexusUnleashed.Network.Internal\NexusUnleashed.Network.Internal.Message.Friendship\FriendshipLocationsUpdatedMessage.cs	NexusUnleashed.Network.Internal	C-LINEAGE	8	NexusUnleashed.Network.Internal\NexusUnleashed.Network.Internal.Message.Friendship\FriendshipLocationsUpdatedMessage.cs
NexusUnleashed.Network.Internal\NexusUnleashed.Network.Internal.Message.Friendship\FriendshipNameInviteRequestMessage.cs	NexusUnleashed.Network.Internal	C-LINEAGE	11	NexusUnleashed.Network.Internal\NexusUnleashed.Network.Internal.Message.Friendship\FriendshipNameInviteRequestMessage.cs
NexusUnleashed.Network.Internal\NexusUnleashed.Network.Internal.Message.Friendship\FriendshipNoteUpdateByIdentityMessage.cs	NexusUnleashed.Network.Internal	C-LINEAGE	8	NexusUnleashed.Network.Internal\NexusUnleashed.Network.Internal.Message.Friendship\FriendshipNoteUpdateByIdentityMessage.cs
NexusUnleashed.Network.Internal\NexusUnleashed.Network.Internal.Message.Friendship\FriendshipNoteUpdatedMessage.cs	NexusUnleashed.Network.Internal	C-LINEAGE	6	NexusUnleashed.Network.Internal\NexusUnleashed.Network.Internal.Message.Friendship\FriendshipNoteUpdatedMessage.cs
NexusUnleashed.Network.Internal\NexusUnleashed.Network.Internal.Message.Friendship\FriendshipRemoveIdentityMessage.cs	NexusUnleashed.Network.Internal	C-LINEAGE	9	NexusUnleashed.Network.Internal\NexusUnleashed.Network.Internal.Message.Friendship\FriendshipRemoveIdentityMessage.cs
NexusUnleashed.Network.Internal\NexusUnleashed.Network.Internal.Message.Friendship\FriendshipRemovedMessage.cs	NexusUnleashed.Network.Internal	C-LINEAGE	6	NexusUnleashed.Network.Internal\NexusUnleashed.Network.Internal.Message.Friendship\FriendshipRemovedMessage.cs
NexusUnleashed.Network.Internal\NexusUnleashed.Network.Internal.Message.Friendship\FriendshipResultMessage.cs	NexusUnleashed.Network.Internal	C-LINEAGE	8	NexusUnleashed.Network.Internal\NexusUnleashed.Network.Internal.Message.Friendship\FriendshipResultMessage.cs
NexusUnleashed.Network.Internal\NexusUnleashed.Network.Internal.Message.Friendship\FriendshipTypeUpdatedMessage.cs	NexusUnleashed.Network.Internal	C-LINEAGE	6	NexusUnleashed.Network.Internal\NexusUnleashed.Network.Internal.Message.Friendship\FriendshipTypeUpdatedMessage.cs
NexusUnleashed.Network.Internal\NexusUnleashed.Network.Internal.Message.Friendship\FriendshipUpdatedMessage.cs	NexusUnleashed.Network.Internal	C-LINEAGE	6	NexusUnleashed.Network.Internal\NexusUnleashed.Network.Internal.Message.Friendship\FriendshipUpdatedMessage.cs
NexusUnleashed.Network.Internal\NexusUnleashed.Network.Internal.Message.Group.Shared\Group.cs	NexusUnleashed.Network.Internal	C-LINEAGE	22	NexusUnleashed.Network.Internal\NexusUnleashed.Network.Internal.Message.Group.Shared\Group.cs
NexusUnleashed.Network.Internal\NexusUnleashed.Network.Internal.Message.Group.Shared\GroupCharacter.cs	NexusUnleashed.Network.Internal	C-LINEAGE	35	NexusUnleashed.Network.Internal\NexusUnleashed.Network.Internal.Message.Group.Shared\GroupCharacter.cs
NexusUnleashed.Network.Internal\NexusUnleashed.Network.Internal.Message.Group.Shared\GroupMarker.cs	NexusUnleashed.Network.Internal	C-LINEAGE	7	NexusUnleashed.Network.Internal\NexusUnleashed.Network.Internal.Message.Group.Shared\GroupMarker.cs
NexusUnleashed.Network.Internal\NexusUnleashed.Network.Internal.Message.Group.Shared\GroupMember.cs	NexusUnleashed.Network.Internal	C-LINEAGE	10	NexusUnleashed.Network.Internal\NexusUnleashed.Network.Internal.Message.Group.Shared\GroupMember.cs
NexusUnleashed.Network.Internal\NexusUnleashed.Network.Internal.Message.Group.Shared\GroupRequest.cs	NexusUnleashed.Network.Internal	C-LINEAGE	11	NexusUnleashed.Network.Internal\NexusUnleashed.Network.Internal.Message.Group.Shared\GroupRequest.cs
NexusUnleashed.Network.Internal\NexusUnleashed.Network.Internal.Message.Group\GroupActionResultMessage.cs	NexusUnleashed.Network.Internal	C-LINEAGE	10	NexusUnleashed.Network.Internal\NexusUnleashed.Network.Internal.Message.Group\GroupActionResultMessage.cs
NexusUnleashed.Network.Internal\NexusUnleashed.Network.Internal.Message.Group\GroupDisbandMessage.cs	NexusUnleashed.Network.Internal	C-LINEAGE	7	NexusUnleashed.Network.Internal\NexusUnleashed.Network.Internal.Message.Group\GroupDisbandMessage.cs
NexusUnleashed.Network.Internal\NexusUnleashed.Network.Internal.Message.Group\GroupDisbandedMessage.cs	NexusUnleashed.Network.Internal	C-LINEAGE	6	NexusUnleashed.Network.Internal\NexusUnleashed.Network.Internal.Message.Group\GroupDisbandedMessage.cs
NexusUnleashed.Network.Internal\NexusUnleashed.Network.Internal.Message.Group\GroupFlagsUpdateMessage.cs	NexusUnleashed.Network.Internal	C-LINEAGE	9	NexusUnleashed.Network.Internal\NexusUnleashed.Network.Internal.Message.Group\GroupFlagsUpdateMessage.cs
NexusUnleashed.Network.Internal\NexusUnleashed.Network.Internal.Message.Group\GroupFlagsUpdatedMessage.cs	NexusUnleashed.Network.Internal	C-LINEAGE	6	NexusUnleashed.Network.Internal\NexusUnleashed.Network.Internal.Message.Group\GroupFlagsUpdatedMessage.cs
NexusUnleashed.Network.Internal\NexusUnleashed.Network.Internal.Message.Group\GroupLootRulesUpdateMessage.cs	NexusUnleashed.Network.Internal	C-LINEAGE	12	NexusUnleashed.Network.Internal\NexusUnleashed.Network.Internal.Message.Group\GroupLootRulesUpdateMessage.cs
NexusUnleashed.Network.Internal\NexusUnleashed.Network.Internal.Message.Group\GroupLootRulesUpdatedMessage.cs	NexusUnleashed.Network.Internal	C-LINEAGE	6	NexusUnleashed.Network.Internal\NexusUnleashed.Network.Internal.Message.Group\GroupLootRulesUpdatedMessage.cs
NexusUnleashed.Network.Internal\NexusUnleashed.Network.Internal.Message.Group\GroupMarkerMessage.cs	NexusUnleashed.Network.Internal	C-LINEAGE	9	NexusUnleashed.Network.Internal\NexusUnleashed.Network.Internal.Message.Group\GroupMarkerMessage.cs
NexusUnleashed.Network.Internal\NexusUnleashed.Network.Internal.Message.Group\GroupMarkerUpdatedMessage.cs	NexusUnleashed.Network.Internal	C-LINEAGE	9	NexusUnleashed.Network.Internal\NexusUnleashed.Network.Internal.Message.Group\GroupMarkerUpdatedMessage.cs
NexusUnleashed.Network.Internal\NexusUnleashed.Network.Internal.Message.Group\GroupMaxSizeUpdatedMessage.cs	NexusUnleashed.Network.Internal	C-LINEAGE	6	NexusUnleashed.Network.Internal\NexusUnleashed.Network.Internal.Message.Group\GroupMaxSizeUpdatedMessage.cs
NexusUnleashed.Network.Internal\NexusUnleashed.Network.Internal.Message.Group\GroupMemberAddedMessage.cs	NexusUnleashed.Network.Internal	C-LINEAGE	7	NexusUnleashed.Network.Internal\NexusUnleashed.Network.Internal.Message.Group\GroupMemberAddedMessage.cs
NexusUnleashed.Network.Internal\NexusUnleashed.Network.Internal.Message.Group\GroupMemberFlagUpdateMessage.cs	NexusUnleashed.Network.Internal	C-LINEAGE	10	NexusUnleashed.Network.Internal\NexusUnleashed.Network.Internal.Message.Group\GroupMemberFlagUpdateMessage.cs
NexusUnleashed.Network.Internal\NexusUnleashed.Network.Internal.Message.Group\GroupMemberFlagsUpdatedMessage.cs	NexusUnleashed.Network.Internal	C-LINEAGE	8	NexusUnleashed.Network.Internal\NexusUnleashed.Network.Internal.Message.Group\GroupMemberFlagsUpdatedMessage.cs
NexusUnleashed.Network.Internal\NexusUnleashed.Network.Internal.Message.Group\GroupMemberJoinedMessage.cs	NexusUnleashed.Network.Internal	C-LINEAGE	7	NexusUnleashed.Network.Internal\NexusUnleashed.Network.Internal.Message.Group\GroupMemberJoinedMessage.cs
NexusUnleashed.Network.Internal\NexusUnleashed.Network.Internal.Message.Group\GroupMemberKickMessage.cs	NexusUnleashed.Network.Internal	C-LINEAGE	8	NexusUnleashed.Network.Internal\NexusUnleashed.Network.Internal.Message.Group\GroupMemberKickMessage.cs
NexusUnleashed.Network.Internal\NexusUnleashed.Network.Internal.Message.Group\GroupMemberLeaveMessage.cs	NexusUnleashed.Network.Internal	C-LINEAGE	7	NexusUnleashed.Network.Internal\NexusUnleashed.Network.Internal.Message.Group\GroupMemberLeaveMessage.cs
NexusUnleashed.Network.Internal\NexusUnleashed.Network.Internal.Message.Group\GroupMemberLeftMessage.cs	NexusUnleashed.Network.Internal	C-LINEAGE	9	NexusUnleashed.Network.Internal\NexusUnleashed.Network.Internal.Message.Group\GroupMemberLeftMessage.cs
NexusUnleashed.Network.Internal\NexusUnleashed.Network.Internal.Message.Group\GroupMemberPositionUpdatedMessage.cs	NexusUnleashed.Network.Internal	C-LINEAGE	8	NexusUnleashed.Network.Internal\NexusUnleashed.Network.Internal.Message.Group\GroupMemberPositionUpdatedMessage.cs
NexusUnleashed.Network.Internal\NexusUnleashed.Network.Internal.Message.Group\GroupMemberPromoteMessage.cs	NexusUnleashed.Network.Internal	C-LINEAGE	8	NexusUnleashed.Network.Internal\NexusUnleashed.Network.Internal.Message.Group\GroupMemberPromoteMessage.cs
NexusUnleashed.Network.Internal\NexusUnleashed.Network.Internal.Message.Group\GroupMemberPromotedMessage.cs	NexusUnleashed.Network.Internal	C-LINEAGE	7	NexusUnleashed.Network.Internal\NexusUnleashed.Network.Internal.Message.Group\GroupMemberPromotedMessage.cs
NexusUnleashed.Network.Internal\NexusUnleashed.Network.Internal.Message.Group\GroupMemberRealmUpdatedMessage.cs	NexusUnleashed.Network.Internal	C-LINEAGE	7	NexusUnleashed.Network.Internal\NexusUnleashed.Network.Internal.Message.Group\GroupMemberRealmUpdatedMessage.cs
NexusUnleashed.Network.Internal\NexusUnleashed.Network.Internal.Message.Group\GroupMemberRemovedMessage.cs	NexusUnleashed.Network.Internal	C-LINEAGE	9	NexusUnleashed.Network.Internal\NexusUnleashed.Network.Internal.Message.Group\GroupMemberRemovedMessage.cs
NexusUnleashed.Network.Internal\NexusUnleashed.Network.Internal.Message.Group\GroupMemberRequestMessage.cs	NexusUnleashed.Network.Internal	C-LINEAGE	7	NexusUnleashed.Network.Internal\NexusUnleashed.Network.Internal.Message.Group\GroupMemberRequestMessage.cs
NexusUnleashed.Network.Internal\NexusUnleashed.Network.Internal.Message.Group\GroupMemberRequestReponseMessage.cs	NexusUnleashed.Network.Internal	C-LINEAGE	9	NexusUnleashed.Network.Internal\NexusUnleashed.Network.Internal.Message.Group\GroupMemberRequestReponseMessage.cs
NexusUnleashed.Network.Internal\NexusUnleashed.Network.Internal.Message.Group\GroupMemberRequestResultMessage.cs	NexusUnleashed.Network.Internal	C-LINEAGE	10	NexusUnleashed.Network.Internal\NexusUnleashed.Network.Internal.Message.Group\GroupMemberRequestResultMessage.cs
NexusUnleashed.Network.Internal\NexusUnleashed.Network.Internal.Message.Group\GroupMemberRequestedMessage.cs	NexusUnleashed.Network.Internal	C-LINEAGE	9	NexusUnleashed.Network.Internal\NexusUnleashed.Network.Internal.Message.Group\GroupMemberRequestedMessage.cs
NexusUnleashed.Network.Internal\NexusUnleashed.Network.Internal.Message.Group\GroupMemberStatsUpdatedMessage.cs	NexusUnleashed.Network.Internal	C-LINEAGE	7	NexusUnleashed.Network.Internal\NexusUnleashed.Network.Internal.Message.Group\GroupMemberStatsUpdatedMessage.cs
NexusUnleashed.Network.Internal\NexusUnleashed.Network.Internal.Message.Group\GroupPlayerInviteMessage.cs	NexusUnleashed.Network.Internal	C-LINEAGE	7	NexusUnleashed.Network.Internal\NexusUnleashed.Network.Internal.Message.Group\GroupPlayerInviteMessage.cs
NexusUnleashed.Network.Internal\NexusUnleashed.Network.Internal.Message.Group\GroupPlayerInviteRespondedMessage.cs	NexusUnleashed.Network.Internal	C-LINEAGE	8	NexusUnleashed.Network.Internal\NexusUnleashed.Network.Internal.Message.Group\GroupPlayerInviteRespondedMessage.cs
NexusUnleashed.Network.Internal\NexusUnleashed.Network.Internal.Message.Group\GroupPlayerInviteResultMessage.cs	NexusUnleashed.Network.Internal	C-LINEAGE	9	NexusUnleashed.Network.Internal\NexusUnleashed.Network.Internal.Message.Group\GroupPlayerInviteResultMessage.cs
NexusUnleashed.Network.Internal\NexusUnleashed.Network.Internal.Message.Group\GroupPlayerInvitedMessage.cs	NexusUnleashed.Network.Internal	C-LINEAGE	11	NexusUnleashed.Network.Internal\NexusUnleashed.Network.Internal.Message.Group\GroupPlayerInvitedMessage.cs
NexusUnleashed.Network.Internal\NexusUnleashed.Network.Internal.Message.Group\GroupReadyCheckMessage.cs	NexusUnleashed.Network.Internal	C-LINEAGE	8	NexusUnleashed.Network.Internal\NexusUnleashed.Network.Internal.Message.Group\GroupReadyCheckMessage.cs
NexusUnleashed.Network.Internal\NexusUnleashed.Network.Internal.Message.Group\GroupReadyCheckStartedMessage.cs	NexusUnleashed.Network.Internal	C-LINEAGE	8	NexusUnleashed.Network.Internal\NexusUnleashed.Network.Internal.Message.Group\GroupReadyCheckStartedMessage.cs
NexusUnleashed.Network.Internal\NexusUnleashed.Network.Internal.Message.Group\GroupZoneMapPingedMessage.cs	NexusUnleashed.Network.Internal	A-AUTHORED	15	
NexusUnleashed.Network.Internal\NexusUnleashed.Network.Internal.Message.Group\ZoneMapPingMessage.cs	NexusUnleashed.Network.Internal	A-AUTHORED	13	
NexusUnleashed.Network.Internal\NexusUnleashed.Network.Internal.Message.Guild\GuildCreatedMessage.cs	NexusUnleashed.Network.Internal	C-LINEAGE	7	NexusUnleashed.Network.Internal\NexusUnleashed.Network.Internal.Message.Guild\GuildCreatedMessage.cs
NexusUnleashed.Network.Internal\NexusUnleashed.Network.Internal.Message.Guild\GuildDisbandedMessage.cs	NexusUnleashed.Network.Internal	C-LINEAGE	5	NexusUnleashed.Network.Internal\NexusUnleashed.Network.Internal.Message.Guild\GuildDisbandedMessage.cs
NexusUnleashed.Network.Internal\NexusUnleashed.Network.Internal.Message.Guild\GuildMemberAddedMessage.cs	NexusUnleashed.Network.Internal	C-LINEAGE	11	NexusUnleashed.Network.Internal\NexusUnleashed.Network.Internal.Message.Guild\GuildMemberAddedMessage.cs
NexusUnleashed.Network.Internal\NexusUnleashed.Network.Internal.Message.Guild\GuildMemberRankUpdatedMessage.cs	NexusUnleashed.Network.Internal	C-LINEAGE	11	NexusUnleashed.Network.Internal\NexusUnleashed.Network.Internal.Message.Guild\GuildMemberRankUpdatedMessage.cs
NexusUnleashed.Network.Internal\NexusUnleashed.Network.Internal.Message.Guild\GuildMemberRemovedMessage.cs	NexusUnleashed.Network.Internal	C-LINEAGE	9	NexusUnleashed.Network.Internal\NexusUnleashed.Network.Internal.Message.Guild\GuildMemberRemovedMessage.cs
NexusUnleashed.Network.Internal\NexusUnleashed.Network.Internal.Message.Match.Shared\Match.cs	NexusUnleashed.Network.Internal	C-LINEAGE	10	NexusUnleashed.Network.Internal\NexusUnleashed.Network.Internal.Message.Match.Shared\Match.cs
NexusUnleashed.Network.Internal\NexusUnleashed.Network.Internal.Message.Match.Shared\MatchTeam.cs	NexusUnleashed.Network.Internal	C-LINEAGE	10	NexusUnleashed.Network.Internal\NexusUnleashed.Network.Internal.Message.Match.Shared\MatchTeam.cs
NexusUnleashed.Network.Internal\NexusUnleashed.Network.Internal.Message.Match.Shared\MatchTeamMember.cs	NexusUnleashed.Network.Internal	C-LINEAGE	8	NexusUnleashed.Network.Internal\NexusUnleashed.Network.Internal.Message.Match.Shared\MatchTeamMember.cs
NexusUnleashed.Network.Internal\NexusUnleashed.Network.Internal.Message.Match\MatchCreatedMessage.cs	NexusUnleashed.Network.Internal	C-LINEAGE	6	NexusUnleashed.Network.Internal\NexusUnleashed.Network.Internal.Message.Match\MatchCreatedMessage.cs
NexusUnleashed.Network.Internal\NexusUnleashed.Network.Internal.Message.Match\MatchMemberLeftMessage.cs	NexusUnleashed.Network.Internal	C-LINEAGE	8	NexusUnleashed.Network.Internal\NexusUnleashed.Network.Internal.Message.Match\MatchMemberLeftMessage.cs
NexusUnleashed.Network.Internal\NexusUnleashed.Network.Internal.Message.Match\MatchRemovedMessage.cs	NexusUnleashed.Network.Internal	C-LINEAGE	6	NexusUnleashed.Network.Internal\NexusUnleashed.Network.Internal.Message.Match\MatchRemovedMessage.cs
NexusUnleashed.Network.Internal\NexusUnleashed.Network.Internal.Message.Player\PlayerGroupAssociationUpdatedMessage.cs	NexusUnleashed.Network.Internal	C-LINEAGE	8	NexusUnleashed.Network.Internal\NexusUnleashed.Network.Internal.Message.Player\PlayerGroupAssociationUpdatedMessage.cs
NexusUnleashed.Network.Internal\NexusUnleashed.Network.Internal.Message.Player\PlayerGuildAssociationUpdatedMessage.cs	NexusUnleashed.Network.Internal	C-LINEAGE	7	NexusUnleashed.Network.Internal\NexusUnleashed.Network.Internal.Message.Player\PlayerGuildAssociationUpdatedMessage.cs
NexusUnleashed.Network.Internal\NexusUnleashed.Network.Internal.Message.Player\PlayerInfo.cs	NexusUnleashed.Network.Internal	C-LINEAGE	15	NexusUnleashed.Network.Internal\NexusUnleashed.Network.Internal.Message.Player\PlayerInfo.cs
NexusUnleashed.Network.Internal\NexusUnleashed.Network.Internal.Message.Player\PlayerInfoRequestMessage.cs	NexusUnleashed.Network.Internal	C-LINEAGE	9	NexusUnleashed.Network.Internal\NexusUnleashed.Network.Internal.Message.Player\PlayerInfoRequestMessage.cs
NexusUnleashed.Network.Internal\NexusUnleashed.Network.Internal.Message.Player\PlayerInfoResponseMessage.cs	NexusUnleashed.Network.Internal	C-LINEAGE	10	NexusUnleashed.Network.Internal\NexusUnleashed.Network.Internal.Message.Player\PlayerInfoResponseMessage.cs
NexusUnleashed.Network.Internal\NexusUnleashed.Network.Internal.Message.Player\PlayerLoggedInMessage.cs	NexusUnleashed.Network.Internal	C-LINEAGE	7	NexusUnleashed.Network.Internal\NexusUnleashed.Network.Internal.Message.Player\PlayerLoggedInMessage.cs
NexusUnleashed.Network.Internal\NexusUnleashed.Network.Internal.Message.Player\PlayerLoggedOutMessage.cs	NexusUnleashed.Network.Internal	C-LINEAGE	6	NexusUnleashed.Network.Internal\NexusUnleashed.Network.Internal.Message.Player\PlayerLoggedOutMessage.cs
NexusUnleashed.Network.Internal\NexusUnleashed.Network.Internal.Message.Player\PlayerPositionUpdatedMessage.cs	NexusUnleashed.Network.Internal	C-LINEAGE	7	NexusUnleashed.Network.Internal\NexusUnleashed.Network.Internal.Message.Player\PlayerPositionUpdatedMessage.cs
NexusUnleashed.Network.Internal\NexusUnleashed.Network.Internal.Message.Player\PlayerPropertyUpdatedMessage.cs	NexusUnleashed.Network.Internal	C-LINEAGE	9	NexusUnleashed.Network.Internal\NexusUnleashed.Network.Internal.Message.Player\PlayerPropertyUpdatedMessage.cs
NexusUnleashed.Network.Internal\NexusUnleashed.Network.Internal.Message.Player\PlayerStatUpdatedMessage.cs	NexusUnleashed.Network.Internal	C-LINEAGE	9	NexusUnleashed.Network.Internal\NexusUnleashed.Network.Internal.Message.Player\PlayerStatUpdatedMessage.cs
NexusUnleashed.Network.Internal\NexusUnleashed.Network.Internal.Message.Player\PlayerWorldUpdatedMessage.cs	NexusUnleashed.Network.Internal	C-LINEAGE	7	NexusUnleashed.Network.Internal\NexusUnleashed.Network.Internal.Message.Player\PlayerWorldUpdatedMessage.cs
NexusUnleashed.Network.Internal\NexusUnleashed.Network.Internal.Message.Player\PlayerWorldZoneUpdatedMessage.cs	NexusUnleashed.Network.Internal	C-LINEAGE	7	NexusUnleashed.Network.Internal\NexusUnleashed.Network.Internal.Message.Player\PlayerWorldZoneUpdatedMessage.cs
NexusUnleashed.Network.Internal\NexusUnleashed.Network.Internal.Message.Server\ServerWorldOffline.cs	NexusUnleashed.Network.Internal	C-LINEAGE	5	NexusUnleashed.Network.Internal\NexusUnleashed.Network.Internal.Message.Server\ServerWorldOffline.cs
NexusUnleashed.Network.Internal\NexusUnleashed.Network.Internal.Message.Server\ServerWorldOfflineMessage.cs	NexusUnleashed.Network.Internal	C-LINEAGE	5	NexusUnleashed.Network.Internal\NexusUnleashed.Network.Internal.Message.Server\ServerWorldOfflineMessage.cs
NexusUnleashed.Network.Internal\NexusUnleashed.Network.Internal.Message.Server\ServerWorldOnline.cs	NexusUnleashed.Network.Internal	C-LINEAGE	5	NexusUnleashed.Network.Internal\NexusUnleashed.Network.Internal.Message.Server\ServerWorldOnline.cs
NexusUnleashed.Network.Internal\NexusUnleashed.Network.Internal.Message.Server\ServerWorldOnlineMessage.cs	NexusUnleashed.Network.Internal	C-LINEAGE	5	NexusUnleashed.Network.Internal\NexusUnleashed.Network.Internal.Message.Server\ServerWorldOnlineMessage.cs
NexusUnleashed.Network.Internal\NexusUnleashed.Network.Internal.Message.Shared\Identity.cs	NexusUnleashed.Network.Internal	C-LINEAGE	6	NexusUnleashed.Network.Internal\NexusUnleashed.Network.Internal.Message.Shared\Identity.cs
NexusUnleashed.Network.Internal\NexusUnleashed.Network.Internal.Message.Shared\IdentityName.cs	NexusUnleashed.Network.Internal	C-LINEAGE	6	NexusUnleashed.Network.Internal\NexusUnleashed.Network.Internal.Message.Shared\IdentityName.cs
NexusUnleashed.Network.Internal\NexusUnleashed.Network.Internal.Message.Shared\Position.cs	NexusUnleashed.Network.Internal	C-LINEAGE	7	NexusUnleashed.Network.Internal\NexusUnleashed.Network.Internal.Message.Shared\Position.cs
NexusUnleashed.Network.Internal\NexusUnleashed.Network.Internal.Message.Who.Parameter\IWhoParameter.cs	NexusUnleashed.Network.Internal	C-LINEAGE	17	NexusUnleashed.Network.Internal\NexusUnleashed.Network.Internal.Message.Who.Parameter\IWhoParameter.cs
NexusUnleashed.Network.Internal\NexusUnleashed.Network.Internal.Message.Who.Parameter\WhoParameterClass.cs	NexusUnleashed.Network.Internal	C-LINEAGE	8	NexusUnleashed.Network.Internal\NexusUnleashed.Network.Internal.Message.Who.Parameter\WhoParameterClass.cs
NexusUnleashed.Network.Internal\NexusUnleashed.Network.Internal.Message.Who.Parameter\WhoParameterCombo.cs	NexusUnleashed.Network.Internal	C-LINEAGE	14	NexusUnleashed.Network.Internal\NexusUnleashed.Network.Internal.Message.Who.Parameter\WhoParameterCombo.cs
NexusUnleashed.Network.Internal\NexusUnleashed.Network.Internal.Message.Who.Parameter\WhoParameterFaction.cs	NexusUnleashed.Network.Internal	C-LINEAGE	8	NexusUnleashed.Network.Internal\NexusUnleashed.Network.Internal.Message.Who.Parameter\WhoParameterFaction.cs
NexusUnleashed.Network.Internal\NexusUnleashed.Network.Internal.Message.Who.Parameter\WhoParameterGuild.cs	NexusUnleashed.Network.Internal	C-LINEAGE	7	NexusUnleashed.Network.Internal\NexusUnleashed.Network.Internal.Message.Who.Parameter\WhoParameterGuild.cs
NexusUnleashed.Network.Internal\NexusUnleashed.Network.Internal.Message.Who.Parameter\WhoParameterLevel.cs	NexusUnleashed.Network.Internal	C-LINEAGE	8	NexusUnleashed.Network.Internal\NexusUnleashed.Network.Internal.Message.Who.Parameter\WhoParameterLevel.cs
NexusUnleashed.Network.Internal\NexusUnleashed.Network.Internal.Message.Who.Parameter\WhoParameterPath.cs	NexusUnleashed.Network.Internal	C-LINEAGE	8	NexusUnleashed.Network.Internal\NexusUnleashed.Network.Internal.Message.Who.Parameter\WhoParameterPath.cs
NexusUnleashed.Network.Internal\NexusUnleashed.Network.Internal.Message.Who.Parameter\WhoParameterPlayer.cs	NexusUnleashed.Network.Internal	C-LINEAGE	7	NexusUnleashed.Network.Internal\NexusUnleashed.Network.Internal.Message.Who.Parameter\WhoParameterPlayer.cs
NexusUnleashed.Network.Internal\NexusUnleashed.Network.Internal.Message.Who.Parameter\WhoParameterRace.cs	NexusUnleashed.Network.Internal	C-LINEAGE	8	NexusUnleashed.Network.Internal\NexusUnleashed.Network.Internal.Message.Who.Parameter\WhoParameterRace.cs
NexusUnleashed.Network.Internal\NexusUnleashed.Network.Internal.Message.Who.Parameter\WhoParameterZone.cs	NexusUnleashed.Network.Internal	C-LINEAGE	7	NexusUnleashed.Network.Internal\NexusUnleashed.Network.Internal.Message.Who.Parameter\WhoParameterZone.cs
NexusUnleashed.Network.Internal\NexusUnleashed.Network.Internal.Message.Who\WhoCharacter.cs	NexusUnleashed.Network.Internal	C-LINEAGE	17	NexusUnleashed.Network.Internal\NexusUnleashed.Network.Internal.Message.Who\WhoCharacter.cs
NexusUnleashed.Network.Internal\NexusUnleashed.Network.Internal.Message.Who\WhoRequestMessage.cs	NexusUnleashed.Network.Internal	C-LINEAGE	10	NexusUnleashed.Network.Internal\NexusUnleashed.Network.Internal.Message.Who\WhoRequestMessage.cs
NexusUnleashed.Network.Internal\NexusUnleashed.Network.Internal.Message.Who\WhoResponseMessage.cs	NexusUnleashed.Network.Internal	C-LINEAGE	10	NexusUnleashed.Network.Internal\NexusUnleashed.Network.Internal.Message.Who\WhoResponseMessage.cs
NexusUnleashed.Network.Internal\NexusUnleashed.Network.Internal.Static\BrokerProvider.cs	NexusUnleashed.Network.Internal	C-LINEAGE	8	NexusUnleashed.Network.Internal\NexusUnleashed.Network.Internal.Static\BrokerProvider.cs
NexusUnleashed.Network.Internal\NexusUnleashed.Network.Internal\IInternalMessagePublisher.cs	NexusUnleashed.Network.Internal	C-LINEAGE	6	NexusUnleashed.Network.Internal\NexusUnleashed.Network.Internal\IInternalMessagePublisher.cs
NexusUnleashed.Network.Internal\NexusUnleashed.Network.Internal\RebusMessagePublisher.cs	NexusUnleashed.Network.Internal	C-LINEAGE	15	NexusUnleashed.Network.Internal\NexusUnleashed.Network.Internal\RebusMessagePublisher.cs
NexusUnleashed.Network.Internal\NexusUnleashed.Network.Internal\ServiceCollectionExtensions.cs	NexusUnleashed.Network.Internal	C-LINEAGE	49	NexusUnleashed.Network.Internal\NexusUnleashed.Network.Internal\ServiceCollectionExtensions.cs
NexusUnleashed.Network.Internal\Properties\AssemblyInfo.cs	NexusUnleashed.Network.Internal	C-LINEAGE	11	NexusUnleashed.Network.Internal\Properties\AssemblyInfo.cs
NexusUnleashed.Network.World\NexusUnleashed.Network.World.Chat.Model\ChatFormat0.cs	NexusUnleashed.Network.World	C-LINEAGE	16	NexusUnleashed.Network.World\NexusUnleashed.Network.World.Chat.Model\ChatFormat0.cs
NexusUnleashed.Network.World\NexusUnleashed.Network.World.Chat.Model\ChatFormat3.cs	NexusUnleashed.Network.World	C-LINEAGE	16	NexusUnleashed.Network.World\NexusUnleashed.Network.World.Chat.Model\ChatFormat3.cs
NexusUnleashed.Network.World\NexusUnleashed.Network.World.Chat.Model\ChatFormatAlien.cs	NexusUnleashed.Network.World	C-LINEAGE	16	NexusUnleashed.Network.World\NexusUnleashed.Network.World.Chat.Model\ChatFormatAlien.cs
NexusUnleashed.Network.World\NexusUnleashed.Network.World.Chat.Model\ChatFormatArchiveArticle.cs	NexusUnleashed.Network.World	C-LINEAGE	16	NexusUnleashed.Network.World\NexusUnleashed.Network.World.Chat.Model\ChatFormatArchiveArticle.cs
NexusUnleashed.Network.World\NexusUnleashed.Network.World.Chat.Model\ChatFormatItemFull.cs	NexusUnleashed.Network.World	C-LINEAGE	66	NexusUnleashed.Network.World\NexusUnleashed.Network.World.Chat.Model\ChatFormatItemFull.cs
NexusUnleashed.Network.World\NexusUnleashed.Network.World.Chat.Model\ChatFormatItemGuid.cs	NexusUnleashed.Network.World	C-LINEAGE	16	NexusUnleashed.Network.World\NexusUnleashed.Network.World.Chat.Model\ChatFormatItemGuid.cs
NexusUnleashed.Network.World\NexusUnleashed.Network.World.Chat.Model\ChatFormatItemId.cs	NexusUnleashed.Network.World	C-LINEAGE	16	NexusUnleashed.Network.World\NexusUnleashed.Network.World.Chat.Model\ChatFormatItemId.cs
NexusUnleashed.Network.World\NexusUnleashed.Network.World.Chat.Model\ChatFormatLoot.cs	NexusUnleashed.Network.World	C-LINEAGE	16	NexusUnleashed.Network.World\NexusUnleashed.Network.World.Chat.Model\ChatFormatLoot.cs
NexusUnleashed.Network.World\NexusUnleashed.Network.World.Chat.Model\ChatFormatNavPoint.cs	NexusUnleashed.Network.World	C-LINEAGE	22	NexusUnleashed.Network.World\NexusUnleashed.Network.World.Chat.Model\ChatFormatNavPoint.cs
NexusUnleashed.Network.World\NexusUnleashed.Network.World.Chat.Model\ChatFormatProfanity.cs	NexusUnleashed.Network.World	C-LINEAGE	16	NexusUnleashed.Network.World\NexusUnleashed.Network.World.Chat.Model\ChatFormatProfanity.cs
NexusUnleashed.Network.World\NexusUnleashed.Network.World.Chat.Model\ChatFormatQuestId.cs	NexusUnleashed.Network.World	C-LINEAGE	16	NexusUnleashed.Network.World\NexusUnleashed.Network.World.Chat.Model\ChatFormatQuestId.cs
NexusUnleashed.Network.World\NexusUnleashed.Network.World.Chat.Model\ChatFormatRoleplay.cs	NexusUnleashed.Network.World	C-LINEAGE	16	NexusUnleashed.Network.World\NexusUnleashed.Network.World.Chat.Model\ChatFormatRoleplay.cs
NexusUnleashed.Network.World\NexusUnleashed.Network.World.Chat\ChatFormatModelFactory.cs	NexusUnleashed.Network.World	C-LINEAGE	16	NexusUnleashed.Network.World\NexusUnleashed.Network.World.Chat\ChatFormatModelFactory.cs
NexusUnleashed.Network.World\NexusUnleashed.Network.World.Chat\IChatFormatModel.cs	NexusUnleashed.Network.World	C-LINEAGE	7	NexusUnleashed.Network.World\NexusUnleashed.Network.World.Chat\IChatFormatModel.cs
NexusUnleashed.Network.World\NexusUnleashed.Network.World.Chat\IChatFormatModelFactory.cs	NexusUnleashed.Network.World	C-LINEAGE	6	NexusUnleashed.Network.World\NexusUnleashed.Network.World.Chat\IChatFormatModelFactory.cs
NexusUnleashed.Network.World\NexusUnleashed.Network.World.Chat\ServiceCollectionExtensions.cs	NexusUnleashed.Network.World	C-LINEAGE	25	NexusUnleashed.Network.World\NexusUnleashed.Network.World.Chat\ServiceCollectionExtensions.cs
NexusUnleashed.Network.World\NexusUnleashed.Network.World.Combat\CombatLogAbsorption.cs	NexusUnleashed.Network.World	C-LINEAGE	14	NexusUnleashed.Network.World\NexusUnleashed.Network.World.Combat\CombatLogAbsorption.cs
NexusUnleashed.Network.World\NexusUnleashed.Network.World.Combat\CombatLogBuildSwitch.cs	NexusUnleashed.Network.World	C-LINEAGE	14	NexusUnleashed.Network.World\NexusUnleashed.Network.World.Combat\CombatLogBuildSwitch.cs
NexusUnleashed.Network.World\NexusUnleashed.Network.World.Combat\CombatLogCCState.cs	NexusUnleashed.Network.World	C-LINEAGE	23	NexusUnleashed.Network.World\NexusUnleashed.Network.World.Combat\CombatLogCCState.cs
NexusUnleashed.Network.World\NexusUnleashed.Network.World.Combat\CombatLogCCStateBreak.cs	NexusUnleashed.Network.World	C-LINEAGE	15	NexusUnleashed.Network.World\NexusUnleashed.Network.World.Combat\CombatLogCCStateBreak.cs
NexusUnleashed.Network.World\NexusUnleashed.Network.World.Combat\CombatLogCastData.cs	NexusUnleashed.Network.World	C-LINEAGE	17	NexusUnleashed.Network.World\NexusUnleashed.Network.World.Combat\CombatLogCastData.cs
NexusUnleashed.Network.World\NexusUnleashed.Network.World.Combat\CombatLogCrafting.cs	NexusUnleashed.Network.World	C-LINEAGE	14	NexusUnleashed.Network.World\NexusUnleashed.Network.World.Combat\CombatLogCrafting.cs
NexusUnleashed.Network.World\NexusUnleashed.Network.World.Combat\CombatLogDamage.cs	NexusUnleashed.Network.World	C-LINEAGE	35	NexusUnleashed.Network.World\NexusUnleashed.Network.World.Combat\CombatLogDamage.cs
NexusUnleashed.Network.World\NexusUnleashed.Network.World.Combat\CombatLogDamageShield.cs	NexusUnleashed.Network.World	C-LINEAGE	6	NexusUnleashed.Network.World\NexusUnleashed.Network.World.Combat\CombatLogDamageShield.cs
NexusUnleashed.Network.World\NexusUnleashed.Network.World.Combat\CombatLogDatacube.cs	NexusUnleashed.Network.World	C-LINEAGE	17	NexusUnleashed.Network.World\NexusUnleashed.Network.World.Combat\CombatLogDatacube.cs
NexusUnleashed.Network.World\NexusUnleashed.Network.World.Combat\CombatLogDeath.cs	NexusUnleashed.Network.World	C-LINEAGE	12	NexusUnleashed.Network.World\NexusUnleashed.Network.World.Combat\CombatLogDeath.cs
NexusUnleashed.Network.World\NexusUnleashed.Network.World.Combat\CombatLogDeflect.cs	NexusUnleashed.Network.World	C-LINEAGE	14	NexusUnleashed.Network.World\NexusUnleashed.Network.World.Combat\CombatLogDeflect.cs
NexusUnleashed.Network.World\NexusUnleashed.Network.World.Combat\CombatLogDelayDeath.cs	NexusUnleashed.Network.World	C-LINEAGE	12	NexusUnleashed.Network.World\NexusUnleashed.Network.World.Combat\CombatLogDelayDeath.cs
NexusUnleashed.Network.World\NexusUnleashed.Network.World.Combat\CombatLogDispel.cs	NexusUnleashed.Network.World	C-LINEAGE	16	NexusUnleashed.Network.World\NexusUnleashed.Network.World.Combat\CombatLogDispel.cs
NexusUnleashed.Network.World\NexusUnleashed.Network.World.Combat\CombatLogDurabilityLoss.cs	NexusUnleashed.Network.World	C-LINEAGE	14	NexusUnleashed.Network.World\NexusUnleashed.Network.World.Combat\CombatLogDurabilityLoss.cs
NexusUnleashed.Network.World\NexusUnleashed.Network.World.Combat\CombatLogExperience.cs	NexusUnleashed.Network.World	C-LINEAGE	20	NexusUnleashed.Network.World\NexusUnleashed.Network.World.Combat\CombatLogExperience.cs
NexusUnleashed.Network.World\NexusUnleashed.Network.World.Combat\CombatLogFallingDamage.cs	NexusUnleashed.Network.World	C-LINEAGE	14	NexusUnleashed.Network.World\NexusUnleashed.Network.World.Combat\CombatLogFallingDamage.cs
NexusUnleashed.Network.World\NexusUnleashed.Network.World.Combat\CombatLogHeal.cs	NexusUnleashed.Network.World	C-LINEAGE	21	NexusUnleashed.Network.World\NexusUnleashed.Network.World.Combat\CombatLogHeal.cs
NexusUnleashed.Network.World\NexusUnleashed.Network.World.Combat\CombatLogHealingAbsorption.cs	NexusUnleashed.Network.World	C-LINEAGE	12	NexusUnleashed.Network.World\NexusUnleashed.Network.World.Combat\CombatLogHealingAbsorption.cs
NexusUnleashed.Network.World\NexusUnleashed.Network.World.Combat\CombatLogImmune.cs	NexusUnleashed.Network.World	C-LINEAGE	12	NexusUnleashed.Network.World\NexusUnleashed.Network.World.Combat\CombatLogImmune.cs
NexusUnleashed.Network.World\NexusUnleashed.Network.World.Combat\CombatLogInterrupted.cs	NexusUnleashed.Network.World	C-LINEAGE	17	NexusUnleashed.Network.World\NexusUnleashed.Network.World.Combat\CombatLogInterrupted.cs
NexusUnleashed.Network.World\NexusUnleashed.Network.World.Combat\CombatLogKillPvP.cs	NexusUnleashed.Network.World	C-LINEAGE	12	NexusUnleashed.Network.World\NexusUnleashed.Network.World.Combat\CombatLogKillPvP.cs
NexusUnleashed.Network.World\NexusUnleashed.Network.World.Combat\CombatLogKillStreak.cs	NexusUnleashed.Network.World	C-LINEAGE	16	NexusUnleashed.Network.World\NexusUnleashed.Network.World.Combat\CombatLogKillStreak.cs
NexusUnleashed.Network.World\NexusUnleashed.Network.World.Combat\CombatLogLAS.cs	NexusUnleashed.Network.World	C-LINEAGE	12	NexusUnleashed.Network.World\NexusUnleashed.Network.World.Combat\CombatLogLAS.cs
NexusUnleashed.Network.World\NexusUnleashed.Network.World.Combat\CombatLogLifesteal.cs	NexusUnleashed.Network.World	C-LINEAGE	16	NexusUnleashed.Network.World\NexusUnleashed.Network.World.Combat\CombatLogLifesteal.cs
NexusUnleashed.Network.World\NexusUnleashed.Network.World.Combat\CombatLogModifyInterruptArmor.cs	NexusUnleashed.Network.World	C-LINEAGE	14	NexusUnleashed.Network.World\NexusUnleashed.Network.World.Combat\CombatLogModifyInterruptArmor.cs
NexusUnleashed.Network.World\NexusUnleashed.Network.World.Combat\CombatLogModifying.cs	NexusUnleashed.Network.World	C-LINEAGE	18	NexusUnleashed.Network.World\NexusUnleashed.Network.World.Combat\CombatLogModifying.cs
NexusUnleashed.Network.World\NexusUnleashed.Network.World.Combat\CombatLogMount.cs	NexusUnleashed.Network.World	C-LINEAGE	14	NexusUnleashed.Network.World\NexusUnleashed.Network.World.Combat\CombatLogMount.cs
NexusUnleashed.Network.World\NexusUnleashed.Network.World.Combat\CombatLogMultiHeal.cs	NexusUnleashed.Network.World	C-LINEAGE	21	NexusUnleashed.Network.World\NexusUnleashed.Network.World.Combat\CombatLogMultiHeal.cs
NexusUnleashed.Network.World\NexusUnleashed.Network.World.Combat\CombatLogMultiHit.cs	NexusUnleashed.Network.World	C-LINEAGE	35	NexusUnleashed.Network.World\NexusUnleashed.Network.World.Combat\CombatLogMultiHit.cs
NexusUnleashed.Network.World\NexusUnleashed.Network.World.Combat\CombatLogMultiHitShields.cs	NexusUnleashed.Network.World	C-LINEAGE	35	NexusUnleashed.Network.World\NexusUnleashed.Network.World.Combat\CombatLogMultiHitShields.cs
NexusUnleashed.Network.World\NexusUnleashed.Network.World.Combat\CombatLogPet.cs	NexusUnleashed.Network.World	C-LINEAGE	16	NexusUnleashed.Network.World\NexusUnleashed.Network.World.Combat\CombatLogPet.cs
NexusUnleashed.Network.World\NexusUnleashed.Network.World.Combat\CombatLogReflect.cs	NexusUnleashed.Network.World	C-LINEAGE	33	NexusUnleashed.Network.World\NexusUnleashed.Network.World.Combat\CombatLogReflect.cs
NexusUnleashed.Network.World\NexusUnleashed.Network.World.Combat\CombatLogResurrect.cs	NexusUnleashed.Network.World	C-LINEAGE	12	NexusUnleashed.Network.World\NexusUnleashed.Network.World.Combat\CombatLogResurrect.cs
NexusUnleashed.Network.World\NexusUnleashed.Network.World.Combat\CombatLogStealth.cs	NexusUnleashed.Network.World	C-LINEAGE	14	NexusUnleashed.Network.World\NexusUnleashed.Network.World.Combat\CombatLogStealth.cs
NexusUnleashed.Network.World\NexusUnleashed.Network.World.Combat\CombatLogTransference.cs	NexusUnleashed.Network.World	C-LINEAGE	49	NexusUnleashed.Network.World\NexusUnleashed.Network.World.Combat\CombatLogTransference.cs
NexusUnleashed.Network.World\NexusUnleashed.Network.World.Combat\CombatLogVitalModifier.cs	NexusUnleashed.Network.World	C-LINEAGE	19	NexusUnleashed.Network.World\NexusUnleashed.Network.World.Combat\CombatLogVitalModifier.cs
NexusUnleashed.Network.World\NexusUnleashed.Network.World.Combat\ICombatLog.cs	NexusUnleashed.Network.World	C-LINEAGE	7	NexusUnleashed.Network.World\NexusUnleashed.Network.World.Combat\ICombatLog.cs
NexusUnleashed.Network.World\NexusUnleashed.Network.World.Entity.Command\SetModeCommand.cs	NexusUnleashed.Network.World	C-LINEAGE	17	NexusUnleashed.Network.World\NexusUnleashed.Network.World.Entity.Command\SetModeCommand.cs
NexusUnleashed.Network.World\NexusUnleashed.Network.World.Entity.Command\SetModeDefaultCommand.cs	NexusUnleashed.Network.World	C-LINEAGE	16	NexusUnleashed.Network.World\NexusUnleashed.Network.World.Entity.Command\SetModeDefaultCommand.cs
NexusUnleashed.Network.World\NexusUnleashed.Network.World.Entity.Command\SetModeKeysCommand.cs	NexusUnleashed.Network.World	C-LINEAGE	38	NexusUnleashed.Network.World\NexusUnleashed.Network.World.Entity.Command\SetModeKeysCommand.cs
NexusUnleashed.Network.World\NexusUnleashed.Network.World.Entity.Command\SetMoveCommand.cs	NexusUnleashed.Network.World	C-LINEAGE	20	NexusUnleashed.Network.World\NexusUnleashed.Network.World.Entity.Command\SetMoveCommand.cs
NexusUnleashed.Network.World\NexusUnleashed.Network.World.Entity.Command\SetMoveDefaultsCommand.cs	NexusUnleashed.Network.World	C-LINEAGE	16	NexusUnleashed.Network.World\NexusUnleashed.Network.World.Entity.Command\SetMoveDefaultsCommand.cs
NexusUnleashed.Network.World\NexusUnleashed.Network.World.Entity.Command\SetMoveKeysCommand.cs	NexusUnleashed.Network.World	C-LINEAGE	41	NexusUnleashed.Network.World\NexusUnleashed.Network.World.Entity.Command\SetMoveKeysCommand.cs
NexusUnleashed.Network.World\NexusUnleashed.Network.World.Entity.Command\SetPlatformCommand.cs	NexusUnleashed.Network.World	C-LINEAGE	16	NexusUnleashed.Network.World\NexusUnleashed.Network.World.Entity.Command\SetPlatformCommand.cs
NexusUnleashed.Network.World\NexusUnleashed.Network.World.Entity.Command\SetPositionCommand.cs	NexusUnleashed.Network.World	C-LINEAGE	20	NexusUnleashed.Network.World\NexusUnleashed.Network.World.Entity.Command\SetPositionCommand.cs
NexusUnleashed.Network.World\NexusUnleashed.Network.World.Entity.Command\SetPositionKeysCommand.cs	NexusUnleashed.Network.World	C-LINEAGE	41	NexusUnleashed.Network.World\NexusUnleashed.Network.World.Entity.Command\SetPositionKeysCommand.cs
NexusUnleashed.Network.World\NexusUnleashed.Network.World.Entity.Command\SetPositionMultiSplineCommand.cs	NexusUnleashed.Network.World	C-LINEAGE	57	NexusUnleashed.Network.World\NexusUnleashed.Network.World.Entity.Command\SetPositionMultiSplineCommand.cs
NexusUnleashed.Network.World\NexusUnleashed.Network.World.Entity.Command\SetPositionPathCommand.cs	NexusUnleashed.Network.World	C-LINEAGE	39	NexusUnleashed.Network.World\NexusUnleashed.Network.World.Entity.Command\SetPositionPathCommand.cs
NexusUnleashed.Network.World\NexusUnleashed.Network.World.Entity.Command\SetPositionProjectileCommand.cs	NexusUnleashed.Network.World	C-LINEAGE	32	NexusUnleashed.Network.World\NexusUnleashed.Network.World.Entity.Command\SetPositionProjectileCommand.cs
NexusUnleashed.Network.World\NexusUnleashed.Network.World.Entity.Command\SetPositionSplineCommand.cs	NexusUnleashed.Network.World	C-LINEAGE	42	NexusUnleashed.Network.World\NexusUnleashed.Network.World.Entity.Command\SetPositionSplineCommand.cs
NexusUnleashed.Network.World\NexusUnleashed.Network.World.Entity.Command\SetRotationCommand.cs	NexusUnleashed.Network.World	C-LINEAGE	20	NexusUnleashed.Network.World\NexusUnleashed.Network.World.Entity.Command\SetRotationCommand.cs
NexusUnleashed.Network.World\NexusUnleashed.Network.World.Entity.Command\SetRotationDefaultsCommand.cs	NexusUnleashed.Network.World	C-LINEAGE	16	NexusUnleashed.Network.World\NexusUnleashed.Network.World.Entity.Command\SetRotationDefaultsCommand.cs
NexusUnleashed.Network.World\NexusUnleashed.Network.World.Entity.Command\SetRotationFacePositionCommand.cs	NexusUnleashed.Network.World	C-LINEAGE	20	NexusUnleashed.Network.World\NexusUnleashed.Network.World.Entity.Command\SetRotationFacePositionCommand.cs
NexusUnleashed.Network.World\NexusUnleashed.Network.World.Entity.Command\SetRotationFaceUnitCommand.cs	NexusUnleashed.Network.World	C-LINEAGE	19	NexusUnleashed.Network.World\NexusUnleashed.Network.World.Entity.Command\SetRotationFaceUnitCommand.cs
NexusUnleashed.Network.World\NexusUnleashed.Network.World.Entity.Command\SetRotationKeysCommand.cs	NexusUnleashed.Network.World	C-LINEAGE	41	NexusUnleashed.Network.World\NexusUnleashed.Network.World.Entity.Command\SetRotationKeysCommand.cs
NexusUnleashed.Network.World\NexusUnleashed.Network.World.Entity.Command\SetRotationMultiSplineCommand.cs	NexusUnleashed.Network.World	C-LINEAGE	49	NexusUnleashed.Network.World\NexusUnleashed.Network.World.Entity.Command\SetRotationMultiSplineCommand.cs
NexusUnleashed.Network.World\NexusUnleashed.Network.World.Entity.Command\SetRotationSpinCommand.cs	NexusUnleashed.Network.World	C-LINEAGE	29	NexusUnleashed.Network.World\NexusUnleashed.Network.World.Entity.Command\SetRotationSpinCommand.cs
NexusUnleashed.Network.World\NexusUnleashed.Network.World.Entity.Command\SetRotationSplineCommand.cs	NexusUnleashed.Network.World	C-LINEAGE	34	NexusUnleashed.Network.World\NexusUnleashed.Network.World.Entity.Command\SetRotationSplineCommand.cs
NexusUnleashed.Network.World\NexusUnleashed.Network.World.Entity.Command\SetScaleCommand.cs	NexusUnleashed.Network.World	C-LINEAGE	19	NexusUnleashed.Network.World\NexusUnleashed.Network.World.Entity.Command\SetScaleCommand.cs
NexusUnleashed.Network.World\NexusUnleashed.Network.World.Entity.Command\SetScaleKeysCommand.cs	NexusUnleashed.Network.World	C-LINEAGE	43	NexusUnleashed.Network.World\NexusUnleashed.Network.World.Entity.Command\SetScaleKeysCommand.cs
NexusUnleashed.Network.World\NexusUnleashed.Network.World.Entity.Command\SetStateCommand.cs	NexusUnleashed.Network.World	C-LINEAGE	17	NexusUnleashed.Network.World\NexusUnleashed.Network.World.Entity.Command\SetStateCommand.cs
NexusUnleashed.Network.World\NexusUnleashed.Network.World.Entity.Command\SetStateDefaultCommand.cs	NexusUnleashed.Network.World	C-LINEAGE	16	NexusUnleashed.Network.World\NexusUnleashed.Network.World.Entity.Command\SetStateDefaultCommand.cs
NexusUnleashed.Network.World\NexusUnleashed.Network.World.Entity.Command\SetStateKeysCommand.cs	NexusUnleashed.Network.World	C-LINEAGE	38	NexusUnleashed.Network.World\NexusUnleashed.Network.World.Entity.Command\SetStateKeysCommand.cs
NexusUnleashed.Network.World\NexusUnleashed.Network.World.Entity.Command\SetTimeCommand.cs	NexusUnleashed.Network.World	C-LINEAGE	16	NexusUnleashed.Network.World\NexusUnleashed.Network.World.Entity.Command\SetTimeCommand.cs
NexusUnleashed.Network.World\NexusUnleashed.Network.World.Entity.Command\SetVelocityCommand.cs	NexusUnleashed.Network.World	C-LINEAGE	20	NexusUnleashed.Network.World\NexusUnleashed.Network.World.Entity.Command\SetVelocityCommand.cs
NexusUnleashed.Network.World\NexusUnleashed.Network.World.Entity.Command\SetVelocityDefaultsCommand.cs	NexusUnleashed.Network.World	C-LINEAGE	16	NexusUnleashed.Network.World\NexusUnleashed.Network.World.Entity.Command\SetVelocityDefaultsCommand.cs
NexusUnleashed.Network.World\NexusUnleashed.Network.World.Entity.Command\SetVelocityKeysCommand.cs	NexusUnleashed.Network.World	C-LINEAGE	44	NexusUnleashed.Network.World\NexusUnleashed.Network.World.Entity.Command\SetVelocityKeysCommand.cs
NexusUnleashed.Network.World\NexusUnleashed.Network.World.Entity.Model\AiTurretEntityModel.cs	NexusUnleashed.Network.World	C-LINEAGE	12	NexusUnleashed.Network.World\NexusUnleashed.Network.World.Entity.Model\AiTurretEntityModel.cs
NexusUnleashed.Network.World\NexusUnleashed.Network.World.Entity.Model\BindpointEntityModel.cs	NexusUnleashed.Network.World	C-LINEAGE	10	NexusUnleashed.Network.World\NexusUnleashed.Network.World.Entity.Model\BindpointEntityModel.cs
NexusUnleashed.Network.World\NexusUnleashed.Network.World.Entity.Model\CameraEntityModel.cs	NexusUnleashed.Network.World	C-LINEAGE	10	NexusUnleashed.Network.World\NexusUnleashed.Network.World.Entity.Model\CameraEntityModel.cs
NexusUnleashed.Network.World\NexusUnleashed.Network.World.Entity.Model\ChestEntityModel.cs	NexusUnleashed.Network.World	C-LINEAGE	10	NexusUnleashed.Network.World\NexusUnleashed.Network.World.Entity.Model\ChestEntityModel.cs
NexusUnleashed.Network.World\NexusUnleashed.Network.World.Entity.Model\CollectableUnitEntityModel.cs	NexusUnleashed.Network.World	C-LINEAGE	12	NexusUnleashed.Network.World\NexusUnleashed.Network.World.Entity.Model\CollectableUnitEntityModel.cs
NexusUnleashed.Network.World\NexusUnleashed.Network.World.Entity.Model\CorpseEntityModel.cs	NexusUnleashed.Network.World	C-LINEAGE	10	NexusUnleashed.Network.World\NexusUnleashed.Network.World.Entity.Model\CorpseEntityModel.cs
NexusUnleashed.Network.World\NexusUnleashed.Network.World.Entity.Model\DestructibleDoorEntityModel.cs	NexusUnleashed.Network.World	C-LINEAGE	10	NexusUnleashed.Network.World\NexusUnleashed.Network.World.Entity.Model\DestructibleDoorEntityModel.cs
NexusUnleashed.Network.World\NexusUnleashed.Network.World.Entity.Model\DestructibleEntityModel.cs	NexusUnleashed.Network.World	C-LINEAGE	10	NexusUnleashed.Network.World\NexusUnleashed.Network.World.Entity.Model\DestructibleEntityModel.cs
NexusUnleashed.Network.World\NexusUnleashed.Network.World.Entity.Model\DoorEntityModel.cs	NexusUnleashed.Network.World	C-LINEAGE	10	NexusUnleashed.Network.World\NexusUnleashed.Network.World.Entity.Model\DoorEntityModel.cs
NexusUnleashed.Network.World\NexusUnleashed.Network.World.Entity.Model\EsperPetEntityModel.cs	NexusUnleashed.Network.World	C-LINEAGE	14	NexusUnleashed.Network.World\NexusUnleashed.Network.World.Entity.Model\EsperPetEntityModel.cs
NexusUnleashed.Network.World\NexusUnleashed.Network.World.Entity.Model\GhostEntityModel.cs	NexusUnleashed.Network.World	C-LINEAGE	43	NexusUnleashed.Network.World\NexusUnleashed.Network.World.Entity.Model\GhostEntityModel.cs
NexusUnleashed.Network.World\NexusUnleashed.Network.World.Entity.Model\HarvestUnitEntityModel.cs	NexusUnleashed.Network.World	C-LINEAGE	10	NexusUnleashed.Network.World\NexusUnleashed.Network.World.Entity.Model\HarvestUnitEntityModel.cs
NexusUnleashed.Network.World\NexusUnleashed.Network.World.Entity.Model\HiddenEntityModel.cs	NexusUnleashed.Network.World	C-LINEAGE	10	NexusUnleashed.Network.World\NexusUnleashed.Network.World.Entity.Model\HiddenEntityModel.cs
NexusUnleashed.Network.World\NexusUnleashed.Network.World.Entity.Model\HousingHarvestPlugEntityModel.cs	NexusUnleashed.Network.World	C-LINEAGE	12	NexusUnleashed.Network.World\NexusUnleashed.Network.World.Entity.Model\HousingHarvestPlugEntityModel.cs
NexusUnleashed.Network.World\NexusUnleashed.Network.World.Entity.Model\HousingMannequinEntityModel.cs	NexusUnleashed.Network.World	C-LINEAGE	10	NexusUnleashed.Network.World\NexusUnleashed.Network.World.Entity.Model\HousingMannequinEntityModel.cs
NexusUnleashed.Network.World\NexusUnleashed.Network.World.Entity.Model\HousingPlantEntityModel.cs	NexusUnleashed.Network.World	C-LINEAGE	12	NexusUnleashed.Network.World\NexusUnleashed.Network.World.Entity.Model\HousingPlantEntityModel.cs
NexusUnleashed.Network.World\NexusUnleashed.Network.World.Entity.Model\InstancePortalEntityModel.cs	NexusUnleashed.Network.World	C-LINEAGE	12	NexusUnleashed.Network.World\NexusUnleashed.Network.World.Entity.Model\InstancePortalEntityModel.cs
NexusUnleashed.Network.World\NexusUnleashed.Network.World.Entity.Model\LockboxEntityModel.cs	NexusUnleashed.Network.World	C-LINEAGE	25	NexusUnleashed.Network.World\NexusUnleashed.Network.World.Entity.Model\LockboxEntityModel.cs
NexusUnleashed.Network.World\NexusUnleashed.Network.World.Entity.Model\MailboxEntityModel.cs	NexusUnleashed.Network.World	C-LINEAGE	10	NexusUnleashed.Network.World\NexusUnleashed.Network.World.Entity.Model\MailboxEntityModel.cs
NexusUnleashed.Network.World\NexusUnleashed.Network.World.Entity.Model\MountEntityModel.cs	NexusUnleashed.Network.World	C-LINEAGE	22	NexusUnleashed.Network.World\NexusUnleashed.Network.World.Entity.Model\MountEntityModel.cs
NexusUnleashed.Network.World\NexusUnleashed.Network.World.Entity.Model\NonPlayerEntityModel.cs	NexusUnleashed.Network.World	C-LINEAGE	12	NexusUnleashed.Network.World\NexusUnleashed.Network.World.Entity.Model\NonPlayerEntityModel.cs
NexusUnleashed.Network.World\NexusUnleashed.Network.World.Entity.Model\PetEntityModel.cs	NexusUnleashed.Network.World	C-LINEAGE	16	NexusUnleashed.Network.World\NexusUnleashed.Network.World.Entity.Model\PetEntityModel.cs
NexusUnleashed.Network.World\NexusUnleashed.Network.World.Entity.Model\PickupEntityModel.cs	NexusUnleashed.Network.World	C-LINEAGE	14	NexusUnleashed.Network.World\NexusUnleashed.Network.World.Entity.Model\PickupEntityModel.cs
NexusUnleashed.Network.World\NexusUnleashed.Network.World.Entity.Model\PinataLootEntityModel.cs	NexusUnleashed.Network.World	C-LINEAGE	16	NexusUnleashed.Network.World\NexusUnleashed.Network.World.Entity.Model\PinataLootEntityModel.cs
NexusUnleashed.Network.World\NexusUnleashed.Network.World.Entity.Model\PlatformEntityModel.cs	NexusUnleashed.Network.World	C-LINEAGE	12	NexusUnleashed.Network.World\NexusUnleashed.Network.World.Entity.Model\PlatformEntityModel.cs
NexusUnleashed.Network.World\NexusUnleashed.Network.World.Entity.Model\PlayerEntityModel.cs	NexusUnleashed.Network.World	C-LINEAGE	53	NexusUnleashed.Network.World\NexusUnleashed.Network.World.Entity.Model\PlayerEntityModel.cs
NexusUnleashed.Network.World\NexusUnleashed.Network.World.Entity.Model\PlugModel.cs	NexusUnleashed.Network.World	C-LINEAGE	14	NexusUnleashed.Network.World\NexusUnleashed.Network.World.Entity.Model\PlugModel.cs
NexusUnleashed.Network.World\NexusUnleashed.Network.World.Entity.Model\ResidenceEntityModel.cs	NexusUnleashed.Network.World	C-LINEAGE	10	NexusUnleashed.Network.World\NexusUnleashed.Network.World.Entity.Model\ResidenceEntityModel.cs
NexusUnleashed.Network.World\NexusUnleashed.Network.World.Entity.Model\ScannerUnitEntityModel.cs	NexusUnleashed.Network.World	C-LINEAGE	14	NexusUnleashed.Network.World\NexusUnleashed.Network.World.Entity.Model\ScannerUnitEntityModel.cs
NexusUnleashed.Network.World\NexusUnleashed.Network.World.Entity.Model\SimpleCollidableEntityModel.cs	NexusUnleashed.Network.World	C-LINEAGE	12	NexusUnleashed.Network.World\NexusUnleashed.Network.World.Entity.Model\SimpleCollidableEntityModel.cs
NexusUnleashed.Network.World\NexusUnleashed.Network.World.Entity.Model\SimpleEntityModel.cs	NexusUnleashed.Network.World	C-LINEAGE	12	NexusUnleashed.Network.World\NexusUnleashed.Network.World.Entity.Model\SimpleEntityModel.cs
NexusUnleashed.Network.World\NexusUnleashed.Network.World.Entity.Model\StructuredPlugEntityModel.cs	NexusUnleashed.Network.World	C-LINEAGE	14	NexusUnleashed.Network.World\NexusUnleashed.Network.World.Entity.Model\StructuredPlugEntityModel.cs
NexusUnleashed.Network.World\NexusUnleashed.Network.World.Entity.Model\TaxiEntityModel.cs	NexusUnleashed.Network.World	C-LINEAGE	33	NexusUnleashed.Network.World\NexusUnleashed.Network.World.Entity.Model\TaxiEntityModel.cs
NexusUnleashed.Network.World\NexusUnleashed.Network.World.Entity.Model\TrapEntityModel.cs	NexusUnleashed.Network.World	C-LINEAGE	12	NexusUnleashed.Network.World\NexusUnleashed.Network.World.Entity.Model\TrapEntityModel.cs
NexusUnleashed.Network.World\NexusUnleashed.Network.World.Entity.Model\TriggerEntityModel.cs	NexusUnleashed.Network.World	C-LINEAGE	31	NexusUnleashed.Network.World\NexusUnleashed.Network.World.Entity.Model\TriggerEntityModel.cs
NexusUnleashed.Network.World\NexusUnleashed.Network.World.Entity.Model\VehicleEntityModel.cs	NexusUnleashed.Network.World	C-LINEAGE	20	NexusUnleashed.Network.World\NexusUnleashed.Network.World.Entity.Model\VehicleEntityModel.cs
NexusUnleashed.Network.World\NexusUnleashed.Network.World.Entity.Model\WorldUnitEntityModel.cs	NexusUnleashed.Network.World	C-LINEAGE	10	NexusUnleashed.Network.World\NexusUnleashed.Network.World.Entity.Model\WorldUnitEntityModel.cs
NexusUnleashed.Network.World\NexusUnleashed.Network.World.Entity\EntityCommandManager.cs	NexusUnleashed.Network.World	C-LINEAGE	39	NexusUnleashed.Network.World\NexusUnleashed.Network.World.Entity\EntityCommandManager.cs
NexusUnleashed.Network.World\NexusUnleashed.Network.World.Entity\IEntityCommandManager.cs	NexusUnleashed.Network.World	C-LINEAGE	7	NexusUnleashed.Network.World\NexusUnleashed.Network.World.Entity\IEntityCommandManager.cs
NexusUnleashed.Network.World\NexusUnleashed.Network.World.Entity\IEntityCommandModel.cs	NexusUnleashed.Network.World	C-LINEAGE	5	NexusUnleashed.Network.World\NexusUnleashed.Network.World.Entity\IEntityCommandModel.cs
NexusUnleashed.Network.World\NexusUnleashed.Network.World.Entity\IEntityModel.cs	NexusUnleashed.Network.World	C-LINEAGE	5	NexusUnleashed.Network.World\NexusUnleashed.Network.World.Entity\IEntityModel.cs
NexusUnleashed.Network.World\NexusUnleashed.Network.World.Entity\INetworkEntityCommand.cs	NexusUnleashed.Network.World	C-LINEAGE	7	NexusUnleashed.Network.World\NexusUnleashed.Network.World.Entity\INetworkEntityCommand.cs
NexusUnleashed.Network.World\NexusUnleashed.Network.World.Entity\NetworkEntityCommand.cs	NexusUnleashed.Network.World	C-LINEAGE	7	NexusUnleashed.Network.World\NexusUnleashed.Network.World.Entity\NetworkEntityCommand.cs
NexusUnleashed.Network.World\NexusUnleashed.Network.World.Entity\Position.cs	NexusUnleashed.Network.World	C-LINEAGE	24	NexusUnleashed.Network.World\NexusUnleashed.Network.World.Entity\Position.cs
NexusUnleashed.Network.World\NexusUnleashed.Network.World.Message.AccountInventory\ClientAccountItemGiftByIdentity.cs	NexusUnleashed.Network.World	C-LINEAGE	14	NexusUnleashed.Network.World\NexusUnleashed.Network.World.Message.AccountInventory\ClientAccountItemGiftByIdentity.cs
NexusUnleashed.Network.World\NexusUnleashed.Network.World.Message.AccountInventory\ClientAccountItemGiftReturn.cs	NexusUnleashed.Network.World	C-LINEAGE	11	NexusUnleashed.Network.World\NexusUnleashed.Network.World.Message.AccountInventory\ClientAccountItemGiftReturn.cs
NexusUnleashed.Network.World\NexusUnleashed.Network.World.Message.AccountInventory\ClientAccountItemGiftToAccountFriend.cs	NexusUnleashed.Network.World	C-LINEAGE	18	NexusUnleashed.Network.World\NexusUnleashed.Network.World.Message.AccountInventory\ClientAccountItemGiftToAccountFriend.cs
NexusUnleashed.Network.World\NexusUnleashed.Network.World.Message.AccountInventory\ClientAccountItemTake.cs	NexusUnleashed.Network.World	C-LINEAGE	11	NexusUnleashed.Network.World\NexusUnleashed.Network.World.Message.AccountInventory\ClientAccountItemTake.cs
NexusUnleashed.Network.World\NexusUnleashed.Network.World.Message.AccountInventory\ClientCreddExchangeBuyOrderSubmit.cs	NexusUnleashed.Network.World	C-LINEAGE	13	NexusUnleashed.Network.World\NexusUnleashed.Network.World.Message.AccountInventory\ClientCreddExchangeBuyOrderSubmit.cs
NexusUnleashed.Network.World\NexusUnleashed.Network.World.Message.AccountInventory\ClientCreddExchangeInfoRequest.cs	NexusUnleashed.Network.World	C-LINEAGE	9	NexusUnleashed.Network.World\NexusUnleashed.Network.World.Message.AccountInventory\ClientCreddExchangeInfoRequest.cs
NexusUnleashed.Network.World\NexusUnleashed.Network.World.Message.AccountInventory\ClientCreddExchangeOrderCancel.cs	NexusUnleashed.Network.World	C-LINEAGE	14	NexusUnleashed.Network.World\NexusUnleashed.Network.World.Message.AccountInventory\ClientCreddExchangeOrderCancel.cs
NexusUnleashed.Network.World\NexusUnleashed.Network.World.Message.AccountInventory\ClientCreddExchangeSellOrderSubmit.cs	NexusUnleashed.Network.World	C-LINEAGE	16	NexusUnleashed.Network.World\NexusUnleashed.Network.World.Message.AccountInventory\ClientCreddExchangeSellOrderSubmit.cs
NexusUnleashed.Network.World\NexusUnleashed.Network.World.Message.AccountInventory\ClientCreddHistoryRequest.cs	NexusUnleashed.Network.World	C-LINEAGE	9	NexusUnleashed.Network.World\NexusUnleashed.Network.World.Message.AccountInventory\ClientCreddHistoryRequest.cs
NexusUnleashed.Network.World\NexusUnleashed.Network.World.Message.AccountInventory\ClientCreddRedeem.cs	NexusUnleashed.Network.World	C-LINEAGE	9	NexusUnleashed.Network.World\NexusUnleashed.Network.World.Message.AccountInventory\ClientCreddRedeem.cs
NexusUnleashed.Network.World\NexusUnleashed.Network.World.Message.AccountInventory\ClientDailyLoginRewardsRequest.cs	NexusUnleashed.Network.World	C-LINEAGE	9	NexusUnleashed.Network.World\NexusUnleashed.Network.World.Message.AccountInventory\ClientDailyLoginRewardsRequest.cs
NexusUnleashed.Network.World\NexusUnleashed.Network.World.Message.AccountInventory\ClientPendingAccountItemClaim.cs	NexusUnleashed.Network.World	C-LINEAGE	11	NexusUnleashed.Network.World\NexusUnleashed.Network.World.Message.AccountInventory\ClientPendingAccountItemClaim.cs
NexusUnleashed.Network.World\NexusUnleashed.Network.World.Message.AccountInventory\ClientPremiumLockboxKeyRequest.cs	NexusUnleashed.Network.World	C-LINEAGE	9	NexusUnleashed.Network.World\NexusUnleashed.Network.World.Message.AccountInventory\ClientPremiumLockboxKeyRequest.cs
NexusUnleashed.Network.World\NexusUnleashed.Network.World.Message.Model.Abilities\ClientAbilityBookActivateSpell.cs	NexusUnleashed.Network.World	C-LINEAGE	13	NexusUnleashed.Network.World\NexusUnleashed.Network.World.Message.Model.Abilities\ClientAbilityBookActivateSpell.cs
NexusUnleashed.Network.World\NexusUnleashed.Network.World.Message.Model.Abilities\ClientCommitAmpSpec.cs	NexusUnleashed.Network.World	C-LINEAGE	16	NexusUnleashed.Network.World\NexusUnleashed.Network.World.Message.Model.Abilities\ClientCommitAmpSpec.cs
NexusUnleashed.Network.World\NexusUnleashed.Network.World.Message.Model.Abilities\ClientNonSpellActionSetChanges.cs	NexusUnleashed.Network.World	C-LINEAGE	18	NexusUnleashed.Network.World\NexusUnleashed.Network.World.Message.Model.Abilities\ClientNonSpellActionSetChanges.cs
NexusUnleashed.Network.World\NexusUnleashed.Network.World.Message.Model.Abilities\ClientRequestActionSetChanges.cs	NexusUnleashed.Network.World	C-LINEAGE	42	NexusUnleashed.Network.World\NexusUnleashed.Network.World.Message.Model.Abilities\ClientRequestActionSetChanges.cs
NexusUnleashed.Network.World\NexusUnleashed.Network.World.Message.Model.Abilities\ClientRespecAmps.cs	NexusUnleashed.Network.World	C-LINEAGE	16	NexusUnleashed.Network.World\NexusUnleashed.Network.World.Message.Model.Abilities\ClientRespecAmps.cs
NexusUnleashed.Network.World\NexusUnleashed.Network.World.Message.Model.Abilities\ClientSetSpec.cs	NexusUnleashed.Network.World	C-LINEAGE	11	NexusUnleashed.Network.World\NexusUnleashed.Network.World.Message.Model.Abilities\ClientSetSpec.cs
NexusUnleashed.Network.World\NexusUnleashed.Network.World.Message.Model.Abilities\ClientSetStance.cs	NexusUnleashed.Network.World	C-LINEAGE	11	NexusUnleashed.Network.World\NexusUnleashed.Network.World.Message.Model.Abilities\ClientSetStance.cs
NexusUnleashed.Network.World\NexusUnleashed.Network.World.Message.Model.Abilities\ServerAbilityBook.cs	NexusUnleashed.Network.World	C-LINEAGE	28	NexusUnleashed.Network.World\NexusUnleashed.Network.World.Message.Model.Abilities\ServerAbilityBook.cs
NexusUnleashed.Network.World\NexusUnleashed.Network.World.Message.Model.Abilities\ServerAbilityPoints.cs	NexusUnleashed.Network.World	C-LINEAGE	13	NexusUnleashed.Network.World\NexusUnleashed.Network.World.Message.Model.Abilities\ServerAbilityPoints.cs
NexusUnleashed.Network.World\NexusUnleashed.Network.World.Message.Model.Abilities\ServerAbilityRemove.cs	NexusUnleashed.Network.World	C-LINEAGE	12	NexusUnleashed.Network.World\NexusUnleashed.Network.World.Message.Model.Abilities\ServerAbilityRemove.cs
NexusUnleashed.Network.World\NexusUnleashed.Network.World.Message.Model.Abilities\ServerActionSet.cs	NexusUnleashed.Network.World	C-LINEAGE	37	NexusUnleashed.Network.World\NexusUnleashed.Network.World.Message.Model.Abilities\ServerActionSet.cs
NexusUnleashed.Network.World\NexusUnleashed.Network.World.Message.Model.Abilities\ServerActionSetClearCache.cs	NexusUnleashed.Network.World	C-LINEAGE	11	NexusUnleashed.Network.World\NexusUnleashed.Network.World.Message.Model.Abilities\ServerActionSetClearCache.cs
NexusUnleashed.Network.World\NexusUnleashed.Network.World.Message.Model.Abilities\ServerAmpList.cs	NexusUnleashed.Network.World	C-LINEAGE	18	NexusUnleashed.Network.World\NexusUnleashed.Network.World.Message.Model.Abilities\ServerAmpList.cs
NexusUnleashed.Network.World\NexusUnleashed.Network.World.Message.Model.Abilities\ServerAmpPowerUpdate.cs	NexusUnleashed.Network.World	C-LINEAGE	11	NexusUnleashed.Network.World\NexusUnleashed.Network.World.Message.Model.Abilities\ServerAmpPowerUpdate.cs
NexusUnleashed.Network.World\NexusUnleashed.Network.World.Message.Model.Abilities\ServerAmpRespecResult.cs	NexusUnleashed.Network.World	C-LINEAGE	26	NexusUnleashed.Network.World\NexusUnleashed.Network.World.Message.Model.Abilities\ServerAmpRespecResult.cs
NexusUnleashed.Network.World\NexusUnleashed.Network.World.Message.Model.Abilities\ServerShowActionBar.cs	NexusUnleashed.Network.World	C-LINEAGE	16	NexusUnleashed.Network.World\NexusUnleashed.Network.World.Message.Model.Abilities\ServerShowActionBar.cs
NexusUnleashed.Network.World\NexusUnleashed.Network.World.Message.Model.Abilities\ServerSpecChanged.cs	NexusUnleashed.Network.World	C-LINEAGE	14	NexusUnleashed.Network.World\NexusUnleashed.Network.World.Message.Model.Abilities\ServerSpecChanged.cs
NexusUnleashed.Network.World\NexusUnleashed.Network.World.Message.Model.Abilities\ServerSpellUpdate.cs	NexusUnleashed.Network.World	C-LINEAGE	17	NexusUnleashed.Network.World\NexusUnleashed.Network.World.Message.Model.Abilities\ServerSpellUpdate.cs
NexusUnleashed.Network.World\NexusUnleashed.Network.World.Message.Model.Abilities\ServerStanceChanged.cs	NexusUnleashed.Network.World	C-LINEAGE	11	NexusUnleashed.Network.World\NexusUnleashed.Network.World.Message.Model.Abilities\ServerStanceChanged.cs
NexusUnleashed.Network.World\NexusUnleashed.Network.World.Message.Model.AccountInventory\AccountCurrency.cs	NexusUnleashed.Network.World	C-LINEAGE	13	NexusUnleashed.Network.World\NexusUnleashed.Network.World.Message.Model.AccountInventory\AccountCurrency.cs
NexusUnleashed.Network.World\NexusUnleashed.Network.World.Message.Model.AccountInventory\AccountInventoryItem.cs	NexusUnleashed.Network.World	C-LINEAGE	19	NexusUnleashed.Network.World\NexusUnleashed.Network.World.Message.Model.AccountInventory\AccountInventoryItem.cs
NexusUnleashed.Network.World\NexusUnleashed.Network.World.Message.Model.AccountInventory\AccountItemCooldown.cs	NexusUnleashed.Network.World	C-LINEAGE	12	NexusUnleashed.Network.World\NexusUnleashed.Network.World.Message.Model.AccountInventory\AccountItemCooldown.cs
NexusUnleashed.Network.World\NexusUnleashed.Network.World.Message.Model.AccountInventory\PendingAccountItem.cs	NexusUnleashed.Network.World	C-LINEAGE	29	NexusUnleashed.Network.World\NexusUnleashed.Network.World.Message.Model.AccountInventory\PendingAccountItem.cs
NexusUnleashed.Network.World\NexusUnleashed.Network.World.Message.Model.AccountInventory\ServerAccountCurrencies.cs	NexusUnleashed.Network.World	C-LINEAGE	16	NexusUnleashed.Network.World\NexusUnleashed.Network.World.Message.Model.AccountInventory\ServerAccountCurrencies.cs
NexusUnleashed.Network.World\NexusUnleashed.Network.World.Message.Model.AccountInventory\ServerAccountCurrencyGrant.cs	NexusUnleashed.Network.World	C-LINEAGE	17	NexusUnleashed.Network.World\NexusUnleashed.Network.World.Message.Model.AccountInventory\ServerAccountCurrencyGrant.cs
NexusUnleashed.Network.World\NexusUnleashed.Network.World.Message.Model.AccountInventory\ServerAccountEntitlement.cs	NexusUnleashed.Network.World	C-LINEAGE	14	NexusUnleashed.Network.World\NexusUnleashed.Network.World.Message.Model.AccountInventory\ServerAccountEntitlement.cs
NexusUnleashed.Network.World\NexusUnleashed.Network.World.Message.Model.AccountInventory\ServerAccountEntitlements.cs	NexusUnleashed.Network.World	C-LINEAGE	27	NexusUnleashed.Network.World\NexusUnleashed.Network.World.Message.Model.AccountInventory\ServerAccountEntitlements.cs
NexusUnleashed.Network.World\NexusUnleashed.Network.World.Message.Model.AccountInventory\ServerAccountItemAdd.cs	NexusUnleashed.Network.World	C-LINEAGE	11	NexusUnleashed.Network.World\NexusUnleashed.Network.World.Message.Model.AccountInventory\ServerAccountItemAdd.cs
NexusUnleashed.Network.World\NexusUnleashed.Network.World.Message.Model.AccountInventory\ServerAccountItemCooldownSet.cs	NexusUnleashed.Network.World	C-LINEAGE	11	NexusUnleashed.Network.World\NexusUnleashed.Network.World.Message.Model.AccountInventory\ServerAccountItemCooldownSet.cs
NexusUnleashed.Network.World\NexusUnleashed.Network.World.Message.Model.AccountInventory\ServerAccountItemCooldowns.cs	NexusUnleashed.Network.World	C-LINEAGE	16	NexusUnleashed.Network.World\NexusUnleashed.Network.World.Message.Model.AccountInventory\ServerAccountItemCooldowns.cs
NexusUnleashed.Network.World\NexusUnleashed.Network.World.Message.Model.AccountInventory\ServerAccountItemInProgressRemove.cs	NexusUnleashed.Network.World	C-LINEAGE	13	NexusUnleashed.Network.World\NexusUnleashed.Network.World.Message.Model.AccountInventory\ServerAccountItemInProgressRemove.cs
NexusUnleashed.Network.World\NexusUnleashed.Network.World.Message.Model.AccountInventory\ServerAccountItemInProgressUpdate.cs	NexusUnleashed.Network.World	C-LINEAGE	13	NexusUnleashed.Network.World\NexusUnleashed.Network.World.Message.Model.AccountInventory\ServerAccountItemInProgressUpdate.cs
NexusUnleashed.Network.World\NexusUnleashed.Network.World.Message.Model.AccountInventory\ServerAccountItemRemove.cs	NexusUnleashed.Network.World	C-LINEAGE	11	NexusUnleashed.Network.World\NexusUnleashed.Network.World.Message.Model.AccountInventory\ServerAccountItemRemove.cs
NexusUnleashed.Network.World\NexusUnleashed.Network.World.Message.Model.AccountInventory\ServerAccountItems.cs	NexusUnleashed.Network.World	C-LINEAGE	16	NexusUnleashed.Network.World\NexusUnleashed.Network.World.Message.Model.AccountInventory\ServerAccountItems.cs
NexusUnleashed.Network.World\NexusUnleashed.Network.World.Message.Model.AccountInventory\ServerAccountItemsInProgress.cs	NexusUnleashed.Network.World	C-LINEAGE	18	NexusUnleashed.Network.World\NexusUnleashed.Network.World.Message.Model.AccountInventory\ServerAccountItemsInProgress.cs
NexusUnleashed.Network.World\NexusUnleashed.Network.World.Message.Model.AccountInventory\ServerAccountOperationResult.cs	NexusUnleashed.Network.World	C-LINEAGE	14	NexusUnleashed.Network.World\NexusUnleashed.Network.World.Message.Model.AccountInventory\ServerAccountOperationResult.cs
NexusUnleashed.Network.World\NexusUnleashed.Network.World.Message.Model.AccountInventory\ServerAccountPrivilegeRestrictionUpdate.cs	NexusUnleashed.Network.World	C-LINEAGE	14	NexusUnleashed.Network.World\NexusUnleashed.Network.World.Message.Model.AccountInventory\ServerAccountPrivilegeRestrictionUpdate.cs
NexusUnleashed.Network.World\NexusUnleashed.Network.World.Message.Model.AccountInventory\ServerAccountTier.cs	NexusUnleashed.Network.World	C-LINEAGE	12	NexusUnleashed.Network.World\NexusUnleashed.Network.World.Message.Model.AccountInventory\ServerAccountTier.cs
NexusUnleashed.Network.World\NexusUnleashed.Network.World.Message.Model.AccountInventory\ServerCreddExchangeInfo.cs	NexusUnleashed.Network.World	C-LINEAGE	46	NexusUnleashed.Network.World\NexusUnleashed.Network.World.Message.Model.AccountInventory\ServerCreddExchangeInfo.cs
NexusUnleashed.Network.World\NexusUnleashed.Network.World.Message.Model.AccountInventory\ServerCreddOperationHistory.cs	NexusUnleashed.Network.World	C-LINEAGE	38	NexusUnleashed.Network.World\NexusUnleashed.Network.World.Message.Model.AccountInventory\ServerCreddOperationHistory.cs
NexusUnleashed.Network.World\NexusUnleashed.Network.World.Message.Model.AccountInventory\ServerCreddRedeemResult.cs	NexusUnleashed.Network.World	C-LINEAGE	12	NexusUnleashed.Network.World\NexusUnleashed.Network.World.Message.Model.AccountInventory\ServerCreddRedeemResult.cs
NexusUnleashed.Network.World\NexusUnleashed.Network.World.Message.Model.AccountInventory\ServerDailyLoginUpdate.cs	NexusUnleashed.Network.World	C-LINEAGE	24	NexusUnleashed.Network.World\NexusUnleashed.Network.World.Message.Model.AccountInventory\ServerDailyLoginUpdate.cs
NexusUnleashed.Network.World\NexusUnleashed.Network.World.Message.Model.AccountInventory\ServerOmnibitsWeeklyBonus.cs	NexusUnleashed.Network.World	C-LINEAGE	11	NexusUnleashed.Network.World\NexusUnleashed.Network.World.Message.Model.AccountInventory\ServerOmnibitsWeeklyBonus.cs
NexusUnleashed.Network.World\NexusUnleashed.Network.World.Message.Model.AccountInventory\ServerPendingAccountItemAdd.cs	NexusUnleashed.Network.World	C-LINEAGE	11	NexusUnleashed.Network.World\NexusUnleashed.Network.World.Message.Model.AccountInventory\ServerPendingAccountItemAdd.cs
NexusUnleashed.Network.World\NexusUnleashed.Network.World.Message.Model.AccountInventory\ServerPendingAccountItemGroupRemove.cs	NexusUnleashed.Network.World	C-LINEAGE	13	NexusUnleashed.Network.World\NexusUnleashed.Network.World.Message.Model.AccountInventory\ServerPendingAccountItemGroupRemove.cs
NexusUnleashed.Network.World\NexusUnleashed.Network.World.Message.Model.AccountInventory\ServerPendingAccountItemRemove.cs	NexusUnleashed.Network.World	C-LINEAGE	13	NexusUnleashed.Network.World\NexusUnleashed.Network.World.Message.Model.AccountInventory\ServerPendingAccountItemRemove.cs
NexusUnleashed.Network.World\NexusUnleashed.Network.World.Message.Model.AccountInventory\ServerPendingAccountItemsAdd.cs	NexusUnleashed.Network.World	C-LINEAGE	16	NexusUnleashed.Network.World\NexusUnleashed.Network.World.Message.Model.AccountInventory\ServerPendingAccountItemsAdd.cs
NexusUnleashed.Network.World\NexusUnleashed.Network.World.Message.Model.AccountInventory\ServerPendingAccountItemsClear.cs	NexusUnleashed.Network.World	C-LINEAGE	9	NexusUnleashed.Network.World\NexusUnleashed.Network.World.Message.Model.AccountInventory\ServerPendingAccountItemsClear.cs
NexusUnleashed.Network.World\NexusUnleashed.Network.World.Message.Model.Achievement\Achievement.cs	NexusUnleashed.Network.World	C-LINEAGE	16	NexusUnleashed.Network.World\NexusUnleashed.Network.World.Message.Model.Achievement\Achievement.cs
NexusUnleashed.Network.World\NexusUnleashed.Network.World.Message.Model.Achievement\ClientSteamAchievements.cs	NexusUnleashed.Network.World	C-LINEAGE	16	NexusUnleashed.Network.World\NexusUnleashed.Network.World.Message.Model.Achievement\ClientSteamAchievements.cs
NexusUnleashed.Network.World\NexusUnleashed.Network.World.Message.Model.Achievement\ServerAchievementInit.cs	NexusUnleashed.Network.World	C-LINEAGE	16	NexusUnleashed.Network.World\NexusUnleashed.Network.World.Message.Model.Achievement\ServerAchievementInit.cs
NexusUnleashed.Network.World\NexusUnleashed.Network.World.Message.Model.Achievement\ServerAchievementUpdate.cs	NexusUnleashed.Network.World	C-LINEAGE	18	NexusUnleashed.Network.World\NexusUnleashed.Network.World.Message.Model.Achievement\ServerAchievementUpdate.cs
NexusUnleashed.Network.World\NexusUnleashed.Network.World.Message.Model.Achievement\ServerRealmFirstAchievement.cs	NexusUnleashed.Network.World	C-LINEAGE	15	NexusUnleashed.Network.World\NexusUnleashed.Network.World.Message.Model.Achievement\ServerRealmFirstAchievement.cs
NexusUnleashed.Network.World\NexusUnleashed.Network.World.Message.Model.Challenges\ClientChallengeChoice.cs	NexusUnleashed.Network.World	C-LINEAGE	16	NexusUnleashed.Network.World\NexusUnleashed.Network.World.Message.Model.Challenges\ClientChallengeChoice.cs
NexusUnleashed.Network.World\NexusUnleashed.Network.World.Message.Model.Challenges\ServerChallengeResult.cs	NexusUnleashed.Network.World	C-LINEAGE	16	NexusUnleashed.Network.World\NexusUnleashed.Network.World.Message.Model.Challenges\ServerChallengeResult.cs
NexusUnleashed.Network.World\NexusUnleashed.Network.World.Message.Model.Challenges\ServerChallengeShareTimeout.cs	NexusUnleashed.Network.World	C-LINEAGE	11	NexusUnleashed.Network.World\NexusUnleashed.Network.World.Message.Model.Challenges\ServerChallengeShareTimeout.cs
NexusUnleashed.Network.World\NexusUnleashed.Network.World.Message.Model.Challenges\ServerChallengeShared.cs	NexusUnleashed.Network.World	C-LINEAGE	13	NexusUnleashed.Network.World\NexusUnleashed.Network.World.Message.Model.Challenges\ServerChallengeShared.cs
NexusUnleashed.Network.World\NexusUnleashed.Network.World.Message.Model.Challenges\ServerChallengeUpdate.cs	NexusUnleashed.Network.World	C-LINEAGE	71	NexusUnleashed.Network.World\NexusUnleashed.Network.World.Message.Model.Challenges\ServerChallengeUpdate.cs
NexusUnleashed.Network.World\NexusUnleashed.Network.World.Message.Model.Chat\Channel.cs	NexusUnleashed.Network.World	C-LINEAGE	18	NexusUnleashed.Network.World\NexusUnleashed.Network.World.Message.Model.Chat\Channel.cs
NexusUnleashed.Network.World\NexusUnleashed.Network.World.Message.Model.Chat\ChatClientFormat.cs	NexusUnleashed.Network.World	C-LINEAGE	24	NexusUnleashed.Network.World\NexusUnleashed.Network.World.Message.Model.Chat\ChatClientFormat.cs
NexusUnleashed.Network.World\NexusUnleashed.Network.World.Message.Model.Chat\ChatFormat.cs	NexusUnleashed.Network.World	C-LINEAGE	18	NexusUnleashed.Network.World\NexusUnleashed.Network.World.Message.Model.Chat\ChatFormat.cs
NexusUnleashed.Network.World\NexusUnleashed.Network.World.Message.Model.Chat\ClientChat.cs	NexusUnleashed.Network.World	C-LINEAGE	32	NexusUnleashed.Network.World\NexusUnleashed.Network.World.Message.Model.Chat\ClientChat.cs
NexusUnleashed.Network.World\NexusUnleashed.Network.World.Message.Model.Chat\ClientChatJoin.cs	NexusUnleashed.Network.World	C-LINEAGE	18	NexusUnleashed.Network.World\NexusUnleashed.Network.World.Message.Model.Chat\ClientChatJoin.cs
NexusUnleashed.Network.World\NexusUnleashed.Network.World.Message.Model.Chat\ClientChatKick.cs	NexusUnleashed.Network.World	C-LINEAGE	13	NexusUnleashed.Network.World\NexusUnleashed.Network.World.Message.Model.Chat\ClientChatKick.cs
NexusUnleashed.Network.World\NexusUnleashed.Network.World.Message.Model.Chat\ClientChatLeave.cs	NexusUnleashed.Network.World	C-LINEAGE	12	NexusUnleashed.Network.World\NexusUnleashed.Network.World.Message.Model.Chat\ClientChatLeave.cs
NexusUnleashed.Network.World\NexusUnleashed.Network.World.Message.Model.Chat\ClientChatList.cs	NexusUnleashed.Network.World	C-LINEAGE	12	NexusUnleashed.Network.World\NexusUnleashed.Network.World.Message.Model.Chat\ClientChatList.cs
NexusUnleashed.Network.World\NexusUnleashed.Network.World.Message.Model.Chat\ClientChatModerator.cs	NexusUnleashed.Network.World	C-LINEAGE	16	NexusUnleashed.Network.World\NexusUnleashed.Network.World.Message.Model.Chat\ClientChatModerator.cs
NexusUnleashed.Network.World\NexusUnleashed.Network.World.Message.Model.Chat\ClientChatMute.cs	NexusUnleashed.Network.World	C-LINEAGE	16	NexusUnleashed.Network.World\NexusUnleashed.Network.World.Message.Model.Chat\ClientChatMute.cs
NexusUnleashed.Network.World\NexusUnleashed.Network.World.Message.Model.Chat\ClientChatOwner.cs	NexusUnleashed.Network.World	C-LINEAGE	14	NexusUnleashed.Network.World\NexusUnleashed.Network.World.Message.Model.Chat\ClientChatOwner.cs
NexusUnleashed.Network.World\NexusUnleashed.Network.World.Message.Model.Chat\ClientChatPassword.cs	NexusUnleashed.Network.World	C-LINEAGE	14	NexusUnleashed.Network.World\NexusUnleashed.Network.World.Message.Model.Chat\ClientChatPassword.cs
NexusUnleashed.Network.World\NexusUnleashed.Network.World.Message.Model.Chat\ClientChatWhisper.cs	NexusUnleashed.Network.World	C-LINEAGE	35	NexusUnleashed.Network.World\NexusUnleashed.Network.World.Message.Model.Chat\ClientChatWhisper.cs
NexusUnleashed.Network.World\NexusUnleashed.Network.World.Message.Model.Chat\ServerChat.cs	NexusUnleashed.Network.World	C-LINEAGE	44	NexusUnleashed.Network.World\NexusUnleashed.Network.World.Message.Model.Chat\ServerChat.cs
NexusUnleashed.Network.World\NexusUnleashed.Network.World.Message.Model.Chat\ServerChatAccept.cs	NexusUnleashed.Network.World	C-LINEAGE	29	NexusUnleashed.Network.World\NexusUnleashed.Network.World.Message.Model.Chat\ServerChatAccept.cs
NexusUnleashed.Network.World\NexusUnleashed.Network.World.Message.Model.Chat\ServerChatAction.cs	NexusUnleashed.Network.World	C-LINEAGE	18	NexusUnleashed.Network.World\NexusUnleashed.Network.World.Message.Model.Chat\ServerChatAction.cs
NexusUnleashed.Network.World\NexusUnleashed.Network.World.Message.Model.Chat\ServerChatFlag.cs	NexusUnleashed.Network.World	C-LINEAGE	16	NexusUnleashed.Network.World\NexusUnleashed.Network.World.Message.Model.Chat\ServerChatFlag.cs
NexusUnleashed.Network.World\NexusUnleashed.Network.World.Message.Model.Chat\ServerChatJoin.cs	NexusUnleashed.Network.World	C-LINEAGE	20	NexusUnleashed.Network.World\NexusUnleashed.Network.World.Message.Model.Chat\ServerChatJoin.cs
NexusUnleashed.Network.World\NexusUnleashed.Network.World.Message.Model.Chat\ServerChatJoinResult.cs	NexusUnleashed.Network.World	C-LINEAGE	16	NexusUnleashed.Network.World\NexusUnleashed.Network.World.Message.Model.Chat\ServerChatJoinResult.cs
NexusUnleashed.Network.World\NexusUnleashed.Network.World.Message.Model.Chat\ServerChatLeave.cs	NexusUnleashed.Network.World	C-LINEAGE	14	NexusUnleashed.Network.World\NexusUnleashed.Network.World.Message.Model.Chat\ServerChatLeave.cs
NexusUnleashed.Network.World\NexusUnleashed.Network.World.Message.Model.Chat\ServerChatList.cs	NexusUnleashed.Network.World	C-LINEAGE	27	NexusUnleashed.Network.World\NexusUnleashed.Network.World.Message.Model.Chat\ServerChatList.cs
NexusUnleashed.Network.World\NexusUnleashed.Network.World.Message.Model.Chat\ServerChatNPC.cs	NexusUnleashed.Network.World	C-LINEAGE	15	NexusUnleashed.Network.World\NexusUnleashed.Network.World.Message.Model.Chat\ServerChatNPC.cs
NexusUnleashed.Network.World\NexusUnleashed.Network.World.Message.Model.Chat\ServerChatNPCCustom.cs	NexusUnleashed.Network.World	C-LINEAGE	15	NexusUnleashed.Network.World\NexusUnleashed.Network.World.Message.Model.Chat\ServerChatNPCCustom.cs
NexusUnleashed.Network.World\NexusUnleashed.Network.World.Message.Model.Chat\ServerChatResult.cs	NexusUnleashed.Network.World	C-LINEAGE	16	NexusUnleashed.Network.World\NexusUnleashed.Network.World.Message.Model.Chat\ServerChatResult.cs
NexusUnleashed.Network.World\NexusUnleashed.Network.World.Message.Model.Chat\ServerChatWhisperFail.cs	NexusUnleashed.Network.World	C-LINEAGE	15	NexusUnleashed.Network.World\NexusUnleashed.Network.World.Message.Model.Chat\ServerChatWhisperFail.cs
NexusUnleashed.Network.World\NexusUnleashed.Network.World.Message.Model.Chat\ServerChatZoneChange.cs	NexusUnleashed.Network.World	C-LINEAGE	11	NexusUnleashed.Network.World\NexusUnleashed.Network.World.Message.Model.Chat\ServerChatZoneChange.cs
NexusUnleashed.Network.World\NexusUnleashed.Network.World.Message.Model.Cinematic\ClientCinematicCameraSplineSubject.cs	NexusUnleashed.Network.World	C-LINEAGE	15	NexusUnleashed.Network.World\NexusUnleashed.Network.World.Message.Model.Cinematic\ClientCinematicCameraSplineSubject.cs
NexusUnleashed.Network.World\NexusUnleashed.Network.World.Message.Model.Cinematic\ClientCinematicCameraSubjectPosVel.cs	NexusUnleashed.Network.World	C-LINEAGE	15	NexusUnleashed.Network.World\NexusUnleashed.Network.World.Message.Model.Cinematic\ClientCinematicCameraSubjectPosVel.cs
NexusUnleashed.Network.World\NexusUnleashed.Network.World.Message.Model.Cinematic\ClientCinematicCameraSubjectUnit.cs	NexusUnleashed.Network.World	C-LINEAGE	11	NexusUnleashed.Network.World\NexusUnleashed.Network.World.Message.Model.Cinematic\ClientCinematicCameraSubjectUnit.cs
NexusUnleashed.Network.World\NexusUnleashed.Network.World.Message.Model.Cinematic\ClientCinematicState.cs	NexusUnleashed.Network.World	C-LINEAGE	14	NexusUnleashed.Network.World\NexusUnleashed.Network.World.Message.Model.Cinematic\ClientCinematicState.cs
NexusUnleashed.Network.World\NexusUnleashed.Network.World.Message.Model.Cinematic\ClientCinematicWhiteOutFinished.cs	NexusUnleashed.Network.World	C-LINEAGE	9	NexusUnleashed.Network.World\NexusUnleashed.Network.World.Message.Model.Cinematic\ClientCinematicWhiteOutFinished.cs
NexusUnleashed.Network.World\NexusUnleashed.Network.World.Message.Model.Cinematic\ServerCinematicActorAdd.cs	NexusUnleashed.Network.World	C-LINEAGE	30	NexusUnleashed.Network.World\NexusUnleashed.Network.World.Message.Model.Cinematic\ServerCinematicActorAdd.cs
NexusUnleashed.Network.World\NexusUnleashed.Network.World.Message.Model.Cinematic\ServerCinematicActorAngle.cs	NexusUnleashed.Network.World	C-LINEAGE	15	NexusUnleashed.Network.World\NexusUnleashed.Network.World.Message.Model.Cinematic\ServerCinematicActorAngle.cs
NexusUnleashed.Network.World\NexusUnleashed.Network.World.Message.Model.Cinematic\ServerCinematicActorMode.cs	NexusUnleashed.Network.World	C-LINEAGE	16	NexusUnleashed.Network.World\NexusUnleashed.Network.World.Message.Model.Cinematic\ServerCinematicActorMode.cs
NexusUnleashed.Network.World\NexusUnleashed.Network.World.Message.Model.Cinematic\ServerCinematicActorRemove.cs	NexusUnleashed.Network.World	C-LINEAGE	13	NexusUnleashed.Network.World\NexusUnleashed.Network.World.Message.Model.Cinematic\ServerCinematicActorRemove.cs
NexusUnleashed.Network.World\NexusUnleashed.Network.World.Message.Model.Cinematic\ServerCinematicActorSpline.cs	NexusUnleashed.Network.World	C-LINEAGE	23	NexusUnleashed.Network.World\NexusUnleashed.Network.World.Message.Model.Cinematic\ServerCinematicActorSpline.cs
NexusUnleashed.Network.World\NexusUnleashed.Network.World.Message.Model.Cinematic\ServerCinematicActorVisibility.cs	NexusUnleashed.Network.World	C-LINEAGE	17	NexusUnleashed.Network.World\NexusUnleashed.Network.World.Message.Model.Cinematic\ServerCinematicActorVisibility.cs
NexusUnleashed.Network.World\NexusUnleashed.Network.World.Message.Model.Cinematic\ServerCinematicAdvanceToEnding.cs	NexusUnleashed.Network.World	C-LINEAGE	11	NexusUnleashed.Network.World\NexusUnleashed.Network.World.Message.Model.Cinematic\ServerCinematicAdvanceToEnding.cs
NexusUnleashed.Network.World\NexusUnleashed.Network.World.Message.Model.Cinematic\ServerCinematicCamera.cs	NexusUnleashed.Network.World	C-LINEAGE	22	NexusUnleashed.Network.World\NexusUnleashed.Network.World.Message.Model.Cinematic\ServerCinematicCamera.cs
NexusUnleashed.Network.World\NexusUnleashed.Network.World.Message.Model.Cinematic\ServerCinematicCameraAttach.cs	NexusUnleashed.Network.World	C-LINEAGE	19	NexusUnleashed.Network.World\NexusUnleashed.Network.World.Message.Model.Cinematic\ServerCinematicCameraAttach.cs
NexusUnleashed.Network.World\NexusUnleashed.Network.World.Message.Model.Cinematic\ServerCinematicCameraPosVel.cs	NexusUnleashed.Network.World	C-LINEAGE	21	NexusUnleashed.Network.World\NexusUnleashed.Network.World.Message.Model.Cinematic\ServerCinematicCameraPosVel.cs
NexusUnleashed.Network.World\NexusUnleashed.Network.World.Message.Model.Cinematic\ServerCinematicCameraRotation.cs	NexusUnleashed.Network.World	C-LINEAGE	15	NexusUnleashed.Network.World\NexusUnleashed.Network.World.Message.Model.Cinematic\ServerCinematicCameraRotation.cs
NexusUnleashed.Network.World\NexusUnleashed.Network.World.Message.Model.Cinematic\ServerCinematicCameraSpline.cs	NexusUnleashed.Network.World	C-LINEAGE	21	NexusUnleashed.Network.World\NexusUnleashed.Network.World.Message.Model.Cinematic\ServerCinematicCameraSpline.cs
NexusUnleashed.Network.World\NexusUnleashed.Network.World.Message.Model.Cinematic\ServerCinematicCameraTransition.cs	NexusUnleashed.Network.World	C-LINEAGE	19	NexusUnleashed.Network.World\NexusUnleashed.Network.World.Message.Model.Cinematic\ServerCinematicCameraTransition.cs
NexusUnleashed.Network.World\NexusUnleashed.Network.World.Message.Model.Cinematic\ServerCinematicCameraUnit.cs	NexusUnleashed.Network.World	C-LINEAGE	15	NexusUnleashed.Network.World\NexusUnleashed.Network.World.Message.Model.Cinematic\ServerCinematicCameraUnit.cs
NexusUnleashed.Network.World\NexusUnleashed.Network.World.Message.Model.Cinematic\ServerCinematicComplete.cs	NexusUnleashed.Network.World	C-LINEAGE	9	NexusUnleashed.Network.World\NexusUnleashed.Network.World.Message.Model.Cinematic\ServerCinematicComplete.cs
NexusUnleashed.Network.World\NexusUnleashed.Network.World.Message.Model.Cinematic\ServerCinematicDelayFlag.cs	NexusUnleashed.Network.World	C-LINEAGE	13	NexusUnleashed.Network.World\NexusUnleashed.Network.World.Message.Model.Cinematic\ServerCinematicDelayFlag.cs
NexusUnleashed.Network.World\NexusUnleashed.Network.World.Message.Model.Cinematic\ServerCinematicEnd.cs	NexusUnleashed.Network.World	C-LINEAGE	15	NexusUnleashed.Network.World\NexusUnleashed.Network.World.Message.Model.Cinematic\ServerCinematicEnd.cs
NexusUnleashed.Network.World\NexusUnleashed.Network.World.Message.Model.Cinematic\ServerCinematicFlags.cs	NexusUnleashed.Network.World	C-LINEAGE	13	NexusUnleashed.Network.World\NexusUnleashed.Network.World.Message.Model.Cinematic\ServerCinematicFlags.cs
NexusUnleashed.Network.World\NexusUnleashed.Network.World.Message.Model.Cinematic\ServerCinematicFullScreenEffectAdd.cs	NexusUnleashed.Network.World	C-LINEAGE	13	NexusUnleashed.Network.World\NexusUnleashed.Network.World.Message.Model.Cinematic\ServerCinematicFullScreenEffectAdd.cs
NexusUnleashed.Network.World\NexusUnleashed.Network.World.Message.Model.Cinematic\ServerCinematicFullScreenEffectRemove.cs	NexusUnleashed.Network.World	C-LINEAGE	13	NexusUnleashed.Network.World\NexusUnleashed.Network.World.Message.Model.Cinematic\ServerCinematicFullScreenEffectRemove.cs
NexusUnleashed.Network.World\NexusUnleashed.Network.World.Message.Model.Cinematic\ServerCinematicMissileActorAdd.cs	NexusUnleashed.Network.World	C-LINEAGE	19	NexusUnleashed.Network.World\NexusUnleashed.Network.World.Message.Model.Cinematic\ServerCinematicMissileActorAdd.cs
NexusUnleashed.Network.World\NexusUnleashed.Network.World.Message.Model.Cinematic\ServerCinematicMissileActorRemove.cs	NexusUnleashed.Network.World	C-LINEAGE	13	NexusUnleashed.Network.World\NexusUnleashed.Network.World.Message.Model.Cinematic\ServerCinematicMissileActorRemove.cs
NexusUnleashed.Network.World\NexusUnleashed.Network.World.Message.Model.Cinematic\ServerCinematicNotify.cs	NexusUnleashed.Network.World	C-LINEAGE	18	NexusUnleashed.Network.World\NexusUnleashed.Network.World.Message.Model.Cinematic\ServerCinematicNotify.cs
NexusUnleashed.Network.World\NexusUnleashed.Network.World.Message.Model.Cinematic\ServerCinematicPlatformAdd.cs	NexusUnleashed.Network.World	C-LINEAGE	17	NexusUnleashed.Network.World\NexusUnleashed.Network.World.Message.Model.Cinematic\ServerCinematicPlatformAdd.cs
NexusUnleashed.Network.World\NexusUnleashed.Network.World.Message.Model.Cinematic\ServerCinematicPlatformDetachActor.cs	NexusUnleashed.Network.World	C-LINEAGE	13	NexusUnleashed.Network.World\NexusUnleashed.Network.World.Message.Model.Cinematic\ServerCinematicPlatformDetachActor.cs
NexusUnleashed.Network.World\NexusUnleashed.Network.World.Message.Model.Cinematic\ServerCinematicPlayerControl.cs	NexusUnleashed.Network.World	C-LINEAGE	13	NexusUnleashed.Network.World\NexusUnleashed.Network.World.Message.Model.Cinematic\ServerCinematicPlayerControl.cs
NexusUnleashed.Network.World\NexusUnleashed.Network.World.Message.Model.Cinematic\ServerCinematicSequenceOffset.cs	NexusUnleashed.Network.World	C-LINEAGE	11	NexusUnleashed.Network.World\NexusUnleashed.Network.World.Message.Model.Cinematic\ServerCinematicSequenceOffset.cs
NexusUnleashed.Network.World\NexusUnleashed.Network.World.Message.Model.Cinematic\ServerCinematicStart.cs	NexusUnleashed.Network.World	C-LINEAGE	15	NexusUnleashed.Network.World\NexusUnleashed.Network.World.Message.Model.Cinematic\ServerCinematicStart.cs
NexusUnleashed.Network.World\NexusUnleashed.Network.World.Message.Model.Cinematic\ServerCinematicStoryPanelDialogHide.cs	NexusUnleashed.Network.World	C-LINEAGE	11	NexusUnleashed.Network.World\NexusUnleashed.Network.World.Message.Model.Cinematic\ServerCinematicStoryPanelDialogHide.cs
NexusUnleashed.Network.World\NexusUnleashed.Network.World.Message.Model.Cinematic\ServerCinematicText.cs	NexusUnleashed.Network.World	C-LINEAGE	15	NexusUnleashed.Network.World\NexusUnleashed.Network.World.Message.Model.Cinematic\ServerCinematicText.cs
NexusUnleashed.Network.World\NexusUnleashed.Network.World.Message.Model.Cinematic\ServerCinematicTransitionDurationSet.cs	NexusUnleashed.Network.World	C-LINEAGE	18	NexusUnleashed.Network.World\NexusUnleashed.Network.World.Message.Model.Cinematic\ServerCinematicTransitionDurationSet.cs
NexusUnleashed.Network.World\NexusUnleashed.Network.World.Message.Model.Cinematic\ServerCinematicTransitionPosition.cs	NexusUnleashed.Network.World	C-LINEAGE	14	NexusUnleashed.Network.World\NexusUnleashed.Network.World.Message.Model.Cinematic\ServerCinematicTransitionPosition.cs
NexusUnleashed.Network.World\NexusUnleashed.Network.World.Message.Model.Cinematic\ServerCinematicVisualEffectAdd.cs	NexusUnleashed.Network.World	C-LINEAGE	22	NexusUnleashed.Network.World\NexusUnleashed.Network.World.Message.Model.Cinematic\ServerCinematicVisualEffectAdd.cs
NexusUnleashed.Network.World\NexusUnleashed.Network.World.Message.Model.Cinematic\ServerCinematicVisualEffectEnd.cs	NexusUnleashed.Network.World	C-LINEAGE	13	NexusUnleashed.Network.World\NexusUnleashed.Network.World.Message.Model.Cinematic\ServerCinematicVisualEffectEnd.cs
NexusUnleashed.Network.World\NexusUnleashed.Network.World.Message.Model.Cinematic\ServerCinematicWhiteOut.cs	NexusUnleashed.Network.World	C-LINEAGE	9	NexusUnleashed.Network.World\NexusUnleashed.Network.World.Message.Model.Cinematic\ServerCinematicWhiteOut.cs
NexusUnleashed.Network.World\NexusUnleashed.Network.World.Message.Model.Costume\ClientCostumeItemForget.cs	NexusUnleashed.Network.World	C-LINEAGE	11	NexusUnleashed.Network.World\NexusUnleashed.Network.World.Message.Model.Costume\ClientCostumeItemForget.cs
NexusUnleashed.Network.World\NexusUnleashed.Network.World.Message.Model.Costume\ClientCostumeItemUnlock.cs	NexusUnleashed.Network.World	C-LINEAGE	12	NexusUnleashed.Network.World\NexusUnleashed.Network.World.Message.Model.Costume\ClientCostumeItemUnlock.cs
NexusUnleashed.Network.World\NexusUnleashed.Network.World.Message.Model.Costume\ClientCostumeSave.cs	NexusUnleashed.Network.World	C-LINEAGE	41	NexusUnleashed.Network.World\NexusUnleashed.Network.World.Message.Model.Costume\ClientCostumeSave.cs
NexusUnleashed.Network.World\NexusUnleashed.Network.World.Message.Model.Costume\ClientCostumeSet.cs	NexusUnleashed.Network.World	C-LINEAGE	11	NexusUnleashed.Network.World\NexusUnleashed.Network.World.Message.Model.Costume\ClientCostumeSet.cs
NexusUnleashed.Network.World\NexusUnleashed.Network.World.Message.Model.Costume\Costume.cs	NexusUnleashed.Network.World	C-LINEAGE	26	NexusUnleashed.Network.World\NexusUnleashed.Network.World.Message.Model.Costume\Costume.cs
NexusUnleashed.Network.World\NexusUnleashed.Network.World.Message.Model.Costume\ServerCostume.cs	NexusUnleashed.Network.World	C-LINEAGE	11	NexusUnleashed.Network.World\NexusUnleashed.Network.World.Message.Model.Costume\ServerCostume.cs
NexusUnleashed.Network.World\NexusUnleashed.Network.World.Message.Model.Costume\ServerCostumeItemList.cs	NexusUnleashed.Network.World	C-LINEAGE	16	NexusUnleashed.Network.World\NexusUnleashed.Network.World.Message.Model.Costume\ServerCostumeItemList.cs
NexusUnleashed.Network.World\NexusUnleashed.Network.World.Message.Model.Costume\ServerCostumeItemUnlock.cs	NexusUnleashed.Network.World	C-LINEAGE	14	NexusUnleashed.Network.World\NexusUnleashed.Network.World.Message.Model.Costume\ServerCostumeItemUnlock.cs
NexusUnleashed.Network.World\NexusUnleashed.Network.World.Message.Model.Costume\ServerCostumeItemUnlockMultiple.cs	NexusUnleashed.Network.World	C-LINEAGE	19	NexusUnleashed.Network.World\NexusUnleashed.Network.World.Message.Model.Costume\ServerCostumeItemUnlockMultiple.cs
NexusUnleashed.Network.World\NexusUnleashed.Network.World.Message.Model.Costume\ServerCostumeList.cs	NexusUnleashed.Network.World	C-LINEAGE	16	NexusUnleashed.Network.World\NexusUnleashed.Network.World.Message.Model.Costume\ServerCostumeList.cs
NexusUnleashed.Network.World\NexusUnleashed.Network.World.Message.Model.Costume\ServerCostumeSave.cs	NexusUnleashed.Network.World	C-LINEAGE	16	NexusUnleashed.Network.World\NexusUnleashed.Network.World.Message.Model.Costume\ServerCostumeSave.cs
NexusUnleashed.Network.World\NexusUnleashed.Network.World.Message.Model.Crafting\ClientCraftingAbandon.cs	NexusUnleashed.Network.World	C-LINEAGE	9	NexusUnleashed.Network.World\NexusUnleashed.Network.World.Message.Model.Crafting\ClientCraftingAbandon.cs
NexusUnleashed.Network.World\NexusUnleashed.Network.World.Message.Model.Crafting\ClientCraftingAdditive.cs	NexusUnleashed.Network.World	C-LINEAGE	15	NexusUnleashed.Network.World\NexusUnleashed.Network.World.Message.Model.Crafting\ClientCraftingAdditive.cs
NexusUnleashed.Network.World\NexusUnleashed.Network.World.Message.Model.Crafting\ClientCraftingComplexCraft.cs	NexusUnleashed.Network.World	C-LINEAGE	29	NexusUnleashed.Network.World\NexusUnleashed.Network.World.Message.Model.Crafting\ClientCraftingComplexCraft.cs
NexusUnleashed.Network.World\NexusUnleashed.Network.World.Message.Model.Crafting\ClientCraftingCraftItem.cs	NexusUnleashed.Network.World	C-LINEAGE	17	NexusUnleashed.Network.World\NexusUnleashed.Network.World.Message.Model.Crafting\ClientCraftingCraftItem.cs
NexusUnleashed.Network.World\NexusUnleashed.Network.World.Message.Model.Crafting\ClientCraftingCraftItemAutoCraft.cs	NexusUnleashed.Network.World	C-LINEAGE	19	NexusUnleashed.Network.World\NexusUnleashed.Network.World.Message.Model.Crafting\ClientCraftingCraftItemAutoCraft.cs
NexusUnleashed.Network.World\NexusUnleashed.Network.World.Message.Model.Crafting\ClientCraftingRuneInstall.cs	NexusUnleashed.Network.World	C-LINEAGE	18	NexusUnleashed.Network.World\NexusUnleashed.Network.World.Message.Model.Crafting\ClientCraftingRuneInstall.cs
NexusUnleashed.Network.World\NexusUnleashed.Network.World.Message.Model.Crafting\ClientCraftingRuneSlotAdd.cs	NexusUnleashed.Network.World	C-LINEAGE	16	NexusUnleashed.Network.World\NexusUnleashed.Network.World.Message.Model.Crafting\ClientCraftingRuneSlotAdd.cs
NexusUnleashed.Network.World\NexusUnleashed.Network.World.Message.Model.Crafting\ClientCraftingRuneSlotClear.cs	NexusUnleashed.Network.World	C-LINEAGE	17	NexusUnleashed.Network.World\NexusUnleashed.Network.World.Message.Model.Crafting\ClientCraftingRuneSlotClear.cs
NexusUnleashed.Network.World\NexusUnleashed.Network.World.Message.Model.Crafting\ClientCraftingRuneSlotReroll.cs	NexusUnleashed.Network.World	C-LINEAGE	16	NexusUnleashed.Network.World\NexusUnleashed.Network.World.Message.Model.Crafting\ClientCraftingRuneSlotReroll.cs
NexusUnleashed.Network.World\NexusUnleashed.Network.World.Message.Model.Crafting\ClientCraftingSimpleCraft.cs	NexusUnleashed.Network.World	C-LINEAGE	15	NexusUnleashed.Network.World\NexusUnleashed.Network.World.Message.Model.Crafting\ClientCraftingSimpleCraft.cs
NexusUnleashed.Network.World\NexusUnleashed.Network.World.Message.Model.Crafting\ClientTradeskillLearn.cs	NexusUnleashed.Network.World	C-LINEAGE	14	NexusUnleashed.Network.World\NexusUnleashed.Network.World.Message.Model.Crafting\ClientTradeskillLearn.cs
NexusUnleashed.Network.World\NexusUnleashed.Network.World.Message.Model.Crafting\ClientTradeskillPickTalent.cs	NexusUnleashed.Network.World	C-LINEAGE	16	NexusUnleashed.Network.World\NexusUnleashed.Network.World.Message.Model.Crafting\ClientTradeskillPickTalent.cs
NexusUnleashed.Network.World\NexusUnleashed.Network.World.Message.Model.Crafting\ClientTradeskillResetTalents.cs	NexusUnleashed.Network.World	C-LINEAGE	12	NexusUnleashed.Network.World\NexusUnleashed.Network.World.Message.Model.Crafting\ClientTradeskillResetTalents.cs
NexusUnleashed.Network.World\NexusUnleashed.Network.World.Message.Model.Crafting\ServerCraftingCurrentCraft.cs	NexusUnleashed.Network.World	C-LINEAGE	39	NexusUnleashed.Network.World\NexusUnleashed.Network.World.Message.Model.Crafting\ServerCraftingCurrentCraft.cs
NexusUnleashed.Network.World\NexusUnleashed.Network.World.Message.Model.Crafting\ServerCraftingFinish.cs	NexusUnleashed.Network.World	C-LINEAGE	31	NexusUnleashed.Network.World\NexusUnleashed.Network.World.Message.Model.Crafting\ServerCraftingFinish.cs
NexusUnleashed.Network.World\NexusUnleashed.Network.World.Message.Model.Crafting\ServerProfessionModifiers.cs	NexusUnleashed.Network.World	C-LINEAGE	35	NexusUnleashed.Network.World\NexusUnleashed.Network.World.Message.Model.Crafting\ServerProfessionModifiers.cs
NexusUnleashed.Network.World\NexusUnleashed.Network.World.Message.Model.Crafting\ServerProfessionUpdate.cs	NexusUnleashed.Network.World	C-LINEAGE	12	NexusUnleashed.Network.World\NexusUnleashed.Network.World.Message.Model.Crafting\ServerProfessionUpdate.cs
NexusUnleashed.Network.World\NexusUnleashed.Network.World.Message.Model.Crafting\ServerProfessionsLoad.cs	NexusUnleashed.Network.World	C-LINEAGE	49	NexusUnleashed.Network.World\NexusUnleashed.Network.World.Message.Model.Crafting\ServerProfessionsLoad.cs
NexusUnleashed.Network.World\NexusUnleashed.Network.World.Message.Model.Crafting\ServerSchematicAddLearned.cs	NexusUnleashed.Network.World	C-LINEAGE	18	NexusUnleashed.Network.World\NexusUnleashed.Network.World.Message.Model.Crafting\ServerSchematicAddLearned.cs
NexusUnleashed.Network.World\NexusUnleashed.Network.World.Message.Model.Crafting\ServerSchematicRemoveLearned.cs	NexusUnleashed.Network.World	C-LINEAGE	14	NexusUnleashed.Network.World\NexusUnleashed.Network.World.Message.Model.Crafting\ServerSchematicRemoveLearned.cs
NexusUnleashed.Network.World\NexusUnleashed.Network.World.Message.Model.Crafting\ServerTradeskillRelearnCooldown.cs	NexusUnleashed.Network.World	C-LINEAGE	11	NexusUnleashed.Network.World\NexusUnleashed.Network.World.Message.Model.Crafting\ServerTradeskillRelearnCooldown.cs
NexusUnleashed.Network.World\NexusUnleashed.Network.World.Message.Model.Crafting\ServerTradeskillSigilResult.cs	NexusUnleashed.Network.World	C-LINEAGE	12	NexusUnleashed.Network.World\NexusUnleashed.Network.World.Message.Model.Crafting\ServerTradeskillSigilResult.cs
NexusUnleashed.Network.World\NexusUnleashed.Network.World.Message.Model.Entity\ClientCCStateKnockdownBreak.cs	NexusUnleashed.Network.World	C-LINEAGE	12	NexusUnleashed.Network.World\NexusUnleashed.Network.World.Message.Model.Entity\ClientCCStateKnockdownBreak.cs
NexusUnleashed.Network.World\NexusUnleashed.Network.World.Message.Model.Entity\ClientCCStateStunUpdate.cs	NexusUnleashed.Network.World	C-LINEAGE	14	NexusUnleashed.Network.World\NexusUnleashed.Network.World.Message.Model.Entity\ClientCCStateStunUpdate.cs
NexusUnleashed.Network.World\NexusUnleashed.Network.World.Message.Model.Entity\ServerCCStateStunDirection.cs	NexusUnleashed.Network.World	C-LINEAGE	12	NexusUnleashed.Network.World\NexusUnleashed.Network.World.Message.Model.Entity\ServerCCStateStunDirection.cs
NexusUnleashed.Network.World\NexusUnleashed.Network.World.Message.Model.Entity\ServerEntityCCStateRemove.cs	NexusUnleashed.Network.World	C-LINEAGE	20	NexusUnleashed.Network.World\NexusUnleashed.Network.World.Message.Model.Entity\ServerEntityCCStateRemove.cs
NexusUnleashed.Network.World\NexusUnleashed.Network.World.Message.Model.Entity\ServerEntityCCStateSet.cs	NexusUnleashed.Network.World	C-LINEAGE	16	NexusUnleashed.Network.World\NexusUnleashed.Network.World.Message.Model.Entity\ServerEntityCCStateSet.cs
NexusUnleashed.Network.World\NexusUnleashed.Network.World.Message.Model.Entity\ServerEntityCCTetherUnit.cs	NexusUnleashed.Network.World	C-LINEAGE	11	NexusUnleashed.Network.World\NexusUnleashed.Network.World.Message.Model.Entity\ServerEntityCCTetherUnit.cs
NexusUnleashed.Network.World\NexusUnleashed.Network.World.Message.Model.Entity\ServerUnitEvaded.cs	NexusUnleashed.Network.World	A-AUTHORED	36	
NexusUnleashed.Network.World\NexusUnleashed.Network.World.Message.Model.Fortune\ClientFortuneFlipCard.cs	NexusUnleashed.Network.World	C-LINEAGE	11	NexusUnleashed.Network.World\NexusUnleashed.Network.World.Message.Model.Fortune\ClientFortuneFlipCard.cs
NexusUnleashed.Network.World\NexusUnleashed.Network.World.Message.Model.Fortune\ClientFortuneNotifyGame.cs	NexusUnleashed.Network.World	C-LINEAGE	9	NexusUnleashed.Network.World\NexusUnleashed.Network.World.Message.Model.Fortune\ClientFortuneNotifyGame.cs
NexusUnleashed.Network.World\NexusUnleashed.Network.World.Message.Model.Fortune\ClientFortuneNotifyStorefront.cs	NexusUnleashed.Network.World	C-LINEAGE	9	NexusUnleashed.Network.World\NexusUnleashed.Network.World.Message.Model.Fortune\ClientFortuneNotifyStorefront.cs
NexusUnleashed.Network.World\NexusUnleashed.Network.World.Message.Model.Fortune\ClientFortuneStart.cs	NexusUnleashed.Network.World	C-LINEAGE	9	NexusUnleashed.Network.World\NexusUnleashed.Network.World.Message.Model.Fortune\ClientFortuneStart.cs
NexusUnleashed.Network.World\NexusUnleashed.Network.World.Message.Model.Fortune\ServerFortuneCardUpdate.cs	NexusUnleashed.Network.World	C-LINEAGE	19	NexusUnleashed.Network.World\NexusUnleashed.Network.World.Message.Model.Fortune\ServerFortuneCardUpdate.cs
NexusUnleashed.Network.World\NexusUnleashed.Network.World.Message.Model.Fortune\ServerFortuneCards.cs	NexusUnleashed.Network.World	C-LINEAGE	27	NexusUnleashed.Network.World\NexusUnleashed.Network.World.Message.Model.Fortune\ServerFortuneCards.cs
NexusUnleashed.Network.World\NexusUnleashed.Network.World.Message.Model.Fortune\ServerFortuneReset.cs	NexusUnleashed.Network.World	C-LINEAGE	11	NexusUnleashed.Network.World\NexusUnleashed.Network.World.Message.Model.Fortune\ServerFortuneReset.cs
NexusUnleashed.Network.World\NexusUnleashed.Network.World.Message.Model.Fortune\ServerFortuneRewards.cs	NexusUnleashed.Network.World	C-LINEAGE	44	NexusUnleashed.Network.World\NexusUnleashed.Network.World.Message.Model.Fortune\ServerFortuneRewards.cs
NexusUnleashed.Network.World\NexusUnleashed.Network.World.Message.Model.Friendship\CharacterData.cs	NexusUnleashed.Network.World	C-LINEAGE	28	NexusUnleashed.Network.World\NexusUnleashed.Network.World.Message.Model.Friendship\CharacterData.cs
NexusUnleashed.Network.World\NexusUnleashed.Network.World.Message.Model.Friendship\ClientFriendshipAccountAddByEmail.cs	NexusUnleashed.Network.World	C-LINEAGE	13	NexusUnleashed.Network.World\NexusUnleashed.Network.World.Message.Model.Friendship\ClientFriendshipAccountAddByEmail.cs
NexusUnleashed.Network.World\NexusUnleashed.Network.World.Message.Model.Friendship\ClientFriendshipAccountInviteMarkSeen.cs	NexusUnleashed.Network.World	C-LINEAGE	11	NexusUnleashed.Network.World\NexusUnleashed.Network.World.Message.Model.Friendship\ClientFriendshipAccountInviteMarkSeen.cs
NexusUnleashed.Network.World\NexusUnleashed.Network.World.Message.Model.Friendship\ClientFriendshipAccountInviteResponse.cs	NexusUnleashed.Network.World	C-LINEAGE	13	NexusUnleashed.Network.World\NexusUnleashed.Network.World.Message.Model.Friendship\ClientFriendshipAccountInviteResponse.cs
NexusUnleashed.Network.World\NexusUnleashed.Network.World.Message.Model.Friendship\ClientFriendshipAccountPersonalPresenceChange.cs	NexusUnleashed.Network.World	C-LINEAGE	12	NexusUnleashed.Network.World\NexusUnleashed.Network.World.Message.Model.Friendship\ClientFriendshipAccountPersonalPresenceChange.cs
NexusUnleashed.Network.World\NexusUnleashed.Network.World.Message.Model.Friendship\ClientFriendshipAccountRemove.cs	NexusUnleashed.Network.World	C-LINEAGE	11	NexusUnleashed.Network.World\NexusUnleashed.Network.World.Message.Model.Friendship\ClientFriendshipAccountRemove.cs
NexusUnleashed.Network.World\NexusUnleashed.Network.World.Message.Model.Friendship\ClientFriendshipAccountSetPrivateData.cs	NexusUnleashed.Network.World	C-LINEAGE	15	NexusUnleashed.Network.World\NexusUnleashed.Network.World.Message.Model.Friendship\ClientFriendshipAccountSetPrivateData.cs
NexusUnleashed.Network.World\NexusUnleashed.Network.World.Message.Model.Friendship\ClientFriendshipAccountSetPublicDisplayName.cs	NexusUnleashed.Network.World	C-LINEAGE	11	NexusUnleashed.Network.World\NexusUnleashed.Network.World.Message.Model.Friendship\ClientFriendshipAccountSetPublicDisplayName.cs
NexusUnleashed.Network.World\NexusUnleashed.Network.World.Message.Model.Friendship\ClientFriendshipAccountSetPublicNote.cs	NexusUnleashed.Network.World	C-LINEAGE	11	NexusUnleashed.Network.World\NexusUnleashed.Network.World.Message.Model.Friendship\ClientFriendshipAccountSetPublicNote.cs
NexusUnleashed.Network.World\NexusUnleashed.Network.World.Message.Model.Friendship\ClientFriendshipAccountUpgradeFromFriend.cs	NexusUnleashed.Network.World	C-LINEAGE	14	NexusUnleashed.Network.World\NexusUnleashed.Network.World.Message.Model.Friendship\ClientFriendshipAccountUpgradeFromFriend.cs
NexusUnleashed.Network.World\NexusUnleashed.Network.World.Message.Model.Friendship\ClientFriendshipAddByIdentity.cs	NexusUnleashed.Network.World	C-LINEAGE	23	NexusUnleashed.Network.World\NexusUnleashed.Network.World.Message.Model.Friendship\ClientFriendshipAddByIdentity.cs
NexusUnleashed.Network.World\NexusUnleashed.Network.World.Message.Model.Friendship\ClientFriendshipAddByName.cs	NexusUnleashed.Network.World	C-LINEAGE	18	NexusUnleashed.Network.World\NexusUnleashed.Network.World.Message.Model.Friendship\ClientFriendshipAddByName.cs
NexusUnleashed.Network.World\NexusUnleashed.Network.World.Message.Model.Friendship\ClientFriendshipBlock.cs	NexusUnleashed.Network.World	C-LINEAGE	11	NexusUnleashed.Network.World\NexusUnleashed.Network.World.Message.Model.Friendship\ClientFriendshipBlock.cs
NexusUnleashed.Network.World\NexusUnleashed.Network.World.Message.Model.Friendship\ClientFriendshipGetLocations.cs	NexusUnleashed.Network.World	C-LINEAGE	25	NexusUnleashed.Network.World\NexusUnleashed.Network.World.Message.Model.Friendship\ClientFriendshipGetLocations.cs
NexusUnleashed.Network.World\NexusUnleashed.Network.World.Message.Model.Friendship\ClientFriendshipIgnoreStrangersState.cs	NexusUnleashed.Network.World	C-LINEAGE	11	NexusUnleashed.Network.World\NexusUnleashed.Network.World.Message.Model.Friendship\ClientFriendshipIgnoreStrangersState.cs
NexusUnleashed.Network.World\NexusUnleashed.Network.World.Message.Model.Friendship\ClientFriendshipInviteMarkSeen.cs	NexusUnleashed.Network.World	C-LINEAGE	16	NexusUnleashed.Network.World\NexusUnleashed.Network.World.Message.Model.Friendship\ClientFriendshipInviteMarkSeen.cs
NexusUnleashed.Network.World\NexusUnleashed.Network.World.Message.Model.Friendship\ClientFriendshipInviteResponse.cs	NexusUnleashed.Network.World	C-LINEAGE	14	NexusUnleashed.Network.World\NexusUnleashed.Network.World.Message.Model.Friendship\ClientFriendshipInviteResponse.cs
NexusUnleashed.Network.World\NexusUnleashed.Network.World.Message.Model.Friendship\ClientFriendshipRemoveByIdentity.cs	NexusUnleashed.Network.World	C-LINEAGE	15	NexusUnleashed.Network.World\NexusUnleashed.Network.World.Message.Model.Friendship\ClientFriendshipRemoveByIdentity.cs
NexusUnleashed.Network.World\NexusUnleashed.Network.World.Message.Model.Friendship\ClientFriendshipRemoveByName.cs	NexusUnleashed.Network.World	C-LINEAGE	16	NexusUnleashed.Network.World\NexusUnleashed.Network.World.Message.Model.Friendship\ClientFriendshipRemoveByName.cs
NexusUnleashed.Network.World\NexusUnleashed.Network.World.Message.Model.Friendship\ClientFriendshipSetAutoResponseMessage.cs	NexusUnleashed.Network.World	C-LINEAGE	13	NexusUnleashed.Network.World\NexusUnleashed.Network.World.Message.Model.Friendship\ClientFriendshipSetAutoResponseMessage.cs
NexusUnleashed.Network.World\NexusUnleashed.Network.World.Message.Model.Friendship\ClientFriendshipSetNoteByIdentity.cs	NexusUnleashed.Network.World	C-LINEAGE	14	NexusUnleashed.Network.World\NexusUnleashed.Network.World.Message.Model.Friendship\ClientFriendshipSetNoteByIdentity.cs
NexusUnleashed.Network.World\NexusUnleashed.Network.World.Message.Model.Friendship\ClientFriendshipSetNoteByName.cs	NexusUnleashed.Network.World	C-LINEAGE	15	NexusUnleashed.Network.World\NexusUnleashed.Network.World.Message.Model.Friendship\ClientFriendshipSetNoteByName.cs
NexusUnleashed.Network.World\NexusUnleashed.Network.World.Message.Model.Friendship\FriendData.cs	NexusUnleashed.Network.World	C-LINEAGE	18	NexusUnleashed.Network.World\NexusUnleashed.Network.World.Message.Model.Friendship\FriendData.cs
NexusUnleashed.Network.World\NexusUnleashed.Network.World.Message.Model.Friendship\ServerFriendshipAccountCharacterLevelUpdate.cs	NexusUnleashed.Network.World	C-LINEAGE	16	NexusUnleashed.Network.World\NexusUnleashed.Network.World.Message.Model.Friendship\ServerFriendshipAccountCharacterLevelUpdate.cs
NexusUnleashed.Network.World\NexusUnleashed.Network.World.Message.Model.Friendship\ServerFriendshipAccountCharacterZoneChanged.cs	NexusUnleashed.Network.World	C-LINEAGE	29	NexusUnleashed.Network.World\NexusUnleashed.Network.World.Message.Model.Friendship\ServerFriendshipAccountCharacterZoneChanged.cs
NexusUnleashed.Network.World\NexusUnleashed.Network.World.Message.Model.Friendship\ServerFriendshipAccountDisplayNameUpdate.cs	NexusUnleashed.Network.World	C-LINEAGE	13	NexusUnleashed.Network.World\NexusUnleashed.Network.World.Message.Model.Friendship\ServerFriendshipAccountDisplayNameUpdate.cs
NexusUnleashed.Network.World\NexusUnleashed.Network.World.Message.Model.Friendship\ServerFriendshipAccountInviteList.cs	NexusUnleashed.Network.World	C-LINEAGE	37	NexusUnleashed.Network.World\NexusUnleashed.Network.World.Message.Model.Friendship\ServerFriendshipAccountInviteList.cs
NexusUnleashed.Network.World\NexusUnleashed.Network.World.Message.Model.Friendship\ServerFriendshipAccountInviteRemove.cs	NexusUnleashed.Network.World	C-LINEAGE	13	NexusUnleashed.Network.World\NexusUnleashed.Network.World.Message.Model.Friendship\ServerFriendshipAccountInviteRemove.cs
NexusUnleashed.Network.World\NexusUnleashed.Network.World.Message.Model.Friendship\ServerFriendshipAccountLastOnlineUpdate.cs	NexusUnleashed.Network.World	C-LINEAGE	13	NexusUnleashed.Network.World\NexusUnleashed.Network.World.Message.Model.Friendship\ServerFriendshipAccountLastOnlineUpdate.cs
NexusUnleashed.Network.World\NexusUnleashed.Network.World.Message.Model.Friendship\ServerFriendshipAccountList.cs	NexusUnleashed.Network.World	C-LINEAGE	43	NexusUnleashed.Network.World\NexusUnleashed.Network.World.Message.Model.Friendship\ServerFriendshipAccountList.cs
NexusUnleashed.Network.World\NexusUnleashed.Network.World.Message.Model.Friendship\ServerFriendshipAccountPersonalStatus.cs	NexusUnleashed.Network.World	C-LINEAGE	18	NexusUnleashed.Network.World\NexusUnleashed.Network.World.Message.Model.Friendship\ServerFriendshipAccountPersonalStatus.cs
NexusUnleashed.Network.World\NexusUnleashed.Network.World.Message.Model.Friendship\ServerFriendshipAccountPresenceUpdate.cs	NexusUnleashed.Network.World	C-LINEAGE	14	NexusUnleashed.Network.World\NexusUnleashed.Network.World.Message.Model.Friendship\ServerFriendshipAccountPresenceUpdate.cs
NexusUnleashed.Network.World\NexusUnleashed.Network.World.Message.Model.Friendship\ServerFriendshipAccountPrivateNote.cs	NexusUnleashed.Network.World	C-LINEAGE	13	NexusUnleashed.Network.World\NexusUnleashed.Network.World.Message.Model.Friendship\ServerFriendshipAccountPrivateNote.cs
NexusUnleashed.Network.World\NexusUnleashed.Network.World.Message.Model.Friendship\ServerFriendshipAccountPublicNote.cs	NexusUnleashed.Network.World	C-LINEAGE	13	NexusUnleashed.Network.World\NexusUnleashed.Network.World.Message.Model.Friendship\ServerFriendshipAccountPublicNote.cs
NexusUnleashed.Network.World\NexusUnleashed.Network.World.Message.Model.Friendship\ServerFriendshipAccountRemoved.cs	NexusUnleashed.Network.World	C-LINEAGE	11	NexusUnleashed.Network.World\NexusUnleashed.Network.World.Message.Model.Friendship\ServerFriendshipAccountRemoved.cs
NexusUnleashed.Network.World\NexusUnleashed.Network.World.Message.Model.Friendship\ServerFriendshipAccountRemovedCharacter.cs	NexusUnleashed.Network.World	C-LINEAGE	14	NexusUnleashed.Network.World\NexusUnleashed.Network.World.Message.Model.Friendship\ServerFriendshipAccountRemovedCharacter.cs
NexusUnleashed.Network.World\NexusUnleashed.Network.World.Message.Model.Friendship\ServerFriendshipAccountUpdate.cs	NexusUnleashed.Network.World	C-LINEAGE	21	NexusUnleashed.Network.World\NexusUnleashed.Network.World.Message.Model.Friendship\ServerFriendshipAccountUpdate.cs
NexusUnleashed.Network.World\NexusUnleashed.Network.World.Message.Model.Friendship\ServerFriendshipAdd.cs	NexusUnleashed.Network.World	C-LINEAGE	11	NexusUnleashed.Network.World\NexusUnleashed.Network.World.Message.Model.Friendship\ServerFriendshipAdd.cs
NexusUnleashed.Network.World\NexusUnleashed.Network.World.Message.Model.Friendship\ServerFriendshipIgnoreStrangersState.cs	NexusUnleashed.Network.World	C-LINEAGE	11	NexusUnleashed.Network.World\NexusUnleashed.Network.World.Message.Model.Friendship\ServerFriendshipIgnoreStrangersState.cs
NexusUnleashed.Network.World\NexusUnleashed.Network.World.Message.Model.Friendship\ServerFriendshipInviteList.cs	NexusUnleashed.Network.World	C-LINEAGE	43	NexusUnleashed.Network.World\NexusUnleashed.Network.World.Message.Model.Friendship\ServerFriendshipInviteList.cs
NexusUnleashed.Network.World\NexusUnleashed.Network.World.Message.Model.Friendship\ServerFriendshipInviteRemove.cs	NexusUnleashed.Network.World	C-LINEAGE	11	NexusUnleashed.Network.World\NexusUnleashed.Network.World.Message.Model.Friendship\ServerFriendshipInviteRemove.cs
NexusUnleashed.Network.World\NexusUnleashed.Network.World.Message.Model.Friendship\ServerFriendshipLastOnlineUpdate.cs	NexusUnleashed.Network.World	C-LINEAGE	14	NexusUnleashed.Network.World\NexusUnleashed.Network.World.Message.Model.Friendship\ServerFriendshipLastOnlineUpdate.cs
NexusUnleashed.Network.World\NexusUnleashed.Network.World.Message.Model.Friendship\ServerFriendshipLevelUpdate.cs	NexusUnleashed.Network.World	C-LINEAGE	14	NexusUnleashed.Network.World\NexusUnleashed.Network.World.Message.Model.Friendship\ServerFriendshipLevelUpdate.cs
NexusUnleashed.Network.World\NexusUnleashed.Network.World.Message.Model.Friendship\ServerFriendshipList.cs	NexusUnleashed.Network.World	C-LINEAGE	16	NexusUnleashed.Network.World\NexusUnleashed.Network.World.Message.Model.Friendship\ServerFriendshipList.cs
NexusUnleashed.Network.World\NexusUnleashed.Network.World.Message.Model.Friendship\ServerFriendshipLocationUpdate.cs	NexusUnleashed.Network.World	C-LINEAGE	25	NexusUnleashed.Network.World\NexusUnleashed.Network.World.Message.Model.Friendship\ServerFriendshipLocationUpdate.cs
NexusUnleashed.Network.World\NexusUnleashed.Network.World.Message.Model.Friendship\ServerFriendshipRemove.cs	NexusUnleashed.Network.World	C-LINEAGE	11	NexusUnleashed.Network.World\NexusUnleashed.Network.World.Message.Model.Friendship\ServerFriendshipRemove.cs
NexusUnleashed.Network.World\NexusUnleashed.Network.World.Message.Model.Friendship\ServerFriendshipResult.cs	NexusUnleashed.Network.World	C-LINEAGE	14	NexusUnleashed.Network.World\NexusUnleashed.Network.World.Message.Model.Friendship\ServerFriendshipResult.cs
NexusUnleashed.Network.World\NexusUnleashed.Network.World.Message.Model.Friendship\ServerFriendshipSetNote.cs	NexusUnleashed.Network.World	C-LINEAGE	13	NexusUnleashed.Network.World\NexusUnleashed.Network.World.Message.Model.Friendship\ServerFriendshipSetNote.cs
NexusUnleashed.Network.World\NexusUnleashed.Network.World.Message.Model.Friendship\ServerFriendshipTypeUpdate.cs	NexusUnleashed.Network.World	C-LINEAGE	14	NexusUnleashed.Network.World\NexusUnleashed.Network.World.Message.Model.Friendship\ServerFriendshipTypeUpdate.cs
NexusUnleashed.Network.World\NexusUnleashed.Network.World.Message.Model.GalacticArchive\ClientGalacticArchiveUnlock.cs	NexusUnleashed.Network.World	C-LINEAGE	11	NexusUnleashed.Network.World\NexusUnleashed.Network.World.Message.Model.GalacticArchive\ClientGalacticArchiveUnlock.cs
NexusUnleashed.Network.World\NexusUnleashed.Network.World.Message.Model.GalacticArchive\ClientGalacticArchiveViewed.cs	NexusUnleashed.Network.World	C-LINEAGE	11	NexusUnleashed.Network.World\NexusUnleashed.Network.World.Message.Model.GalacticArchive\ClientGalacticArchiveViewed.cs
NexusUnleashed.Network.World\NexusUnleashed.Network.World.Message.Model.GalacticArchive\ServerGalacticArchiveRefresh.cs	NexusUnleashed.Network.World	C-LINEAGE	9	NexusUnleashed.Network.World\NexusUnleashed.Network.World.Message.Model.GalacticArchive\ServerGalacticArchiveRefresh.cs
NexusUnleashed.Network.World\NexusUnleashed.Network.World.Message.Model.GalacticArchive\ServerGalacticArchiveUpdate.cs	NexusUnleashed.Network.World	C-LINEAGE	15	NexusUnleashed.Network.World\NexusUnleashed.Network.World.Message.Model.GalacticArchive\ServerGalacticArchiveUpdate.cs
NexusUnleashed.Network.World\NexusUnleashed.Network.World.Message.Model.GenericUnlock\ClientItemGenericUnlock.cs	NexusUnleashed.Network.World	C-LINEAGE	12	NexusUnleashed.Network.World\NexusUnleashed.Network.World.Message.Model.GenericUnlock\ClientItemGenericUnlock.cs
NexusUnleashed.Network.World\NexusUnleashed.Network.World.Message.Model.GenericUnlock\ServerGenericUnlock.cs	NexusUnleashed.Network.World	C-LINEAGE	11	NexusUnleashed.Network.World\NexusUnleashed.Network.World.Message.Model.GenericUnlock\ServerGenericUnlock.cs
NexusUnleashed.Network.World\NexusUnleashed.Network.World.Message.Model.GenericUnlock\ServerGenericUnlockAccountList.cs	NexusUnleashed.Network.World	C-LINEAGE	16	NexusUnleashed.Network.World\NexusUnleashed.Network.World.Message.Model.GenericUnlock\ServerGenericUnlockAccountList.cs
NexusUnleashed.Network.World\NexusUnleashed.Network.World.Message.Model.GenericUnlock\ServerGenericUnlockCharacterList.cs	NexusUnleashed.Network.World	C-LINEAGE	16	NexusUnleashed.Network.World\NexusUnleashed.Network.World.Message.Model.GenericUnlock\ServerGenericUnlockCharacterList.cs
NexusUnleashed.Network.World\NexusUnleashed.Network.World.Message.Model.GenericUnlock\ServerGenericUnlockCharacterRefresh.cs	NexusUnleashed.Network.World	C-LINEAGE	16	NexusUnleashed.Network.World\NexusUnleashed.Network.World.Message.Model.GenericUnlock\ServerGenericUnlockCharacterRefresh.cs
NexusUnleashed.Network.World\NexusUnleashed.Network.World.Message.Model.GenericUnlock\ServerGenericUnlockResult.cs	NexusUnleashed.Network.World	C-LINEAGE	12	NexusUnleashed.Network.World\NexusUnleashed.Network.World.Message.Model.GenericUnlock\ServerGenericUnlockResult.cs
NexusUnleashed.Network.World\NexusUnleashed.Network.World.Message.Model.Guild\ClientGuildBankMoneyTransaction.cs	NexusUnleashed.Network.World	C-LINEAGE	14	NexusUnleashed.Network.World\NexusUnleashed.Network.World.Message.Model.Guild\ClientGuildBankMoneyTransaction.cs
NexusUnleashed.Network.World\NexusUnleashed.Network.World.Message.Model.Guild\ClientGuildBankTabOpen.cs	NexusUnleashed.Network.World	C-LINEAGE	14	NexusUnleashed.Network.World\NexusUnleashed.Network.World.Message.Model.Guild\ClientGuildBankTabOpen.cs
NexusUnleashed.Network.World\NexusUnleashed.Network.World.Message.Model.Guild\ClientGuildBankTabRename.cs	NexusUnleashed.Network.World	C-LINEAGE	6	NexusUnleashed.Network.World\NexusUnleashed.Network.World.Message.Model.Guild\ClientGuildBankTabRename.cs
NexusUnleashed.Network.World\NexusUnleashed.Network.World.Message.Model.Guild\ClientGuildBankTransaction.cs	NexusUnleashed.Network.World	C-LINEAGE	22	NexusUnleashed.Network.World\NexusUnleashed.Network.World.Message.Model.Guild\ClientGuildBankTransaction.cs
NexusUnleashed.Network.World\NexusUnleashed.Network.World.Message.Model.Guild\ClientGuildBankTransaction2.cs	NexusUnleashed.Network.World	C-LINEAGE	26	NexusUnleashed.Network.World\NexusUnleashed.Network.World.Message.Model.Guild\ClientGuildBankTransaction2.cs
NexusUnleashed.Network.World\NexusUnleashed.Network.World.Message.Model.Guild\ClientGuildHolomarkUpdate.cs	NexusUnleashed.Network.World	C-LINEAGE	17	NexusUnleashed.Network.World\NexusUnleashed.Network.World.Message.Model.Guild\ClientGuildHolomarkUpdate.cs
NexusUnleashed.Network.World\NexusUnleashed.Network.World.Message.Model.Guild\ClientGuildInviteResponse.cs	NexusUnleashed.Network.World	C-LINEAGE	11	NexusUnleashed.Network.World\NexusUnleashed.Network.World.Message.Model.Guild\ClientGuildInviteResponse.cs
NexusUnleashed.Network.World\NexusUnleashed.Network.World.Message.Model.Guild\ClientGuildOperation.cs	NexusUnleashed.Network.World	C-LINEAGE	37	NexusUnleashed.Network.World\NexusUnleashed.Network.World.Message.Model.Guild\ClientGuildOperation.cs
NexusUnleashed.Network.World\NexusUnleashed.Network.World.Message.Model.Guild\ClientGuildPerkActivate.cs	NexusUnleashed.Network.World	C-LINEAGE	6	NexusUnleashed.Network.World\NexusUnleashed.Network.World.Message.Model.Guild\ClientGuildPerkActivate.cs
NexusUnleashed.Network.World\NexusUnleashed.Network.World.Message.Model.Guild\ClientGuildRegister.cs	NexusUnleashed.Network.World	C-LINEAGE	26	NexusUnleashed.Network.World\NexusUnleashed.Network.World.Message.Model.Guild\ClientGuildRegister.cs
NexusUnleashed.Network.World\NexusUnleashed.Network.World.Message.Model.Guild\ClientGuildSetStandard.cs	NexusUnleashed.Network.World	C-LINEAGE	14	NexusUnleashed.Network.World\NexusUnleashed.Network.World.Message.Model.Guild\ClientGuildSetStandard.cs
NexusUnleashed.Network.World\NexusUnleashed.Network.World.Message.Model.Guild\ClientGuildStandardModify.cs	NexusUnleashed.Network.World	C-LINEAGE	14	NexusUnleashed.Network.World\NexusUnleashed.Network.World.Message.Model.Guild\ClientGuildStandardModify.cs
NexusUnleashed.Network.World\NexusUnleashed.Network.World.Message.Model.Guild\ClientRecruitmentGuildGetDetailedGuildInfo.cs	NexusUnleashed.Network.World	C-LINEAGE	12	NexusUnleashed.Network.World\NexusUnleashed.Network.World.Message.Model.Guild\ClientRecruitmentGuildGetDetailedGuildInfo.cs
NexusUnleashed.Network.World\NexusUnleashed.Network.World.Message.Model.Guild\ClientRecruitmentGuildSubscribe.cs	NexusUnleashed.Network.World	C-LINEAGE	11	NexusUnleashed.Network.World\NexusUnleashed.Network.World.Message.Model.Guild\ClientRecruitmentGuildSubscribe.cs
NexusUnleashed.Network.World\NexusUnleashed.Network.World.Message.Model.Guild\ClientWarPartyBossTokensRequest.cs	NexusUnleashed.Network.World	C-LINEAGE	12	NexusUnleashed.Network.World\NexusUnleashed.Network.World.Message.Model.Guild\ClientWarPartyBossTokensRequest.cs
NexusUnleashed.Network.World\NexusUnleashed.Network.World.Message.Model.Guild\GuildData.cs	NexusUnleashed.Network.World	C-LINEAGE	109	NexusUnleashed.Network.World\NexusUnleashed.Network.World.Message.Model.Guild\GuildData.cs
NexusUnleashed.Network.World\NexusUnleashed.Network.World.Message.Model.Guild\GuildEventLog.cs	NexusUnleashed.Network.World	C-LINEAGE	26	NexusUnleashed.Network.World\NexusUnleashed.Network.World.Message.Model.Guild\GuildEventLog.cs
NexusUnleashed.Network.World\NexusUnleashed.Network.World.Message.Model.Guild\GuildMember.cs	NexusUnleashed.Network.World	C-LINEAGE	39	NexusUnleashed.Network.World\NexusUnleashed.Network.World.Message.Model.Guild\GuildMember.cs
NexusUnleashed.Network.World\NexusUnleashed.Network.World.Message.Model.Guild\GuildRank.cs	NexusUnleashed.Network.World	C-LINEAGE	19	NexusUnleashed.Network.World\NexusUnleashed.Network.World.Message.Model.Guild\GuildRank.cs
NexusUnleashed.Network.World\NexusUnleashed.Network.World.Message.Model.Guild\GuildStandard.cs	NexusUnleashed.Network.World	C-LINEAGE	41	NexusUnleashed.Network.World\NexusUnleashed.Network.World.Message.Model.Guild\GuildStandard.cs
NexusUnleashed.Network.World\NexusUnleashed.Network.World.Message.Model.Guild\GuildStats.cs	NexusUnleashed.Network.World	C-LINEAGE	15	NexusUnleashed.Network.World\NexusUnleashed.Network.World.Message.Model.Guild\GuildStats.cs
NexusUnleashed.Network.World\NexusUnleashed.Network.World.Message.Model.Guild\GuildWithdrawlInfo.cs	NexusUnleashed.Network.World	C-LINEAGE	18	NexusUnleashed.Network.World\NexusUnleashed.Network.World.Message.Model.Guild\GuildWithdrawlInfo.cs
NexusUnleashed.Network.World\NexusUnleashed.Network.World.Message.Model.Guild\RecruitmentDemands.cs	NexusUnleashed.Network.World	C-LINEAGE	33	NexusUnleashed.Network.World\NexusUnleashed.Network.World.Message.Model.Guild\RecruitmentDemands.cs
NexusUnleashed.Network.World\NexusUnleashed.Network.World.Message.Model.Guild\RecruitmentGuildInfo.cs	NexusUnleashed.Network.World	C-LINEAGE	23	NexusUnleashed.Network.World\NexusUnleashed.Network.World.Message.Model.Guild\RecruitmentGuildInfo.cs
NexusUnleashed.Network.World\NexusUnleashed.Network.World.Message.Model.Guild\ServerGuildBankInventoryAdd.cs	NexusUnleashed.Network.World	C-LINEAGE	14	NexusUnleashed.Network.World\NexusUnleashed.Network.World.Message.Model.Guild\ServerGuildBankInventoryAdd.cs
NexusUnleashed.Network.World\NexusUnleashed.Network.World.Message.Model.Guild\ServerGuildBankInventoryCount.cs	NexusUnleashed.Network.World	C-LINEAGE	16	NexusUnleashed.Network.World\NexusUnleashed.Network.World.Message.Model.Guild\ServerGuildBankInventoryCount.cs
NexusUnleashed.Network.World\NexusUnleashed.Network.World.Message.Model.Guild\ServerGuildBankInventoryRemove.cs	NexusUnleashed.Network.World	C-LINEAGE	14	NexusUnleashed.Network.World\NexusUnleashed.Network.World.Message.Model.Guild\ServerGuildBankInventoryRemove.cs
NexusUnleashed.Network.World\NexusUnleashed.Network.World.Message.Model.Guild\ServerGuildBankTabCount.cs	NexusUnleashed.Network.World	C-LINEAGE	14	NexusUnleashed.Network.World\NexusUnleashed.Network.World.Message.Model.Guild\ServerGuildBankTabCount.cs
NexusUnleashed.Network.World\NexusUnleashed.Network.World.Message.Model.Guild\ServerGuildBankTabInventory.cs	NexusUnleashed.Network.World	C-LINEAGE	21	NexusUnleashed.Network.World\NexusUnleashed.Network.World.Message.Model.Guild\ServerGuildBankTabInventory.cs
NexusUnleashed.Network.World\NexusUnleashed.Network.World.Message.Model.Guild\ServerGuildBankTabRename.cs	NexusUnleashed.Network.World	C-LINEAGE	18	NexusUnleashed.Network.World\NexusUnleashed.Network.World.Message.Model.Guild\ServerGuildBankTabRename.cs
NexusUnleashed.Network.World\NexusUnleashed.Network.World.Message.Model.Guild\ServerGuildBankWithdraw.cs	NexusUnleashed.Network.World	C-LINEAGE	14	NexusUnleashed.Network.World\NexusUnleashed.Network.World.Message.Model.Guild\ServerGuildBankWithdraw.cs
NexusUnleashed.Network.World\NexusUnleashed.Network.World.Message.Model.Guild\ServerGuildClassification.cs	NexusUnleashed.Network.World	C-LINEAGE	15	NexusUnleashed.Network.World\NexusUnleashed.Network.World.Message.Model.Guild\ServerGuildClassification.cs
NexusUnleashed.Network.World\NexusUnleashed.Network.World.Message.Model.Guild\ServerGuildEventLog.cs	NexusUnleashed.Network.World	C-LINEAGE	21	NexusUnleashed.Network.World\NexusUnleashed.Network.World.Message.Model.Guild\ServerGuildEventLog.cs
NexusUnleashed.Network.World\NexusUnleashed.Network.World.Message.Model.Guild\ServerGuildEventLogChange.cs	NexusUnleashed.Network.World	C-LINEAGE	14	NexusUnleashed.Network.World\NexusUnleashed.Network.World.Message.Model.Guild\ServerGuildEventLogChange.cs
NexusUnleashed.Network.World\NexusUnleashed.Network.World.Message.Model.Guild\ServerGuildEventLogDeleteEntry.cs	NexusUnleashed.Network.World	C-LINEAGE	14	NexusUnleashed.Network.World\NexusUnleashed.Network.World.Message.Model.Guild\ServerGuildEventLogDeleteEntry.cs
NexusUnleashed.Network.World\NexusUnleashed.Network.World.Message.Model.Guild\ServerGuildFlagsUpdate.cs	NexusUnleashed.Network.World	C-LINEAGE	15	NexusUnleashed.Network.World\NexusUnleashed.Network.World.Message.Model.Guild\ServerGuildFlagsUpdate.cs
NexusUnleashed.Network.World\NexusUnleashed.Network.World.Message.Model.Guild\ServerGuildInfluenceAndMoney.cs	NexusUnleashed.Network.World	C-LINEAGE	20	NexusUnleashed.Network.World\NexusUnleashed.Network.World.Message.Model.Guild\ServerGuildInfluenceAndMoney.cs
NexusUnleashed.Network.World\NexusUnleashed.Network.World.Message.Model.Guild\ServerGuildInfoMessageUpdate.cs	NexusUnleashed.Network.World	C-LINEAGE	14	NexusUnleashed.Network.World\NexusUnleashed.Network.World.Message.Model.Guild\ServerGuildInfoMessageUpdate.cs
NexusUnleashed.Network.World\NexusUnleashed.Network.World.Message.Model.Guild\ServerGuildInit.cs	NexusUnleashed.Network.World	C-LINEAGE	28	NexusUnleashed.Network.World\NexusUnleashed.Network.World.Message.Model.Guild\ServerGuildInit.cs
NexusUnleashed.Network.World\NexusUnleashed.Network.World.Message.Model.Guild\ServerGuildInvite.cs	NexusUnleashed.Network.World	C-LINEAGE	20	NexusUnleashed.Network.World\NexusUnleashed.Network.World.Message.Model.Guild\ServerGuildInvite.cs
NexusUnleashed.Network.World\NexusUnleashed.Network.World.Message.Model.Guild\ServerGuildJoin.cs	NexusUnleashed.Network.World	C-LINEAGE	17	NexusUnleashed.Network.World\NexusUnleashed.Network.World.Message.Model.Guild\ServerGuildJoin.cs
NexusUnleashed.Network.World\NexusUnleashed.Network.World.Message.Model.Guild\ServerGuildMemberChange.cs	NexusUnleashed.Network.World	C-LINEAGE	18	NexusUnleashed.Network.World\NexusUnleashed.Network.World.Message.Model.Guild\ServerGuildMemberChange.cs
NexusUnleashed.Network.World\NexusUnleashed.Network.World.Message.Model.Guild\ServerGuildMemberRemove.cs	NexusUnleashed.Network.World	C-LINEAGE	18	NexusUnleashed.Network.World\NexusUnleashed.Network.World.Message.Model.Guild\ServerGuildMemberRemove.cs
NexusUnleashed.Network.World\NexusUnleashed.Network.World.Message.Model.Guild\ServerGuildMotdUpdate.cs	NexusUnleashed.Network.World	C-LINEAGE	14	NexusUnleashed.Network.World\NexusUnleashed.Network.World.Message.Model.Guild\ServerGuildMotdUpdate.cs
NexusUnleashed.Network.World\NexusUnleashed.Network.World.Message.Model.Guild\ServerGuildNameplateChange.cs	NexusUnleashed.Network.World	C-LINEAGE	12	NexusUnleashed.Network.World\NexusUnleashed.Network.World.Message.Model.Guild\ServerGuildNameplateChange.cs
NexusUnleashed.Network.World\NexusUnleashed.Network.World.Message.Model.Guild\ServerGuildPerkActivated.cs	NexusUnleashed.Network.World	C-LINEAGE	16	NexusUnleashed.Network.World\NexusUnleashed.Network.World.Message.Model.Guild\ServerGuildPerkActivated.cs
NexusUnleashed.Network.World\NexusUnleashed.Network.World.Message.Model.Guild\ServerGuildPerkDeactivated.cs	NexusUnleashed.Network.World	C-LINEAGE	14	NexusUnleashed.Network.World\NexusUnleashed.Network.World.Message.Model.Guild\ServerGuildPerkDeactivated.cs
NexusUnleashed.Network.World\NexusUnleashed.Network.World.Message.Model.Guild\ServerGuildPerkUnlocked.cs	NexusUnleashed.Network.World	C-LINEAGE	14	NexusUnleashed.Network.World\NexusUnleashed.Network.World.Message.Model.Guild\ServerGuildPerkUnlocked.cs
NexusUnleashed.Network.World\NexusUnleashed.Network.World.Message.Model.Guild\ServerGuildPvpStatsUpdate.cs	NexusUnleashed.Network.World	C-LINEAGE	20	NexusUnleashed.Network.World\NexusUnleashed.Network.World.Message.Model.Guild\ServerGuildPvpStatsUpdate.cs
NexusUnleashed.Network.World\NexusUnleashed.Network.World.Message.Model.Guild\ServerGuildQueueStateChanged.cs	NexusUnleashed.Network.World	C-LINEAGE	15	NexusUnleashed.Network.World\NexusUnleashed.Network.World.Message.Model.Guild\ServerGuildQueueStateChanged.cs
NexusUnleashed.Network.World\NexusUnleashed.Network.World.Message.Model.Guild\ServerGuildRankChange.cs	NexusUnleashed.Network.World	C-LINEAGE	25	NexusUnleashed.Network.World\NexusUnleashed.Network.World.Message.Model.Guild\ServerGuildRankChange.cs
NexusUnleashed.Network.World\NexusUnleashed.Network.World.Message.Model.Guild\ServerGuildRecruitmentAvailability.cs	NexusUnleashed.Network.World	C-LINEAGE	16	NexusUnleashed.Network.World\NexusUnleashed.Network.World.Message.Model.Guild\ServerGuildRecruitmentAvailability.cs
NexusUnleashed.Network.World\NexusUnleashed.Network.World.Message.Model.Guild\ServerGuildRemove.cs	NexusUnleashed.Network.World	C-LINEAGE	12	NexusUnleashed.Network.World\NexusUnleashed.Network.World.Message.Model.Guild\ServerGuildRemove.cs
NexusUnleashed.Network.World\NexusUnleashed.Network.World.Message.Model.Guild\ServerGuildRename.cs	NexusUnleashed.Network.World	C-LINEAGE	14	NexusUnleashed.Network.World\NexusUnleashed.Network.World.Message.Model.Guild\ServerGuildRename.cs
NexusUnleashed.Network.World\NexusUnleashed.Network.World.Message.Model.Guild\ServerGuildResult.cs	NexusUnleashed.Network.World	C-LINEAGE	19	NexusUnleashed.Network.World\NexusUnleashed.Network.World.Message.Model.Guild\ServerGuildResult.cs
NexusUnleashed.Network.World\NexusUnleashed.Network.World.Message.Model.Guild\ServerGuildResult2.cs	NexusUnleashed.Network.World	C-LINEAGE	6	NexusUnleashed.Network.World\NexusUnleashed.Network.World.Message.Model.Guild\ServerGuildResult2.cs
NexusUnleashed.Network.World\NexusUnleashed.Network.World.Message.Model.Guild\ServerGuildRoster.cs	NexusUnleashed.Network.World	C-LINEAGE	21	NexusUnleashed.Network.World\NexusUnleashed.Network.World.Message.Model.Guild\ServerGuildRoster.cs
NexusUnleashed.Network.World\NexusUnleashed.Network.World.Message.Model.Guild\ServerGuildStandard.cs	NexusUnleashed.Network.World	C-LINEAGE	14	NexusUnleashed.Network.World\NexusUnleashed.Network.World.Message.Model.Guild\ServerGuildStandard.cs
NexusUnleashed.Network.World\NexusUnleashed.Network.World.Message.Model.Guild\ServerRecruitmentGuildDemands.cs	NexusUnleashed.Network.World	C-LINEAGE	14	NexusUnleashed.Network.World\NexusUnleashed.Network.World.Message.Model.Guild\ServerRecruitmentGuildDemands.cs
NexusUnleashed.Network.World\NexusUnleashed.Network.World.Message.Model.Guild\ServerRecruitmentGuildDescription.cs	NexusUnleashed.Network.World	C-LINEAGE	14	NexusUnleashed.Network.World\NexusUnleashed.Network.World.Message.Model.Guild\ServerRecruitmentGuildDescription.cs
NexusUnleashed.Network.World\NexusUnleashed.Network.World.Message.Model.Guild\ServerRecruitmentGuildDetails.cs	NexusUnleashed.Network.World	C-LINEAGE	22	NexusUnleashed.Network.World\NexusUnleashed.Network.World.Message.Model.Guild\ServerRecruitmentGuildDetails.cs
NexusUnleashed.Network.World\NexusUnleashed.Network.World.Message.Model.Guild\ServerRecruitmentGuildMinLevel.cs	NexusUnleashed.Network.World	C-LINEAGE	14	NexusUnleashed.Network.World\NexusUnleashed.Network.World.Message.Model.Guild\ServerRecruitmentGuildMinLevel.cs
NexusUnleashed.Network.World\NexusUnleashed.Network.World.Message.Model.Guild\ServerRecruitmentGuildsList.cs	NexusUnleashed.Network.World	C-LINEAGE	16	NexusUnleashed.Network.World\NexusUnleashed.Network.World.Message.Model.Guild\ServerRecruitmentGuildsList.cs
NexusUnleashed.Network.World\NexusUnleashed.Network.World.Message.Model.Guild\ServerRecruitmentGuildsRecruiters.cs	NexusUnleashed.Network.World	C-LINEAGE	37	NexusUnleashed.Network.World\NexusUnleashed.Network.World.Message.Model.Guild\ServerRecruitmentGuildsRecruiters.cs
NexusUnleashed.Network.World\NexusUnleashed.Network.World.Message.Model.Guild\ServerRecruitmentGuildsUpdate.cs	NexusUnleashed.Network.World	C-LINEAGE	20	NexusUnleashed.Network.World\NexusUnleashed.Network.World.Message.Model.Guild\ServerRecruitmentGuildsUpdate.cs
NexusUnleashed.Network.World\NexusUnleashed.Network.World.Message.Model.Guild\ServerUnitGuildNameplateChanged.cs	NexusUnleashed.Network.World	C-LINEAGE	16	NexusUnleashed.Network.World\NexusUnleashed.Network.World.Message.Model.Guild\ServerUnitGuildNameplateChanged.cs
NexusUnleashed.Network.World\NexusUnleashed.Network.World.Message.Model.Guild\ServerUnitMemberOfGuildChange.cs	NexusUnleashed.Network.World	C-LINEAGE	18	NexusUnleashed.Network.World\NexusUnleashed.Network.World.Message.Model.Guild\ServerUnitMemberOfGuildChange.cs
NexusUnleashed.Network.World\NexusUnleashed.Network.World.Message.Model.Guild\ServerWarPartyBossTokens.cs	NexusUnleashed.Network.World	C-LINEAGE	19	NexusUnleashed.Network.World\NexusUnleashed.Network.World.Message.Model.Guild\ServerWarPartyBossTokens.cs
NexusUnleashed.Network.World\NexusUnleashed.Network.World.Message.Model.Guild\WarPartyBossToken.cs	NexusUnleashed.Network.World	C-LINEAGE	12	NexusUnleashed.Network.World\NexusUnleashed.Network.World.Message.Model.Guild\WarPartyBossToken.cs
NexusUnleashed.Network.World\NexusUnleashed.Network.World.Message.Model.Hazard\Hazard.cs	NexusUnleashed.Network.World	C-LINEAGE	35	NexusUnleashed.Network.World\NexusUnleashed.Network.World.Message.Model.Hazard\Hazard.cs
NexusUnleashed.Network.World\NexusUnleashed.Network.World.Message.Model.Hazard\HazardModifier.cs	NexusUnleashed.Network.World	C-LINEAGE	14	NexusUnleashed.Network.World\NexusUnleashed.Network.World.Message.Model.Hazard\HazardModifier.cs
NexusUnleashed.Network.World\NexusUnleashed.Network.World.Message.Model.Hazard\ServerHazardAction.cs	NexusUnleashed.Network.World	C-LINEAGE	14	NexusUnleashed.Network.World\NexusUnleashed.Network.World.Message.Model.Hazard\ServerHazardAction.cs
NexusUnleashed.Network.World\NexusUnleashed.Network.World.Message.Model.Hazard\ServerHazardList.cs	NexusUnleashed.Network.World	C-LINEAGE	16	NexusUnleashed.Network.World\NexusUnleashed.Network.World.Message.Model.Hazard\ServerHazardList.cs
NexusUnleashed.Network.World\NexusUnleashed.Network.World.Message.Model.Hazard\ServerHazardModifiers.cs	NexusUnleashed.Network.World	C-LINEAGE	22	NexusUnleashed.Network.World\NexusUnleashed.Network.World.Message.Model.Hazard\ServerHazardModifiers.cs
NexusUnleashed.Network.World\NexusUnleashed.Network.World.Message.Model.Housing\ClientHousingAddItemToCrate.cs	NexusUnleashed.Network.World	C-LINEAGE	11	NexusUnleashed.Network.World\NexusUnleashed.Network.World.Message.Model.Housing\ClientHousingAddItemToCrate.cs
NexusUnleashed.Network.World\NexusUnleashed.Network.World.Message.Model.Housing\ClientHousingChangeInteriorWallpaper.cs	NexusUnleashed.Network.World	C-LINEAGE	19	NexusUnleashed.Network.World\NexusUnleashed.Network.World.Message.Model.Housing\ClientHousingChangeInteriorWallpaper.cs
NexusUnleashed.Network.World\NexusUnleashed.Network.World.Message.Model.Housing\ClientHousingCommunityDonate.cs	NexusUnleashed.Network.World	C-LINEAGE	18	NexusUnleashed.Network.World\NexusUnleashed.Network.World.Message.Model.Housing\ClientHousingCommunityDonate.cs
NexusUnleashed.Network.World\NexusUnleashed.Network.World.Message.Model.Housing\ClientHousingCommunityPrivacyLevel.cs	NexusUnleashed.Network.World	C-LINEAGE	15	NexusUnleashed.Network.World\NexusUnleashed.Network.World.Message.Model.Housing\ClientHousingCommunityPrivacyLevel.cs
NexusUnleashed.Network.World\NexusUnleashed.Network.World.Message.Model.Housing\ClientHousingCommunityRemoval.cs	NexusUnleashed.Network.World	C-LINEAGE	12	NexusUnleashed.Network.World\NexusUnleashed.Network.World.Message.Model.Housing\ClientHousingCommunityRemoval.cs
NexusUnleashed.Network.World\NexusUnleashed.Network.World.Message.Model.Housing\ClientHousingCommunityRename.cs	NexusUnleashed.Network.World	C-LINEAGE	16	NexusUnleashed.Network.World\NexusUnleashed.Network.World.Message.Model.Housing\ClientHousingCommunityRename.cs
NexusUnleashed.Network.World\NexusUnleashed.Network.World.Message.Model.Housing\ClientHousingCrateAllDecor.cs	NexusUnleashed.Network.World	C-LINEAGE	12	NexusUnleashed.Network.World\NexusUnleashed.Network.World.Message.Model.Housing\ClientHousingCrateAllDecor.cs
NexusUnleashed.Network.World\NexusUnleashed.Network.World.Message.Model.Housing\ClientHousingDecorUpdate.cs	NexusUnleashed.Network.World	C-LINEAGE	25	NexusUnleashed.Network.World\NexusUnleashed.Network.World.Message.Model.Housing\ClientHousingDecorUpdate.cs
NexusUnleashed.Network.World\NexusUnleashed.Network.World.Message.Model.Housing\ClientHousingDoorInteraction.cs	NexusUnleashed.Network.World	C-LINEAGE	12	NexusUnleashed.Network.World\NexusUnleashed.Network.World.Message.Model.Housing\ClientHousingDoorInteraction.cs
NexusUnleashed.Network.World\NexusUnleashed.Network.World.Message.Model.Housing\ClientHousingEditMode.cs	NexusUnleashed.Network.World	C-LINEAGE	14	NexusUnleashed.Network.World\NexusUnleashed.Network.World.Message.Model.Housing\ClientHousingEditMode.cs
NexusUnleashed.Network.World\NexusUnleashed.Network.World.Message.Model.Housing\ClientHousingFlagsUpdate.cs	NexusUnleashed.Network.World	C-LINEAGE	19	NexusUnleashed.Network.World\NexusUnleashed.Network.World.Message.Model.Housing\ClientHousingFlagsUpdate.cs
NexusUnleashed.Network.World\NexusUnleashed.Network.World.Message.Model.Housing\ClientHousingNeighbourEvict.cs	NexusUnleashed.Network.World	C-LINEAGE	14	NexusUnleashed.Network.World\NexusUnleashed.Network.World.Message.Model.Housing\ClientHousingNeighbourEvict.cs
NexusUnleashed.Network.World\NexusUnleashed.Network.World.Message.Model.Housing\ClientHousingNeighbourInviteResponse.cs	NexusUnleashed.Network.World	C-LINEAGE	11	NexusUnleashed.Network.World\NexusUnleashed.Network.World.Message.Model.Housing\ClientHousingNeighbourInviteResponse.cs
NexusUnleashed.Network.World\NexusUnleashed.Network.World.Message.Model.Housing\ClientHousingNeighbourSetPermission.cs	NexusUnleashed.Network.World	C-LINEAGE	17	NexusUnleashed.Network.World\NexusUnleashed.Network.World.Message.Model.Housing\ClientHousingNeighbourSetPermission.cs
NexusUnleashed.Network.World\NexusUnleashed.Network.World.Message.Model.Housing\ClientHousingPlaceDecor.cs	NexusUnleashed.Network.World	C-LINEAGE	24	NexusUnleashed.Network.World\NexusUnleashed.Network.World.Message.Model.Housing\ClientHousingPlaceDecor.cs
NexusUnleashed.Network.World\NexusUnleashed.Network.World.Message.Model.Housing\ClientHousingPlugUpdate.cs	NexusUnleashed.Network.World	C-LINEAGE	45	NexusUnleashed.Network.World\NexusUnleashed.Network.World.Message.Model.Housing\ClientHousingPlugUpdate.cs
NexusUnleashed.Network.World\NexusUnleashed.Network.World.Message.Model.Housing\ClientHousingRemodel.cs	NexusUnleashed.Network.World	C-LINEAGE	28	NexusUnleashed.Network.World\NexusUnleashed.Network.World.Message.Model.Housing\ClientHousingRemodel.cs
NexusUnleashed.Network.World\NexusUnleashed.Network.World.Message.Model.Housing\ClientHousingRenameProperty.cs	NexusUnleashed.Network.World	C-LINEAGE	14	NexusUnleashed.Network.World\NexusUnleashed.Network.World.Message.Model.Housing\ClientHousingRenameProperty.cs
NexusUnleashed.Network.World\NexusUnleashed.Network.World.Message.Model.Housing\ClientHousingRequestCommunityPlacedResidencesList.cs	NexusUnleashed.Network.World	C-LINEAGE	9	NexusUnleashed.Network.World\NexusUnleashed.Network.World.Message.Model.Housing\ClientHousingRequestCommunityPlacedResidencesList.cs
NexusUnleashed.Network.World\NexusUnleashed.Network.World.Message.Model.Housing\ClientHousingRequestCommunityPlacement.cs	NexusUnleashed.Network.World	C-LINEAGE	14	NexusUnleashed.Network.World\NexusUnleashed.Network.World.Message.Model.Housing\ClientHousingRequestCommunityPlacement.cs
NexusUnleashed.Network.World\NexusUnleashed.Network.World.Message.Model.Housing\ClientHousingRequestRandomCommunityList.cs	NexusUnleashed.Network.World	C-LINEAGE	9	NexusUnleashed.Network.World\NexusUnleashed.Network.World.Message.Model.Housing\ClientHousingRequestRandomCommunityList.cs
NexusUnleashed.Network.World\NexusUnleashed.Network.World.Message.Model.Housing\ClientHousingRequestRandomResidenceList.cs	NexusUnleashed.Network.World	C-LINEAGE	9	NexusUnleashed.Network.World\NexusUnleashed.Network.World.Message.Model.Housing\ClientHousingRequestRandomResidenceList.cs
NexusUnleashed.Network.World\NexusUnleashed.Network.World.Message.Model.Housing\ClientHousingSetPrivacyLevel.cs	NexusUnleashed.Network.World	C-LINEAGE	12	NexusUnleashed.Network.World\NexusUnleashed.Network.World.Message.Model.Housing\ClientHousingSetPrivacyLevel.cs
NexusUnleashed.Network.World\NexusUnleashed.Network.World.Message.Model.Housing\ClientHousingTakeMeHome.cs	NexusUnleashed.Network.World	C-LINEAGE	9	NexusUnleashed.Network.World\NexusUnleashed.Network.World.Message.Model.Housing\ClientHousingTakeMeHome.cs
NexusUnleashed.Network.World\NexusUnleashed.Network.World.Message.Model.Housing\ClientHousingVendorList.cs	NexusUnleashed.Network.World	C-LINEAGE	14	NexusUnleashed.Network.World\NexusUnleashed.Network.World.Message.Model.Housing\ClientHousingVendorList.cs
NexusUnleashed.Network.World\NexusUnleashed.Network.World.Message.Model.Housing\ClientHousingVisit.cs	NexusUnleashed.Network.World	C-LINEAGE	20	NexusUnleashed.Network.World\NexusUnleashed.Network.World.Message.Model.Housing\ClientHousingVisit.cs
NexusUnleashed.Network.World\NexusUnleashed.Network.World.Message.Model.Housing\DecorInfo.cs	NexusUnleashed.Network.World	C-LINEAGE	42	NexusUnleashed.Network.World\NexusUnleashed.Network.World.Message.Model.Housing\DecorInfo.cs
NexusUnleashed.Network.World\NexusUnleashed.Network.World.Message.Model.Housing\DecorUpdate.cs	NexusUnleashed.Network.World	C-LINEAGE	11	NexusUnleashed.Network.World\NexusUnleashed.Network.World.Message.Model.Housing\DecorUpdate.cs
NexusUnleashed.Network.World\NexusUnleashed.Network.World.Message.Model.Housing\Neighbour.cs	NexusUnleashed.Network.World	C-LINEAGE	17	NexusUnleashed.Network.World\NexusUnleashed.Network.World.Message.Model.Housing\Neighbour.cs
NexusUnleashed.Network.World\NexusUnleashed.Network.World.Message.Model.Housing\Neighbourhood.cs	NexusUnleashed.Network.World	C-LINEAGE	24	NexusUnleashed.Network.World\NexusUnleashed.Network.World.Message.Model.Housing\Neighbourhood.cs
NexusUnleashed.Network.World\NexusUnleashed.Network.World.Message.Model.Housing\ServerHousingAttachUnitToDecorItem.cs	NexusUnleashed.Network.World	C-LINEAGE	16	NexusUnleashed.Network.World\NexusUnleashed.Network.World.Message.Model.Housing\ServerHousingAttachUnitToDecorItem.cs
NexusUnleashed.Network.World\NexusUnleashed.Network.World.Message.Model.Housing\ServerHousingBasics.cs	NexusUnleashed.Network.World	C-LINEAGE	24	NexusUnleashed.Network.World\NexusUnleashed.Network.World.Message.Model.Housing\ServerHousingBasics.cs
NexusUnleashed.Network.World\NexusUnleashed.Network.World.Message.Model.Housing\ServerHousingBuildState.cs	NexusUnleashed.Network.World	C-LINEAGE	19	NexusUnleashed.Network.World\NexusUnleashed.Network.World.Message.Model.Housing\ServerHousingBuildState.cs
NexusUnleashed.Network.World\NexusUnleashed.Network.World.Message.Model.Housing\ServerHousingCommunityRename.cs	NexusUnleashed.Network.World	C-LINEAGE	15	NexusUnleashed.Network.World\NexusUnleashed.Network.World.Message.Model.Housing\ServerHousingCommunityRename.cs
NexusUnleashed.Network.World\NexusUnleashed.Network.World.Message.Model.Housing\ServerHousingCrateAllDecorOnPlot.cs	NexusUnleashed.Network.World	C-LINEAGE	14	NexusUnleashed.Network.World\NexusUnleashed.Network.World.Message.Model.Housing\ServerHousingCrateAllDecorOnPlot.cs
NexusUnleashed.Network.World\NexusUnleashed.Network.World.Message.Model.Housing\ServerHousingDefaultResidenceNameUpdate.cs	NexusUnleashed.Network.World	C-LINEAGE	6	NexusUnleashed.Network.World\NexusUnleashed.Network.World.Message.Model.Housing\ServerHousingDefaultResidenceNameUpdate.cs
NexusUnleashed.Network.World\NexusUnleashed.Network.World.Message.Model.Housing\ServerHousingHarvestItemsSentToOwner.cs	NexusUnleashed.Network.World	C-LINEAGE	25	NexusUnleashed.Network.World\NexusUnleashed.Network.World.Message.Model.Housing\ServerHousingHarvestItemsSentToOwner.cs
NexusUnleashed.Network.World\NexusUnleashed.Network.World.Message.Model.Housing\ServerHousingNeighbourInviteReceived.cs	NexusUnleashed.Network.World	C-LINEAGE	14	NexusUnleashed.Network.World\NexusUnleashed.Network.World.Message.Model.Housing\ServerHousingNeighbourInviteReceived.cs
NexusUnleashed.Network.World\NexusUnleashed.Network.World.Message.Model.Housing\ServerHousingNeighbourUpdate.cs	NexusUnleashed.Network.World	C-LINEAGE	14	NexusUnleashed.Network.World\NexusUnleashed.Network.World.Message.Model.Housing\ServerHousingNeighbourUpdate.cs
NexusUnleashed.Network.World\NexusUnleashed.Network.World.Message.Model.Housing\ServerHousingNeighbourhoods.cs	NexusUnleashed.Network.World	C-LINEAGE	18	NexusUnleashed.Network.World\NexusUnleashed.Network.World.Message.Model.Housing\ServerHousingNeighbourhoods.cs
NexusUnleashed.Network.World\NexusUnleashed.Network.World.Message.Model.Housing\ServerHousingNeighbours.cs	NexusUnleashed.Network.World	C-LINEAGE	16	NexusUnleashed.Network.World\NexusUnleashed.Network.World.Message.Model.Housing\ServerHousingNeighbours.cs
NexusUnleashed.Network.World\NexusUnleashed.Network.World.Message.Model.Housing\ServerHousingOwnership.cs	NexusUnleashed.Network.World	C-LINEAGE	15	NexusUnleashed.Network.World\NexusUnleashed.Network.World.Message.Model.Housing\ServerHousingOwnership.cs
NexusUnleashed.Network.World\NexusUnleashed.Network.World.Message.Model.Housing\ServerHousingPlacedResidencesList.cs	NexusUnleashed.Network.World	C-LINEAGE	29	NexusUnleashed.Network.World\NexusUnleashed.Network.World.Message.Model.Housing\ServerHousingPlacedResidencesList.cs
NexusUnleashed.Network.World\NexusUnleashed.Network.World.Message.Model.Housing\ServerHousingPlots.cs	NexusUnleashed.Network.World	C-LINEAGE	62	NexusUnleashed.Network.World\NexusUnleashed.Network.World.Message.Model.Housing\ServerHousingPlots.cs
NexusUnleashed.Network.World\NexusUnleashed.Network.World.Message.Model.Housing\ServerHousingRandomCommunityList.cs	NexusUnleashed.Network.World	C-LINEAGE	29	NexusUnleashed.Network.World\NexusUnleashed.Network.World.Message.Model.Housing\ServerHousingRandomCommunityList.cs
NexusUnleashed.Network.World\NexusUnleashed.Network.World.Message.Model.Housing\ServerHousingRandomResidenceList.cs	NexusUnleashed.Network.World	C-LINEAGE	29	NexusUnleashed.Network.World\NexusUnleashed.Network.World.Message.Model.Housing\ServerHousingRandomResidenceList.cs
NexusUnleashed.Network.World\NexusUnleashed.Network.World.Message.Model.Housing\ServerHousingResidenceDecor.cs	NexusUnleashed.Network.World	C-LINEAGE	60	NexusUnleashed.Network.World\NexusUnleashed.Network.World.Message.Model.Housing\ServerHousingResidenceDecor.cs
NexusUnleashed.Network.World\NexusUnleashed.Network.World.Message.Model.Housing\ServerHousingResidences.cs	NexusUnleashed.Network.World	C-LINEAGE	65	NexusUnleashed.Network.World\NexusUnleashed.Network.World.Message.Model.Housing\ServerHousingResidences.cs
NexusUnleashed.Network.World\NexusUnleashed.Network.World.Message.Model.Housing\ServerHousingResult.cs	NexusUnleashed.Network.World	C-LINEAGE	17	NexusUnleashed.Network.World\NexusUnleashed.Network.World.Message.Model.Housing\ServerHousingResult.cs
NexusUnleashed.Network.World\NexusUnleashed.Network.World.Message.Model.Housing\ServerHousingVendorList.cs	NexusUnleashed.Network.World	C-LINEAGE	32	NexusUnleashed.Network.World\NexusUnleashed.Network.World.Message.Model.Housing\ServerHousingVendorList.cs
NexusUnleashed.Network.World\NexusUnleashed.Network.World.Message.Model.Housing\ServerWarPlotPlugState.cs	NexusUnleashed.Network.World	C-LINEAGE	22	NexusUnleashed.Network.World\NexusUnleashed.Network.World.Message.Model.Housing\ServerWarPlotPlugState.cs
NexusUnleashed.Network.World\NexusUnleashed.Network.World.Message.Model.Housing\WarPlotPlug.cs	NexusUnleashed.Network.World	C-LINEAGE	16	NexusUnleashed.Network.World\NexusUnleashed.Network.World.Message.Model.Housing\WarPlotPlug.cs
NexusUnleashed.Network.World\NexusUnleashed.Network.World.Message.Model.ICComm\ClientICCommChannelJoin.cs	NexusUnleashed.Network.World	C-LINEAGE	16	NexusUnleashed.Network.World\NexusUnleashed.Network.World.Message.Model.ICComm\ClientICCommChannelJoin.cs
NexusUnleashed.Network.World\NexusUnleashed.Network.World.Message.Model.ICComm\ClientICCommChannelNotJoined.cs	NexusUnleashed.Network.World	C-LINEAGE	11	NexusUnleashed.Network.World\NexusUnleashed.Network.World.Message.Model.ICComm\ClientICCommChannelNotJoined.cs
NexusUnleashed.Network.World\NexusUnleashed.Network.World.Message.Model.ICComm\ClientICCommMessage.cs	NexusUnleashed.Network.World	C-LINEAGE	17	NexusUnleashed.Network.World\NexusUnleashed.Network.World.Message.Model.ICComm\ClientICCommMessage.cs
NexusUnleashed.Network.World\NexusUnleashed.Network.World.Message.Model.ICComm\ServerICCommChannelJoin.cs	NexusUnleashed.Network.World	C-LINEAGE	16	NexusUnleashed.Network.World\NexusUnleashed.Network.World.Message.Model.ICComm\ServerICCommChannelJoin.cs
NexusUnleashed.Network.World\NexusUnleashed.Network.World.Message.Model.ICComm\ServerICCommChannelJoinResult.cs	NexusUnleashed.Network.World	C-LINEAGE	16	NexusUnleashed.Network.World\NexusUnleashed.Network.World.Message.Model.ICComm\ServerICCommChannelJoinResult.cs
NexusUnleashed.Network.World\NexusUnleashed.Network.World.Message.Model.ICComm\ServerICCommChannelLeft.cs	NexusUnleashed.Network.World	C-LINEAGE	11	NexusUnleashed.Network.World\NexusUnleashed.Network.World.Message.Model.ICComm\ServerICCommChannelLeft.cs
NexusUnleashed.Network.World\NexusUnleashed.Network.World.Message.Model.ICComm\ServerICCommDirectedMessage.cs	NexusUnleashed.Network.World	C-LINEAGE	15	NexusUnleashed.Network.World\NexusUnleashed.Network.World.Message.Model.ICComm\ServerICCommDirectedMessage.cs
NexusUnleashed.Network.World\NexusUnleashed.Network.World.Message.Model.ICComm\ServerICCommMessageResult.cs	NexusUnleashed.Network.World	C-LINEAGE	16	NexusUnleashed.Network.World\NexusUnleashed.Network.World.Message.Model.ICComm\ServerICCommMessageResult.cs
NexusUnleashed.Network.World\NexusUnleashed.Network.World.Message.Model.ICComm\ServerICCommOrderedMessage.cs	NexusUnleashed.Network.World	C-LINEAGE	15	NexusUnleashed.Network.World\NexusUnleashed.Network.World.Message.Model.ICComm\ServerICCommOrderedMessage.cs
NexusUnleashed.Network.World\NexusUnleashed.Network.World.Message.Model.Info\ClientPlayerInfoRequest.cs	NexusUnleashed.Network.World	C-LINEAGE	15	NexusUnleashed.Network.World\NexusUnleashed.Network.World.Message.Model.Info\ClientPlayerInfoRequest.cs
NexusUnleashed.Network.World\NexusUnleashed.Network.World.Message.Model.Info\ClientRealmInfoRequest.cs	NexusUnleashed.Network.World	C-LINEAGE	11	NexusUnleashed.Network.World\NexusUnleashed.Network.World.Message.Model.Info\ClientRealmInfoRequest.cs
NexusUnleashed.Network.World\NexusUnleashed.Network.World.Message.Model.Info\PlayerInfoBase.cs	NexusUnleashed.Network.World	C-LINEAGE	18	NexusUnleashed.Network.World\NexusUnleashed.Network.World.Message.Model.Info\PlayerInfoBase.cs
NexusUnleashed.Network.World\NexusUnleashed.Network.World.Message.Model.Info\ServerDisabledGameplaySystems.cs	NexusUnleashed.Network.World	C-LINEAGE	16	NexusUnleashed.Network.World\NexusUnleashed.Network.World.Message.Model.Info\ServerDisabledGameplaySystems.cs
NexusUnleashed.Network.World\NexusUnleashed.Network.World.Message.Model.Info\ServerGenericError.cs	NexusUnleashed.Network.World	C-LINEAGE	12	NexusUnleashed.Network.World\NexusUnleashed.Network.World.Message.Model.Info\ServerGenericError.cs
NexusUnleashed.Network.World\NexusUnleashed.Network.World.Message.Model.Info\ServerHealthyGamingUpdate.cs	NexusUnleashed.Network.World	C-LINEAGE	20	NexusUnleashed.Network.World\NexusUnleashed.Network.World.Message.Model.Info\ServerHealthyGamingUpdate.cs
NexusUnleashed.Network.World\NexusUnleashed.Network.World.Message.Model.Info\ServerPlayerInfoBasicResponse.cs	NexusUnleashed.Network.World	C-LINEAGE	11	NexusUnleashed.Network.World\NexusUnleashed.Network.World.Message.Model.Info\ServerPlayerInfoBasicResponse.cs
NexusUnleashed.Network.World\NexusUnleashed.Network.World.Message.Model.Info\ServerPlayerInfoFullResponse.cs	NexusUnleashed.Network.World	C-LINEAGE	25	NexusUnleashed.Network.World\NexusUnleashed.Network.World.Message.Model.Info\ServerPlayerInfoFullResponse.cs
NexusUnleashed.Network.World\NexusUnleashed.Network.World.Message.Model.Info\ServerPrerequisiteFailure.cs	NexusUnleashed.Network.World	C-LINEAGE	15	NexusUnleashed.Network.World\NexusUnleashed.Network.World.Message.Model.Info\ServerPrerequisiteFailure.cs
NexusUnleashed.Network.World\NexusUnleashed.Network.World.Message.Model.Info\ServerRealmInfoResponse.cs	NexusUnleashed.Network.World	C-LINEAGE	13	NexusUnleashed.Network.World\NexusUnleashed.Network.World.Message.Model.Info\ServerRealmInfoResponse.cs
NexusUnleashed.Network.World\NexusUnleashed.Network.World.Message.Model.Info\ServerTimeOfDay.cs	NexusUnleashed.Network.World	C-LINEAGE	15	NexusUnleashed.Network.World\NexusUnleashed.Network.World.Message.Model.Info\ServerTimeOfDay.cs
NexusUnleashed.Network.World\NexusUnleashed.Network.World.Message.Model.Instance\ClientClosedInstanceSettings.cs	NexusUnleashed.Network.World	C-LINEAGE	11	NexusUnleashed.Network.World\NexusUnleashed.Network.World.Message.Model.Instance\ClientClosedInstanceSettings.cs
NexusUnleashed.Network.World\NexusUnleashed.Network.World.Message.Model.Instance\ClientLeavePendingRemovalInstance.cs	NexusUnleashed.Network.World	C-LINEAGE	9	NexusUnleashed.Network.World\NexusUnleashed.Network.World.Message.Model.Instance\ClientLeavePendingRemovalInstance.cs
NexusUnleashed.Network.World\NexusUnleashed.Network.World.Message.Model.Instance\ClientRaidInfoRequest.cs	NexusUnleashed.Network.World	C-LINEAGE	9	NexusUnleashed.Network.World\NexusUnleashed.Network.World.Message.Model.Instance\ClientRaidInfoRequest.cs
NexusUnleashed.Network.World\NexusUnleashed.Network.World.Message.Model.Instance\ClientResetInstances.cs	NexusUnleashed.Network.World	C-LINEAGE	9	NexusUnleashed.Network.World\NexusUnleashed.Network.World.Message.Model.Instance\ClientResetInstances.cs
NexusUnleashed.Network.World\NexusUnleashed.Network.World.Message.Model.Instance\ClientResetSingleInstance.cs	NexusUnleashed.Network.World	C-LINEAGE	11	NexusUnleashed.Network.World\NexusUnleashed.Network.World.Message.Model.Instance\ClientResetSingleInstance.cs
NexusUnleashed.Network.World\NexusUnleashed.Network.World.Message.Model.Instance\ClientSetInstanceSettings.cs	NexusUnleashed.Network.World	C-LINEAGE	18	NexusUnleashed.Network.World\NexusUnleashed.Network.World.Message.Model.Instance\ClientSetInstanceSettings.cs
NexusUnleashed.Network.World\NexusUnleashed.Network.World.Message.Model.Instance\ServerHideInstanceGameModeDialog.cs	NexusUnleashed.Network.World	C-LINEAGE	9	NexusUnleashed.Network.World\NexusUnleashed.Network.World.Message.Model.Instance\ServerHideInstanceGameModeDialog.cs
NexusUnleashed.Network.World\NexusUnleashed.Network.World.Message.Model.Instance\ServerInstanceBusy.cs	NexusUnleashed.Network.World	C-LINEAGE	11	NexusUnleashed.Network.World\NexusUnleashed.Network.World.Message.Model.Instance\ServerInstanceBusy.cs
NexusUnleashed.Network.World\NexusUnleashed.Network.World.Message.Model.Instance\ServerInstanceResetFailed.cs	NexusUnleashed.Network.World	C-LINEAGE	9	NexusUnleashed.Network.World\NexusUnleashed.Network.World.Message.Model.Instance\ServerInstanceResetFailed.cs
NexusUnleashed.Network.World\NexusUnleashed.Network.World.Message.Model.Instance\ServerInstanceResetResult.cs	NexusUnleashed.Network.World	C-LINEAGE	13	NexusUnleashed.Network.World\NexusUnleashed.Network.World.Message.Model.Instance\ServerInstanceResetResult.cs
NexusUnleashed.Network.World\NexusUnleashed.Network.World.Message.Model.Instance\ServerRaidInfoResponse.cs	NexusUnleashed.Network.World	C-LINEAGE	32	NexusUnleashed.Network.World\NexusUnleashed.Network.World.Message.Model.Instance\ServerRaidInfoResponse.cs
NexusUnleashed.Network.World\NexusUnleashed.Network.World.Message.Model.Instance\ServerShowInstanceGameModeDialog.cs	NexusUnleashed.Network.World	C-LINEAGE	32	NexusUnleashed.Network.World\NexusUnleashed.Network.World.Message.Model.Instance\ServerShowInstanceGameModeDialog.cs
NexusUnleashed.Network.World\NexusUnleashed.Network.World.Message.Model.Instance\ServerShowInstanceRestrictedDialog.cs	NexusUnleashed.Network.World	C-LINEAGE	9	NexusUnleashed.Network.World\NexusUnleashed.Network.World.Message.Model.Instance\ServerShowInstanceRestrictedDialog.cs
NexusUnleashed.Network.World\NexusUnleashed.Network.World.Message.Model.Leaderboard\ClientLeaderboardPveRequest.cs	NexusUnleashed.Network.World	C-LINEAGE	16	NexusUnleashed.Network.World\NexusUnleashed.Network.World.Message.Model.Leaderboard\ClientLeaderboardPveRequest.cs
NexusUnleashed.Network.World\NexusUnleashed.Network.World.Message.Model.Leaderboard\ClientLeaderboardPvpRequest.cs	NexusUnleashed.Network.World	C-LINEAGE	12	NexusUnleashed.Network.World\NexusUnleashed.Network.World.Message.Model.Leaderboard\ClientLeaderboardPvpRequest.cs
NexusUnleashed.Network.World\NexusUnleashed.Network.World.Message.Model.Leaderboard\LeaderboardPlayerPve.cs	NexusUnleashed.Network.World	C-LINEAGE	34	NexusUnleashed.Network.World\NexusUnleashed.Network.World.Message.Model.Leaderboard\LeaderboardPlayerPve.cs
NexusUnleashed.Network.World\NexusUnleashed.Network.World.Message.Model.Leaderboard\LeaderboardTeamPvp.cs	NexusUnleashed.Network.World	C-LINEAGE	28	NexusUnleashed.Network.World\NexusUnleashed.Network.World.Message.Model.Leaderboard\LeaderboardTeamPvp.cs
NexusUnleashed.Network.World\NexusUnleashed.Network.World.Message.Model.Leaderboard\ServerLeaderboardPve.cs	NexusUnleashed.Network.World	C-LINEAGE	25	NexusUnleashed.Network.World\NexusUnleashed.Network.World.Message.Model.Leaderboard\ServerLeaderboardPve.cs
NexusUnleashed.Network.World\NexusUnleashed.Network.World.Message.Model.Leaderboard\ServerLeaderboardPvp.cs	NexusUnleashed.Network.World	C-LINEAGE	21	NexusUnleashed.Network.World\NexusUnleashed.Network.World.Message.Model.Leaderboard\ServerLeaderboardPvp.cs
NexusUnleashed.Network.World\NexusUnleashed.Network.World.Message.Model.Leaderboard\TeamMember.cs	NexusUnleashed.Network.World	C-LINEAGE	13	NexusUnleashed.Network.World\NexusUnleashed.Network.World.Message.Model.Leaderboard\TeamMember.cs
NexusUnleashed.Network.World\NexusUnleashed.Network.World.Message.Model.Loot\ClientLootAssignMaster.cs	NexusUnleashed.Network.World	C-LINEAGE	16	NexusUnleashed.Network.World\NexusUnleashed.Network.World.Message.Model.Loot\ClientLootAssignMaster.cs
NexusUnleashed.Network.World\NexusUnleashed.Network.World.Message.Model.Loot\ClientLootItem.cs	NexusUnleashed.Network.World	C-LINEAGE	15	NexusUnleashed.Network.World\NexusUnleashed.Network.World.Message.Model.Loot\ClientLootItem.cs
NexusUnleashed.Network.World\NexusUnleashed.Network.World.Message.Model.Loot\ClientLootRollAction.cs	NexusUnleashed.Network.World	C-LINEAGE	16	NexusUnleashed.Network.World\NexusUnleashed.Network.World.Message.Model.Loot\ClientLootRollAction.cs
NexusUnleashed.Network.World\NexusUnleashed.Network.World.Message.Model.Loot\ClientLootVacuum.cs	NexusUnleashed.Network.World	C-LINEAGE	9	NexusUnleashed.Network.World\NexusUnleashed.Network.World.Message.Model.Loot\ClientLootVacuum.cs
NexusUnleashed.Network.World\NexusUnleashed.Network.World.Message.Model.Loot\LootItem.cs	NexusUnleashed.Network.World	C-LINEAGE	41	NexusUnleashed.Network.World\NexusUnleashed.Network.World.Message.Model.Loot\LootItem.cs
NexusUnleashed.Network.World\NexusUnleashed.Network.World.Message.Model.Loot\ServerLootBindOnPickup.cs	NexusUnleashed.Network.World	C-LINEAGE	13	NexusUnleashed.Network.World\NexusUnleashed.Network.World.Message.Model.Loot\ServerLootBindOnPickup.cs
NexusUnleashed.Network.World\NexusUnleashed.Network.World.Message.Model.Loot\ServerLootCanLoot.cs	NexusUnleashed.Network.World	C-LINEAGE	11	NexusUnleashed.Network.World\NexusUnleashed.Network.World.Message.Model.Loot\ServerLootCanLoot.cs
NexusUnleashed.Network.World\NexusUnleashed.Network.World.Message.Model.Loot\ServerLootGrant.cs	NexusUnleashed.Network.World	C-LINEAGE	15	NexusUnleashed.Network.World\NexusUnleashed.Network.World.Message.Model.Loot\ServerLootGrant.cs
NexusUnleashed.Network.World\NexusUnleashed.Network.World.Message.Model.Loot\ServerLootNotification.cs	NexusUnleashed.Network.World	C-LINEAGE	26	NexusUnleashed.Network.World\NexusUnleashed.Network.World.Message.Model.Loot\ServerLootNotification.cs
NexusUnleashed.Network.World\NexusUnleashed.Network.World.Message.Model.Loot\ServerLootNotify.cs	NexusUnleashed.Network.World	C-LINEAGE	22	NexusUnleashed.Network.World\NexusUnleashed.Network.World.Message.Model.Loot\ServerLootNotify.cs
NexusUnleashed.Network.World\NexusUnleashed.Network.World.Message.Model.Loot\ServerLootRemove.cs	NexusUnleashed.Network.World	C-LINEAGE	11	NexusUnleashed.Network.World\NexusUnleashed.Network.World.Message.Model.Loot\ServerLootRemove.cs
NexusUnleashed.Network.World\NexusUnleashed.Network.World.Message.Model.Loot\ServerLootRoll.cs	NexusUnleashed.Network.World	C-LINEAGE	19	NexusUnleashed.Network.World\NexusUnleashed.Network.World.Message.Model.Loot\ServerLootRoll.cs
NexusUnleashed.Network.World\NexusUnleashed.Network.World.Message.Model.Loot\ServerLootWinner.cs	NexusUnleashed.Network.World	C-LINEAGE	33	NexusUnleashed.Network.World\NexusUnleashed.Network.World.Message.Model.Loot\ServerLootWinner.cs
NexusUnleashed.Network.World\NexusUnleashed.Network.World.Message.Model.Mail\ClientMailDelete.cs	NexusUnleashed.Network.World	C-LINEAGE	16	NexusUnleashed.Network.World\NexusUnleashed.Network.World.Message.Model.Mail\ClientMailDelete.cs
NexusUnleashed.Network.World\NexusUnleashed.Network.World.Message.Model.Mail\ClientMailOpen.cs	NexusUnleashed.Network.World	C-LINEAGE	16	NexusUnleashed.Network.World\NexusUnleashed.Network.World.Message.Model.Mail\ClientMailOpen.cs
NexusUnleashed.Network.World\NexusUnleashed.Network.World.Message.Model.Mail\ClientMailPayCod.cs	NexusUnleashed.Network.World	C-LINEAGE	13	NexusUnleashed.Network.World\NexusUnleashed.Network.World.Message.Model.Mail\ClientMailPayCod.cs
NexusUnleashed.Network.World\NexusUnleashed.Network.World.Message.Model.Mail\ClientMailReturn.cs	NexusUnleashed.Network.World	C-LINEAGE	11	NexusUnleashed.Network.World\NexusUnleashed.Network.World.Message.Model.Mail\ClientMailReturn.cs
NexusUnleashed.Network.World\NexusUnleashed.Network.World.Message.Model.Mail\ClientMailSend.cs	NexusUnleashed.Network.World	C-LINEAGE	32	NexusUnleashed.Network.World\NexusUnleashed.Network.World.Message.Model.Mail\ClientMailSend.cs
NexusUnleashed.Network.World\NexusUnleashed.Network.World.Message.Model.Mail\ClientMailTakeAllFromSelection.cs	NexusUnleashed.Network.World	C-LINEAGE	18	NexusUnleashed.Network.World\NexusUnleashed.Network.World.Message.Model.Mail\ClientMailTakeAllFromSelection.cs
NexusUnleashed.Network.World\NexusUnleashed.Network.World.Message.Model.Mail\ClientMailTakeAttachment.cs	NexusUnleashed.Network.World	C-LINEAGE	15	NexusUnleashed.Network.World\NexusUnleashed.Network.World.Message.Model.Mail\ClientMailTakeAttachment.cs
NexusUnleashed.Network.World\NexusUnleashed.Network.World.Message.Model.Mail\ClientMailTakeCash.cs	NexusUnleashed.Network.World	C-LINEAGE	13	NexusUnleashed.Network.World\NexusUnleashed.Network.World.Message.Model.Mail\ClientMailTakeCash.cs
NexusUnleashed.Network.World\NexusUnleashed.Network.World.Message.Model.Mail\ServerMailAvailable.cs	NexusUnleashed.Network.World	C-LINEAGE	90	NexusUnleashed.Network.World\NexusUnleashed.Network.World.Message.Model.Mail\ServerMailAvailable.cs
NexusUnleashed.Network.World\NexusUnleashed.Network.World.Message.Model.Mail\ServerMailItemDeprecation.cs	NexusUnleashed.Network.World	C-LINEAGE	16	NexusUnleashed.Network.World\NexusUnleashed.Network.World.Message.Model.Mail\ServerMailItemDeprecation.cs
NexusUnleashed.Network.World\NexusUnleashed.Network.World.Message.Model.Mail\ServerMailResult.cs	NexusUnleashed.Network.World	C-LINEAGE	16	NexusUnleashed.Network.World\NexusUnleashed.Network.World.Message.Model.Mail\ServerMailResult.cs
NexusUnleashed.Network.World\NexusUnleashed.Network.World.Message.Model.Mail\ServerMailTakeAttachment.cs	NexusUnleashed.Network.World	C-LINEAGE	16	NexusUnleashed.Network.World\NexusUnleashed.Network.World.Message.Model.Mail\ServerMailTakeAttachment.cs
NexusUnleashed.Network.World\NexusUnleashed.Network.World.Message.Model.Mail\ServerMailUnavailable.cs	NexusUnleashed.Network.World	C-LINEAGE	11	NexusUnleashed.Network.World\NexusUnleashed.Network.World.Message.Model.Mail\ServerMailUnavailable.cs
NexusUnleashed.Network.World\NexusUnleashed.Network.World.Message.Model.Map\ClientGenericMapNodeChosen.cs	NexusUnleashed.Network.World	C-LINEAGE	11	NexusUnleashed.Network.World\NexusUnleashed.Network.World.Message.Model.Map\ClientGenericMapNodeChosen.cs
NexusUnleashed.Network.World\NexusUnleashed.Network.World.Message.Model.Map\GenericMapNode.cs	NexusUnleashed.Network.World	C-LINEAGE	12	NexusUnleashed.Network.World\NexusUnleashed.Network.World.Message.Model.Map\GenericMapNode.cs
NexusUnleashed.Network.World\NexusUnleashed.Network.World.Message.Model.Map\ServerDestinationArrowClear.cs	NexusUnleashed.Network.World	C-LINEAGE	9	NexusUnleashed.Network.World\NexusUnleashed.Network.World.Message.Model.Map\ServerDestinationArrowClear.cs
NexusUnleashed.Network.World\NexusUnleashed.Network.World.Message.Model.Map\ServerDestinationArrowSet.cs	NexusUnleashed.Network.World	C-LINEAGE	14	NexusUnleashed.Network.World\NexusUnleashed.Network.World.Message.Model.Map\ServerDestinationArrowSet.cs
NexusUnleashed.Network.World\NexusUnleashed.Network.World.Message.Model.Map\ServerGenericMapNode.cs	NexusUnleashed.Network.World	C-LINEAGE	11	NexusUnleashed.Network.World\NexusUnleashed.Network.World.Message.Model.Map\ServerGenericMapNode.cs
NexusUnleashed.Network.World\NexusUnleashed.Network.World.Message.Model.Map\ServerGenericMapShow.cs	NexusUnleashed.Network.World	C-LINEAGE	18	NexusUnleashed.Network.World\NexusUnleashed.Network.World.Message.Model.Map\ServerGenericMapShow.cs
NexusUnleashed.Network.World\NexusUnleashed.Network.World.Message.Model.Map\ServerMapUpdateHexGroup.cs	NexusUnleashed.Network.World	C-LINEAGE	17	NexusUnleashed.Network.World\NexusUnleashed.Network.World.Message.Model.Map\ServerMapUpdateHexGroup.cs
NexusUnleashed.Network.World\NexusUnleashed.Network.World.Message.Model.Map\ServerZoneMap.cs	NexusUnleashed.Network.World	C-LINEAGE	15	NexusUnleashed.Network.World\NexusUnleashed.Network.World.Message.Model.Map\ServerZoneMap.cs
NexusUnleashed.Network.World\NexusUnleashed.Network.World.Message.Model.Marketplace.Filter\AuctionFilter.cs	NexusUnleashed.Network.World	C-LINEAGE	43	NexusUnleashed.Network.World\NexusUnleashed.Network.World.Message.Model.Marketplace.Filter\AuctionFilter.cs
NexusUnleashed.Network.World\NexusUnleashed.Network.World.Message.Model.Marketplace.Filter\BuyoutMaxAuctionFilter.cs	NexusUnleashed.Network.World	C-LINEAGE	10	NexusUnleashed.Network.World\NexusUnleashed.Network.World.Message.Model.Marketplace.Filter\BuyoutMaxAuctionFilter.cs
NexusUnleashed.Network.World\NexusUnleashed.Network.World.Message.Model.Marketplace.Filter\EquippableByAuctionFilter.cs	NexusUnleashed.Network.World	C-LINEAGE	18	NexusUnleashed.Network.World\NexusUnleashed.Network.World.Message.Model.Marketplace.Filter\EquippableByAuctionFilter.cs
NexusUnleashed.Network.World\NexusUnleashed.Network.World.Message.Model.Marketplace.Filter\IAuctionFilter.cs	NexusUnleashed.Network.World	C-LINEAGE	5	NexusUnleashed.Network.World\NexusUnleashed.Network.World.Message.Model.Marketplace.Filter\IAuctionFilter.cs
NexusUnleashed.Network.World\NexusUnleashed.Network.World.Message.Model.Marketplace.Filter\LevelAuctionFilter.cs	NexusUnleashed.Network.World	C-LINEAGE	12	NexusUnleashed.Network.World\NexusUnleashed.Network.World.Message.Model.Marketplace.Filter\LevelAuctionFilter.cs
NexusUnleashed.Network.World\NexusUnleashed.Network.World.Message.Model.Marketplace.Filter\PropertyMaxAuctionFilter.cs	NexusUnleashed.Network.World	C-LINEAGE	13	NexusUnleashed.Network.World\NexusUnleashed.Network.World.Message.Model.Marketplace.Filter\PropertyMaxAuctionFilter.cs
NexusUnleashed.Network.World\NexusUnleashed.Network.World.Message.Model.Marketplace.Filter\PropertyMinAuctionFilter.cs	NexusUnleashed.Network.World	C-LINEAGE	13	NexusUnleashed.Network.World\NexusUnleashed.Network.World.Message.Model.Marketplace.Filter\PropertyMinAuctionFilter.cs
NexusUnleashed.Network.World\NexusUnleashed.Network.World.Message.Model.Marketplace.Filter\QualityAuctionFilter.cs	NexusUnleashed.Network.World	C-LINEAGE	13	NexusUnleashed.Network.World\NexusUnleashed.Network.World.Message.Model.Marketplace.Filter\QualityAuctionFilter.cs
NexusUnleashed.Network.World\NexusUnleashed.Network.World.Message.Model.Marketplace.Filter\RuneSlotAuctionFilter.cs	NexusUnleashed.Network.World	C-LINEAGE	12	NexusUnleashed.Network.World\NexusUnleashed.Network.World.Message.Model.Marketplace.Filter\RuneSlotAuctionFilter.cs
NexusUnleashed.Network.World\NexusUnleashed.Network.World.Message.Model.Marketplace\AuctionInfo.cs	NexusUnleashed.Network.World	C-LINEAGE	65	NexusUnleashed.Network.World\NexusUnleashed.Network.World.Message.Model.Marketplace\AuctionInfo.cs
NexusUnleashed.Network.World\NexusUnleashed.Network.World.Message.Model.Marketplace\ClientAuctionBuyOrderSubmit.cs	NexusUnleashed.Network.World	C-LINEAGE	15	NexusUnleashed.Network.World\NexusUnleashed.Network.World.Message.Model.Marketplace\ClientAuctionBuyOrderSubmit.cs
NexusUnleashed.Network.World\NexusUnleashed.Network.World.Message.Model.Marketplace\ClientAuctionCancel.cs	NexusUnleashed.Network.World	C-LINEAGE	13	NexusUnleashed.Network.World\NexusUnleashed.Network.World.Message.Model.Marketplace\ClientAuctionCancel.cs
NexusUnleashed.Network.World\NexusUnleashed.Network.World.Message.Model.Marketplace\ClientAuctionSellOrderSubmit.cs	NexusUnleashed.Network.World	C-LINEAGE	15	NexusUnleashed.Network.World\NexusUnleashed.Network.World.Message.Model.Marketplace\ClientAuctionSellOrderSubmit.cs
NexusUnleashed.Network.World\NexusUnleashed.Network.World.Message.Model.Marketplace\ClientAuctionsByFilterRequest.cs	NexusUnleashed.Network.World	C-LINEAGE	41	NexusUnleashed.Network.World\NexusUnleashed.Network.World.Message.Model.Marketplace\ClientAuctionsByFilterRequest.cs
NexusUnleashed.Network.World\NexusUnleashed.Network.World.Message.Model.Marketplace\ClientCommodityOrderCancel.cs	NexusUnleashed.Network.World	C-LINEAGE	15	NexusUnleashed.Network.World\NexusUnleashed.Network.World.Message.Model.Marketplace\ClientCommodityOrderCancel.cs
NexusUnleashed.Network.World\NexusUnleashed.Network.World.Message.Model.Marketplace\ClientCommoditySellOrderSubmit.cs	NexusUnleashed.Network.World	C-LINEAGE	11	NexusUnleashed.Network.World\NexusUnleashed.Network.World.Message.Model.Marketplace\ClientCommoditySellOrderSubmit.cs
NexusUnleashed.Network.World\NexusUnleashed.Network.World.Message.Model.Marketplace\ClientRequestCommodityInfo.cs	NexusUnleashed.Network.World	C-LINEAGE	11	NexusUnleashed.Network.World\NexusUnleashed.Network.World.Message.Model.Marketplace\ClientRequestCommodityInfo.cs
NexusUnleashed.Network.World\NexusUnleashed.Network.World.Message.Model.Marketplace\ClientRequestOwnedCommodityOrders.cs	NexusUnleashed.Network.World	C-LINEAGE	9	NexusUnleashed.Network.World\NexusUnleashed.Network.World.Message.Model.Marketplace\ClientRequestOwnedCommodityOrders.cs
NexusUnleashed.Network.World\NexusUnleashed.Network.World.Message.Model.Marketplace\ClientRequestOwnedItemAuctions.cs	NexusUnleashed.Network.World	C-LINEAGE	9	NexusUnleashed.Network.World\NexusUnleashed.Network.World.Message.Model.Marketplace\ClientRequestOwnedItemAuctions.cs
NexusUnleashed.Network.World\NexusUnleashed.Network.World.Message.Model.Marketplace\CommodityOrder.cs	NexusUnleashed.Network.World	C-LINEAGE	38	NexusUnleashed.Network.World\NexusUnleashed.Network.World.Message.Model.Marketplace\CommodityOrder.cs
NexusUnleashed.Network.World\NexusUnleashed.Network.World.Message.Model.Marketplace\ServerAuctionBidPosted.cs	NexusUnleashed.Network.World	C-LINEAGE	11	NexusUnleashed.Network.World\NexusUnleashed.Network.World.Message.Model.Marketplace\ServerAuctionBidPosted.cs
NexusUnleashed.Network.World\NexusUnleashed.Network.World.Message.Model.Marketplace\ServerAuctionBidResult.cs	NexusUnleashed.Network.World	C-LINEAGE	14	NexusUnleashed.Network.World\NexusUnleashed.Network.World.Message.Model.Marketplace\ServerAuctionBidResult.cs
NexusUnleashed.Network.World\NexusUnleashed.Network.World.Message.Model.Marketplace\ServerAuctionCancelResult.cs	NexusUnleashed.Network.World	C-LINEAGE	14	NexusUnleashed.Network.World\NexusUnleashed.Network.World.Message.Model.Marketplace\ServerAuctionCancelResult.cs
NexusUnleashed.Network.World\NexusUnleashed.Network.World.Message.Model.Marketplace\ServerAuctionExpired.cs	NexusUnleashed.Network.World	C-LINEAGE	11	NexusUnleashed.Network.World\NexusUnleashed.Network.World.Message.Model.Marketplace\ServerAuctionExpired.cs
NexusUnleashed.Network.World\NexusUnleashed.Network.World.Message.Model.Marketplace\ServerAuctionOutbid.cs	NexusUnleashed.Network.World	C-LINEAGE	11	NexusUnleashed.Network.World\NexusUnleashed.Network.World.Message.Model.Marketplace\ServerAuctionOutbid.cs
NexusUnleashed.Network.World\NexusUnleashed.Network.World.Message.Model.Marketplace\ServerAuctionPostResult.cs	NexusUnleashed.Network.World	C-LINEAGE	14	NexusUnleashed.Network.World\NexusUnleashed.Network.World.Message.Model.Marketplace\ServerAuctionPostResult.cs
NexusUnleashed.Network.World\NexusUnleashed.Network.World.Message.Model.Marketplace\ServerAuctionSearchResults.cs	NexusUnleashed.Network.World	C-LINEAGE	20	NexusUnleashed.Network.World\NexusUnleashed.Network.World.Message.Model.Marketplace\ServerAuctionSearchResults.cs
NexusUnleashed.Network.World\NexusUnleashed.Network.World.Message.Model.Marketplace\ServerAuctionWon.cs	NexusUnleashed.Network.World	C-LINEAGE	11	NexusUnleashed.Network.World\NexusUnleashed.Network.World.Message.Model.Marketplace\ServerAuctionWon.cs
NexusUnleashed.Network.World\NexusUnleashed.Network.World.Message.Model.Marketplace\ServerCommodityAuctionFilledPartial.cs	NexusUnleashed.Network.World	C-LINEAGE	14	NexusUnleashed.Network.World\NexusUnleashed.Network.World.Message.Model.Marketplace\ServerCommodityAuctionFilledPartial.cs
NexusUnleashed.Network.World\NexusUnleashed.Network.World.Message.Model.Marketplace\ServerCommodityAuctionRemoved.cs	NexusUnleashed.Network.World	C-LINEAGE	14	NexusUnleashed.Network.World\NexusUnleashed.Network.World.Message.Model.Marketplace\ServerCommodityAuctionRemoved.cs
NexusUnleashed.Network.World\NexusUnleashed.Network.World.Message.Model.Marketplace\ServerCommodityInfoResults.cs	NexusUnleashed.Network.World	C-LINEAGE	32	NexusUnleashed.Network.World\NexusUnleashed.Network.World.Message.Model.Marketplace\ServerCommodityInfoResults.cs
NexusUnleashed.Network.World\NexusUnleashed.Network.World.Message.Model.Marketplace\ServerCommodityOrderResult.cs	NexusUnleashed.Network.World	C-LINEAGE	16	NexusUnleashed.Network.World\NexusUnleashed.Network.World.Message.Model.Marketplace\ServerCommodityOrderResult.cs
NexusUnleashed.Network.World\NexusUnleashed.Network.World.Message.Model.Marketplace\ServerMarketplaceStatus.cs	NexusUnleashed.Network.World	C-LINEAGE	12	NexusUnleashed.Network.World\NexusUnleashed.Network.World.Message.Model.Marketplace\ServerMarketplaceStatus.cs
NexusUnleashed.Network.World\NexusUnleashed.Network.World.Message.Model.Marketplace\ServerOwnedCommodityOrders.cs	NexusUnleashed.Network.World	C-LINEAGE	16	NexusUnleashed.Network.World\NexusUnleashed.Network.World.Message.Model.Marketplace\ServerOwnedCommodityOrders.cs
NexusUnleashed.Network.World\NexusUnleashed.Network.World.Message.Model.Marketplace\ServerOwnedItemAuctions.cs	NexusUnleashed.Network.World	C-LINEAGE	16	NexusUnleashed.Network.World\NexusUnleashed.Network.World.Message.Model.Marketplace\ServerOwnedItemAuctions.cs
NexusUnleashed.Network.World\NexusUnleashed.Network.World.Message.Model.MatchingGame\ServerWarPartyMatchResults.cs	NexusUnleashed.Network.World	C-LINEAGE	17	NexusUnleashed.Network.World\NexusUnleashed.Network.World.Message.Model.MatchingGame\ServerWarPartyMatchResults.cs
NexusUnleashed.Network.World\NexusUnleashed.Network.World.Message.Model.Movement\ClientMovementControlReturnAck.cs	NexusUnleashed.Network.World	A-AUTHORED	23	
NexusUnleashed.Network.World\NexusUnleashed.Network.World.Message.Model.Option\BiInputKeySet.cs	NexusUnleashed.Network.World	C-LINEAGE	30	NexusUnleashed.Network.World\NexusUnleashed.Network.World.Message.Model.Option\BiInputKeySet.cs
NexusUnleashed.Network.World\NexusUnleashed.Network.World.Message.Model.Option\ClientCombatLogDisableOthers.cs	NexusUnleashed.Network.World	C-LINEAGE	11	NexusUnleashed.Network.World\NexusUnleashed.Network.World.Message.Model.Option\ClientCombatLogDisableOthers.cs
NexusUnleashed.Network.World\NexusUnleashed.Network.World.Message.Model.Option\ClientCombatLogDisables.cs	NexusUnleashed.Network.World	C-LINEAGE	12	NexusUnleashed.Network.World\NexusUnleashed.Network.World.Message.Model.Option\ClientCombatLogDisables.cs
NexusUnleashed.Network.World\NexusUnleashed.Network.World.Message.Model.Option\ClientCombatOptions.cs	NexusUnleashed.Network.World	C-LINEAGE	16	NexusUnleashed.Network.World\NexusUnleashed.Network.World.Message.Model.Option\ClientCombatOptions.cs
NexusUnleashed.Network.World\NexusUnleashed.Network.World.Message.Model.Option\ClientOptions.cs	NexusUnleashed.Network.World	C-LINEAGE	14	NexusUnleashed.Network.World\NexusUnleashed.Network.World.Message.Model.Option\ClientOptions.cs
NexusUnleashed.Network.World\NexusUnleashed.Network.World.Message.Model.Option\ClientRequestInputKeySet.cs	NexusUnleashed.Network.World	C-LINEAGE	11	NexusUnleashed.Network.World\NexusUnleashed.Network.World.Message.Model.Option\ClientRequestInputKeySet.cs
NexusUnleashed.Network.World\NexusUnleashed.Network.World.Message.Model.Option\ClientSetInputKeySet.cs	NexusUnleashed.Network.World	C-LINEAGE	12	NexusUnleashed.Network.World\NexusUnleashed.Network.World.Message.Model.Option\ClientSetInputKeySet.cs
NexusUnleashed.Network.World\NexusUnleashed.Network.World.Message.Model.Pet\ClientPetCustomisation.cs	NexusUnleashed.Network.World	C-LINEAGE	18	NexusUnleashed.Network.World\NexusUnleashed.Network.World.Message.Model.Pet\ClientPetCustomisation.cs
NexusUnleashed.Network.World\NexusUnleashed.Network.World.Message.Model.Pet\ClientPetSetStance.cs	NexusUnleashed.Network.World	C-LINEAGE	14	NexusUnleashed.Network.World\NexusUnleashed.Network.World.Message.Model.Pet\ClientPetSetStance.cs
NexusUnleashed.Network.World\NexusUnleashed.Network.World.Message.Model.Pet\ServerPetClearFlair.cs	NexusUnleashed.Network.World	C-LINEAGE	9	NexusUnleashed.Network.World\NexusUnleashed.Network.World.Message.Model.Pet\ServerPetClearFlair.cs
NexusUnleashed.Network.World\NexusUnleashed.Network.World.Message.Model.Pet\ServerPetCustomisation.cs	NexusUnleashed.Network.World	C-LINEAGE	12	NexusUnleashed.Network.World\NexusUnleashed.Network.World.Message.Model.Pet\ServerPetCustomisation.cs
NexusUnleashed.Network.World\NexusUnleashed.Network.World.Message.Model.Pet\ServerPetCustomisationFailed.cs	NexusUnleashed.Network.World	C-LINEAGE	21	NexusUnleashed.Network.World\NexusUnleashed.Network.World.Message.Model.Pet\ServerPetCustomisationFailed.cs
NexusUnleashed.Network.World\NexusUnleashed.Network.World.Message.Model.Pet\ServerPetCustomisationList.cs	NexusUnleashed.Network.World	C-LINEAGE	19	NexusUnleashed.Network.World\NexusUnleashed.Network.World.Message.Model.Pet\ServerPetCustomisationList.cs
NexusUnleashed.Network.World\NexusUnleashed.Network.World.Message.Model.Pet\ServerPetDespawned.cs	NexusUnleashed.Network.World	C-LINEAGE	11	NexusUnleashed.Network.World\NexusUnleashed.Network.World.Message.Model.Pet\ServerPetDespawned.cs
NexusUnleashed.Network.World\NexusUnleashed.Network.World.Message.Model.Pet\ServerPetSpawned.cs	NexusUnleashed.Network.World	C-LINEAGE	17	NexusUnleashed.Network.World\NexusUnleashed.Network.World.Message.Model.Pet\ServerPetSpawned.cs
NexusUnleashed.Network.World\NexusUnleashed.Network.World.Message.Model.Pet\ServerPetStanceChanged.cs	NexusUnleashed.Network.World	C-LINEAGE	14	NexusUnleashed.Network.World\NexusUnleashed.Network.World.Message.Model.Pet\ServerPetStanceChanged.cs
NexusUnleashed.Network.World\NexusUnleashed.Network.World.Message.Model.Pet\ServerUnlockPetFlair.cs	NexusUnleashed.Network.World	C-LINEAGE	11	NexusUnleashed.Network.World\NexusUnleashed.Network.World.Message.Model.Pet\ServerUnlockPetFlair.cs
NexusUnleashed.Network.World\NexusUnleashed.Network.World.Message.Model.Pet\ServerUnlockVanityPet.cs	NexusUnleashed.Network.World	C-LINEAGE	11	NexusUnleashed.Network.World\NexusUnleashed.Network.World.Message.Model.Pet\ServerUnlockVanityPet.cs
NexusUnleashed.Network.World\NexusUnleashed.Network.World.Message.Model.PlayerPath\ClientPathChangeRequest.cs	NexusUnleashed.Network.World	C-LINEAGE	14	NexusUnleashed.Network.World\NexusUnleashed.Network.World.Message.Model.PlayerPath\ClientPathChangeRequest.cs
NexusUnleashed.Network.World\NexusUnleashed.Network.World.Message.Model.PlayerPath\ClientPathExplorerCastSearching.cs	NexusUnleashed.Network.World	C-LINEAGE	15	NexusUnleashed.Network.World\NexusUnleashed.Network.World.Message.Model.PlayerPath\ClientPathExplorerCastSearching.cs
NexusUnleashed.Network.World\NexusUnleashed.Network.World.Message.Model.PlayerPath\ClientPathExplorerPowerMapProgress.cs	NexusUnleashed.Network.World	C-LINEAGE	11	NexusUnleashed.Network.World\NexusUnleashed.Network.World.Message.Model.PlayerPath\ClientPathExplorerPowerMapProgress.cs
NexusUnleashed.Network.World\NexusUnleashed.Network.World.Message.Model.PlayerPath\ClientPathExplorerProgressReport.cs	NexusUnleashed.Network.World	C-LINEAGE	13	NexusUnleashed.Network.World\NexusUnleashed.Network.World.Message.Model.PlayerPath\ClientPathExplorerProgressReport.cs
NexusUnleashed.Network.World\NexusUnleashed.Network.World.Message.Model.PlayerPath\ClientPathMissionAttemptScientistExperimentation.cs	NexusUnleashed.Network.World	C-LINEAGE	15	NexusUnleashed.Network.World\NexusUnleashed.Network.World.Message.Model.PlayerPath\ClientPathMissionAttemptScientistExperimentation.cs
NexusUnleashed.Network.World\NexusUnleashed.Network.World.Message.Model.PlayerPath\ClientPathScientistDismissScanbot.cs	NexusUnleashed.Network.World	C-LINEAGE	9	NexusUnleashed.Network.World\NexusUnleashed.Network.World.Message.Model.PlayerPath\ClientPathScientistDismissScanbot.cs
NexusUnleashed.Network.World\NexusUnleashed.Network.World.Message.Model.PlayerPath\ClientPathScientistDismissScanbotPathAction.cs	NexusUnleashed.Network.World	C-LINEAGE	9	NexusUnleashed.Network.World\NexusUnleashed.Network.World.Message.Model.PlayerPath\ClientPathScientistDismissScanbotPathAction.cs
NexusUnleashed.Network.World\NexusUnleashed.Network.World.Message.Model.PlayerPath\ClientPathScientistRequestScanbot.cs	NexusUnleashed.Network.World	C-LINEAGE	13	NexusUnleashed.Network.World\NexusUnleashed.Network.World.Message.Model.PlayerPath\ClientPathScientistRequestScanbot.cs
NexusUnleashed.Network.World\NexusUnleashed.Network.World.Message.Model.PlayerPath\ClientPathScientistSetScannerName.cs	NexusUnleashed.Network.World	C-LINEAGE	16	NexusUnleashed.Network.World\NexusUnleashed.Network.World.Message.Model.PlayerPath\ClientPathScientistSetScannerName.cs
NexusUnleashed.Network.World\NexusUnleashed.Network.World.Message.Model.PlayerPath\ClientPathSettlerImprovementBuildTier.cs	NexusUnleashed.Network.World	C-LINEAGE	13	NexusUnleashed.Network.World\NexusUnleashed.Network.World.Message.Model.PlayerPath\ClientPathSettlerImprovementBuildTier.cs
NexusUnleashed.Network.World\NexusUnleashed.Network.World.Message.Model.PlayerPath\ClientPathSoldierImprovementBuild.cs	NexusUnleashed.Network.World	C-LINEAGE	11	NexusUnleashed.Network.World\NexusUnleashed.Network.World.Message.Model.PlayerPath\ClientPathSoldierImprovementBuild.cs
NexusUnleashed.Network.World\NexusUnleashed.Network.World.Message.Model.PlayerPath\ClientPathUnlockRequest.cs	NexusUnleashed.Network.World	C-LINEAGE	12	NexusUnleashed.Network.World\NexusUnleashed.Network.World.Message.Model.PlayerPath\ClientPathUnlockRequest.cs
NexusUnleashed.Network.World\NexusUnleashed.Network.World.Message.Model.PlayerPath\Mission.cs	NexusUnleashed.Network.World	C-LINEAGE	21	NexusUnleashed.Network.World\NexusUnleashed.Network.World.Message.Model.PlayerPath\Mission.cs
NexusUnleashed.Network.World\NexusUnleashed.Network.World.Message.Model.PlayerPath\ServerPathChangeResult.cs	NexusUnleashed.Network.World	C-LINEAGE	12	NexusUnleashed.Network.World\NexusUnleashed.Network.World.Message.Model.PlayerPath\ServerPathChangeResult.cs
NexusUnleashed.Network.World\NexusUnleashed.Network.World.Message.Model.PlayerPath\ServerPathEpisodeProgress.cs	NexusUnleashed.Network.World	C-LINEAGE	21	NexusUnleashed.Network.World\NexusUnleashed.Network.World.Message.Model.PlayerPath\ServerPathEpisodeProgress.cs
NexusUnleashed.Network.World\NexusUnleashed.Network.World.Message.Model.PlayerPath\ServerPathExplorerPowerMapEntered.cs	NexusUnleashed.Network.World	C-LINEAGE	11	NexusUnleashed.Network.World\NexusUnleashed.Network.World.Message.Model.PlayerPath\ServerPathExplorerPowerMapEntered.cs
NexusUnleashed.Network.World\NexusUnleashed.Network.World.Message.Model.PlayerPath\ServerPathExplorerPowerMapExited.cs	NexusUnleashed.Network.World	C-LINEAGE	11	NexusUnleashed.Network.World\NexusUnleashed.Network.World.Message.Model.PlayerPath\ServerPathExplorerPowerMapExited.cs
NexusUnleashed.Network.World\NexusUnleashed.Network.World.Message.Model.PlayerPath\ServerPathExplorerPowerMapFailed.cs	NexusUnleashed.Network.World	C-LINEAGE	11	NexusUnleashed.Network.World\NexusUnleashed.Network.World.Message.Model.PlayerPath\ServerPathExplorerPowerMapFailed.cs
NexusUnleashed.Network.World\NexusUnleashed.Network.World.Message.Model.PlayerPath\ServerPathExplorerPowerMapStarted.cs	NexusUnleashed.Network.World	C-LINEAGE	13	NexusUnleashed.Network.World\NexusUnleashed.Network.World.Message.Model.PlayerPath\ServerPathExplorerPowerMapStarted.cs
NexusUnleashed.Network.World\NexusUnleashed.Network.World.Message.Model.PlayerPath\ServerPathExplorerPowerMapWaiting.cs	NexusUnleashed.Network.World	C-LINEAGE	11	NexusUnleashed.Network.World\NexusUnleashed.Network.World.Message.Model.PlayerPath\ServerPathExplorerPowerMapWaiting.cs
NexusUnleashed.Network.World\NexusUnleashed.Network.World.Message.Model.PlayerPath\ServerPathExplorerScavengerHuntClueAddUnitList.cs	NexusUnleashed.Network.World	C-LINEAGE	16	NexusUnleashed.Network.World\NexusUnleashed.Network.World.Message.Model.PlayerPath\ServerPathExplorerScavengerHuntClueAddUnitList.cs
NexusUnleashed.Network.World\NexusUnleashed.Network.World.Message.Model.PlayerPath\ServerPathExplorerScavengerHuntClueAddWorldLocation.cs	NexusUnleashed.Network.World	C-LINEAGE	13	NexusUnleashed.Network.World\NexusUnleashed.Network.World.Message.Model.PlayerPath\ServerPathExplorerScavengerHuntClueAddWorldLocation.cs
NexusUnleashed.Network.World\NexusUnleashed.Network.World.Message.Model.PlayerPath\ServerPathExplorerScavengerHuntClueRemoveByClueId.cs	NexusUnleashed.Network.World	C-LINEAGE	11	NexusUnleashed.Network.World\NexusUnleashed.Network.World.Message.Model.PlayerPath\ServerPathExplorerScavengerHuntClueRemoveByClueId.cs
NexusUnleashed.Network.World\NexusUnleashed.Network.World.Message.Model.PlayerPath\ServerPathExplorerScavengerHuntClueRemoveByClueIdAndUnitId.cs	NexusUnleashed.Network.World	C-LINEAGE	13	NexusUnleashed.Network.World\NexusUnleashed.Network.World.Message.Model.PlayerPath\ServerPathExplorerScavengerHuntClueRemoveByClueIdAndUnitId.cs
NexusUnleashed.Network.World\NexusUnleashed.Network.World.Message.Model.PlayerPath\ServerPathInitialise.cs	NexusUnleashed.Network.World	C-LINEAGE	21	NexusUnleashed.Network.World\NexusUnleashed.Network.World.Message.Model.PlayerPath\ServerPathInitialise.cs
NexusUnleashed.Network.World\NexusUnleashed.Network.World.Message.Model.PlayerPath\ServerPathMissionActivate.cs	NexusUnleashed.Network.World	C-LINEAGE	16	NexusUnleashed.Network.World\NexusUnleashed.Network.World.Message.Model.PlayerPath\ServerPathMissionActivate.cs
NexusUnleashed.Network.World\NexusUnleashed.Network.World.Message.Model.PlayerPath\ServerPathMissionAdvanced.cs	NexusUnleashed.Network.World	C-LINEAGE	11	NexusUnleashed.Network.World\NexusUnleashed.Network.World.Message.Model.PlayerPath\ServerPathMissionAdvanced.cs
NexusUnleashed.Network.World\NexusUnleashed.Network.World.Message.Model.PlayerPath\ServerPathMissionUpdate.cs	NexusUnleashed.Network.World	C-LINEAGE	14	NexusUnleashed.Network.World\NexusUnleashed.Network.World.Message.Model.PlayerPath\ServerPathMissionUpdate.cs
NexusUnleashed.Network.World\NexusUnleashed.Network.World.Message.Model.PlayerPath\ServerPathRefresh.cs	NexusUnleashed.Network.World	C-LINEAGE	9	NexusUnleashed.Network.World\NexusUnleashed.Network.World.Message.Model.PlayerPath\ServerPathRefresh.cs
NexusUnleashed.Network.World\NexusUnleashed.Network.World.Message.Model.PlayerPath\ServerPathScientistAddCreatureInfoToCreature.cs	NexusUnleashed.Network.World	C-LINEAGE	13	NexusUnleashed.Network.World\NexusUnleashed.Network.World.Message.Model.PlayerPath\ServerPathScientistAddCreatureInfoToCreature.cs
NexusUnleashed.Network.World\NexusUnleashed.Network.World.Message.Model.PlayerPath\ServerPathScientistAddFieldStudyToCreature.cs	NexusUnleashed.Network.World	C-LINEAGE	13	NexusUnleashed.Network.World\NexusUnleashed.Network.World.Message.Model.PlayerPath\ServerPathScientistAddFieldStudyToCreature.cs
NexusUnleashed.Network.World\NexusUnleashed.Network.World.Message.Model.PlayerPath\ServerPathScientistAddSpecimenSurveyToCreature.cs	NexusUnleashed.Network.World	C-LINEAGE	15	NexusUnleashed.Network.World\NexusUnleashed.Network.World.Message.Model.PlayerPath\ServerPathScientistAddSpecimenSurveyToCreature.cs
NexusUnleashed.Network.World\NexusUnleashed.Network.World.Message.Model.PlayerPath\ServerPathScientistExperimentationInvoke.cs	NexusUnleashed.Network.World	C-LINEAGE	16	NexusUnleashed.Network.World\NexusUnleashed.Network.World.Message.Model.PlayerPath\ServerPathScientistExperimentationInvoke.cs
NexusUnleashed.Network.World\NexusUnleashed.Network.World.Message.Model.PlayerPath\ServerPathScientistScanbotState.cs	NexusUnleashed.Network.World	C-LINEAGE	13	NexusUnleashed.Network.World\NexusUnleashed.Network.World.Message.Model.PlayerPath\ServerPathScientistScanbotState.cs
NexusUnleashed.Network.World\NexusUnleashed.Network.World.Message.Model.PlayerPath\ServerPathScientistUnitScanParameters.cs	NexusUnleashed.Network.World	C-LINEAGE	16	NexusUnleashed.Network.World\NexusUnleashed.Network.World.Message.Model.PlayerPath\ServerPathScientistUnitScanParameters.cs
NexusUnleashed.Network.World\NexusUnleashed.Network.World.Message.Model.PlayerPath\ServerPathSetCurrentEpisode.cs	NexusUnleashed.Network.World	C-LINEAGE	13	NexusUnleashed.Network.World\NexusUnleashed.Network.World.Message.Model.PlayerPath\ServerPathSetCurrentEpisode.cs
NexusUnleashed.Network.World\NexusUnleashed.Network.World.Message.Model.PlayerPath\ServerPathSettlerAddImprovementInfoToUnit.cs	NexusUnleashed.Network.World	C-LINEAGE	38	NexusUnleashed.Network.World\NexusUnleashed.Network.World.Message.Model.PlayerPath\ServerPathSettlerAddImprovementInfoToUnit.cs
NexusUnleashed.Network.World\NexusUnleashed.Network.World.Message.Model.PlayerPath\ServerPathSettlerBuildInvoke.cs	NexusUnleashed.Network.World	C-LINEAGE	18	NexusUnleashed.Network.World\NexusUnleashed.Network.World.Message.Model.PlayerPath\ServerPathSettlerBuildInvoke.cs
NexusUnleashed.Network.World\NexusUnleashed.Network.World.Message.Model.PlayerPath\ServerPathSettlerBuildResult.cs	NexusUnleashed.Network.World	C-LINEAGE	15	NexusUnleashed.Network.World\NexusUnleashed.Network.World.Message.Model.PlayerPath\ServerPathSettlerBuildResult.cs
NexusUnleashed.Network.World\NexusUnleashed.Network.World.Message.Model.PlayerPath\ServerPathSettlerBuildStatus.cs	NexusUnleashed.Network.World	C-LINEAGE	13	NexusUnleashed.Network.World\NexusUnleashed.Network.World.Message.Model.PlayerPath\ServerPathSettlerBuildStatus.cs
NexusUnleashed.Network.World\NexusUnleashed.Network.World.Message.Model.PlayerPath\ServerPathSettlerBuildStatusList.cs	NexusUnleashed.Network.World	C-LINEAGE	18	NexusUnleashed.Network.World\NexusUnleashed.Network.World.Message.Model.PlayerPath\ServerPathSettlerBuildStatusList.cs
NexusUnleashed.Network.World\NexusUnleashed.Network.World.Message.Model.PlayerPath\ServerPathSettlerHubReward.cs	NexusUnleashed.Network.World	C-LINEAGE	11	NexusUnleashed.Network.World\NexusUnleashed.Network.World.Message.Model.PlayerPath\ServerPathSettlerHubReward.cs
NexusUnleashed.Network.World\NexusUnleashed.Network.World.Message.Model.PlayerPath\ServerPathSettlerHubUpdate.cs	NexusUnleashed.Network.World	C-LINEAGE	17	NexusUnleashed.Network.World\NexusUnleashed.Network.World.Message.Model.PlayerPath\ServerPathSettlerHubUpdate.cs
NexusUnleashed.Network.World\NexusUnleashed.Network.World.Message.Model.PlayerPath\ServerPathSettlerInfrastructureComplete.cs	NexusUnleashed.Network.World	C-LINEAGE	11	NexusUnleashed.Network.World\NexusUnleashed.Network.World.Message.Model.PlayerPath\ServerPathSettlerInfrastructureComplete.cs
NexusUnleashed.Network.World\NexusUnleashed.Network.World.Message.Model.PlayerPath\ServerPathSettlerInfrastructureStarted.cs	NexusUnleashed.Network.World	C-LINEAGE	11	NexusUnleashed.Network.World\NexusUnleashed.Network.World.Message.Model.PlayerPath\ServerPathSettlerInfrastructureStarted.cs
NexusUnleashed.Network.World\NexusUnleashed.Network.World.Message.Model.PlayerPath\ServerPathSettlerInfrastructureUpdated.cs	NexusUnleashed.Network.World	C-LINEAGE	16	NexusUnleashed.Network.World\NexusUnleashed.Network.World.Message.Model.PlayerPath\ServerPathSettlerInfrastructureUpdated.cs
NexusUnleashed.Network.World\NexusUnleashed.Network.World.Message.Model.PlayerPath\ServerPathSettlerNotifyUse.cs	NexusUnleashed.Network.World	C-LINEAGE	13	NexusUnleashed.Network.World\NexusUnleashed.Network.World.Message.Model.PlayerPath\ServerPathSettlerNotifyUse.cs
NexusUnleashed.Network.World\NexusUnleashed.Network.World.Message.Model.PlayerPath\ServerPathSoldierAddTowerDefense.cs	NexusUnleashed.Network.World	C-LINEAGE	13	NexusUnleashed.Network.World\NexusUnleashed.Network.World.Message.Model.PlayerPath\ServerPathSoldierAddTowerDefense.cs
NexusUnleashed.Network.World\NexusUnleashed.Network.World.Message.Model.PlayerPath\ServerPathSoldierBuildCredits.cs	NexusUnleashed.Network.World	C-LINEAGE	13	NexusUnleashed.Network.World\NexusUnleashed.Network.World.Message.Model.PlayerPath\ServerPathSoldierBuildCredits.cs
NexusUnleashed.Network.World\NexusUnleashed.Network.World.Message.Model.PlayerPath\ServerPathSoldierHoldOutNextWave.cs	NexusUnleashed.Network.World	C-LINEAGE	15	NexusUnleashed.Network.World\NexusUnleashed.Network.World.Message.Model.PlayerPath\ServerPathSoldierHoldOutNextWave.cs
NexusUnleashed.Network.World\NexusUnleashed.Network.World.Message.Model.PlayerPath\ServerPathSoldierHoldoutDeath.cs	NexusUnleashed.Network.World	C-LINEAGE	11	NexusUnleashed.Network.World\NexusUnleashed.Network.World.Message.Model.PlayerPath\ServerPathSoldierHoldoutDeath.cs
NexusUnleashed.Network.World\NexusUnleashed.Network.World.Message.Model.PlayerPath\ServerPathSoldierHoldoutEnd.cs	NexusUnleashed.Network.World	C-LINEAGE	14	NexusUnleashed.Network.World\NexusUnleashed.Network.World.Message.Model.PlayerPath\ServerPathSoldierHoldoutEnd.cs
NexusUnleashed.Network.World\NexusUnleashed.Network.World.Message.Model.PlayerPath\ServerPathSoldierHoldoutStatus.cs	NexusUnleashed.Network.World	C-LINEAGE	35	NexusUnleashed.Network.World\NexusUnleashed.Network.World.Message.Model.PlayerPath\ServerPathSoldierHoldoutStatus.cs
NexusUnleashed.Network.World\NexusUnleashed.Network.World.Message.Model.PlayerPath\ServerPathSoldierSoldierBuildInvoke.cs	NexusUnleashed.Network.World	C-LINEAGE	20	NexusUnleashed.Network.World\NexusUnleashed.Network.World.Message.Model.PlayerPath\ServerPathSoldierSoldierBuildInvoke.cs
NexusUnleashed.Network.World\NexusUnleashed.Network.World.Message.Model.PlayerPath\ServerPathSoldierTowerDefenseUnitRemove.cs	NexusUnleashed.Network.World	C-LINEAGE	16	NexusUnleashed.Network.World\NexusUnleashed.Network.World.Message.Model.PlayerPath\ServerPathSoldierTowerDefenseUnitRemove.cs
NexusUnleashed.Network.World\NexusUnleashed.Network.World.Message.Model.PlayerPath\ServerPathSoldierTowerDefenseUnitUpdate.cs	NexusUnleashed.Network.World	C-LINEAGE	18	NexusUnleashed.Network.World\NexusUnleashed.Network.World.Message.Model.PlayerPath\ServerPathSoldierTowerDefenseUnitUpdate.cs
NexusUnleashed.Network.World\NexusUnleashed.Network.World.Message.Model.PlayerPath\ServerPathSoldierTriggerOrdersTextOnUnit.cs	NexusUnleashed.Network.World	C-LINEAGE	13	NexusUnleashed.Network.World\NexusUnleashed.Network.World.Message.Model.PlayerPath\ServerPathSoldierTriggerOrdersTextOnUnit.cs
NexusUnleashed.Network.World\NexusUnleashed.Network.World.Message.Model.PlayerPath\ServerPathSoldierWhackAMoleBurrows.cs	NexusUnleashed.Network.World	C-LINEAGE	18	NexusUnleashed.Network.World\NexusUnleashed.Network.World.Message.Model.PlayerPath\ServerPathSoldierWhackAMoleBurrows.cs
NexusUnleashed.Network.World\NexusUnleashed.Network.World.Message.Model.PlayerPath\ServerPathUnlockResult.cs	NexusUnleashed.Network.World	C-LINEAGE	15	NexusUnleashed.Network.World\NexusUnleashed.Network.World.Message.Model.PlayerPath\ServerPathUnlockResult.cs
NexusUnleashed.Network.World\NexusUnleashed.Network.World.Message.Model.PlayerPath\ServerPathUpdateXP.cs	NexusUnleashed.Network.World	C-LINEAGE	11	NexusUnleashed.Network.World\NexusUnleashed.Network.World.Message.Model.PlayerPath\ServerPathUpdateXP.cs
NexusUnleashed.Network.World\NexusUnleashed.Network.World.Message.Model.PlayerPath\SettlerImprovementGroupStatus.cs	NexusUnleashed.Network.World	C-LINEAGE	16	NexusUnleashed.Network.World\NexusUnleashed.Network.World.Message.Model.PlayerPath\SettlerImprovementGroupStatus.cs
NexusUnleashed.Network.World\NexusUnleashed.Network.World.Message.Model.PlayerPath\TowerDefenseUnit.cs	NexusUnleashed.Network.World	C-LINEAGE	13	NexusUnleashed.Network.World\NexusUnleashed.Network.World.Message.Model.PlayerPath\TowerDefenseUnit.cs
NexusUnleashed.Network.World\NexusUnleashed.Network.World.Message.Model.Pregame\ClientCharacterCreate.cs	NexusUnleashed.Network.World	C-LINEAGE	33	NexusUnleashed.Network.World\NexusUnleashed.Network.World.Message.Model.Pregame\ClientCharacterCreate.cs
NexusUnleashed.Network.World\NexusUnleashed.Network.World.Message.Model.Pregame\ClientCharacterDelete.cs	NexusUnleashed.Network.World	C-LINEAGE	11	NexusUnleashed.Network.World\NexusUnleashed.Network.World.Message.Model.Pregame\ClientCharacterDelete.cs
NexusUnleashed.Network.World\NexusUnleashed.Network.World.Message.Model.Pregame\ClientCharacterList.cs	NexusUnleashed.Network.World	C-LINEAGE	9	NexusUnleashed.Network.World\NexusUnleashed.Network.World.Message.Model.Pregame\ClientCharacterList.cs
NexusUnleashed.Network.World\NexusUnleashed.Network.World.Message.Model.Pregame\ClientCharacterRename.cs	NexusUnleashed.Network.World	C-LINEAGE	13	NexusUnleashed.Network.World\NexusUnleashed.Network.World.Message.Model.Pregame\ClientCharacterRename.cs
NexusUnleashed.Network.World\NexusUnleashed.Network.World.Message.Model.Pregame\ClientCharacterSelect.cs	NexusUnleashed.Network.World	C-LINEAGE	11	NexusUnleashed.Network.World\NexusUnleashed.Network.World.Message.Model.Pregame\ClientCharacterSelect.cs
NexusUnleashed.Network.World\NexusUnleashed.Network.World.Message.Model.Pregame\ClientGetRealmTransferDestinations.cs	NexusUnleashed.Network.World	C-LINEAGE	9	NexusUnleashed.Network.World\NexusUnleashed.Network.World.Message.Model.Pregame\ClientGetRealmTransferDestinations.cs
NexusUnleashed.Network.World\NexusUnleashed.Network.World.Message.Model.Pregame\ClientHelloRealm.cs	NexusUnleashed.Network.World	C-LINEAGE	19	NexusUnleashed.Network.World\NexusUnleashed.Network.World.Message.Model.Pregame\ClientHelloRealm.cs
NexusUnleashed.Network.World\NexusUnleashed.Network.World.Message.Model.Pregame\ClientPregameKeepAlive.cs	NexusUnleashed.Network.World	C-LINEAGE	9	NexusUnleashed.Network.World\NexusUnleashed.Network.World.Message.Model.Pregame\ClientPregameKeepAlive.cs
NexusUnleashed.Network.World\NexusUnleashed.Network.World.Message.Model.Pregame\ClientPtrCopy.cs	NexusUnleashed.Network.World	C-LINEAGE	10	NexusUnleashed.Network.World\NexusUnleashed.Network.World.Message.Model.Pregame\ClientPtrCopy.cs
NexusUnleashed.Network.World\NexusUnleashed.Network.World.Message.Model.Pregame\ClientRealmList.cs	NexusUnleashed.Network.World	C-LINEAGE	9	NexusUnleashed.Network.World\NexusUnleashed.Network.World.Message.Model.Pregame\ClientRealmList.cs
NexusUnleashed.Network.World\NexusUnleashed.Network.World.Message.Model.Pregame\ClientSelectRealm.cs	NexusUnleashed.Network.World	C-LINEAGE	11	NexusUnleashed.Network.World\NexusUnleashed.Network.World.Message.Model.Pregame\ClientSelectRealm.cs
NexusUnleashed.Network.World\NexusUnleashed.Network.World.Message.Model.Pregame\RealmInfo.cs	NexusUnleashed.Network.World	C-LINEAGE	52	NexusUnleashed.Network.World\NexusUnleashed.Network.World.Message.Model.Pregame\RealmInfo.cs
NexusUnleashed.Network.World\NexusUnleashed.Network.World.Message.Model.Pregame\ServerCharacterCreate.cs	NexusUnleashed.Network.World	C-LINEAGE	16	NexusUnleashed.Network.World\NexusUnleashed.Network.World.Message.Model.Pregame\ServerCharacterCreate.cs
NexusUnleashed.Network.World\NexusUnleashed.Network.World.Message.Model.Pregame\ServerCharacterDeleteResult.cs	NexusUnleashed.Network.World	C-LINEAGE	14	NexusUnleashed.Network.World\NexusUnleashed.Network.World.Message.Model.Pregame\ServerCharacterDeleteResult.cs
NexusUnleashed.Network.World\NexusUnleashed.Network.World.Message.Model.Pregame\ServerCharacterDeletedInfo.cs	NexusUnleashed.Network.World	C-LINEAGE	46	NexusUnleashed.Network.World\NexusUnleashed.Network.World.Message.Model.Pregame\ServerCharacterDeletedInfo.cs
NexusUnleashed.Network.World\NexusUnleashed.Network.World.Message.Model.Pregame\ServerCharacterDisabled.cs	NexusUnleashed.Network.World	C-LINEAGE	13	NexusUnleashed.Network.World\NexusUnleashed.Network.World.Message.Model.Pregame\ServerCharacterDisabled.cs
NexusUnleashed.Network.World\NexusUnleashed.Network.World.Message.Model.Pregame\ServerCharacterList.cs	NexusUnleashed.Network.World	C-LINEAGE	129	NexusUnleashed.Network.World\NexusUnleashed.Network.World.Message.Model.Pregame\ServerCharacterList.cs
NexusUnleashed.Network.World\NexusUnleashed.Network.World.Message.Model.Pregame\ServerCharacterRenameResult.cs	NexusUnleashed.Network.World	C-LINEAGE	16	NexusUnleashed.Network.World\NexusUnleashed.Network.World.Message.Model.Pregame\ServerCharacterRenameResult.cs
NexusUnleashed.Network.World\NexusUnleashed.Network.World.Message.Model.Pregame\ServerCharacterSelectFail.cs	NexusUnleashed.Network.World	C-LINEAGE	12	NexusUnleashed.Network.World\NexusUnleashed.Network.World.Message.Model.Pregame\ServerCharacterSelectFail.cs
NexusUnleashed.Network.World\NexusUnleashed.Network.World.Message.Model.Pregame\ServerForceKick.cs	NexusUnleashed.Network.World	C-LINEAGE	12	NexusUnleashed.Network.World\NexusUnleashed.Network.World.Message.Model.Pregame\ServerForceKick.cs
NexusUnleashed.Network.World\NexusUnleashed.Network.World.Message.Model.Pregame\ServerMaxCharacterLevelAchieved.cs	NexusUnleashed.Network.World	C-LINEAGE	11	NexusUnleashed.Network.World\NexusUnleashed.Network.World.Message.Model.Pregame\ServerMaxCharacterLevelAchieved.cs
NexusUnleashed.Network.World\NexusUnleashed.Network.World.Message.Model.Pregame\ServerNewRealm.cs	NexusUnleashed.Network.World	C-LINEAGE	36	NexusUnleashed.Network.World\NexusUnleashed.Network.World.Message.Model.Pregame\ServerNewRealm.cs
NexusUnleashed.Network.World\NexusUnleashed.Network.World.Message.Model.Pregame\ServerPtrCharacterCopyQueued.cs	NexusUnleashed.Network.World	C-LINEAGE	9	NexusUnleashed.Network.World\NexusUnleashed.Network.World.Message.Model.Pregame\ServerPtrCharacterCopyQueued.cs
NexusUnleashed.Network.World\NexusUnleashed.Network.World.Message.Model.Pregame\ServerQueueFinish.cs	NexusUnleashed.Network.World	C-LINEAGE	9	NexusUnleashed.Network.World\NexusUnleashed.Network.World.Message.Model.Pregame\ServerQueueFinish.cs
NexusUnleashed.Network.World\NexusUnleashed.Network.World.Message.Model.Pregame\ServerQueueStatus.cs	NexusUnleashed.Network.World	C-LINEAGE	15	NexusUnleashed.Network.World\NexusUnleashed.Network.World.Message.Model.Pregame\ServerQueueStatus.cs
NexusUnleashed.Network.World\NexusUnleashed.Network.World.Message.Model.Pregame\ServerRealmList.cs	NexusUnleashed.Network.World	C-LINEAGE	25	NexusUnleashed.Network.World\NexusUnleashed.Network.World.Message.Model.Pregame\ServerRealmList.cs
NexusUnleashed.Network.World\NexusUnleashed.Network.World.Message.Model.Pregame\ServerRealmTransferResult.cs	NexusUnleashed.Network.World	C-LINEAGE	12	NexusUnleashed.Network.World\NexusUnleashed.Network.World.Message.Model.Pregame\ServerRealmTransferResult.cs
NexusUnleashed.Network.World\NexusUnleashed.Network.World.Message.Model.Pregame\ServerSubscriptionInfo.cs	NexusUnleashed.Network.World	C-LINEAGE	21	NexusUnleashed.Network.World\NexusUnleashed.Network.World.Message.Model.Pregame\ServerSubscriptionInfo.cs
NexusUnleashed.Network.World\NexusUnleashed.Network.World.Message.Model.Pregame\ServerTransferDestinationRealmList.cs	NexusUnleashed.Network.World	C-LINEAGE	25	NexusUnleashed.Network.World\NexusUnleashed.Network.World.Message.Model.Pregame\ServerTransferDestinationRealmList.cs
NexusUnleashed.Network.World\NexusUnleashed.Network.World.Message.Model.PublicEvent\ClientPublicEventRequestScoreboard.cs	NexusUnleashed.Network.World	C-LINEAGE	13	NexusUnleashed.Network.World\NexusUnleashed.Network.World.Message.Model.PublicEvent\ClientPublicEventRequestScoreboard.cs
NexusUnleashed.Network.World\NexusUnleashed.Network.World.Message.Model.PublicEvent\ClientPublicEventVote.cs	NexusUnleashed.Network.World	C-LINEAGE	17	NexusUnleashed.Network.World\NexusUnleashed.Network.World.Message.Model.PublicEvent\ClientPublicEventVote.cs
NexusUnleashed.Network.World\NexusUnleashed.Network.World.Message.Model.PublicEvent\ServerMapTrackedUnitDisable.cs	NexusUnleashed.Network.World	C-LINEAGE	11	NexusUnleashed.Network.World\NexusUnleashed.Network.World.Message.Model.PublicEvent\ServerMapTrackedUnitDisable.cs
NexusUnleashed.Network.World\NexusUnleashed.Network.World.Message.Model.PublicEvent\ServerMapTrackedUnitUpdate.cs	NexusUnleashed.Network.World	C-LINEAGE	18	NexusUnleashed.Network.World\NexusUnleashed.Network.World.Message.Model.PublicEvent\ServerMapTrackedUnitUpdate.cs
NexusUnleashed.Network.World\NexusUnleashed.Network.World.Message.Model.PublicEvent\ServerPublicEventBombDropped.cs	NexusUnleashed.Network.World	C-LINEAGE	13	NexusUnleashed.Network.World\NexusUnleashed.Network.World.Message.Model.PublicEvent\ServerPublicEventBombDropped.cs
NexusUnleashed.Network.World\NexusUnleashed.Network.World.Message.Model.PublicEvent\ServerPublicEventBombStatus.cs	NexusUnleashed.Network.World	C-LINEAGE	15	NexusUnleashed.Network.World\NexusUnleashed.Network.World.Message.Model.PublicEvent\ServerPublicEventBombStatus.cs
NexusUnleashed.Network.World\NexusUnleashed.Network.World.Message.Model.PublicEvent\ServerPublicEventDetailedVoteInitiate.cs	NexusUnleashed.Network.World	C-LINEAGE	37	NexusUnleashed.Network.World\NexusUnleashed.Network.World.Message.Model.PublicEvent\ServerPublicEventDetailedVoteInitiate.cs
NexusUnleashed.Network.World\NexusUnleashed.Network.World.Message.Model.PublicEvent\ServerPublicEventEnd.cs	NexusUnleashed.Network.World	C-LINEAGE	58	NexusUnleashed.Network.World\NexusUnleashed.Network.World.Message.Model.PublicEvent\ServerPublicEventEnd.cs
NexusUnleashed.Network.World\NexusUnleashed.Network.World.Message.Model.PublicEvent\ServerPublicEventLeave.cs	NexusUnleashed.Network.World	C-LINEAGE	14	NexusUnleashed.Network.World\NexusUnleashed.Network.World.Message.Model.PublicEvent\ServerPublicEventLeave.cs
NexusUnleashed.Network.World\NexusUnleashed.Network.World.Message.Model.PublicEvent\ServerPublicEventLocationUpdate.cs	NexusUnleashed.Network.World	C-LINEAGE	16	NexusUnleashed.Network.World\NexusUnleashed.Network.World.Message.Model.PublicEvent\ServerPublicEventLocationUpdate.cs
NexusUnleashed.Network.World\NexusUnleashed.Network.World.Message.Model.PublicEvent\ServerPublicEventMapRegionUpdate.cs	NexusUnleashed.Network.World	C-LINEAGE	17	NexusUnleashed.Network.World\NexusUnleashed.Network.World.Message.Model.PublicEvent\ServerPublicEventMapRegionUpdate.cs
NexusUnleashed.Network.World\NexusUnleashed.Network.World.Message.Model.PublicEvent\ServerPublicEventObjectiveNotificationMode.cs	NexusUnleashed.Network.World	C-LINEAGE	14	NexusUnleashed.Network.World\NexusUnleashed.Network.World.Message.Model.PublicEvent\ServerPublicEventObjectiveNotificationMode.cs
NexusUnleashed.Network.World\NexusUnleashed.Network.World.Message.Model.PublicEvent\ServerPublicEventObjectiveStart.cs	NexusUnleashed.Network.World	C-LINEAGE	11	NexusUnleashed.Network.World\NexusUnleashed.Network.World.Message.Model.PublicEvent\ServerPublicEventObjectiveStart.cs
NexusUnleashed.Network.World\NexusUnleashed.Network.World.Message.Model.PublicEvent\ServerPublicEventObjectiveStatusUpdate.cs	NexusUnleashed.Network.World	C-LINEAGE	14	NexusUnleashed.Network.World\NexusUnleashed.Network.World.Message.Model.PublicEvent\ServerPublicEventObjectiveStatusUpdate.cs
NexusUnleashed.Network.World\NexusUnleashed.Network.World.Message.Model.PublicEvent\ServerPublicEventObjectiveUpdate.cs	NexusUnleashed.Network.World	C-LINEAGE	12	NexusUnleashed.Network.World\NexusUnleashed.Network.World.Message.Model.PublicEvent\ServerPublicEventObjectiveUpdate.cs
NexusUnleashed.Network.World\NexusUnleashed.Network.World.Message.Model.PublicEvent\ServerPublicEventPersonalStatUpdate.cs	NexusUnleashed.Network.World	C-LINEAGE	16	NexusUnleashed.Network.World\NexusUnleashed.Network.World.Message.Model.PublicEvent\ServerPublicEventPersonalStatUpdate.cs
NexusUnleashed.Network.World\NexusUnleashed.Network.World.Message.Model.PublicEvent\ServerPublicEventPersonalStatsUpdate.cs	NexusUnleashed.Network.World	C-LINEAGE	7	NexusUnleashed.Network.World\NexusUnleashed.Network.World.Message.Model.PublicEvent\ServerPublicEventPersonalStatsUpdate.cs
NexusUnleashed.Network.World\NexusUnleashed.Network.World.Message.Model.PublicEvent\ServerPublicEventResetObjectiveState.cs	NexusUnleashed.Network.World	C-LINEAGE	13	NexusUnleashed.Network.World\NexusUnleashed.Network.World.Message.Model.PublicEvent\ServerPublicEventResetObjectiveState.cs
NexusUnleashed.Network.World\NexusUnleashed.Network.World.Message.Model.PublicEvent\ServerPublicEventStart.cs	NexusUnleashed.Network.World	C-LINEAGE	42	NexusUnleashed.Network.World\NexusUnleashed.Network.World.Message.Model.PublicEvent\ServerPublicEventStart.cs
NexusUnleashed.Network.World\NexusUnleashed.Network.World.Message.Model.PublicEvent\ServerPublicEventStatsUpdate.cs	NexusUnleashed.Network.World	C-LINEAGE	25	NexusUnleashed.Network.World\NexusUnleashed.Network.World.Message.Model.PublicEvent\ServerPublicEventStatsUpdate.cs
NexusUnleashed.Network.World\NexusUnleashed.Network.World.Message.Model.PublicEvent\ServerPublicEventTeamMultiplier.cs	NexusUnleashed.Network.World	C-LINEAGE	13	NexusUnleashed.Network.World\NexusUnleashed.Network.World.Message.Model.PublicEvent\ServerPublicEventTeamMultiplier.cs
NexusUnleashed.Network.World\NexusUnleashed.Network.World.Message.Model.PublicEvent\ServerPublicEventTimeUpdate.cs	NexusUnleashed.Network.World	C-LINEAGE	15	NexusUnleashed.Network.World\NexusUnleashed.Network.World.Message.Model.PublicEvent\ServerPublicEventTimeUpdate.cs
NexusUnleashed.Network.World\NexusUnleashed.Network.World.Message.Model.PublicEvent\ServerPublicEventTriggerUiUpdates.cs	NexusUnleashed.Network.World	C-LINEAGE	13	NexusUnleashed.Network.World\NexusUnleashed.Network.World.Message.Model.PublicEvent\ServerPublicEventTriggerUiUpdates.cs
NexusUnleashed.Network.World\NexusUnleashed.Network.World.Message.Model.PublicEvent\ServerPublicEventUnitAdd.cs	NexusUnleashed.Network.World	C-LINEAGE	28	NexusUnleashed.Network.World\NexusUnleashed.Network.World.Message.Model.PublicEvent\ServerPublicEventUnitAdd.cs
NexusUnleashed.Network.World\NexusUnleashed.Network.World.Message.Model.PublicEvent\ServerPublicEventUnitUpdate.cs	NexusUnleashed.Network.World	C-LINEAGE	16	NexusUnleashed.Network.World\NexusUnleashed.Network.World.Message.Model.PublicEvent\ServerPublicEventUnitUpdate.cs
NexusUnleashed.Network.World\NexusUnleashed.Network.World.Message.Model.PublicEvent\ServerPublicEventVoteEnd.cs	NexusUnleashed.Network.World	C-LINEAGE	15	NexusUnleashed.Network.World\NexusUnleashed.Network.World.Message.Model.PublicEvent\ServerPublicEventVoteEnd.cs
NexusUnleashed.Network.World\NexusUnleashed.Network.World.Message.Model.PublicEvent\ServerPublicEventVoteInitate.cs	NexusUnleashed.Network.World	C-LINEAGE	15	NexusUnleashed.Network.World\NexusUnleashed.Network.World.Message.Model.PublicEvent\ServerPublicEventVoteInitate.cs
NexusUnleashed.Network.World\NexusUnleashed.Network.World.Message.Model.PublicEvent\ServerPublicEventVoteTally.cs	NexusUnleashed.Network.World	C-LINEAGE	15	NexusUnleashed.Network.World\NexusUnleashed.Network.World.Message.Model.PublicEvent\ServerPublicEventVoteTally.cs
NexusUnleashed.Network.World\NexusUnleashed.Network.World.Message.Model.Pvp\ClientDuelAccept.cs	NexusUnleashed.Network.World	C-LINEAGE	9	NexusUnleashed.Network.World\NexusUnleashed.Network.World.Message.Model.Pvp\ClientDuelAccept.cs
NexusUnleashed.Network.World\NexusUnleashed.Network.World.Message.Model.Pvp\ClientDuelDecline.cs	NexusUnleashed.Network.World	C-LINEAGE	9	NexusUnleashed.Network.World\NexusUnleashed.Network.World.Message.Model.Pvp\ClientDuelDecline.cs
NexusUnleashed.Network.World\NexusUnleashed.Network.World.Message.Model.Pvp\ClientDuelForfeit.cs	NexusUnleashed.Network.World	C-LINEAGE	9	NexusUnleashed.Network.World\NexusUnleashed.Network.World.Message.Model.Pvp\ClientDuelForfeit.cs
NexusUnleashed.Network.World\NexusUnleashed.Network.World.Message.Model.Pvp\ClientDuelInitate.cs	NexusUnleashed.Network.World	C-LINEAGE	9	NexusUnleashed.Network.World\NexusUnleashed.Network.World.Message.Model.Pvp\ClientDuelInitate.cs
NexusUnleashed.Network.World\NexusUnleashed.Network.World.Message.Model.Pvp\ClientPvpToggleFlags.cs	NexusUnleashed.Network.World	C-LINEAGE	11	NexusUnleashed.Network.World\NexusUnleashed.Network.World.Message.Model.Pvp\ClientPvpToggleFlags.cs
NexusUnleashed.Network.World\NexusUnleashed.Network.World.Message.Model.Pvp\ClientSetIgnoreDuelRequests.cs	NexusUnleashed.Network.World	C-LINEAGE	11	NexusUnleashed.Network.World\NexusUnleashed.Network.World.Message.Model.Pvp\ClientSetIgnoreDuelRequests.cs
NexusUnleashed.Network.World\NexusUnleashed.Network.World.Message.Model.Pvp\ServerDuelCancelWarning.cs	NexusUnleashed.Network.World	C-LINEAGE	9	NexusUnleashed.Network.World\NexusUnleashed.Network.World.Message.Model.Pvp\ServerDuelCancelWarning.cs
NexusUnleashed.Network.World\NexusUnleashed.Network.World.Message.Model.Pvp\ServerDuelChallenge.cs	NexusUnleashed.Network.World	C-LINEAGE	13	NexusUnleashed.Network.World\NexusUnleashed.Network.World.Message.Model.Pvp\ServerDuelChallenge.cs
NexusUnleashed.Network.World\NexusUnleashed.Network.World.Message.Model.Pvp\ServerDuelCountdown.cs	NexusUnleashed.Network.World	C-LINEAGE	13	NexusUnleashed.Network.World\NexusUnleashed.Network.World.Message.Model.Pvp\ServerDuelCountdown.cs
NexusUnleashed.Network.World\NexusUnleashed.Network.World.Message.Model.Pvp\ServerDuelFailure.cs	NexusUnleashed.Network.World	C-LINEAGE	12	NexusUnleashed.Network.World\NexusUnleashed.Network.World.Message.Model.Pvp\ServerDuelFailure.cs
NexusUnleashed.Network.World\NexusUnleashed.Network.World.Message.Model.Pvp\ServerDuelLeftArea.cs	NexusUnleashed.Network.World	C-LINEAGE	9	NexusUnleashed.Network.World\NexusUnleashed.Network.World.Message.Model.Pvp\ServerDuelLeftArea.cs
NexusUnleashed.Network.World\NexusUnleashed.Network.World.Message.Model.Pvp\ServerDuelResult.cs	NexusUnleashed.Network.World	C-LINEAGE	16	NexusUnleashed.Network.World\NexusUnleashed.Network.World.Message.Model.Pvp\ServerDuelResult.cs
NexusUnleashed.Network.World\NexusUnleashed.Network.World.Message.Model.Pvp\ServerDuelStart.cs	NexusUnleashed.Network.World	C-LINEAGE	13	NexusUnleashed.Network.World\NexusUnleashed.Network.World.Message.Model.Pvp\ServerDuelStart.cs
NexusUnleashed.Network.World\NexusUnleashed.Network.World.Message.Model.Pvp\ServerPvpCooldownClear.cs	NexusUnleashed.Network.World	C-LINEAGE	9	NexusUnleashed.Network.World\NexusUnleashed.Network.World.Message.Model.Pvp\ServerPvpCooldownClear.cs
NexusUnleashed.Network.World\NexusUnleashed.Network.World.Message.Model.Pvp\ServerPvpCooldownUpdate.cs	NexusUnleashed.Network.World	C-LINEAGE	11	NexusUnleashed.Network.World\NexusUnleashed.Network.World.Message.Model.Pvp\ServerPvpCooldownUpdate.cs
NexusUnleashed.Network.World\NexusUnleashed.Network.World.Message.Model.Pvp\ServerUnitPvpStateChange.cs	NexusUnleashed.Network.World	C-LINEAGE	14	NexusUnleashed.Network.World\NexusUnleashed.Network.World.Message.Model.Pvp\ServerUnitPvpStateChange.cs
NexusUnleashed.Network.World\NexusUnleashed.Network.World.Message.Model.Reputation\ServerReputationOverrideAdd.cs	NexusUnleashed.Network.World	C-LINEAGE	16	NexusUnleashed.Network.World\NexusUnleashed.Network.World.Message.Model.Reputation\ServerReputationOverrideAdd.cs
NexusUnleashed.Network.World\NexusUnleashed.Network.World.Message.Model.Reputation\ServerReputationOverrideRemove.cs	NexusUnleashed.Network.World	C-LINEAGE	14	NexusUnleashed.Network.World\NexusUnleashed.Network.World.Message.Model.Reputation\ServerReputationOverrideRemove.cs
NexusUnleashed.Network.World\NexusUnleashed.Network.World.Message.Model.Reputation\ServerReputationUpdate.cs	NexusUnleashed.Network.World	C-LINEAGE	14	NexusUnleashed.Network.World\NexusUnleashed.Network.World.Message.Model.Reputation\ServerReputationUpdate.cs
NexusUnleashed.Network.World\NexusUnleashed.Network.World.Message.Model.Reward\ClientRewardRotationsRequestUpdate.cs	NexusUnleashed.Network.World	C-LINEAGE	12	NexusUnleashed.Network.World\NexusUnleashed.Network.World.Message.Model.Reward\ClientRewardRotationsRequestUpdate.cs
NexusUnleashed.Network.World\NexusUnleashed.Network.World.Message.Model.Reward\ClientRewardTrackChooseTrack.cs	NexusUnleashed.Network.World	C-LINEAGE	11	NexusUnleashed.Network.World\NexusUnleashed.Network.World.Message.Model.Reward\ClientRewardTrackChooseTrack.cs
NexusUnleashed.Network.World\NexusUnleashed.Network.World.Message.Model.Reward\ClientRewardTrackClaimRewardPoint.cs	NexusUnleashed.Network.World	C-LINEAGE	13	NexusUnleashed.Network.World\NexusUnleashed.Network.World.Message.Model.Reward\ClientRewardTrackClaimRewardPoint.cs
NexusUnleashed.Network.World\NexusUnleashed.Network.World.Message.Model.Reward\LockedReward.cs	NexusUnleashed.Network.World	C-LINEAGE	19	NexusUnleashed.Network.World\NexusUnleashed.Network.World.Message.Model.Reward\LockedReward.cs
NexusUnleashed.Network.World\NexusUnleashed.Network.World.Message.Model.Reward\RewardTrack.cs	NexusUnleashed.Network.World	C-LINEAGE	25	NexusUnleashed.Network.World\NexusUnleashed.Network.World.Message.Model.Reward\RewardTrack.cs
NexusUnleashed.Network.World\NexusUnleashed.Network.World.Message.Model.Reward\ServerPremiumRewards.cs	NexusUnleashed.Network.World	C-LINEAGE	69	NexusUnleashed.Network.World\NexusUnleashed.Network.World.Message.Model.Reward\ServerPremiumRewards.cs
NexusUnleashed.Network.World\NexusUnleashed.Network.World.Message.Model.Reward\ServerRewardRotationLockedAdd.cs	NexusUnleashed.Network.World	C-LINEAGE	11	NexusUnleashed.Network.World\NexusUnleashed.Network.World.Message.Model.Reward\ServerRewardRotationLockedAdd.cs
NexusUnleashed.Network.World\NexusUnleashed.Network.World.Message.Model.Reward\ServerRewardRotationLockedList.cs	NexusUnleashed.Network.World	C-LINEAGE	16	NexusUnleashed.Network.World\NexusUnleashed.Network.World.Message.Model.Reward\ServerRewardRotationLockedList.cs
NexusUnleashed.Network.World\NexusUnleashed.Network.World.Message.Model.Reward\ServerRewardRotationLockedRemove.cs	NexusUnleashed.Network.World	C-LINEAGE	11	NexusUnleashed.Network.World\NexusUnleashed.Network.World.Message.Model.Reward\ServerRewardRotationLockedRemove.cs
NexusUnleashed.Network.World\NexusUnleashed.Network.World.Message.Model.Reward\ServerRewardRotationLockedUpdate.cs	NexusUnleashed.Network.World	C-LINEAGE	11	NexusUnleashed.Network.World\NexusUnleashed.Network.World.Message.Model.Reward\ServerRewardRotationLockedUpdate.cs
NexusUnleashed.Network.World\NexusUnleashed.Network.World.Message.Model.Reward\ServerRewardRotations.cs	NexusUnleashed.Network.World	C-LINEAGE	33	NexusUnleashed.Network.World\NexusUnleashed.Network.World.Message.Model.Reward\ServerRewardRotations.cs
NexusUnleashed.Network.World\NexusUnleashed.Network.World.Message.Model.Reward\ServerRewardTrackAdd.cs	NexusUnleashed.Network.World	C-LINEAGE	11	NexusUnleashed.Network.World\NexusUnleashed.Network.World.Message.Model.Reward\ServerRewardTrackAdd.cs
NexusUnleashed.Network.World\NexusUnleashed.Network.World.Message.Model.Reward\ServerRewardTrackRemove.cs	NexusUnleashed.Network.World	C-LINEAGE	11	NexusUnleashed.Network.World\NexusUnleashed.Network.World.Message.Model.Reward\ServerRewardTrackRemove.cs
NexusUnleashed.Network.World\NexusUnleashed.Network.World.Message.Model.Reward\ServerRewardTrackUpdate.cs	NexusUnleashed.Network.World	C-LINEAGE	19	NexusUnleashed.Network.World\NexusUnleashed.Network.World.Message.Model.Reward\ServerRewardTrackUpdate.cs
NexusUnleashed.Network.World\NexusUnleashed.Network.World.Message.Model.Reward\ServerRewardTracksReload.cs	NexusUnleashed.Network.World	C-LINEAGE	16	NexusUnleashed.Network.World\NexusUnleashed.Network.World.Message.Model.Reward\ServerRewardTracksReload.cs
NexusUnleashed.Network.World\NexusUnleashed.Network.World.Message.Model.Shared\Binding.cs	NexusUnleashed.Network.World	C-LINEAGE	50	NexusUnleashed.Network.World\NexusUnleashed.Network.World.Message.Model.Shared\Binding.cs
NexusUnleashed.Network.World\NexusUnleashed.Network.World.Message.Model.Shared\BroadcastTier.cs	NexusUnleashed.Network.World	C-LINEAGE	7	NexusUnleashed.Network.World\NexusUnleashed.Network.World.Message.Model.Shared\BroadcastTier.cs
NexusUnleashed.Network.World\NexusUnleashed.Network.World.Message.Model.Shared\BuybackItem.cs	NexusUnleashed.Network.World	C-LINEAGE	39	NexusUnleashed.Network.World\NexusUnleashed.Network.World.Message.Model.Shared\BuybackItem.cs
NexusUnleashed.Network.World\NexusUnleashed.Network.World.Message.Model.Shared\Cooldown.cs	NexusUnleashed.Network.World	C-LINEAGE	16	NexusUnleashed.Network.World\NexusUnleashed.Network.World.Message.Model.Shared\Cooldown.cs
NexusUnleashed.Network.World\NexusUnleashed.Network.World.Message.Model.Shared\CraftStats.cs	NexusUnleashed.Network.World	C-LINEAGE	41	NexusUnleashed.Network.World\NexusUnleashed.Network.World.Message.Model.Shared\CraftStats.cs
NexusUnleashed.Network.World\NexusUnleashed.Network.World.Message.Model.Shared\DamageDescription.cs	NexusUnleashed.Network.World	C-LINEAGE	58	NexusUnleashed.Network.World\NexusUnleashed.Network.World.Message.Model.Shared\DamageDescription.cs
NexusUnleashed.Network.World\NexusUnleashed.Network.World.Message.Model.Shared\Datacube.cs	NexusUnleashed.Network.World	C-LINEAGE	12	NexusUnleashed.Network.World\NexusUnleashed.Network.World.Message.Model.Shared\Datacube.cs
NexusUnleashed.Network.World\NexusUnleashed.Network.World.Message.Model.Shared\EffectInfo.cs	NexusUnleashed.Network.World	C-LINEAGE	27	NexusUnleashed.Network.World\NexusUnleashed.Network.World.Message.Model.Shared\EffectInfo.cs
NexusUnleashed.Network.World\NexusUnleashed.Network.World.Message.Model.Shared\Group.cs	NexusUnleashed.Network.World	C-LINEAGE	36	NexusUnleashed.Network.World\NexusUnleashed.Network.World.Message.Model.Shared\Group.cs
NexusUnleashed.Network.World\NexusUnleashed.Network.World.Message.Model.Shared\GroupCharacter.cs	NexusUnleashed.Network.World	C-LINEAGE	114	NexusUnleashed.Network.World\NexusUnleashed.Network.World.Message.Model.Shared\GroupCharacter.cs
NexusUnleashed.Network.World\NexusUnleashed.Network.World.Message.Model.Shared\GroupMarkerInfo.cs	NexusUnleashed.Network.World	C-LINEAGE	15	NexusUnleashed.Network.World\NexusUnleashed.Network.World.Message.Model.Shared\GroupMarkerInfo.cs
NexusUnleashed.Network.World\NexusUnleashed.Network.World.Message.Model.Shared\GroupMember.cs	NexusUnleashed.Network.World	C-LINEAGE	17	NexusUnleashed.Network.World\NexusUnleashed.Network.World.Message.Model.Shared\GroupMember.cs
NexusUnleashed.Network.World\NexusUnleashed.Network.World.Message.Model.Shared\Identity.cs	NexusUnleashed.Network.World	C-LINEAGE	21	NexusUnleashed.Network.World\NexusUnleashed.Network.World.Message.Model.Shared\Identity.cs
NexusUnleashed.Network.World\NexusUnleashed.Network.World.Message.Model.Shared\InitialPosition.cs	NexusUnleashed.Network.World	C-LINEAGE	19	NexusUnleashed.Network.World\NexusUnleashed.Network.World.Message.Model.Shared\InitialPosition.cs
NexusUnleashed.Network.World\NexusUnleashed.Network.World.Message.Model.Shared\InventoryItem.cs	NexusUnleashed.Network.World	C-LINEAGE	13	NexusUnleashed.Network.World\NexusUnleashed.Network.World.Message.Model.Shared\InventoryItem.cs
NexusUnleashed.Network.World\NexusUnleashed.Network.World.Message.Model.Shared\Item.cs	NexusUnleashed.Network.World	C-LINEAGE	88	NexusUnleashed.Network.World\NexusUnleashed.Network.World.Message.Model.Shared\Item.cs
NexusUnleashed.Network.World\NexusUnleashed.Network.World.Message.Model.Shared\ItemDragDrop.cs	NexusUnleashed.Network.World	C-LINEAGE	17	NexusUnleashed.Network.World\NexusUnleashed.Network.World.Message.Model.Shared\ItemDragDrop.cs
NexusUnleashed.Network.World\NexusUnleashed.Network.World.Message.Model.Shared\ItemLocation.cs	NexusUnleashed.Network.World	C-LINEAGE	18	NexusUnleashed.Network.World\NexusUnleashed.Network.World.Message.Model.Shared\ItemLocation.cs
NexusUnleashed.Network.World\NexusUnleashed.Network.World.Message.Model.Shared\ItemVisual.cs	NexusUnleashed.Network.World	C-LINEAGE	17	NexusUnleashed.Network.World\NexusUnleashed.Network.World.Message.Model.Shared\ItemVisual.cs
NexusUnleashed.Network.World\NexusUnleashed.Network.World.Message.Model.Shared\MapRegion.cs	NexusUnleashed.Network.World	C-LINEAGE	12	NexusUnleashed.Network.World\NexusUnleashed.Network.World.Message.Model.Shared\MapRegion.cs
NexusUnleashed.Network.World\NexusUnleashed.Network.World.Message.Model.Shared\MarkerInfo.cs	NexusUnleashed.Network.World	C-LINEAGE	13	NexusUnleashed.Network.World\NexusUnleashed.Network.World.Message.Model.Shared\MarkerInfo.cs
NexusUnleashed.Network.World\NexusUnleashed.Network.World.Message.Model.Shared\MatchingMap.cs	NexusUnleashed.Network.World	C-LINEAGE	21	NexusUnleashed.Network.World\NexusUnleashed.Network.World.Message.Model.Shared\MatchingMap.cs
NexusUnleashed.Network.World\NexusUnleashed.Network.World.Message.Model.Shared\PetCustomisation.cs	NexusUnleashed.Network.World	C-LINEAGE	29	NexusUnleashed.Network.World\NexusUnleashed.Network.World.Message.Model.Shared\PetCustomisation.cs
NexusUnleashed.Network.World\NexusUnleashed.Network.World.Message.Model.Shared\PropertyValue.cs	NexusUnleashed.Network.World	C-LINEAGE	15	NexusUnleashed.Network.World\NexusUnleashed.Network.World.Message.Model.Shared\PropertyValue.cs
NexusUnleashed.Network.World\NexusUnleashed.Network.World.Message.Model.Shared\PublicEventObjective.cs	NexusUnleashed.Network.World	C-LINEAGE	31	NexusUnleashed.Network.World\NexusUnleashed.Network.World.Message.Model.Shared\PublicEventObjective.cs
NexusUnleashed.Network.World\NexusUnleashed.Network.World.Message.Model.Shared\PublicEventObjectiveStatus.cs	NexusUnleashed.Network.World	C-LINEAGE	56	NexusUnleashed.Network.World\NexusUnleashed.Network.World.Message.Model.Shared\PublicEventObjectiveStatus.cs
NexusUnleashed.Network.World\NexusUnleashed.Network.World.Message.Model.Shared\PublicEventParticipantStats.cs	NexusUnleashed.Network.World	C-LINEAGE	23	NexusUnleashed.Network.World\NexusUnleashed.Network.World.Message.Model.Shared\PublicEventParticipantStats.cs
NexusUnleashed.Network.World\NexusUnleashed.Network.World.Message.Model.Shared\PublicEventStats.cs	NexusUnleashed.Network.World	C-LINEAGE	17	NexusUnleashed.Network.World\NexusUnleashed.Network.World.Message.Model.Shared\PublicEventStats.cs
NexusUnleashed.Network.World\NexusUnleashed.Network.World.Message.Model.Shared\PublicEventTeamStats.cs	NexusUnleashed.Network.World	C-LINEAGE	13	NexusUnleashed.Network.World\NexusUnleashed.Network.World.Message.Model.Shared\PublicEventTeamStats.cs
NexusUnleashed.Network.World\NexusUnleashed.Network.World.Message.Model.Shared\SpellInit.cs	NexusUnleashed.Network.World	C-LINEAGE	37	NexusUnleashed.Network.World\NexusUnleashed.Network.World.Message.Model.Shared\SpellInit.cs
NexusUnleashed.Network.World\NexusUnleashed.Network.World.Message.Model.Shared\StatValueInitial.cs	NexusUnleashed.Network.World	C-LINEAGE	28	NexusUnleashed.Network.World\NexusUnleashed.Network.World.Message.Model.Shared\StatValueInitial.cs
NexusUnleashed.Network.World\NexusUnleashed.Network.World.Message.Model.Shared\StatValueUpdate.cs	NexusUnleashed.Network.World	C-LINEAGE	22	NexusUnleashed.Network.World\NexusUnleashed.Network.World.Message.Model.Shared\StatValueUpdate.cs
NexusUnleashed.Network.World\NexusUnleashed.Network.World.Message.Model.Shared\StateInfo.cs	NexusUnleashed.Network.World	C-LINEAGE	13	NexusUnleashed.Network.World\NexusUnleashed.Network.World.Message.Model.Shared\StateInfo.cs
NexusUnleashed.Network.World\NexusUnleashed.Network.World.Message.Model.Shared\TargetInfo.cs	NexusUnleashed.Network.World	C-LINEAGE	26	NexusUnleashed.Network.World\NexusUnleashed.Network.World.Message.Model.Shared\TargetInfo.cs
NexusUnleashed.Network.World\NexusUnleashed.Network.World.Message.Model.Shared\TelegraphPosition.cs	NexusUnleashed.Network.World	C-LINEAGE	21	NexusUnleashed.Network.World\NexusUnleashed.Network.World.Message.Model.Shared\TelegraphPosition.cs
NexusUnleashed.Network.World\NexusUnleashed.Network.World.Message.Model.Shared\TradeskillInfo.cs	NexusUnleashed.Network.World	C-LINEAGE	25	NexusUnleashed.Network.World\NexusUnleashed.Network.World.Message.Model.Shared\TradeskillInfo.cs
NexusUnleashed.Network.World\NexusUnleashed.Network.World.Message.Model.Shared\UpdateHealthMask.cs	NexusUnleashed.Network.World	C-LINEAGE	9	NexusUnleashed.Network.World\NexusUnleashed.Network.World.Message.Model.Shared\UpdateHealthMask.cs
NexusUnleashed.Network.World\NexusUnleashed.Network.World.Message.Model.Shared\VehiclePassenger.cs	NexusUnleashed.Network.World	C-LINEAGE	15	NexusUnleashed.Network.World\NexusUnleashed.Network.World.Message.Model.Shared\VehiclePassenger.cs
NexusUnleashed.Network.World\NexusUnleashed.Network.World.Message.Model.Spell\ClientCastGuildBossToken.cs	NexusUnleashed.Network.World	C-LINEAGE	16	NexusUnleashed.Network.World\NexusUnleashed.Network.World.Message.Model.Spell\ClientCastGuildBossToken.cs
NexusUnleashed.Network.World\NexusUnleashed.Network.World.Message.Model.Story.Message\Actor.cs	NexusUnleashed.Network.World	C-LINEAGE	14	NexusUnleashed.Network.World\NexusUnleashed.Network.World.Message.Model.Story.Message\Actor.cs
NexusUnleashed.Network.World\NexusUnleashed.Network.World.Message.Model.Story.Message\CreatureActor.cs	NexusUnleashed.Network.World	C-LINEAGE	12	NexusUnleashed.Network.World\NexusUnleashed.Network.World.Message.Model.Story.Message\CreatureActor.cs
NexusUnleashed.Network.World\NexusUnleashed.Network.World.Message.Model.Story.Message\CreatureUnitActor.cs	NexusUnleashed.Network.World	C-LINEAGE	14	NexusUnleashed.Network.World\NexusUnleashed.Network.World.Message.Model.Story.Message\CreatureUnitActor.cs
NexusUnleashed.Network.World\NexusUnleashed.Network.World.Message.Model.Story.Message\CustomTextActor.cs	NexusUnleashed.Network.World	C-LINEAGE	12	NexusUnleashed.Network.World\NexusUnleashed.Network.World.Message.Model.Story.Message\CustomTextActor.cs
NexusUnleashed.Network.World\NexusUnleashed.Network.World.Message.Model.Story.Message\LocalisedTextActor.cs	NexusUnleashed.Network.World	C-LINEAGE	12	NexusUnleashed.Network.World\NexusUnleashed.Network.World.Message.Model.Story.Message\LocalisedTextActor.cs
NexusUnleashed.Network.World\NexusUnleashed.Network.World.Message.Model.Story.Message\PlayerActor.cs	NexusUnleashed.Network.World	C-LINEAGE	31	NexusUnleashed.Network.World\NexusUnleashed.Network.World.Message.Model.Story.Message\PlayerActor.cs
NexusUnleashed.Network.World\NexusUnleashed.Network.World.Message.Model.Story.Message\PlayerSelfActor.cs	NexusUnleashed.Network.World	C-LINEAGE	12	NexusUnleashed.Network.World\NexusUnleashed.Network.World.Message.Model.Story.Message\PlayerSelfActor.cs
NexusUnleashed.Network.World\NexusUnleashed.Network.World.Message.Model.Story.Message\StoryMessage.cs	NexusUnleashed.Network.World	C-LINEAGE	20	NexusUnleashed.Network.World\NexusUnleashed.Network.World.Message.Model.Story.Message\StoryMessage.cs
NexusUnleashed.Network.World\NexusUnleashed.Network.World.Message.Model.Story\ServerCommunicatorMessage.cs	NexusUnleashed.Network.World	C-LINEAGE	13	NexusUnleashed.Network.World\NexusUnleashed.Network.World.Message.Model.Story\ServerCommunicatorMessage.cs
NexusUnleashed.Network.World\NexusUnleashed.Network.World.Message.Model.Story\ServerGenericFloaterComplex.cs	NexusUnleashed.Network.World	C-LINEAGE	21	NexusUnleashed.Network.World\NexusUnleashed.Network.World.Message.Model.Story\ServerGenericFloaterComplex.cs
NexusUnleashed.Network.World\NexusUnleashed.Network.World.Message.Model.Story\ServerGenericFloaterLocalised.cs	NexusUnleashed.Network.World	C-LINEAGE	11	NexusUnleashed.Network.World\NexusUnleashed.Network.World.Message.Model.Story\ServerGenericFloaterLocalised.cs
NexusUnleashed.Network.World\NexusUnleashed.Network.World.Message.Model.Story\ServerGenericFloaterString.cs	NexusUnleashed.Network.World	C-LINEAGE	11	NexusUnleashed.Network.World\NexusUnleashed.Network.World.Message.Model.Story\ServerGenericFloaterString.cs
NexusUnleashed.Network.World\NexusUnleashed.Network.World.Message.Model.Story\ServerStoryPanelCustomShow.cs	NexusUnleashed.Network.World	C-LINEAGE	21	NexusUnleashed.Network.World\NexusUnleashed.Network.World.Message.Model.Story\ServerStoryPanelCustomShow.cs
NexusUnleashed.Network.World\NexusUnleashed.Network.World.Message.Model.Story\ServerStoryPanelHide.cs	NexusUnleashed.Network.World	C-LINEAGE	9	NexusUnleashed.Network.World\NexusUnleashed.Network.World.Message.Model.Story\ServerStoryPanelHide.cs
NexusUnleashed.Network.World\NexusUnleashed.Network.World.Message.Model.Story\ServerStoryPanelShow.cs	NexusUnleashed.Network.World	C-LINEAGE	12	NexusUnleashed.Network.World\NexusUnleashed.Network.World.Message.Model.Story\ServerStoryPanelShow.cs
NexusUnleashed.Network.World\NexusUnleashed.Network.World.Message.Model.Story\ServerStoryTextCommunicator.cs	NexusUnleashed.Network.World	C-LINEAGE	23	NexusUnleashed.Network.World\NexusUnleashed.Network.World.Message.Model.Story\ServerStoryTextCommunicator.cs
NexusUnleashed.Network.World\NexusUnleashed.Network.World.Message.Model.Story\ServerStoryTextUnit.cs	NexusUnleashed.Network.World	C-LINEAGE	20	NexusUnleashed.Network.World\NexusUnleashed.Network.World.Message.Model.Story\ServerStoryTextUnit.cs
NexusUnleashed.Network.World\NexusUnleashed.Network.World.Message.Model.Story\ServerStoryTextUnitYell.cs	NexusUnleashed.Network.World	C-LINEAGE	18	NexusUnleashed.Network.World\NexusUnleashed.Network.World.Message.Model.Story\ServerStoryTextUnitYell.cs
NexusUnleashed.Network.World\NexusUnleashed.Network.World.Message.Model.Support\ClientCustomerSurveySubmit.cs	NexusUnleashed.Network.World	C-LINEAGE	34	NexusUnleashed.Network.World\NexusUnleashed.Network.World.Message.Model.Support\ClientCustomerSurveySubmit.cs
NexusUnleashed.Network.World\NexusUnleashed.Network.World.Message.Model.Support\ClientIncidentReport.cs	NexusUnleashed.Network.World	C-LINEAGE	25	NexusUnleashed.Network.World\NexusUnleashed.Network.World.Message.Model.Support\ClientIncidentReport.cs
NexusUnleashed.Network.World\NexusUnleashed.Network.World.Message.Model.Support\ClientReportBug.cs	NexusUnleashed.Network.World	C-LINEAGE	18	NexusUnleashed.Network.World\NexusUnleashed.Network.World.Message.Model.Support\ClientReportBug.cs
NexusUnleashed.Network.World\NexusUnleashed.Network.World.Message.Model.Support\ClientStuck.cs	NexusUnleashed.Network.World	C-LINEAGE	14	NexusUnleashed.Network.World\NexusUnleashed.Network.World.Message.Model.Support\ClientStuck.cs
NexusUnleashed.Network.World\NexusUnleashed.Network.World.Message.Model.Support\ClientSuggest.cs	NexusUnleashed.Network.World	C-LINEAGE	11	NexusUnleashed.Network.World\NexusUnleashed.Network.World.Message.Model.Support\ClientSuggest.cs
NexusUnleashed.Network.World\NexusUnleashed.Network.World.Message.Model.Support\ClientSupportTicket.cs	NexusUnleashed.Network.World	C-LINEAGE	23	NexusUnleashed.Network.World\NexusUnleashed.Network.World.Message.Model.Support\ClientSupportTicket.cs
NexusUnleashed.Network.World\NexusUnleashed.Network.World.Message.Model.Support\ISurvey.cs	NexusUnleashed.Network.World	C-LINEAGE	5	NexusUnleashed.Network.World\NexusUnleashed.Network.World.Message.Model.Support\ISurvey.cs
NexusUnleashed.Network.World\NexusUnleashed.Network.World.Message.Model.Support\ServerCustomerSurveyRequest.cs	NexusUnleashed.Network.World	C-LINEAGE	14	NexusUnleashed.Network.World\NexusUnleashed.Network.World.Message.Model.Support\ServerCustomerSurveyRequest.cs
NexusUnleashed.Network.World\NexusUnleashed.Network.World.Message.Model.Support\ServerSupportTicketResult.cs	NexusUnleashed.Network.World	C-LINEAGE	11	NexusUnleashed.Network.World\NexusUnleashed.Network.World.Message.Model.Support\ServerSupportTicketResult.cs
NexusUnleashed.Network.World\NexusUnleashed.Network.World.Message.Model.Support\Survey.cs	NexusUnleashed.Network.World	C-LINEAGE	85	NexusUnleashed.Network.World\NexusUnleashed.Network.World.Message.Model.Support\Survey.cs
NexusUnleashed.Network.World\NexusUnleashed.Network.World.Message.Model.Utility\ClientCheat.cs	NexusUnleashed.Network.World	C-LINEAGE	11	NexusUnleashed.Network.World\NexusUnleashed.Network.World.Message.Model.Utility\ClientCheat.cs
NexusUnleashed.Network.World\NexusUnleashed.Network.World.Message.Model.Utility\ClientInspectPlayerRequest.cs	NexusUnleashed.Network.World	C-LINEAGE	11	NexusUnleashed.Network.World\NexusUnleashed.Network.World.Message.Model.Utility\ClientInspectPlayerRequest.cs
NexusUnleashed.Network.World\NexusUnleashed.Network.World.Message.Model.Utility\ClientPlayedReqeust.cs	NexusUnleashed.Network.World	C-LINEAGE	9	NexusUnleashed.Network.World\NexusUnleashed.Network.World.Message.Model.Utility\ClientPlayedReqeust.cs
NexusUnleashed.Network.World\NexusUnleashed.Network.World.Message.Model.Utility\ClientRandomRollRequest.cs	NexusUnleashed.Network.World	C-LINEAGE	18	NexusUnleashed.Network.World\NexusUnleashed.Network.World.Message.Model.Utility\ClientRandomRollRequest.cs
NexusUnleashed.Network.World\NexusUnleashed.Network.World.Message.Model.Utility\ServerInspectPlayerResponse.cs	NexusUnleashed.Network.World	C-LINEAGE	19	NexusUnleashed.Network.World\NexusUnleashed.Network.World.Message.Model.Utility\ServerInspectPlayerResponse.cs
NexusUnleashed.Network.World\NexusUnleashed.Network.World.Message.Model.Utility\ServerPlayedResponse.cs	NexusUnleashed.Network.World	C-LINEAGE	18	NexusUnleashed.Network.World\NexusUnleashed.Network.World.Message.Model.Utility\ServerPlayedResponse.cs
NexusUnleashed.Network.World\NexusUnleashed.Network.World.Message.Model.Utility\ServerRandomRollResponse.cs	NexusUnleashed.Network.World	C-LINEAGE	18	NexusUnleashed.Network.World\NexusUnleashed.Network.World.Message.Model.Utility\ServerRandomRollResponse.cs
NexusUnleashed.Network.World\NexusUnleashed.Network.World.Message.Model.Who.Parameter\IWhoParameterData.cs	NexusUnleashed.Network.World	C-LINEAGE	5	NexusUnleashed.Network.World\NexusUnleashed.Network.World.Message.Model.Who.Parameter\IWhoParameterData.cs
NexusUnleashed.Network.World\NexusUnleashed.Network.World.Message.Model.Who.Parameter\WhoParameter.cs	NexusUnleashed.Network.World	C-LINEAGE	27	NexusUnleashed.Network.World\NexusUnleashed.Network.World.Message.Model.Who.Parameter\WhoParameter.cs
NexusUnleashed.Network.World\NexusUnleashed.Network.World.Message.Model.Who.Parameter\WhoParameterClass.cs	NexusUnleashed.Network.World	C-LINEAGE	11	NexusUnleashed.Network.World\NexusUnleashed.Network.World.Message.Model.Who.Parameter\WhoParameterClass.cs
NexusUnleashed.Network.World\NexusUnleashed.Network.World.Message.Model.Who.Parameter\WhoParameterCombo.cs	NexusUnleashed.Network.World	C-LINEAGE	22	NexusUnleashed.Network.World\NexusUnleashed.Network.World.Message.Model.Who.Parameter\WhoParameterCombo.cs
NexusUnleashed.Network.World\NexusUnleashed.Network.World.Message.Model.Who.Parameter\WhoParameterFaction.cs	NexusUnleashed.Network.World	C-LINEAGE	11	NexusUnleashed.Network.World\NexusUnleashed.Network.World.Message.Model.Who.Parameter\WhoParameterFaction.cs
NexusUnleashed.Network.World\NexusUnleashed.Network.World.Message.Model.Who.Parameter\WhoParameterGuild.cs	NexusUnleashed.Network.World	C-LINEAGE	10	NexusUnleashed.Network.World\NexusUnleashed.Network.World.Message.Model.Who.Parameter\WhoParameterGuild.cs
NexusUnleashed.Network.World\NexusUnleashed.Network.World.Message.Model.Who.Parameter\WhoParameterLevel.cs	NexusUnleashed.Network.World	C-LINEAGE	12	NexusUnleashed.Network.World\NexusUnleashed.Network.World.Message.Model.Who.Parameter\WhoParameterLevel.cs
NexusUnleashed.Network.World\NexusUnleashed.Network.World.Message.Model.Who.Parameter\WhoParameterPath.cs	NexusUnleashed.Network.World	C-LINEAGE	11	NexusUnleashed.Network.World\NexusUnleashed.Network.World.Message.Model.Who.Parameter\WhoParameterPath.cs
NexusUnleashed.Network.World\NexusUnleashed.Network.World.Message.Model.Who.Parameter\WhoParameterPlayer.cs	NexusUnleashed.Network.World	C-LINEAGE	10	NexusUnleashed.Network.World\NexusUnleashed.Network.World.Message.Model.Who.Parameter\WhoParameterPlayer.cs
NexusUnleashed.Network.World\NexusUnleashed.Network.World.Message.Model.Who.Parameter\WhoParameterRace.cs	NexusUnleashed.Network.World	C-LINEAGE	11	NexusUnleashed.Network.World\NexusUnleashed.Network.World.Message.Model.Who.Parameter\WhoParameterRace.cs
NexusUnleashed.Network.World\NexusUnleashed.Network.World.Message.Model.Who.Parameter\WhoParameterZone.cs	NexusUnleashed.Network.World	C-LINEAGE	10	NexusUnleashed.Network.World\NexusUnleashed.Network.World.Message.Model.Who.Parameter\WhoParameterZone.cs
NexusUnleashed.Network.World\NexusUnleashed.Network.World.Message.Model.Who\ClientWhoRequest.cs	NexusUnleashed.Network.World	C-LINEAGE	25	NexusUnleashed.Network.World\NexusUnleashed.Network.World.Message.Model.Who\ClientWhoRequest.cs
NexusUnleashed.Network.World\NexusUnleashed.Network.World.Message.Model.Who\ServerWhoResponse.cs	NexusUnleashed.Network.World	C-LINEAGE	46	NexusUnleashed.Network.World\NexusUnleashed.Network.World.Message.Model.Who\ServerWhoResponse.cs
NexusUnleashed.Network.World\NexusUnleashed.Network.World.Message.Model\ClientActivateUnit.cs	NexusUnleashed.Network.World	C-LINEAGE	11	NexusUnleashed.Network.World\NexusUnleashed.Network.World.Message.Model\ClientActivateUnit.cs
NexusUnleashed.Network.World\NexusUnleashed.Network.World.Message.Model\ClientActivateUnitCast.cs	NexusUnleashed.Network.World	C-LINEAGE	13	NexusUnleashed.Network.World\NexusUnleashed.Network.World.Message.Model\ClientActivateUnitCast.cs
NexusUnleashed.Network.World\NexusUnleashed.Network.World.Message.Model\ClientActivateUnitInteraction.cs	NexusUnleashed.Network.World	C-LINEAGE	13	NexusUnleashed.Network.World\NexusUnleashed.Network.World.Message.Model\ClientActivateUnitInteraction.cs
NexusUnleashed.Network.World\NexusUnleashed.Network.World.Message.Model\ClientBuybackItemFromVendor.cs	NexusUnleashed.Network.World	C-LINEAGE	11	NexusUnleashed.Network.World\NexusUnleashed.Network.World.Message.Model\ClientBuybackItemFromVendor.cs
NexusUnleashed.Network.World\NexusUnleashed.Network.World.Message.Model\ClientCancelEffect.cs	NexusUnleashed.Network.World	C-LINEAGE	11	NexusUnleashed.Network.World\NexusUnleashed.Network.World.Message.Model\ClientCancelEffect.cs
NexusUnleashed.Network.World\NexusUnleashed.Network.World.Message.Model\ClientCastSpell.cs	NexusUnleashed.Network.World	C-LINEAGE	17	NexusUnleashed.Network.World\NexusUnleashed.Network.World.Message.Model\ClientCastSpell.cs
NexusUnleashed.Network.World\NexusUnleashed.Network.World.Message.Model\ClientCastSpellContinuous.cs	NexusUnleashed.Network.World	C-LINEAGE	15	NexusUnleashed.Network.World\NexusUnleashed.Network.World.Message.Model\ClientCastSpellContinuous.cs
NexusUnleashed.Network.World\NexusUnleashed.Network.World.Message.Model\ClientCharacterAppearanceChange.cs	NexusUnleashed.Network.World	C-LINEAGE	36	NexusUnleashed.Network.World\NexusUnleashed.Network.World.Message.Model\ClientCharacterAppearanceChange.cs
NexusUnleashed.Network.World\NexusUnleashed.Network.World.Message.Model\ClientCommunicatorAction.cs	NexusUnleashed.Network.World	C-LINEAGE	13	NexusUnleashed.Network.World\NexusUnleashed.Network.World.Message.Model\ClientCommunicatorAction.cs
NexusUnleashed.Network.World\NexusUnleashed.Network.World.Message.Model\ClientDash.cs	NexusUnleashed.Network.World	C-LINEAGE	12	NexusUnleashed.Network.World\NexusUnleashed.Network.World.Message.Model\ClientDash.cs
NexusUnleashed.Network.World\NexusUnleashed.Network.World.Message.Model\ClientDialogOpened.cs	NexusUnleashed.Network.World	C-LINEAGE	9	NexusUnleashed.Network.World\NexusUnleashed.Network.World.Message.Model\ClientDialogOpened.cs
NexusUnleashed.Network.World\NexusUnleashed.Network.World.Message.Model\ClientEmote.cs	NexusUnleashed.Network.World	C-LINEAGE	19	NexusUnleashed.Network.World\NexusUnleashed.Network.World.Message.Model\ClientEmote.cs
NexusUnleashed.Network.World\NexusUnleashed.Network.World.Message.Model\ClientEnteredWorld.cs	NexusUnleashed.Network.World	C-LINEAGE	11	NexusUnleashed.Network.World\NexusUnleashed.Network.World.Message.Model\ClientEnteredWorld.cs
NexusUnleashed.Network.World\NexusUnleashed.Network.World.Message.Model\ClientEntityCommand.cs	NexusUnleashed.Network.World	C-LINEAGE	32	NexusUnleashed.Network.World\NexusUnleashed.Network.World.Message.Model\ClientEntityCommand.cs
NexusUnleashed.Network.World\NexusUnleashed.Network.World.Message.Model\ClientEntityInteract.cs	NexusUnleashed.Network.World	C-LINEAGE	13	NexusUnleashed.Network.World\NexusUnleashed.Network.World.Message.Model\ClientEntityInteract.cs
NexusUnleashed.Network.World\NexusUnleashed.Network.World.Message.Model\ClientEntityInteractChair.cs	NexusUnleashed.Network.World	C-LINEAGE	13	NexusUnleashed.Network.World\NexusUnleashed.Network.World.Message.Model\ClientEntityInteractChair.cs
NexusUnleashed.Network.World\NexusUnleashed.Network.World.Message.Model\ClientEntitySelect.cs	NexusUnleashed.Network.World	C-LINEAGE	11	NexusUnleashed.Network.World\NexusUnleashed.Network.World.Message.Model\ClientEntitySelect.cs
NexusUnleashed.Network.World\NexusUnleashed.Network.World.Message.Model\ClientGroupFlagsChanged.cs	NexusUnleashed.Network.World	C-LINEAGE	14	NexusUnleashed.Network.World\NexusUnleashed.Network.World.Message.Model\ClientGroupFlagsChanged.cs
NexusUnleashed.Network.World\NexusUnleashed.Network.World.Message.Model\ClientGroupInvite.cs	NexusUnleashed.Network.World	C-LINEAGE	13	NexusUnleashed.Network.World\NexusUnleashed.Network.World.Message.Model\ClientGroupInvite.cs
NexusUnleashed.Network.World\NexusUnleashed.Network.World.Message.Model\ClientGroupInviteResponse.cs	NexusUnleashed.Network.World	C-LINEAGE	15	NexusUnleashed.Network.World\NexusUnleashed.Network.World.Message.Model\ClientGroupInviteResponse.cs
NexusUnleashed.Network.World\NexusUnleashed.Network.World.Message.Model\ClientGroupKick.cs	NexusUnleashed.Network.World	C-LINEAGE	14	NexusUnleashed.Network.World\NexusUnleashed.Network.World.Message.Model\ClientGroupKick.cs
NexusUnleashed.Network.World\NexusUnleashed.Network.World.Message.Model\ClientGroupLeave.cs	NexusUnleashed.Network.World	C-LINEAGE	13	NexusUnleashed.Network.World\NexusUnleashed.Network.World.Message.Model\ClientGroupLeave.cs
NexusUnleashed.Network.World\NexusUnleashed.Network.World.Message.Model\ClientGroupLootRulesChange.cs	NexusUnleashed.Network.World	C-LINEAGE	20	NexusUnleashed.Network.World\NexusUnleashed.Network.World.Message.Model\ClientGroupLootRulesChange.cs
NexusUnleashed.Network.World\NexusUnleashed.Network.World.Message.Model\ClientGroupMark.cs	NexusUnleashed.Network.World	C-LINEAGE	14	NexusUnleashed.Network.World\NexusUnleashed.Network.World.Message.Model\ClientGroupMark.cs
NexusUnleashed.Network.World\NexusUnleashed.Network.World.Message.Model\ClientGroupPromote.cs	NexusUnleashed.Network.World	C-LINEAGE	14	NexusUnleashed.Network.World\NexusUnleashed.Network.World.Message.Model\ClientGroupPromote.cs
NexusUnleashed.Network.World\NexusUnleashed.Network.World.Message.Model\ClientGroupRequestJoin.cs	NexusUnleashed.Network.World	C-LINEAGE	13	NexusUnleashed.Network.World\NexusUnleashed.Network.World.Message.Model\ClientGroupRequestJoin.cs
NexusUnleashed.Network.World\NexusUnleashed.Network.World.Message.Model\ClientGroupRequestJoinResponse.cs	NexusUnleashed.Network.World	C-LINEAGE	15	NexusUnleashed.Network.World\NexusUnleashed.Network.World.Message.Model\ClientGroupRequestJoinResponse.cs
NexusUnleashed.Network.World\NexusUnleashed.Network.World.Message.Model\ClientGroupSendReadyCheck.cs	NexusUnleashed.Network.World	C-LINEAGE	13	NexusUnleashed.Network.World\NexusUnleashed.Network.World.Message.Model\ClientGroupSendReadyCheck.cs
NexusUnleashed.Network.World\NexusUnleashed.Network.World.Message.Model\ClientGroupSetRole.cs	NexusUnleashed.Network.World	C-LINEAGE	19	NexusUnleashed.Network.World\NexusUnleashed.Network.World.Message.Model\ClientGroupSetRole.cs
NexusUnleashed.Network.World\NexusUnleashed.Network.World.Message.Model\ClientItemDelete.cs	NexusUnleashed.Network.World	C-LINEAGE	12	NexusUnleashed.Network.World\NexusUnleashed.Network.World.Message.Model\ClientItemDelete.cs
NexusUnleashed.Network.World\NexusUnleashed.Network.World.Message.Model\ClientItemMove.cs	NexusUnleashed.Network.World	C-LINEAGE	14	NexusUnleashed.Network.World\NexusUnleashed.Network.World.Message.Model\ClientItemMove.cs
NexusUnleashed.Network.World\NexusUnleashed.Network.World.Message.Model\ClientItemMoveFromSupplySatchel.cs	NexusUnleashed.Network.World	C-LINEAGE	17	NexusUnleashed.Network.World\NexusUnleashed.Network.World.Message.Model\ClientItemMoveFromSupplySatchel.cs
NexusUnleashed.Network.World\NexusUnleashed.Network.World.Message.Model\ClientItemMoveToSupplySatchel.cs	NexusUnleashed.Network.World	C-LINEAGE	13	NexusUnleashed.Network.World\NexusUnleashed.Network.World.Message.Model\ClientItemMoveToSupplySatchel.cs
NexusUnleashed.Network.World\NexusUnleashed.Network.World.Message.Model\ClientItemSplit.cs	NexusUnleashed.Network.World	C-LINEAGE	16	NexusUnleashed.Network.World\NexusUnleashed.Network.World.Message.Model\ClientItemSplit.cs
NexusUnleashed.Network.World\NexusUnleashed.Network.World.Message.Model\ClientItemUse.cs	NexusUnleashed.Network.World	C-LINEAGE	21	NexusUnleashed.Network.World\NexusUnleashed.Network.World.Message.Model\ClientItemUse.cs
NexusUnleashed.Network.World\NexusUnleashed.Network.World.Message.Model\ClientItemUseLootBag.cs	NexusUnleashed.Network.World	C-LINEAGE	14	NexusUnleashed.Network.World\NexusUnleashed.Network.World.Message.Model\ClientItemUseLootBag.cs
NexusUnleashed.Network.World\NexusUnleashed.Network.World.Message.Model\ClientLogoutConfirm.cs	NexusUnleashed.Network.World	C-LINEAGE	9	NexusUnleashed.Network.World\NexusUnleashed.Network.World.Message.Model\ClientLogoutConfirm.cs
NexusUnleashed.Network.World\NexusUnleashed.Network.World.Message.Model\ClientLogoutRequest.cs	NexusUnleashed.Network.World	C-LINEAGE	11	NexusUnleashed.Network.World\NexusUnleashed.Network.World.Message.Model\ClientLogoutRequest.cs
NexusUnleashed.Network.World\NexusUnleashed.Network.World.Message.Model\ClientMatchingGameReadyResponse.cs	NexusUnleashed.Network.World	C-LINEAGE	11	NexusUnleashed.Network.World\NexusUnleashed.Network.World.Message.Model\ClientMatchingGameReadyResponse.cs
NexusUnleashed.Network.World\NexusUnleashed.Network.World.Message.Model\ClientMatchingMatchCastVoteKick.cs	NexusUnleashed.Network.World	C-LINEAGE	14	NexusUnleashed.Network.World\NexusUnleashed.Network.World.Message.Model\ClientMatchingMatchCastVoteKick.cs
NexusUnleashed.Network.World\NexusUnleashed.Network.World.Message.Model\ClientMatchingMatchCastVoteSurrender.cs	NexusUnleashed.Network.World	C-LINEAGE	11	NexusUnleashed.Network.World\NexusUnleashed.Network.World.Message.Model\ClientMatchingMatchCastVoteSurrender.cs
NexusUnleashed.Network.World\NexusUnleashed.Network.World.Message.Model\ClientMatchingMatchInitiateLookingForReplacements.cs	NexusUnleashed.Network.World	C-LINEAGE	12	NexusUnleashed.Network.World\NexusUnleashed.Network.World.Message.Model\ClientMatchingMatchInitiateLookingForReplacements.cs
NexusUnleashed.Network.World\NexusUnleashed.Network.World.Message.Model\ClientMatchingMatchInitiateVoteToKick.cs	NexusUnleashed.Network.World	C-LINEAGE	12	NexusUnleashed.Network.World\NexusUnleashed.Network.World.Message.Model\ClientMatchingMatchInitiateVoteToKick.cs
NexusUnleashed.Network.World\NexusUnleashed.Network.World.Message.Model\ClientMatchingMatchInitiateVoteToSurrender.cs	NexusUnleashed.Network.World	C-LINEAGE	9	NexusUnleashed.Network.World\NexusUnleashed.Network.World.Message.Model\ClientMatchingMatchInitiateVoteToSurrender.cs
NexusUnleashed.Network.World\NexusUnleashed.Network.World.Message.Model\ClientMatchingMatchLeave.cs	NexusUnleashed.Network.World	C-LINEAGE	9	NexusUnleashed.Network.World\NexusUnleashed.Network.World.Message.Model\ClientMatchingMatchLeave.cs
NexusUnleashed.Network.World\NexusUnleashed.Network.World.Message.Model\ClientMatchingQueue.cs	NexusUnleashed.Network.World	C-LINEAGE	18	NexusUnleashed.Network.World\NexusUnleashed.Network.World.Message.Model\ClientMatchingQueue.cs
NexusUnleashed.Network.World\NexusUnleashed.Network.World.Message.Model\ClientMatchingQueueLeave.cs	NexusUnleashed.Network.World	C-LINEAGE	12	NexusUnleashed.Network.World\NexusUnleashed.Network.World.Message.Model\ClientMatchingQueueLeave.cs
NexusUnleashed.Network.World\NexusUnleashed.Network.World.Message.Model\ClientMatchingQueueLeaveAll.cs	NexusUnleashed.Network.World	C-LINEAGE	9	NexusUnleashed.Network.World\NexusUnleashed.Network.World.Message.Model\ClientMatchingQueueLeaveAll.cs
NexusUnleashed.Network.World\NexusUnleashed.Network.World.Message.Model\ClientMatchingQueueLeaveAsGroup.cs	NexusUnleashed.Network.World	C-LINEAGE	12	NexusUnleashed.Network.World\NexusUnleashed.Network.World.Message.Model\ClientMatchingQueueLeaveAsGroup.cs
NexusUnleashed.Network.World\NexusUnleashed.Network.World.Message.Model\ClientMatchingQueueParty.cs	NexusUnleashed.Network.World	C-LINEAGE	18	NexusUnleashed.Network.World\NexusUnleashed.Network.World.Message.Model\ClientMatchingQueueParty.cs
NexusUnleashed.Network.World\NexusUnleashed.Network.World.Message.Model\ClientMatchingQueueRandom.cs	NexusUnleashed.Network.World	C-LINEAGE	16	NexusUnleashed.Network.World\NexusUnleashed.Network.World.Message.Model\ClientMatchingQueueRandom.cs
NexusUnleashed.Network.World\NexusUnleashed.Network.World.Message.Model\ClientMatchingQueueRandomParty.cs	NexusUnleashed.Network.World	C-LINEAGE	16	NexusUnleashed.Network.World\NexusUnleashed.Network.World.Message.Model\ClientMatchingQueueRandomParty.cs
NexusUnleashed.Network.World\NexusUnleashed.Network.World.Message.Model\ClientMatchingRoleCheckResponse.cs	NexusUnleashed.Network.World	C-LINEAGE	16	NexusUnleashed.Network.World\NexusUnleashed.Network.World.Message.Model\ClientMatchingRoleCheckResponse.cs
NexusUnleashed.Network.World\NexusUnleashed.Network.World.Message.Model\ClientMatchingStopLookingForReplacements.cs	NexusUnleashed.Network.World	C-LINEAGE	9	NexusUnleashed.Network.World\NexusUnleashed.Network.World.Message.Model\ClientMatchingStopLookingForReplacements.cs
NexusUnleashed.Network.World\NexusUnleashed.Network.World.Message.Model\ClientMatchingTransferIntoMatch.cs	NexusUnleashed.Network.World	C-MODIFIED	16	NexusUnleashed.Network.World\NexusUnleashed.Network.World.Message.Model\ClientMatchingTransferIntoMatch.cs
NexusUnleashed.Network.World\NexusUnleashed.Network.World.Message.Model\ClientP2PTradingAcceptInvite.cs	NexusUnleashed.Network.World	C-LINEAGE	9	NexusUnleashed.Network.World\NexusUnleashed.Network.World.Message.Model\ClientP2PTradingAcceptInvite.cs
NexusUnleashed.Network.World\NexusUnleashed.Network.World.Message.Model\ClientP2PTradingAddItem.cs	NexusUnleashed.Network.World	C-LINEAGE	11	NexusUnleashed.Network.World\NexusUnleashed.Network.World.Message.Model\ClientP2PTradingAddItem.cs
NexusUnleashed.Network.World\NexusUnleashed.Network.World.Message.Model\ClientP2PTradingCancelTrade.cs	NexusUnleashed.Network.World	C-LINEAGE	9	NexusUnleashed.Network.World\NexusUnleashed.Network.World.Message.Model\ClientP2PTradingCancelTrade.cs
NexusUnleashed.Network.World\NexusUnleashed.Network.World.Message.Model\ClientP2PTradingCommit.cs	NexusUnleashed.Network.World	C-LINEAGE	9	NexusUnleashed.Network.World\NexusUnleashed.Network.World.Message.Model\ClientP2PTradingCommit.cs
NexusUnleashed.Network.World\NexusUnleashed.Network.World.Message.Model\ClientP2PTradingDeclineInvite.cs	NexusUnleashed.Network.World	C-LINEAGE	9	NexusUnleashed.Network.World\NexusUnleashed.Network.World.Message.Model\ClientP2PTradingDeclineInvite.cs
NexusUnleashed.Network.World\NexusUnleashed.Network.World.Message.Model\ClientP2PTradingInitiateTrade.cs	NexusUnleashed.Network.World	C-LINEAGE	11	NexusUnleashed.Network.World\NexusUnleashed.Network.World.Message.Model\ClientP2PTradingInitiateTrade.cs
NexusUnleashed.Network.World\NexusUnleashed.Network.World.Message.Model\ClientP2PTradingRemoveItem.cs	NexusUnleashed.Network.World	C-LINEAGE	11	NexusUnleashed.Network.World\NexusUnleashed.Network.World.Message.Model\ClientP2PTradingRemoveItem.cs
NexusUnleashed.Network.World\NexusUnleashed.Network.World.Message.Model\ClientP2PTradingSetMoney.cs	NexusUnleashed.Network.World	C-LINEAGE	11	NexusUnleashed.Network.World\NexusUnleashed.Network.World.Message.Model\ClientP2PTradingSetMoney.cs
NexusUnleashed.Network.World\NexusUnleashed.Network.World.Message.Model\ClientPackedWorld.cs	NexusUnleashed.Network.World	C-LINEAGE	15	NexusUnleashed.Network.World\NexusUnleashed.Network.World.Message.Model\ClientPackedWorld.cs
NexusUnleashed.Network.World\NexusUnleashed.Network.World.Message.Model\ClientPlayerMovementSpeedUpdate.cs	NexusUnleashed.Network.World	C-LINEAGE	13	NexusUnleashed.Network.World\NexusUnleashed.Network.World.Message.Model\ClientPlayerMovementSpeedUpdate.cs
NexusUnleashed.Network.World\NexusUnleashed.Network.World.Message.Model\ClientQuestAbandon.cs	NexusUnleashed.Network.World	C-LINEAGE	11	NexusUnleashed.Network.World\NexusUnleashed.Network.World.Message.Model\ClientQuestAbandon.cs
NexusUnleashed.Network.World\NexusUnleashed.Network.World.Message.Model\ClientQuestAccept.cs	NexusUnleashed.Network.World	C-LINEAGE	14	NexusUnleashed.Network.World\NexusUnleashed.Network.World.Message.Model\ClientQuestAccept.cs
NexusUnleashed.Network.World\NexusUnleashed.Network.World.Message.Model\ClientQuestComplete.cs	NexusUnleashed.Network.World	C-LINEAGE	15	NexusUnleashed.Network.World\NexusUnleashed.Network.World.Message.Model\ClientQuestComplete.cs
NexusUnleashed.Network.World\NexusUnleashed.Network.World.Message.Model\ClientQuestRetry.cs	NexusUnleashed.Network.World	C-LINEAGE	11	NexusUnleashed.Network.World\NexusUnleashed.Network.World.Message.Model\ClientQuestRetry.cs
NexusUnleashed.Network.World\NexusUnleashed.Network.World.Message.Model\ClientQuestSetIgnore.cs	NexusUnleashed.Network.World	C-LINEAGE	13	NexusUnleashed.Network.World\NexusUnleashed.Network.World.Message.Model\ClientQuestSetIgnore.cs
NexusUnleashed.Network.World\NexusUnleashed.Network.World.Message.Model\ClientQuestSetTracked.cs	NexusUnleashed.Network.World	C-LINEAGE	13	NexusUnleashed.Network.World\NexusUnleashed.Network.World.Message.Model\ClientQuestSetTracked.cs
NexusUnleashed.Network.World\NexusUnleashed.Network.World.Message.Model\ClientQuestShare.cs	NexusUnleashed.Network.World	C-LINEAGE	11	NexusUnleashed.Network.World\NexusUnleashed.Network.World.Message.Model\ClientQuestShare.cs
NexusUnleashed.Network.World\NexusUnleashed.Network.World.Message.Model\ClientQuestShareResult.cs	NexusUnleashed.Network.World	C-LINEAGE	13	NexusUnleashed.Network.World\NexusUnleashed.Network.World.Message.Model\ClientQuestShareResult.cs
NexusUnleashed.Network.World\NexusUnleashed.Network.World.Message.Model\ClientRapidTransport.cs	NexusUnleashed.Network.World	C-LINEAGE	13	NexusUnleashed.Network.World\NexusUnleashed.Network.World.Message.Model\ClientRapidTransport.cs
NexusUnleashed.Network.World\NexusUnleashed.Network.World.Message.Model\ClientReplayLevelUp.cs	NexusUnleashed.Network.World	C-LINEAGE	11	NexusUnleashed.Network.World\NexusUnleashed.Network.World.Message.Model\ClientReplayLevelUp.cs
NexusUnleashed.Network.World\NexusUnleashed.Network.World.Message.Model\ClientResurrectAccept.cs	NexusUnleashed.Network.World	C-LINEAGE	16	NexusUnleashed.Network.World\NexusUnleashed.Network.World.Message.Model\ClientResurrectAccept.cs
NexusUnleashed.Network.World\NexusUnleashed.Network.World.Message.Model\ClientResurrectRequest.cs	NexusUnleashed.Network.World	C-LINEAGE	9	NexusUnleashed.Network.World\NexusUnleashed.Network.World.Message.Model\ClientResurrectRequest.cs
NexusUnleashed.Network.World\NexusUnleashed.Network.World.Message.Model\ClientSpellInteractionResult.cs	NexusUnleashed.Network.World	C-LINEAGE	15	NexusUnleashed.Network.World\NexusUnleashed.Network.World.Message.Model\ClientSpellInteractionResult.cs
NexusUnleashed.Network.World\NexusUnleashed.Network.World.Message.Model\ClientSpellStopCast.cs	NexusUnleashed.Network.World	C-LINEAGE	16	NexusUnleashed.Network.World\NexusUnleashed.Network.World.Message.Model\ClientSpellStopCast.cs
NexusUnleashed.Network.World\NexusUnleashed.Network.World.Message.Model\ClientStatisticsConnection.cs	NexusUnleashed.Network.World	C-LINEAGE	20	NexusUnleashed.Network.World\NexusUnleashed.Network.World.Message.Model\ClientStatisticsConnection.cs
NexusUnleashed.Network.World\NexusUnleashed.Network.World.Message.Model\ClientStatisticsFramerate.cs	NexusUnleashed.Network.World	C-LINEAGE	29	NexusUnleashed.Network.World\NexusUnleashed.Network.World.Message.Model\ClientStatisticsFramerate.cs
NexusUnleashed.Network.World\NexusUnleashed.Network.World.Message.Model\ClientStatisticsGfx.cs	NexusUnleashed.Network.World	C-LINEAGE	25	NexusUnleashed.Network.World\NexusUnleashed.Network.World.Message.Model\ClientStatisticsGfx.cs
NexusUnleashed.Network.World\NexusUnleashed.Network.World.Message.Model\ClientStatisticsWatchdog.cs	NexusUnleashed.Network.World	C-LINEAGE	23	NexusUnleashed.Network.World\NexusUnleashed.Network.World.Message.Model\ClientStatisticsWatchdog.cs
NexusUnleashed.Network.World\NexusUnleashed.Network.World.Message.Model\ClientStatisticsWindowOpen.cs	NexusUnleashed.Network.World	C-LINEAGE	27	NexusUnleashed.Network.World\NexusUnleashed.Network.World.Message.Model\ClientStatisticsWindowOpen.cs
NexusUnleashed.Network.World\NexusUnleashed.Network.World.Message.Model\ClientStorefrontPurchaseAccount.cs	NexusUnleashed.Network.World	A-AUTHORED	43	
NexusUnleashed.Network.World\NexusUnleashed.Network.World.Message.Model\ClientStorefrontPurchaseCharacter.cs	NexusUnleashed.Network.World	C-LINEAGE	22	NexusUnleashed.Network.World\NexusUnleashed.Network.World.Message.Model\ClientStorefrontPurchaseCharacter.cs
NexusUnleashed.Network.World\NexusUnleashed.Network.World.Message.Model\ClientStorefrontRequestCatalog.cs	NexusUnleashed.Network.World	C-LINEAGE	11	NexusUnleashed.Network.World\NexusUnleashed.Network.World.Message.Model\ClientStorefrontRequestCatalog.cs
NexusUnleashed.Network.World\NexusUnleashed.Network.World.Message.Model\ClientSummonVanityPet.cs	NexusUnleashed.Network.World	C-LINEAGE	11	NexusUnleashed.Network.World\NexusUnleashed.Network.World.Message.Model\ClientSummonVanityPet.cs
NexusUnleashed.Network.World\NexusUnleashed.Network.World.Message.Model\ClientTitleSet.cs	NexusUnleashed.Network.World	C-LINEAGE	11	NexusUnleashed.Network.World\NexusUnleashed.Network.World.Message.Model\ClientTitleSet.cs
NexusUnleashed.Network.World\NexusUnleashed.Network.World.Message.Model\ClientToggleWeapons.cs	NexusUnleashed.Network.World	C-LINEAGE	11	NexusUnleashed.Network.World\NexusUnleashed.Network.World.Message.Model\ClientToggleWeapons.cs
NexusUnleashed.Network.World\NexusUnleashed.Network.World.Message.Model\ClientVehicleDisembark.cs	NexusUnleashed.Network.World	C-LINEAGE	9	NexusUnleashed.Network.World\NexusUnleashed.Network.World.Message.Model\ClientVehicleDisembark.cs
NexusUnleashed.Network.World\NexusUnleashed.Network.World.Message.Model\ClientVendorPurchase.cs	NexusUnleashed.Network.World	C-LINEAGE	13	NexusUnleashed.Network.World\NexusUnleashed.Network.World.Message.Model\ClientVendorPurchase.cs
NexusUnleashed.Network.World\NexusUnleashed.Network.World.Message.Model\ClientVendorSell.cs	NexusUnleashed.Network.World	C-LINEAGE	14	NexusUnleashed.Network.World\NexusUnleashed.Network.World.Message.Model\ClientVendorSell.cs
NexusUnleashed.Network.World\NexusUnleashed.Network.World.Message.Model\ClientZoneChange.cs	NexusUnleashed.Network.World	C-LINEAGE	13	NexusUnleashed.Network.World\NexusUnleashed.Network.World.Message.Model\ClientZoneChange.cs
NexusUnleashed.Network.World\NexusUnleashed.Network.World.Message.Model\LogoutReason.cs	NexusUnleashed.Network.World	C-LINEAGE	14	NexusUnleashed.Network.World\NexusUnleashed.Network.World.Message.Model\LogoutReason.cs
NexusUnleashed.Network.World\NexusUnleashed.Network.World.Message.Model\Server0178SoundTrigger.cs	NexusUnleashed.Network.World	C-LINEAGE	9	NexusUnleashed.Network.World\NexusUnleashed.Network.World.Message.Model\Server0178SoundTrigger.cs
NexusUnleashed.Network.World\NexusUnleashed.Network.World.Message.Model\Server0237.cs	NexusUnleashed.Network.World	C-LINEAGE	11	NexusUnleashed.Network.World\NexusUnleashed.Network.World.Message.Model\Server0237.cs
NexusUnleashed.Network.World\NexusUnleashed.Network.World.Message.Model\Server07F5.cs	NexusUnleashed.Network.World	C-LINEAGE	15	NexusUnleashed.Network.World\NexusUnleashed.Network.World.Message.Model\Server07F5.cs
NexusUnleashed.Network.World\NexusUnleashed.Network.World.Message.Model\Server07F6.cs	NexusUnleashed.Network.World	C-LINEAGE	74	NexusUnleashed.Network.World\NexusUnleashed.Network.World.Message.Model\Server07F6.cs
NexusUnleashed.Network.World\NexusUnleashed.Network.World.Message.Model\Server07F7.cs	NexusUnleashed.Network.World	C-LINEAGE	15	NexusUnleashed.Network.World\NexusUnleashed.Network.World.Message.Model\Server07F7.cs
NexusUnleashed.Network.World\NexusUnleashed.Network.World.Message.Model\Server07F8.cs	NexusUnleashed.Network.World	C-LINEAGE	76	NexusUnleashed.Network.World\NexusUnleashed.Network.World.Message.Model\Server07F8.cs
NexusUnleashed.Network.World\NexusUnleashed.Network.World.Message.Model\Server07F9.cs	NexusUnleashed.Network.World	C-LINEAGE	18	NexusUnleashed.Network.World\NexusUnleashed.Network.World.Message.Model\Server07F9.cs
NexusUnleashed.Network.World\NexusUnleashed.Network.World.Message.Model\Server07FA.cs	NexusUnleashed.Network.World	C-LINEAGE	15	NexusUnleashed.Network.World\NexusUnleashed.Network.World.Message.Model\Server07FA.cs
NexusUnleashed.Network.World\NexusUnleashed.Network.World.Message.Model\Server07FB.cs	NexusUnleashed.Network.World	C-LINEAGE	30	NexusUnleashed.Network.World\NexusUnleashed.Network.World.Message.Model\Server07FB.cs
NexusUnleashed.Network.World\NexusUnleashed.Network.World.Message.Model\Server0818.cs	NexusUnleashed.Network.World	C-LINEAGE	14	NexusUnleashed.Network.World\NexusUnleashed.Network.World.Message.Model\Server0818.cs
NexusUnleashed.Network.World\NexusUnleashed.Network.World.Message.Model\ServerBuybackItemRemoved.cs	NexusUnleashed.Network.World	C-LINEAGE	11	NexusUnleashed.Network.World\NexusUnleashed.Network.World.Message.Model\ServerBuybackItemRemoved.cs
NexusUnleashed.Network.World\NexusUnleashed.Network.World.Message.Model\ServerBuybackItemUpdated.cs	NexusUnleashed.Network.World	C-LINEAGE	12	NexusUnleashed.Network.World\NexusUnleashed.Network.World.Message.Model\ServerBuybackItemUpdated.cs
NexusUnleashed.Network.World\NexusUnleashed.Network.World.Message.Model\ServerBuybackItems.cs	NexusUnleashed.Network.World	C-LINEAGE	17	NexusUnleashed.Network.World\NexusUnleashed.Network.World.Message.Model\ServerBuybackItems.cs
NexusUnleashed.Network.World\NexusUnleashed.Network.World.Message.Model\ServerChangeWorld.cs	NexusUnleashed.Network.World	C-LINEAGE	18	NexusUnleashed.Network.World\NexusUnleashed.Network.World.Message.Model\ServerChangeWorld.cs
NexusUnleashed.Network.World\NexusUnleashed.Network.World.Message.Model\ServerChannelUpdateLoot.cs	NexusUnleashed.Network.World	C-LINEAGE	16	NexusUnleashed.Network.World\NexusUnleashed.Network.World.Message.Model\ServerChannelUpdateLoot.cs
NexusUnleashed.Network.World\NexusUnleashed.Network.World.Message.Model\ServerCharacterFlagsUpdated.cs	NexusUnleashed.Network.World	C-LINEAGE	12	NexusUnleashed.Network.World\NexusUnleashed.Network.World.Message.Model\ServerCharacterFlagsUpdated.cs
NexusUnleashed.Network.World\NexusUnleashed.Network.World.Message.Model\ServerClientEntityUpdateInterval.cs	NexusUnleashed.Network.World	C-LINEAGE	11	NexusUnleashed.Network.World\NexusUnleashed.Network.World.Message.Model\ServerClientEntityUpdateInterval.cs
NexusUnleashed.Network.World\NexusUnleashed.Network.World.Message.Model\ServerCombatLog.cs	NexusUnleashed.Network.World	C-LINEAGE	13	NexusUnleashed.Network.World\NexusUnleashed.Network.World.Message.Model\ServerCombatLog.cs
NexusUnleashed.Network.World\NexusUnleashed.Network.World.Message.Model\ServerCombatReward.cs	NexusUnleashed.Network.World	C-LINEAGE	17	NexusUnleashed.Network.World\NexusUnleashed.Network.World.Message.Model\ServerCombatReward.cs
NexusUnleashed.Network.World\NexusUnleashed.Network.World.Message.Model\ServerCooldown.cs	NexusUnleashed.Network.World	C-LINEAGE	12	NexusUnleashed.Network.World\NexusUnleashed.Network.World.Message.Model\ServerCooldown.cs
NexusUnleashed.Network.World\NexusUnleashed.Network.World.Message.Model\ServerCooldownList.cs	NexusUnleashed.Network.World	C-LINEAGE	17	NexusUnleashed.Network.World\NexusUnleashed.Network.World.Message.Model\ServerCooldownList.cs
NexusUnleashed.Network.World\NexusUnleashed.Network.World.Message.Model\ServerDatacubeUpdate.cs	NexusUnleashed.Network.World	C-LINEAGE	12	NexusUnleashed.Network.World\NexusUnleashed.Network.World.Message.Model\ServerDatacubeUpdate.cs
NexusUnleashed.Network.World\NexusUnleashed.Network.World.Message.Model\ServerDatacubeUpdateList.cs	NexusUnleashed.Network.World	C-LINEAGE	23	NexusUnleashed.Network.World\NexusUnleashed.Network.World.Message.Model\ServerDatacubeUpdateList.cs
NexusUnleashed.Network.World\NexusUnleashed.Network.World.Message.Model\ServerDatacubeVolumeUpdate.cs	NexusUnleashed.Network.World	C-LINEAGE	12	NexusUnleashed.Network.World\NexusUnleashed.Network.World.Message.Model\ServerDatacubeVolumeUpdate.cs
NexusUnleashed.Network.World\NexusUnleashed.Network.World.Message.Model\ServerDialogEnd.cs	NexusUnleashed.Network.World	C-LINEAGE	9	NexusUnleashed.Network.World\NexusUnleashed.Network.World.Message.Model\ServerDialogEnd.cs
NexusUnleashed.Network.World\NexusUnleashed.Network.World.Message.Model\ServerDialogStart.cs	NexusUnleashed.Network.World	C-LINEAGE	13	NexusUnleashed.Network.World\NexusUnleashed.Network.World.Message.Model\ServerDialogStart.cs
NexusUnleashed.Network.World\NexusUnleashed.Network.World.Message.Model\ServerEmote.cs	NexusUnleashed.Network.World	C-LINEAGE	21	NexusUnleashed.Network.World\NexusUnleashed.Network.World.Message.Model\ServerEmote.cs
NexusUnleashed.Network.World\NexusUnleashed.Network.World.Message.Model\ServerEntitlement.cs	NexusUnleashed.Network.World	C-LINEAGE	14	NexusUnleashed.Network.World\NexusUnleashed.Network.World.Message.Model\ServerEntitlement.cs
NexusUnleashed.Network.World\NexusUnleashed.Network.World.Message.Model\ServerEntityAggroSwitch.cs	NexusUnleashed.Network.World	C-LINEAGE	13	NexusUnleashed.Network.World\NexusUnleashed.Network.World.Message.Model\ServerEntityAggroSwitch.cs
NexusUnleashed.Network.World\NexusUnleashed.Network.World.Message.Model\ServerEntityBoneUpdate.cs	NexusUnleashed.Network.World	C-LINEAGE	18	NexusUnleashed.Network.World\NexusUnleashed.Network.World.Message.Model\ServerEntityBoneUpdate.cs
NexusUnleashed.Network.World\NexusUnleashed.Network.World.Message.Model\ServerEntityCommand.cs	NexusUnleashed.Network.World	C-LINEAGE	26	NexusUnleashed.Network.World\NexusUnleashed.Network.World.Message.Model\ServerEntityCommand.cs
NexusUnleashed.Network.World\NexusUnleashed.Network.World.Message.Model\ServerEntityCreate.cs	NexusUnleashed.Network.World	C-LINEAGE	138	NexusUnleashed.Network.World\NexusUnleashed.Network.World.Message.Model\ServerEntityCreate.cs
NexusUnleashed.Network.World\NexusUnleashed.Network.World.Message.Model\ServerEntityDeathState.cs	NexusUnleashed.Network.World	C-LINEAGE	17	NexusUnleashed.Network.World\NexusUnleashed.Network.World.Message.Model\ServerEntityDeathState.cs
NexusUnleashed.Network.World\NexusUnleashed.Network.World.Message.Model\ServerEntityDestroy.cs	NexusUnleashed.Network.World	C-LINEAGE	13	NexusUnleashed.Network.World\NexusUnleashed.Network.World.Message.Model\ServerEntityDestroy.cs
NexusUnleashed.Network.World\NexusUnleashed.Network.World.Message.Model\ServerEntityFaction.cs	NexusUnleashed.Network.World	C-LINEAGE	14	NexusUnleashed.Network.World\NexusUnleashed.Network.World.Message.Model\ServerEntityFaction.cs
NexusUnleashed.Network.World\NexusUnleashed.Network.World.Message.Model\ServerEntityGroupAssociation.cs	NexusUnleashed.Network.World	C-LINEAGE	13	NexusUnleashed.Network.World\NexusUnleashed.Network.World.Message.Model\ServerEntityGroupAssociation.cs
NexusUnleashed.Network.World\NexusUnleashed.Network.World.Message.Model\ServerEntityHealthUpdate.cs	NexusUnleashed.Network.World	C-LINEAGE	15	NexusUnleashed.Network.World\NexusUnleashed.Network.World.Message.Model\ServerEntityHealthUpdate.cs
NexusUnleashed.Network.World\NexusUnleashed.Network.World.Message.Model\ServerEntityPropertiesUpdate.cs	NexusUnleashed.Network.World	C-LINEAGE	19	NexusUnleashed.Network.World\NexusUnleashed.Network.World.Message.Model\ServerEntityPropertiesUpdate.cs
NexusUnleashed.Network.World\NexusUnleashed.Network.World.Message.Model\ServerEntityStandState.cs	NexusUnleashed.Network.World	C-LINEAGE	16	NexusUnleashed.Network.World\NexusUnleashed.Network.World.Message.Model\ServerEntityStandState.cs
NexusUnleashed.Network.World\NexusUnleashed.Network.World.Message.Model\ServerEntityStatUpdateFloat.cs	NexusUnleashed.Network.World	C-LINEAGE	14	NexusUnleashed.Network.World\NexusUnleashed.Network.World.Message.Model\ServerEntityStatUpdateFloat.cs
NexusUnleashed.Network.World\NexusUnleashed.Network.World.Message.Model\ServerEntityStatUpdateInteger.cs	NexusUnleashed.Network.World	C-LINEAGE	6	NexusUnleashed.Network.World\NexusUnleashed.Network.World.Message.Model\ServerEntityStatUpdateInteger.cs
NexusUnleashed.Network.World\NexusUnleashed.Network.World.Message.Model\ServerEntityTargetUnit.cs	NexusUnleashed.Network.World	C-LINEAGE	15	NexusUnleashed.Network.World\NexusUnleashed.Network.World.Message.Model\ServerEntityTargetUnit.cs
NexusUnleashed.Network.World\NexusUnleashed.Network.World.Message.Model\ServerEntityThreatListUpdate.cs	NexusUnleashed.Network.World	C-LINEAGE	21	NexusUnleashed.Network.World\NexusUnleashed.Network.World.Message.Model\ServerEntityThreatListUpdate.cs
NexusUnleashed.Network.World\NexusUnleashed.Network.World.Message.Model\ServerEntityThreatUpdate.cs	NexusUnleashed.Network.World	C-LINEAGE	15	NexusUnleashed.Network.World\NexusUnleashed.Network.World.Message.Model\ServerEntityThreatUpdate.cs
NexusUnleashed.Network.World\NexusUnleashed.Network.World.Message.Model\ServerEntityVisualUpdate.cs	NexusUnleashed.Network.World	C-LINEAGE	33	NexusUnleashed.Network.World\NexusUnleashed.Network.World.Message.Model\ServerEntityVisualUpdate.cs
NexusUnleashed.Network.World\NexusUnleashed.Network.World.Message.Model\ServerExperienceGained.cs	NexusUnleashed.Network.World	C-LINEAGE	20	NexusUnleashed.Network.World\NexusUnleashed.Network.World.Message.Model\ServerExperienceGained.cs
NexusUnleashed.Network.World\NexusUnleashed.Network.World.Message.Model\ServerGameCameraRotation.cs	NexusUnleashed.Network.World	C-LINEAGE	13	NexusUnleashed.Network.World\NexusUnleashed.Network.World.Message.Model\ServerGameCameraRotation.cs
NexusUnleashed.Network.World\NexusUnleashed.Network.World.Message.Model\ServerGroupActionResult.cs	NexusUnleashed.Network.World	C-LINEAGE	17	NexusUnleashed.Network.World\NexusUnleashed.Network.World.Message.Model\ServerGroupActionResult.cs
NexusUnleashed.Network.World\NexusUnleashed.Network.World.Message.Model\ServerGroupFlagsChanged.cs	NexusUnleashed.Network.World	C-LINEAGE	16	NexusUnleashed.Network.World\NexusUnleashed.Network.World.Message.Model\ServerGroupFlagsChanged.cs
NexusUnleashed.Network.World\NexusUnleashed.Network.World.Message.Model\ServerGroupInviteReceived.cs	NexusUnleashed.Network.World	C-LINEAGE	23	NexusUnleashed.Network.World\NexusUnleashed.Network.World.Message.Model\ServerGroupInviteReceived.cs
NexusUnleashed.Network.World\NexusUnleashed.Network.World.Message.Model\ServerGroupInviteResult.cs	NexusUnleashed.Network.World	C-LINEAGE	16	NexusUnleashed.Network.World\NexusUnleashed.Network.World.Message.Model\ServerGroupInviteResult.cs
NexusUnleashed.Network.World\NexusUnleashed.Network.World.Message.Model\ServerGroupJoin.cs	NexusUnleashed.Network.World	C-LINEAGE	14	NexusUnleashed.Network.World\NexusUnleashed.Network.World.Message.Model\ServerGroupJoin.cs
NexusUnleashed.Network.World\NexusUnleashed.Network.World.Message.Model\ServerGroupLeave.cs	NexusUnleashed.Network.World	C-LINEAGE	14	NexusUnleashed.Network.World\NexusUnleashed.Network.World.Message.Model\ServerGroupLeave.cs
NexusUnleashed.Network.World\NexusUnleashed.Network.World.Message.Model\ServerGroupLootRulesChange.cs	NexusUnleashed.Network.World	C-LINEAGE	22	NexusUnleashed.Network.World\NexusUnleashed.Network.World.Message.Model\ServerGroupLootRulesChange.cs
NexusUnleashed.Network.World\NexusUnleashed.Network.World.Message.Model\ServerGroupMarkUnit.cs	NexusUnleashed.Network.World	C-LINEAGE	16	NexusUnleashed.Network.World\NexusUnleashed.Network.World.Message.Model\ServerGroupMarkUnit.cs
NexusUnleashed.Network.World\NexusUnleashed.Network.World.Message.Model\ServerGroupMaxSizeChange.cs	NexusUnleashed.Network.World	C-LINEAGE	16	NexusUnleashed.Network.World\NexusUnleashed.Network.World.Message.Model\ServerGroupMaxSizeChange.cs
NexusUnleashed.Network.World\NexusUnleashed.Network.World.Message.Model\ServerGroupMemberAdd.cs	NexusUnleashed.Network.World	C-LINEAGE	16	NexusUnleashed.Network.World\NexusUnleashed.Network.World.Message.Model\ServerGroupMemberAdd.cs
NexusUnleashed.Network.World\NexusUnleashed.Network.World.Message.Model\ServerGroupMemberFlagsChanged.cs	NexusUnleashed.Network.World	C-LINEAGE	21	NexusUnleashed.Network.World\NexusUnleashed.Network.World.Message.Model\ServerGroupMemberFlagsChanged.cs
NexusUnleashed.Network.World\NexusUnleashed.Network.World.Message.Model\ServerGroupMemberStatUpdate.cs	NexusUnleashed.Network.World	C-LINEAGE	59	NexusUnleashed.Network.World\NexusUnleashed.Network.World.Message.Model\ServerGroupMemberStatUpdate.cs
NexusUnleashed.Network.World\NexusUnleashed.Network.World.Message.Model\ServerGroupPositionUpdate.cs	NexusUnleashed.Network.World	C-LINEAGE	41	NexusUnleashed.Network.World\NexusUnleashed.Network.World.Message.Model\ServerGroupPositionUpdate.cs
NexusUnleashed.Network.World\NexusUnleashed.Network.World.Message.Model\ServerGroupPromote.cs	NexusUnleashed.Network.World	C-LINEAGE	16	NexusUnleashed.Network.World\NexusUnleashed.Network.World.Message.Model\ServerGroupPromote.cs
NexusUnleashed.Network.World\NexusUnleashed.Network.World.Message.Model\ServerGroupReferral.cs	NexusUnleashed.Network.World	C-LINEAGE	16	NexusUnleashed.Network.World\NexusUnleashed.Network.World.Message.Model\ServerGroupReferral.cs
NexusUnleashed.Network.World\NexusUnleashed.Network.World.Message.Model\ServerGroupRemove.cs	NexusUnleashed.Network.World	C-LINEAGE	19	NexusUnleashed.Network.World\NexusUnleashed.Network.World.Message.Model\ServerGroupRemove.cs
NexusUnleashed.Network.World\NexusUnleashed.Network.World.Message.Model\ServerGroupRequestJoinResponse.cs	NexusUnleashed.Network.World	C-LINEAGE	14	NexusUnleashed.Network.World\NexusUnleashed.Network.World.Message.Model\ServerGroupRequestJoinResponse.cs
NexusUnleashed.Network.World\NexusUnleashed.Network.World.Message.Model\ServerGroupRequestJoinResult.cs	NexusUnleashed.Network.World	C-LINEAGE	18	NexusUnleashed.Network.World\NexusUnleashed.Network.World.Message.Model\ServerGroupRequestJoinResult.cs
NexusUnleashed.Network.World\NexusUnleashed.Network.World.Message.Model\ServerGroupSendReadyCheck.cs	NexusUnleashed.Network.World	C-LINEAGE	16	NexusUnleashed.Network.World\NexusUnleashed.Network.World.Message.Model\ServerGroupSendReadyCheck.cs
NexusUnleashed.Network.World\NexusUnleashed.Network.World.Message.Model\ServerGroupUpdatePlayerRealm.cs	NexusUnleashed.Network.World	C-LINEAGE	24	NexusUnleashed.Network.World\NexusUnleashed.Network.World.Message.Model\ServerGroupUpdatePlayerRealm.cs
NexusUnleashed.Network.World\NexusUnleashed.Network.World.Message.Model\ServerInstanceSettings.cs	NexusUnleashed.Network.World	C-LINEAGE	26	NexusUnleashed.Network.World\NexusUnleashed.Network.World.Message.Model\ServerInstanceSettings.cs
NexusUnleashed.Network.World\NexusUnleashed.Network.World.Message.Model\ServerItemAdd.cs	NexusUnleashed.Network.World	C-LINEAGE	12	NexusUnleashed.Network.World\NexusUnleashed.Network.World.Message.Model\ServerItemAdd.cs
NexusUnleashed.Network.World\NexusUnleashed.Network.World.Message.Model\ServerItemDelete.cs	NexusUnleashed.Network.World	C-LINEAGE	14	NexusUnleashed.Network.World\NexusUnleashed.Network.World.Message.Model\ServerItemDelete.cs
NexusUnleashed.Network.World\NexusUnleashed.Network.World.Message.Model\ServerItemError.cs	NexusUnleashed.Network.World	C-LINEAGE	14	NexusUnleashed.Network.World\NexusUnleashed.Network.World.Message.Model\ServerItemError.cs
NexusUnleashed.Network.World\NexusUnleashed.Network.World.Message.Model\ServerItemMove.cs	NexusUnleashed.Network.World	C-LINEAGE	12	NexusUnleashed.Network.World\NexusUnleashed.Network.World.Message.Model\ServerItemMove.cs
NexusUnleashed.Network.World\NexusUnleashed.Network.World.Message.Model\ServerItemStackCountUpdate.cs	NexusUnleashed.Network.World	C-LINEAGE	16	NexusUnleashed.Network.World\NexusUnleashed.Network.World.Message.Model\ServerItemStackCountUpdate.cs
NexusUnleashed.Network.World\NexusUnleashed.Network.World.Message.Model\ServerItemSwap.cs	NexusUnleashed.Network.World	C-LINEAGE	14	NexusUnleashed.Network.World\NexusUnleashed.Network.World.Message.Model\ServerItemSwap.cs
NexusUnleashed.Network.World\NexusUnleashed.Network.World.Message.Model\ServerItemVisualUpdate.cs	NexusUnleashed.Network.World	C-LINEAGE	19	NexusUnleashed.Network.World\NexusUnleashed.Network.World.Message.Model\ServerItemVisualUpdate.cs
NexusUnleashed.Network.World\NexusUnleashed.Network.World.Message.Model\ServerLoadingScreen.cs	NexusUnleashed.Network.World	C-LINEAGE	9	NexusUnleashed.Network.World\NexusUnleashed.Network.World.Message.Model\ServerLoadingScreen.cs
NexusUnleashed.Network.World\NexusUnleashed.Network.World.Message.Model\ServerLogout.cs	NexusUnleashed.Network.World	C-LINEAGE	13	NexusUnleashed.Network.World\NexusUnleashed.Network.World.Message.Model\ServerLogout.cs
NexusUnleashed.Network.World\NexusUnleashed.Network.World.Message.Model\ServerLogoutUpdate.cs	NexusUnleashed.Network.World	C-LINEAGE	29	NexusUnleashed.Network.World\NexusUnleashed.Network.World.Message.Model\ServerLogoutUpdate.cs
NexusUnleashed.Network.World\NexusUnleashed.Network.World.Message.Model\ServerMatchingAverageWaitTimeUpdate.cs	NexusUnleashed.Network.World	C-LINEAGE	14	NexusUnleashed.Network.World\NexusUnleashed.Network.World.Message.Model\ServerMatchingAverageWaitTimeUpdate.cs
NexusUnleashed.Network.World\NexusUnleashed.Network.World.Message.Model\ServerMatchingEligibilityChanged.cs	NexusUnleashed.Network.World	C-LINEAGE	11	NexusUnleashed.Network.World\NexusUnleashed.Network.World.Message.Model\ServerMatchingEligibilityChanged.cs
NexusUnleashed.Network.World\NexusUnleashed.Network.World.Message.Model\ServerMatchingGroupIsQueued.cs	NexusUnleashed.Network.World	C-LINEAGE	9	NexusUnleashed.Network.World\NexusUnleashed.Network.World.Message.Model\ServerMatchingGroupIsQueued.cs
NexusUnleashed.Network.World\NexusUnleashed.Network.World.Message.Model\ServerMatchingGroupMemberRoleSelection.cs	NexusUnleashed.Network.World	C-LINEAGE	15	NexusUnleashed.Network.World\NexusUnleashed.Network.World.Message.Model\ServerMatchingGroupMemberRoleSelection.cs
NexusUnleashed.Network.World\NexusUnleashed.Network.World.Message.Model\ServerMatchingLeftQueue.cs	NexusUnleashed.Network.World	C-LINEAGE	9	NexusUnleashed.Network.World\NexusUnleashed.Network.World.Message.Model\ServerMatchingLeftQueue.cs
NexusUnleashed.Network.World\NexusUnleashed.Network.World.Message.Model\ServerMatchingListPlayersQueuedForMap.cs	NexusUnleashed.Network.World	C-LINEAGE	82	NexusUnleashed.Network.World\NexusUnleashed.Network.World.Message.Model\ServerMatchingListPlayersQueuedForMap.cs
NexusUnleashed.Network.World\NexusUnleashed.Network.World.Message.Model\ServerMatchingManager0x5B0.cs	NexusUnleashed.Network.World	C-LINEAGE	11	NexusUnleashed.Network.World\NexusUnleashed.Network.World.Message.Model\ServerMatchingManager0x5B0.cs
NexusUnleashed.Network.World\NexusUnleashed.Network.World.Message.Model\ServerMatchingMatchEntered.cs	NexusUnleashed.Network.World	C-LINEAGE	11	NexusUnleashed.Network.World\NexusUnleashed.Network.World.Message.Model\ServerMatchingMatchEntered.cs
NexusUnleashed.Network.World\NexusUnleashed.Network.World.Message.Model\ServerMatchingMatchExited.cs	NexusUnleashed.Network.World	C-LINEAGE	9	NexusUnleashed.Network.World\NexusUnleashed.Network.World.Message.Model\ServerMatchingMatchExited.cs
NexusUnleashed.Network.World\NexusUnleashed.Network.World.Message.Model\ServerMatchingMatchFinished.cs	NexusUnleashed.Network.World	C-LINEAGE	9	NexusUnleashed.Network.World\NexusUnleashed.Network.World.Message.Model\ServerMatchingMatchFinished.cs
NexusUnleashed.Network.World\NexusUnleashed.Network.World.Message.Model\ServerMatchingMatchInProgressReady.cs	NexusUnleashed.Network.World	C-LINEAGE	16	NexusUnleashed.Network.World\NexusUnleashed.Network.World.Message.Model\ServerMatchingMatchInProgressReady.cs
NexusUnleashed.Network.World\NexusUnleashed.Network.World.Message.Model\ServerMatchingMatchJoined.cs	NexusUnleashed.Network.World	C-LINEAGE	11	NexusUnleashed.Network.World\NexusUnleashed.Network.World.Message.Model\ServerMatchingMatchJoined.cs
NexusUnleashed.Network.World\NexusUnleashed.Network.World.Message.Model\ServerMatchingMatchKickCooldownUpdate.cs	NexusUnleashed.Network.World	C-LINEAGE	14	NexusUnleashed.Network.World\NexusUnleashed.Network.World.Message.Model\ServerMatchingMatchKickCooldownUpdate.cs
NexusUnleashed.Network.World\NexusUnleashed.Network.World.Message.Model\ServerMatchingMatchLeft.cs	NexusUnleashed.Network.World	C-LINEAGE	12	NexusUnleashed.Network.World\NexusUnleashed.Network.World.Message.Model\ServerMatchingMatchLeft.cs
NexusUnleashed.Network.World\NexusUnleashed.Network.World.Message.Model\ServerMatchingMatchOperationResult.cs	NexusUnleashed.Network.World	C-LINEAGE	14	NexusUnleashed.Network.World\NexusUnleashed.Network.World.Message.Model\ServerMatchingMatchOperationResult.cs
NexusUnleashed.Network.World\NexusUnleashed.Network.World.Message.Model\ServerMatchingMatchParticipantCountUpdate.cs	NexusUnleashed.Network.World	C-LINEAGE	11	NexusUnleashed.Network.World\NexusUnleashed.Network.World.Message.Model\ServerMatchingMatchParticipantCountUpdate.cs
NexusUnleashed.Network.World\NexusUnleashed.Network.World.Message.Model\ServerMatchingMatchPvpFinished.cs	NexusUnleashed.Network.World	C-LINEAGE	18	NexusUnleashed.Network.World\NexusUnleashed.Network.World.Message.Model\ServerMatchingMatchPvpFinished.cs
NexusUnleashed.Network.World\NexusUnleashed.Network.World.Message.Model\ServerMatchingMatchPvpPoolUpdated.cs	NexusUnleashed.Network.World	C-LINEAGE	13	NexusUnleashed.Network.World\NexusUnleashed.Network.World.Message.Model\ServerMatchingMatchPvpPoolUpdated.cs
NexusUnleashed.Network.World\NexusUnleashed.Network.World.Message.Model\ServerMatchingMatchPvpStateInitial.cs	NexusUnleashed.Network.World	C-LINEAGE	15	NexusUnleashed.Network.World\NexusUnleashed.Network.World.Message.Model\ServerMatchingMatchPvpStateInitial.cs
NexusUnleashed.Network.World\NexusUnleashed.Network.World.Message.Model\ServerMatchingMatchPvpStateUpdated.cs	NexusUnleashed.Network.World	C-LINEAGE	7	NexusUnleashed.Network.World\NexusUnleashed.Network.World.Message.Model\ServerMatchingMatchPvpStateUpdated.cs
NexusUnleashed.Network.World\NexusUnleashed.Network.World.Message.Model\ServerMatchingMatchReady.cs	NexusUnleashed.Network.World	C-LINEAGE	16	NexusUnleashed.Network.World\NexusUnleashed.Network.World.Message.Model\ServerMatchingMatchReady.cs
NexusUnleashed.Network.World\NexusUnleashed.Network.World.Message.Model\ServerMatchingMatchReadyCancel.cs	NexusUnleashed.Network.World	C-LINEAGE	9	NexusUnleashed.Network.World\NexusUnleashed.Network.World.Message.Model\ServerMatchingMatchReadyCancel.cs
NexusUnleashed.Network.World\NexusUnleashed.Network.World.Message.Model\ServerMatchingMatchVoteKickBegin.cs	NexusUnleashed.Network.World	C-LINEAGE	14	NexusUnleashed.Network.World\NexusUnleashed.Network.World.Message.Model\ServerMatchingMatchVoteKickBegin.cs
NexusUnleashed.Network.World\NexusUnleashed.Network.World.Message.Model\ServerMatchingMatchVoteKickCancelled.cs	NexusUnleashed.Network.World	C-LINEAGE	9	NexusUnleashed.Network.World\NexusUnleashed.Network.World.Message.Model\ServerMatchingMatchVoteKickCancelled.cs
NexusUnleashed.Network.World\NexusUnleashed.Network.World.Message.Model\ServerMatchingMatchVoteKickFailed.cs	NexusUnleashed.Network.World	C-LINEAGE	9	NexusUnleashed.Network.World\NexusUnleashed.Network.World.Message.Model\ServerMatchingMatchVoteKickFailed.cs
NexusUnleashed.Network.World\NexusUnleashed.Network.World.Message.Model\ServerMatchingMatchVoteKickSucceeded.cs	NexusUnleashed.Network.World	C-LINEAGE	9	NexusUnleashed.Network.World\NexusUnleashed.Network.World.Message.Model\ServerMatchingMatchVoteKickSucceeded.cs
NexusUnleashed.Network.World\NexusUnleashed.Network.World.Message.Model\ServerMatchingMatchVoteSurrenderBegin.cs	NexusUnleashed.Network.World	C-LINEAGE	9	NexusUnleashed.Network.World\NexusUnleashed.Network.World.Message.Model\ServerMatchingMatchVoteSurrenderBegin.cs
NexusUnleashed.Network.World\NexusUnleashed.Network.World.Message.Model\ServerMatchingMatchVoteSurrenderFailed.cs	NexusUnleashed.Network.World	C-LINEAGE	9	NexusUnleashed.Network.World\NexusUnleashed.Network.World.Message.Model\ServerMatchingMatchVoteSurrenderFailed.cs
NexusUnleashed.Network.World\NexusUnleashed.Network.World.Message.Model\ServerMatchingPenaltyUpdated.cs	NexusUnleashed.Network.World	C-LINEAGE	15	NexusUnleashed.Network.World\NexusUnleashed.Network.World.Message.Model\ServerMatchingPenaltyUpdated.cs
NexusUnleashed.Network.World\NexusUnleashed.Network.World.Message.Model\ServerMatchingPvpInactivityAlert.cs	NexusUnleashed.Network.World	C-LINEAGE	11	NexusUnleashed.Network.World\NexusUnleashed.Network.World.Message.Model\ServerMatchingPvpInactivityAlert.cs
NexusUnleashed.Network.World\NexusUnleashed.Network.World.Message.Model\ServerMatchingPvpKillNotification.cs	NexusUnleashed.Network.World	C-LINEAGE	65	NexusUnleashed.Network.World\NexusUnleashed.Network.World.Message.Model\ServerMatchingPvpKillNotification.cs
NexusUnleashed.Network.World\NexusUnleashed.Network.World.Message.Model\ServerMatchingPvpRatingUpdated.cs	NexusUnleashed.Network.World	C-LINEAGE	20	NexusUnleashed.Network.World\NexusUnleashed.Network.World.Message.Model\ServerMatchingPvpRatingUpdated.cs
NexusUnleashed.Network.World\NexusUnleashed.Network.World.Message.Model\ServerMatchingPvpTeamInfoUpdate.cs	NexusUnleashed.Network.World	C-LINEAGE	17	NexusUnleashed.Network.World\NexusUnleashed.Network.World.Message.Model\ServerMatchingPvpTeamInfoUpdate.cs
NexusUnleashed.Network.World\NexusUnleashed.Network.World.Message.Model\ServerMatchingQueueJoin.cs	NexusUnleashed.Network.World	C-LINEAGE	49	NexusUnleashed.Network.World\NexusUnleashed.Network.World.Message.Model\ServerMatchingQueueJoin.cs
NexusUnleashed.Network.World\NexusUnleashed.Network.World.Message.Model\ServerMatchingQueueResultAnnounce.cs	NexusUnleashed.Network.World	C-LINEAGE	14	NexusUnleashed.Network.World\NexusUnleashed.Network.World.Message.Model\ServerMatchingQueueResultAnnounce.cs
NexusUnleashed.Network.World\NexusUnleashed.Network.World.Message.Model\ServerMatchingQueueStatus.cs	NexusUnleashed.Network.World	C-LINEAGE	18	NexusUnleashed.Network.World\NexusUnleashed.Network.World.Message.Model\ServerMatchingQueueStatus.cs
NexusUnleashed.Network.World\NexusUnleashed.Network.World.Message.Model\ServerMatchingRoleCheckStarted.cs	NexusUnleashed.Network.World	C-LINEAGE	11	NexusUnleashed.Network.World\NexusUnleashed.Network.World.Message.Model\ServerMatchingRoleCheckStarted.cs
NexusUnleashed.Network.World\NexusUnleashed.Network.World.Message.Model\ServerMovementControl.cs	NexusUnleashed.Network.World	C-LINEAGE	15	NexusUnleashed.Network.World\NexusUnleashed.Network.World.Message.Model\ServerMovementControl.cs
NexusUnleashed.Network.World\NexusUnleashed.Network.World.Message.Model\ServerMovementControlRemove.cs	NexusUnleashed.Network.World	C-LINEAGE	9	NexusUnleashed.Network.World\NexusUnleashed.Network.World.Message.Model\ServerMovementControlRemove.cs
NexusUnleashed.Network.World\NexusUnleashed.Network.World.Message.Model\ServerP2PTradeInvite.cs	NexusUnleashed.Network.World	C-LINEAGE	11	NexusUnleashed.Network.World\NexusUnleashed.Network.World.Message.Model\ServerP2PTradeInvite.cs
NexusUnleashed.Network.World\NexusUnleashed.Network.World.Message.Model\ServerP2PTradeResult.cs	NexusUnleashed.Network.World	C-LINEAGE	35	NexusUnleashed.Network.World\NexusUnleashed.Network.World.Message.Model\ServerP2PTradeResult.cs
NexusUnleashed.Network.World\NexusUnleashed.Network.World.Message.Model\ServerP2PTradeUpdateItem.cs	NexusUnleashed.Network.World	C-LINEAGE	33	NexusUnleashed.Network.World\NexusUnleashed.Network.World.Message.Model\ServerP2PTradeUpdateItem.cs
NexusUnleashed.Network.World\NexusUnleashed.Network.World.Message.Model\ServerP2PTradeUpdateMoney.cs	NexusUnleashed.Network.World	C-LINEAGE	13	NexusUnleashed.Network.World\NexusUnleashed.Network.World.Message.Model\ServerP2PTradeUpdateMoney.cs
NexusUnleashed.Network.World\NexusUnleashed.Network.World.Message.Model\ServerPTPTradeItemRemoved.cs	NexusUnleashed.Network.World	C-LINEAGE	11	NexusUnleashed.Network.World\NexusUnleashed.Network.World.Message.Model\ServerPTPTradeItemRemoved.cs
NexusUnleashed.Network.World\NexusUnleashed.Network.World.Message.Model\ServerPendingWorldRemoval.cs	NexusUnleashed.Network.World	C-LINEAGE	12	NexusUnleashed.Network.World\NexusUnleashed.Network.World.Message.Model\ServerPendingWorldRemoval.cs
NexusUnleashed.Network.World\NexusUnleashed.Network.World.Message.Model\ServerPendingWorldRemovalCancel.cs	NexusUnleashed.Network.World	C-LINEAGE	9	NexusUnleashed.Network.World\NexusUnleashed.Network.World.Message.Model\ServerPendingWorldRemovalCancel.cs
NexusUnleashed.Network.World\NexusUnleashed.Network.World.Message.Model\ServerPhaseVisibilityWorldLocation.cs	NexusUnleashed.Network.World	C-LINEAGE	13	NexusUnleashed.Network.World\NexusUnleashed.Network.World.Message.Model\ServerPhaseVisibilityWorldLocation.cs
NexusUnleashed.Network.World\NexusUnleashed.Network.World.Message.Model\ServerPlaneVisibilitySpellSlingerVoid.cs	NexusUnleashed.Network.World	C-LINEAGE	13	NexusUnleashed.Network.World\NexusUnleashed.Network.World.Message.Model\ServerPlaneVisibilitySpellSlingerVoid.cs
NexusUnleashed.Network.World\NexusUnleashed.Network.World.Message.Model\ServerPlayerChanged.cs	NexusUnleashed.Network.World	C-LINEAGE	13	NexusUnleashed.Network.World\NexusUnleashed.Network.World.Message.Model\ServerPlayerChanged.cs
NexusUnleashed.Network.World\NexusUnleashed.Network.World.Message.Model\ServerPlayerCreate.cs	NexusUnleashed.Network.World	C-LINEAGE	129	NexusUnleashed.Network.World\NexusUnleashed.Network.World.Message.Model\ServerPlayerCreate.cs
NexusUnleashed.Network.World\NexusUnleashed.Network.World.Message.Model\ServerPlayerEnteredWorld.cs	NexusUnleashed.Network.World	C-LINEAGE	9	NexusUnleashed.Network.World\NexusUnleashed.Network.World.Message.Model\ServerPlayerEnteredWorld.cs
NexusUnleashed.Network.World\NexusUnleashed.Network.World.Message.Model\ServerPlayerHealthUpdate.cs	NexusUnleashed.Network.World	C-LINEAGE	16	NexusUnleashed.Network.World\NexusUnleashed.Network.World.Message.Model\ServerPlayerHealthUpdate.cs
NexusUnleashed.Network.World\NexusUnleashed.Network.World.Message.Model\ServerPveRatingUpdate.cs	NexusUnleashed.Network.World	C-LINEAGE	35	NexusUnleashed.Network.World\NexusUnleashed.Network.World.Message.Model\ServerPveRatingUpdate.cs
NexusUnleashed.Network.World\NexusUnleashed.Network.World.Message.Model\ServerPvpRatingUpdate.cs	NexusUnleashed.Network.World	C-LINEAGE	35	NexusUnleashed.Network.World\NexusUnleashed.Network.World.Message.Model\ServerPvpRatingUpdate.cs
NexusUnleashed.Network.World\NexusUnleashed.Network.World.Message.Model\ServerQuestContractGoodQualityChanged.cs	NexusUnleashed.Network.World	C-LINEAGE	15	NexusUnleashed.Network.World\NexusUnleashed.Network.World.Message.Model\ServerQuestContractGoodQualityChanged.cs
NexusUnleashed.Network.World\NexusUnleashed.Network.World.Message.Model\ServerQuestInit.cs	NexusUnleashed.Network.World	C-LINEAGE	82	NexusUnleashed.Network.World\NexusUnleashed.Network.World.Message.Model\ServerQuestInit.cs
NexusUnleashed.Network.World\NexusUnleashed.Network.World.Message.Model\ServerQuestLuaEvent.cs	NexusUnleashed.Network.World	C-LINEAGE	77	NexusUnleashed.Network.World\NexusUnleashed.Network.World.Message.Model\ServerQuestLuaEvent.cs
NexusUnleashed.Network.World\NexusUnleashed.Network.World.Message.Model\ServerQuestObjectiveUpdate.cs	NexusUnleashed.Network.World	C-LINEAGE	15	NexusUnleashed.Network.World\NexusUnleashed.Network.World.Message.Model\ServerQuestObjectiveUpdate.cs
NexusUnleashed.Network.World\NexusUnleashed.Network.World.Message.Model\ServerQuestObjectiveWorldLocation.cs	NexusUnleashed.Network.World	C-LINEAGE	15	NexusUnleashed.Network.World\NexusUnleashed.Network.World.Message.Model\ServerQuestObjectiveWorldLocation.cs
NexusUnleashed.Network.World\NexusUnleashed.Network.World.Message.Model\ServerQuestPeriodicReset.cs	NexusUnleashed.Network.World	C-LINEAGE	14	NexusUnleashed.Network.World\NexusUnleashed.Network.World.Message.Model\ServerQuestPeriodicReset.cs
NexusUnleashed.Network.World\NexusUnleashed.Network.World.Message.Model\ServerQuestShared.cs	NexusUnleashed.Network.World	C-LINEAGE	13	NexusUnleashed.Network.World\NexusUnleashed.Network.World.Message.Model\ServerQuestShared.cs
NexusUnleashed.Network.World\NexusUnleashed.Network.World.Message.Model\ServerQuestSpellShortcut.cs	NexusUnleashed.Network.World	C-LINEAGE	17	NexusUnleashed.Network.World\NexusUnleashed.Network.World.Message.Model\ServerQuestSpellShortcut.cs
NexusUnleashed.Network.World\NexusUnleashed.Network.World.Message.Model\ServerQuestStateChange.cs	NexusUnleashed.Network.World	C-LINEAGE	16	NexusUnleashed.Network.World\NexusUnleashed.Network.World.Message.Model\ServerQuestStateChange.cs
NexusUnleashed.Network.World\NexusUnleashed.Network.World.Message.Model\ServerRealmBroadcast.cs	NexusUnleashed.Network.World	C-LINEAGE	14	NexusUnleashed.Network.World\NexusUnleashed.Network.World.Message.Model\ServerRealmBroadcast.cs
NexusUnleashed.Network.World\NexusUnleashed.Network.World.Message.Model\ServerRealmEncrypted.cs	NexusUnleashed.Network.World	C-LINEAGE	12	NexusUnleashed.Network.World\NexusUnleashed.Network.World.Message.Model\ServerRealmEncrypted.cs
NexusUnleashed.Network.World\NexusUnleashed.Network.World.Message.Model\ServerResurrectRequest.cs	NexusUnleashed.Network.World	C-LINEAGE	26	NexusUnleashed.Network.World\NexusUnleashed.Network.World.Message.Model\ServerResurrectRequest.cs
NexusUnleashed.Network.World\NexusUnleashed.Network.World.Message.Model\ServerResurrectionShow.cs	NexusUnleashed.Network.World	C-LINEAGE	26	NexusUnleashed.Network.World\NexusUnleashed.Network.World.Message.Model\ServerResurrectionShow.cs
NexusUnleashed.Network.World\NexusUnleashed.Network.World.Message.Model\ServerResurrectionState.cs	NexusUnleashed.Network.World	C-LINEAGE	14	NexusUnleashed.Network.World\NexusUnleashed.Network.World.Message.Model\ServerResurrectionState.cs
NexusUnleashed.Network.World\NexusUnleashed.Network.World.Message.Model\ServerResurrectionUpdate.cs	NexusUnleashed.Network.World	C-LINEAGE	14	NexusUnleashed.Network.World\NexusUnleashed.Network.World.Message.Model\ServerResurrectionUpdate.cs
NexusUnleashed.Network.World\NexusUnleashed.Network.World.Message.Model\ServerSetUnitPathType.cs	NexusUnleashed.Network.World	C-LINEAGE	14	NexusUnleashed.Network.World\NexusUnleashed.Network.World.Message.Model\ServerSetUnitPathType.cs
NexusUnleashed.Network.World\NexusUnleashed.Network.World.Message.Model\ServerSpellAbilityCharges.cs	NexusUnleashed.Network.World	C-LINEAGE	13	NexusUnleashed.Network.World\NexusUnleashed.Network.World.Message.Model\ServerSpellAbilityCharges.cs
NexusUnleashed.Network.World\NexusUnleashed.Network.World.Message.Model\ServerSpellBuffRemove.cs	NexusUnleashed.Network.World	C-LINEAGE	13	NexusUnleashed.Network.World\NexusUnleashed.Network.World.Message.Model\ServerSpellBuffRemove.cs
NexusUnleashed.Network.World\NexusUnleashed.Network.World.Message.Model\ServerSpellBuffsApply.cs	NexusUnleashed.Network.World	C-LINEAGE	28	NexusUnleashed.Network.World\NexusUnleashed.Network.World.Message.Model\ServerSpellBuffsApply.cs
NexusUnleashed.Network.World\NexusUnleashed.Network.World.Message.Model\ServerSpellBuffsRemoved.cs	NexusUnleashed.Network.World	C-LINEAGE	18	NexusUnleashed.Network.World\NexusUnleashed.Network.World.Message.Model\ServerSpellBuffsRemoved.cs
NexusUnleashed.Network.World\NexusUnleashed.Network.World.Message.Model\ServerSpellCastResult.cs	NexusUnleashed.Network.World	C-LINEAGE	16	NexusUnleashed.Network.World\NexusUnleashed.Network.World.Message.Model\ServerSpellCastResult.cs
NexusUnleashed.Network.World\NexusUnleashed.Network.World.Message.Model\ServerSpellFinish.cs	NexusUnleashed.Network.World	C-LINEAGE	11	NexusUnleashed.Network.World\NexusUnleashed.Network.World.Message.Model\ServerSpellFinish.cs
NexusUnleashed.Network.World\NexusUnleashed.Network.World.Message.Model\ServerSpellGo.cs	NexusUnleashed.Network.World	C-LINEAGE	60	NexusUnleashed.Network.World\NexusUnleashed.Network.World.Message.Model\ServerSpellGo.cs
NexusUnleashed.Network.World\NexusUnleashed.Network.World.Message.Model\ServerSpellStart.cs	NexusUnleashed.Network.World	C-LINEAGE	46	NexusUnleashed.Network.World\NexusUnleashed.Network.World.Message.Model\ServerSpellStart.cs
NexusUnleashed.Network.World\NexusUnleashed.Network.World.Message.Model\ServerSpellStartClientInteraction.cs	NexusUnleashed.Network.World	C-LINEAGE	34	NexusUnleashed.Network.World\NexusUnleashed.Network.World.Message.Model\ServerSpellStartClientInteraction.cs
NexusUnleashed.Network.World\NexusUnleashed.Network.World.Message.Model\ServerSpellThresholdClear.cs	NexusUnleashed.Network.World	C-LINEAGE	13	NexusUnleashed.Network.World\NexusUnleashed.Network.World.Message.Model\ServerSpellThresholdClear.cs
NexusUnleashed.Network.World\NexusUnleashed.Network.World.Message.Model\ServerSpellThresholdStart.cs	NexusUnleashed.Network.World	C-LINEAGE	17	NexusUnleashed.Network.World\NexusUnleashed.Network.World.Message.Model\ServerSpellThresholdStart.cs
NexusUnleashed.Network.World\NexusUnleashed.Network.World.Message.Model\ServerSpellThresholdUpdate.cs	NexusUnleashed.Network.World	C-LINEAGE	13	NexusUnleashed.Network.World\NexusUnleashed.Network.World.Message.Model\ServerSpellThresholdUpdate.cs
NexusUnleashed.Network.World\NexusUnleashed.Network.World.Message.Model\ServerStoreCategories.cs	NexusUnleashed.Network.World	C-LINEAGE	59	NexusUnleashed.Network.World\NexusUnleashed.Network.World.Message.Model\ServerStoreCategories.cs
NexusUnleashed.Network.World\NexusUnleashed.Network.World.Message.Model\ServerStoreFinalise.cs	NexusUnleashed.Network.World	C-LINEAGE	9	NexusUnleashed.Network.World\NexusUnleashed.Network.World.Message.Model\ServerStoreFinalise.cs
NexusUnleashed.Network.World\NexusUnleashed.Network.World.Message.Model\ServerStoreOffers.cs	NexusUnleashed.Network.World	C-LINEAGE	133	NexusUnleashed.Network.World\NexusUnleashed.Network.World.Message.Model\ServerStoreOffers.cs
NexusUnleashed.Network.World\NexusUnleashed.Network.World.Message.Model\ServerSupplySatchelUpdate.cs	NexusUnleashed.Network.World	C-LINEAGE	13	NexusUnleashed.Network.World\NexusUnleashed.Network.World.Message.Model\ServerSupplySatchelUpdate.cs
NexusUnleashed.Network.World\NexusUnleashed.Network.World.Message.Model\ServerTitleSet.cs	NexusUnleashed.Network.World	C-LINEAGE	13	NexusUnleashed.Network.World\NexusUnleashed.Network.World.Message.Model\ServerTitleSet.cs
NexusUnleashed.Network.World\NexusUnleashed.Network.World.Message.Model\ServerTitleUpdate.cs	NexusUnleashed.Network.World	C-LINEAGE	15	NexusUnleashed.Network.World\NexusUnleashed.Network.World.Message.Model\ServerTitleUpdate.cs
NexusUnleashed.Network.World\NexusUnleashed.Network.World.Message.Model\ServerTitles.cs	NexusUnleashed.Network.World	C-LINEAGE	30	NexusUnleashed.Network.World\NexusUnleashed.Network.World.Message.Model\ServerTitles.cs
NexusUnleashed.Network.World\NexusUnleashed.Network.World.Message.Model\ServerTutorial.cs	NexusUnleashed.Network.World	C-LINEAGE	11	NexusUnleashed.Network.World\NexusUnleashed.Network.World.Message.Model\ServerTutorial.cs
NexusUnleashed.Network.World\NexusUnleashed.Network.World.Message.Model\ServerUnitEnteredCombat.cs	NexusUnleashed.Network.World	C-LINEAGE	13	NexusUnleashed.Network.World\NexusUnleashed.Network.World.Message.Model\ServerUnitEnteredCombat.cs
NexusUnleashed.Network.World\NexusUnleashed.Network.World.Message.Model\ServerUnitInUse.cs	NexusUnleashed.Network.World	C-LINEAGE	13	NexusUnleashed.Network.World\NexusUnleashed.Network.World.Message.Model\ServerUnitInUse.cs
NexusUnleashed.Network.World\NexusUnleashed.Network.World.Message.Model\ServerUnitSetChair.cs	NexusUnleashed.Network.World	C-LINEAGE	15	NexusUnleashed.Network.World\NexusUnleashed.Network.World.Message.Model\ServerUnitSetChair.cs
NexusUnleashed.Network.World\NexusUnleashed.Network.World.Message.Model\ServerUnitUpdateObjectiveIndex.cs	NexusUnleashed.Network.World	C-LINEAGE	13	NexusUnleashed.Network.World\NexusUnleashed.Network.World.Message.Model\ServerUnitUpdateObjectiveIndex.cs
NexusUnleashed.Network.World\NexusUnleashed.Network.World.Message.Model\ServerUnlockMount.cs	NexusUnleashed.Network.World	C-LINEAGE	11	NexusUnleashed.Network.World\NexusUnleashed.Network.World.Message.Model\ServerUnlockMount.cs
NexusUnleashed.Network.World\NexusUnleashed.Network.World.Message.Model\ServerVehiclePassengerAdd.cs	NexusUnleashed.Network.World	C-LINEAGE	18	NexusUnleashed.Network.World\NexusUnleashed.Network.World.Message.Model\ServerVehiclePassengerAdd.cs
NexusUnleashed.Network.World\NexusUnleashed.Network.World.Message.Model\ServerVehiclePassengerRemove.cs	NexusUnleashed.Network.World	C-LINEAGE	13	NexusUnleashed.Network.World\NexusUnleashed.Network.World.Message.Model\ServerVehiclePassengerRemove.cs
NexusUnleashed.Network.World\NexusUnleashed.Network.World.Message.Model\ServerVehiclePassengerSet.cs	NexusUnleashed.Network.World	C-LINEAGE	18	NexusUnleashed.Network.World\NexusUnleashed.Network.World.Message.Model\ServerVehiclePassengerSet.cs
NexusUnleashed.Network.World\NexusUnleashed.Network.World.Message.Model\ServerVendorItemsUpdated.cs	NexusUnleashed.Network.World	C-LINEAGE	89	NexusUnleashed.Network.World\NexusUnleashed.Network.World.Message.Model\ServerVendorItemsUpdated.cs
NexusUnleashed.Network.World\NexusUnleashed.Network.World.Message.Model\ServerZoneMapPing.cs	NexusUnleashed.Network.World	A-AUTHORED	23	
NexusUnleashed.Network.World\NexusUnleashed.Network.World.Message.Static\CastResult.cs	NexusUnleashed.Network.World	C-LINEAGE	345	NexusUnleashed.Network.World\NexusUnleashed.Network.World.Message.Static\CastResult.cs
NexusUnleashed.Network.World\NexusUnleashed.Network.World.Message.Static\CharacterModifyResult.cs	NexusUnleashed.Network.World	C-LINEAGE	61	NexusUnleashed.Network.World\NexusUnleashed.Network.World.Message.Static\CharacterModifyResult.cs
NexusUnleashed.Network.World\NexusUnleashed.Network.World.Message.Static\CharacterSelectResult.cs	NexusUnleashed.Network.World	C-LINEAGE	8	NexusUnleashed.Network.World\NexusUnleashed.Network.World.Message.Static\CharacterSelectResult.cs
NexusUnleashed.Network.World\NexusUnleashed.Network.World.Message.Static\ExpReason.cs	NexusUnleashed.Network.World	C-LINEAGE	24	NexusUnleashed.Network.World\NexusUnleashed.Network.World.Message.Static\ExpReason.cs
NexusUnleashed.Network.World\NexusUnleashed.Network.World.Message.Static\ForceKickReason.cs	NexusUnleashed.Network.World	C-LINEAGE	12	NexusUnleashed.Network.World\NexusUnleashed.Network.World.Message.Static\ForceKickReason.cs
NexusUnleashed.Network.World\NexusUnleashed.Network.World.Message.Static\GenericError.cs	NexusUnleashed.Network.World	C-LINEAGE	166	NexusUnleashed.Network.World\NexusUnleashed.Network.World.Message.Static\GenericError.cs
NexusUnleashed.Network.World\NexusUnleashed.Network.World.Message.Static\ItemUpdateReason.cs	NexusUnleashed.Network.World	C-LINEAGE	52	NexusUnleashed.Network.World\NexusUnleashed.Network.World.Message.Static\ItemUpdateReason.cs
NexusUnleashed.Network.World\NexusUnleashed.Network.World.Message.Static\LimitedActionSetResult.cs	NexusUnleashed.Network.World	C-LINEAGE	50	NexusUnleashed.Network.World\NexusUnleashed.Network.World.Message.Static\LimitedActionSetResult.cs
NexusUnleashed.Network.World\NexusUnleashed.Network.World.Message.Static\RealmPopulation.cs	NexusUnleashed.Network.World	C-LINEAGE	8	NexusUnleashed.Network.World\NexusUnleashed.Network.World.Message.Static\RealmPopulation.cs
NexusUnleashed.Network.World\NexusUnleashed.Network.World.Message.Static\RealmStatus.cs	NexusUnleashed.Network.World	C-LINEAGE	9	NexusUnleashed.Network.World\NexusUnleashed.Network.World.Message.Static\RealmStatus.cs
NexusUnleashed.Network.World\NexusUnleashed.Network.World.Message.Static\SpecError.cs	NexusUnleashed.Network.World	C-LINEAGE	12	NexusUnleashed.Network.World\NexusUnleashed.Network.World.Message.Static\SpecError.cs
NexusUnleashed.Network.World\NexusUnleashed.Network.World.Message\CastResultVitalAttribute.cs	NexusUnleashed.Network.World	C-LINEAGE	12	NexusUnleashed.Network.World\NexusUnleashed.Network.World.Message\CastResultVitalAttribute.cs
NexusUnleashed.Network.World\NexusUnleashed.Network.World.Message\MessageManagerExtensions.cs	NexusUnleashed.Network.World	C-LINEAGE	15	NexusUnleashed.Network.World\NexusUnleashed.Network.World.Message\MessageManagerExtensions.cs
NexusUnleashed.Network.World\NexusUnleashed.Network.World.Message\ServiceCollectionExtensions.cs	NexusUnleashed.Network.World	C-LINEAGE	23	NexusUnleashed.Network.World\NexusUnleashed.Network.World.Message\ServiceCollectionExtensions.cs
NexusUnleashed.Network.World\NexusUnleashed.Network.World\ServiceCollectionExtensions.cs	NexusUnleashed.Network.World	C-LINEAGE	15	NexusUnleashed.Network.World\NexusUnleashed.Network.World\ServiceCollectionExtensions.cs
NexusUnleashed.Network.World\Ported\Source_NexusForever_Network_World_Message_Model\ClientAccountRedeemCoupon.cs	NexusUnleashed.Network.World	B-PORTED	16	
NexusUnleashed.Network.World\Ported\Source_NexusForever_Network_World_Message_Model\ClientActivateUnitCastPosition.cs	NexusUnleashed.Network.World	B-PORTED	25	
NexusUnleashed.Network.World\Ported\Source_NexusForever_Network_World_Message_Model\ClientCastSpellPosition.cs	NexusUnleashed.Network.World	B-PORTED	21	
NexusUnleashed.Network.World\Ported\Source_NexusForever_Network_World_Message_Model\ClientCastSpellSelected.cs	NexusUnleashed.Network.World	B-PORTED	25	
NexusUnleashed.Network.World\Ported\Source_NexusForever_Network_World_Message_Model\ClientGroupGotoGroupInstance.cs	NexusUnleashed.Network.World	B-PORTED	13	
NexusUnleashed.Network.World\Ported\Source_NexusForever_Network_World_Message_Model\ClientHousingNeighborInviteResponse.cs	NexusUnleashed.Network.World	B-PORTED	13	
NexusUnleashed.Network.World\Ported\Source_NexusForever_Network_World_Message_Model\ClientItemContextAction.cs	NexusUnleashed.Network.World	B-PORTED	15	
NexusUnleashed.Network.World\Ported\Source_NexusForever_Network_World_Message_Model\ClientMentoringCancel.cs	NexusUnleashed.Network.World	B-PORTED	13	
NexusUnleashed.Network.World\Ported\Source_NexusForever_Network_World_Message_Model\ClientMovementFallDamage.cs	NexusUnleashed.Network.World	B-PORTED	13	
NexusUnleashed.Network.World\Ported\Source_NexusForever_Network_World_Message_Model\ClientMovementFallLand.cs	NexusUnleashed.Network.World	B-PORTED	16	
NexusUnleashed.Network.World\Ported\Source_NexusForever_Network_World_Message_Model\ClientPong.cs	NexusUnleashed.Network.World	B-PORTED	15	
NexusUnleashed.Network.World\Ported\Source_NexusForever_Network_World_Message_Model\ClientPurchaseFlightPathTakeShuttle.cs	NexusUnleashed.Network.World	B-PORTED	20	
NexusUnleashed.Network.World\Ported\Source_NexusForever_Network_World_Message_Model\ClientRepairItemVendor.cs	NexusUnleashed.Network.World	B-PORTED	17	
NexusUnleashed.Network.World\Ported\Source_NexusForever_Network_World_Message_Model\ClientRepairVendorStatusRequest.cs	NexusUnleashed.Network.World	B-PORTED	12	
NexusUnleashed.Network.World\Ported\Source_NexusForever_Network_World_Message_Model\ClientResetAttributePoints.cs	NexusUnleashed.Network.World	B-PORTED	12	
NexusUnleashed.Network.World\Ported\Source_NexusForever_Network_World_Message_Model\ClientSpellCastState.cs	NexusUnleashed.Network.World	B-PORTED	13	
NexusUnleashed.Network.World\Ported\Source_NexusForever_Network_World_Message_Model\ClientSpellToggleCast.cs	NexusUnleashed.Network.World	B-PORTED	13	
NexusUnleashed.Network.World\Ported\Source_NexusForever_Network_World_Message_Model\ClientSpline2DataRequest.cs	NexusUnleashed.Network.World	B-PORTED	13	
NexusUnleashed.Network.World\Ported\Source_NexusForever_Network_World_Message_Model\ClientSpline2Request.cs	NexusUnleashed.Network.World	B-PORTED	13	
NexusUnleashed.Network.World\Ported\Source_NexusForever_Network_World_Message_Model\ClientVehicleEmbark.cs	NexusUnleashed.Network.World	B-PORTED	17	
NexusUnleashed.Network.World\Ported\Source_NexusForever_Network_World_Message_Model\ServerAccountUInt64Payload.cs	NexusUnleashed.Network.World	B-PORTED	21	
NexusUnleashed.Network.World\Ported\Source_NexusForever_Network_World_Message_Model\ServerAttributePoints.cs	NexusUnleashed.Network.World	B-PORTED	13	
NexusUnleashed.Network.World\Ported\Source_NexusForever_Network_World_Message_Model\ServerCharacterAppearanceResult.cs	NexusUnleashed.Network.World	B-PORTED	13	
NexusUnleashed.Network.World\Ported\Source_NexusForever_Network_World_Message_Model\ServerClientEventSkybox.cs	NexusUnleashed.Network.World	B-PORTED	17	
NexusUnleashed.Network.World\Ported\Source_NexusForever_Network_World_Message_Model\ServerEntityVisualInfoUpdate.cs	NexusUnleashed.Network.World	B-PORTED	26	
NexusUnleashed.Network.World\Ported\Source_NexusForever_Network_World_Message_Model\ServerFlightPathAllowedNodeAdd.cs	NexusUnleashed.Network.World	B-PORTED	13	
NexusUnleashed.Network.World\Ported\Source_NexusForever_Network_World_Message_Model\ServerFlightPathAllowedNodesClear.cs	NexusUnleashed.Network.World	B-PORTED	12	
NexusUnleashed.Network.World\Ported\Source_NexusForever_Network_World_Message_Model\ServerGroupInstanceDifficultyResponse.cs	NexusUnleashed.Network.World	B-PORTED	27	
NexusUnleashed.Network.World\Ported\Source_NexusForever_Network_World_Message_Model\ServerGroupKickResult.cs	NexusUnleashed.Network.World	B-PORTED	20	
NexusUnleashed.Network.World\Ported\Source_NexusForever_Network_World_Message_Model\ServerGroupLootRuleValidationResult.cs	NexusUnleashed.Network.World	B-PORTED	25	
NexusUnleashed.Network.World\Ported\Source_NexusForever_Network_World_Message_Model\ServerGroupReadyCheckStatusUpdate.cs	NexusUnleashed.Network.World	B-PORTED	29	
NexusUnleashed.Network.World\Ported\Source_NexusForever_Network_World_Message_Model\ServerGroupRequestJoinWindow.cs	NexusUnleashed.Network.World	B-PORTED	24	
NexusUnleashed.Network.World\Ported\Source_NexusForever_Network_World_Message_Model\ServerGroupRosterUpdate.cs	NexusUnleashed.Network.World	B-PORTED	12	
NexusUnleashed.Network.World\Ported\Source_NexusForever_Network_World_Message_Model\ServerHousingAuxPackets.cs	NexusUnleashed.Network.World	B-PORTED	92	
NexusUnleashed.Network.World\Ported\Source_NexusForever_Network_World_Message_Model\ServerHousingResidenceKeyedUpdate.cs	NexusUnleashed.Network.World	B-PORTED	19	
NexusUnleashed.Network.World\Ported\Source_NexusForever_Network_World_Message_Model\ServerQuestShareResult.cs	NexusUnleashed.Network.World	B-PORTED	19	
NexusUnleashed.Network.World\Ported\Source_NexusForever_Network_World_Message_Model\ServerRaidQueueStatus.cs	NexusUnleashed.Network.World	B-PORTED	28	
NexusUnleashed.Network.World\Ported\Source_NexusForever_Network_World_Message_Model\ServerResurrectionForced.cs	NexusUnleashed.Network.World	B-PORTED	11	
NexusUnleashed.Network.World\Ported\Source_NexusForever_Network_World_Message_Model\ServerSetUnitInModelSequence.cs	NexusUnleashed.Network.World	B-PORTED	23	
NexusUnleashed.Network.World\Ported\Source_NexusForever_Network_World_Message_Model\ServerSpellFourUInt32.cs	NexusUnleashed.Network.World	B-PORTED	23	
NexusUnleashed.Network.World\Ported\Source_NexusForever_Network_World_Message_Model\ServerSpellThresholdSpell4.cs	NexusUnleashed.Network.World	B-PORTED	17	
NexusUnleashed.Network.World\Ported\Source_NexusForever_Network_World_Message_Model\ServerSpellVisualAdd.cs	NexusUnleashed.Network.World	B-PORTED	26	
NexusUnleashed.Network.World\Ported\Source_NexusForever_Network_World_Message_Model\ServerSpellVisualEffectRemove.cs	NexusUnleashed.Network.World	B-PORTED	13	
NexusUnleashed.Network.World\Ported\Source_NexusForever_Network_World_Message_Model\ServerSpellVisualEffectRemoveFromUnit.cs	NexusUnleashed.Network.World	B-PORTED	13	
NexusUnleashed.Network.World\Ported\Source_NexusForever_Network_World_Message_Model\ServerSpellWrapperNodeRemove.cs	NexusUnleashed.Network.World	B-PORTED	20	
NexusUnleashed.Network.World\Ported\Source_NexusForever_Network_World_Message_Model\ServerTriggerSoundTaxiLanding.cs	NexusUnleashed.Network.World	B-PORTED	12	
NexusUnleashed.Network.World\Ported\Source_NexusForever_Network_World_Message_Model_Abilities\ServerAbilityTierPointsBonus.cs	NexusUnleashed.Network.World	B-PORTED	14	
NexusUnleashed.Network.World\Ported\Source_NexusForever_Network_World_Message_Model_Crafting\ServerCraftingAuxPackets.cs	NexusUnleashed.Network.World	B-PORTED	49	
NexusUnleashed.Network.World\Ported\Source_NexusForever_Network_World_Message_Model_Datacube\ServerDatacubeClearAll.cs	NexusUnleashed.Network.World	B-PORTED	12	
NexusUnleashed.Network.World\Ported\Source_NexusForever_Network_World_Message_Model_Entity\ServerCreatureFlagsUpdate.cs	NexusUnleashed.Network.World	B-PORTED	17	
NexusUnleashed.Network.World\Ported\Source_NexusForever_Network_World_Message_Model_Entity\ServerRefreshHealthCeiling.cs	NexusUnleashed.Network.World	B-PORTED	15	
NexusUnleashed.Network.World\Ported\Source_NexusForever_Network_World_Message_Model_Entity\ServerRefreshHealthFloor.cs	NexusUnleashed.Network.World	B-PORTED	15	
NexusUnleashed.Network.World\Ported\Source_NexusForever_Network_World_Message_Model_Entity\ServerSetUnitAsDirty.cs	NexusUnleashed.Network.World	B-PORTED	15	
NexusUnleashed.Network.World\Ported\Source_NexusForever_Network_World_Message_Model_Entity\ServerUnitAware.cs	NexusUnleashed.Network.World	B-PORTED	16	
NexusUnleashed.Network.World\Ported\Source_NexusForever_Network_World_Message_Model_Entity\ServerUnitClusterMembership.cs	NexusUnleashed.Network.World	B-PORTED	15	
NexusUnleashed.Network.World\Ported\Source_NexusForever_Network_World_Message_Model_Entity\ServerUnitCreatureDifficulty.cs	NexusUnleashed.Network.World	B-PORTED	16	
NexusUnleashed.Network.World\Ported\Source_NexusForever_Network_World_Message_Model_Entity\ServerUnitImmunity.cs	NexusUnleashed.Network.World	B-PORTED	32	
NexusUnleashed.Network.World\Ported\Source_NexusForever_Network_World_Message_Model_Entity\ServerUnitIsTaggedByMe.cs	NexusUnleashed.Network.World	B-PORTED	17	
NexusUnleashed.Network.World\Ported\Source_NexusForever_Network_World_Message_Model_Entity\ServerUnitMinimapMarkerChanged.cs	NexusUnleashed.Network.World	B-PORTED	15	
NexusUnleashed.Network.World\Ported\Source_NexusForever_Network_World_Message_Model_Entity\ServerUnitMinimapMarkerHidden.cs	NexusUnleashed.Network.World	B-PORTED	15	
NexusUnleashed.Network.World\Ported\Source_NexusForever_Network_World_Message_Model_Entity\ServerUnitNameAndTitleChange.cs	NexusUnleashed.Network.World	B-PORTED	19	
NexusUnleashed.Network.World\Ported\Source_NexusForever_Network_World_Message_Model_Entity\ServerUnitNameChange.cs	NexusUnleashed.Network.World	B-PORTED	15	
NexusUnleashed.Network.World\Ported\Source_NexusForever_Network_World_Message_Model_Entity\ServerUnitPropertyUnknownUpdate.cs	NexusUnleashed.Network.World	B-PORTED	19	
NexusUnleashed.Network.World\Ported\Source_NexusForever_Network_World_Message_Model_Entity\ServerUnitTagOwner.cs	NexusUnleashed.Network.World	B-PORTED	17	
NexusUnleashed.Network.World\Ported\Source_NexusForever_Network_World_Message_Model_Entity\ServerUnitUnaware.cs	NexusUnleashed.Network.World	B-PORTED	13	
NexusUnleashed.Network.World\Ported\Source_NexusForever_Network_World_Message_Model_Entity\ServerUnitWarplotTier.cs	NexusUnleashed.Network.World	B-PORTED	16	
NexusUnleashed.Network.World\Ported\Source_NexusForever_Network_World_Message_Model_Group\ClientGroupMapPing.cs	NexusUnleashed.Network.World	B-PORTED	17	
NexusUnleashed.Network.World\Ported\Source_NexusForever_Network_World_Message_Model_Group\ClientGroupMentorAccept.cs	NexusUnleashed.Network.World	B-PORTED	16	
NexusUnleashed.Network.World\Ported\Source_NexusForever_Network_World_Message_Model_Group\ClientGroupSetOrder.cs	NexusUnleashed.Network.World	B-PORTED	18	
NexusUnleashed.Network.World\Ported\Source_NexusForever_Network_World_Message_Model_Group\ClientGroupSwapOrder.cs	NexusUnleashed.Network.World	B-PORTED	18	
NexusUnleashed.Network.World\Ported\Source_NexusForever_Network_World_Message_Model_Group\ServerGroupMentorLeftAOI.cs	NexusUnleashed.Network.World	B-PORTED	16	
NexusUnleashed.Network.World\Ported\Source_NexusForever_Network_World_Message_Model_Instance\ServerCountdownLeftAdventureMap.cs	NexusUnleashed.Network.World	B-PORTED	14	
NexusUnleashed.Network.World\Ported\Source_NexusForever_Network_World_Message_Model_Instance\ServerInstanceResetWarning.cs	NexusUnleashed.Network.World	B-PORTED	14	
NexusUnleashed.Network.World\Ported\Source_NexusForever_Network_World_Message_Model_Item\ClientConvertResource.cs	NexusUnleashed.Network.World	B-PORTED	17	
NexusUnleashed.Network.World\Ported\Source_NexusForever_Network_World_Message_Model_Item\ServerItemDurability.cs	NexusUnleashed.Network.World	B-PORTED	15	
NexusUnleashed.Network.World\Ported\Source_NexusForever_Network_World_Message_Model_Item\ServerItemDyteData.cs	NexusUnleashed.Network.World	B-PORTED	15	
NexusUnleashed.Network.World\Ported\Source_NexusForever_Network_World_Message_Model_Item\ServerItemFloaterCreate.cs	NexusUnleashed.Network.World	B-PORTED	9	
NexusUnleashed.Network.World\Ported\Source_NexusForever_Network_World_Message_Model_Item\ServerItemGlyphs.cs	NexusUnleashed.Network.World	B-PORTED	21	
NexusUnleashed.Network.World\Ported\Source_NexusForever_Network_World_Message_Model_Item\ServerItemRepairCompleted.cs	NexusUnleashed.Network.World	B-PORTED	14	
NexusUnleashed.Network.World\Ported\Source_NexusForever_Network_World_Message_Model_Loot\ServerLootItemUpdate.cs	NexusUnleashed.Network.World	B-PORTED	13	
NexusUnleashed.Network.World\Ported\Source_NexusForever_Network_World_Message_Model_Movement\ServerFreeMovement.cs	NexusUnleashed.Network.World	B-PORTED	13	
NexusUnleashed.Network.World\Ported\Source_NexusForever_Network_World_Message_Model_Player\ServerBindPoint.cs	NexusUnleashed.Network.World	B-PORTED	13	
NexusUnleashed.Network.World\Ported\Source_NexusForever_Network_World_Message_Model_Player\ServerElderPoints.cs	NexusUnleashed.Network.World	B-PORTED	21	
NexusUnleashed.Network.World\Ported\Source_NexusForever_Network_World_Message_Model_Player\ServerElderPointsLimitReached.cs	NexusUnleashed.Network.World	B-PORTED	12	
NexusUnleashed.Network.World\Ported\Source_NexusForever_Network_World_Message_Model_Player\ServerScriptResurrect.cs	NexusUnleashed.Network.World	B-PORTED	13	
NexusUnleashed.Network.World\Ported\Source_NexusForever_Network_World_Message_Model_Player\ServerUpdateGearScore.cs	NexusUnleashed.Network.World	B-PORTED	13	
NexusUnleashed.Network.World\Ported\Source_NexusForever_Network_World_Message_Model_Pregame\ClientInitiatePTRCharacterCopy.cs	NexusUnleashed.Network.World	B-PORTED	20	
NexusUnleashed.Network.World\Ported\Source_NexusForever_Network_World_Message_Model_Pregame\ClientRealmTransfer.cs	NexusUnleashed.Network.World	B-PORTED	21	
NexusUnleashed.Network.World\Ported\Source_NexusForever_Network_World_Message_Model_Pregame\ServerCharacterListEntry.cs	NexusUnleashed.Network.World	B-PORTED	13	
NexusUnleashed.Network.World\Ported\Source_NexusForever_Network_World_Message_Model_Spell\ClientCastServiceToken.cs	NexusUnleashed.Network.World	B-PORTED	15	
NexusUnleashed.Network.World\Ported\Source_NexusForever_Network_World_Message_Model_Spell\ClientGameCommandPetBarMini.cs	NexusUnleashed.Network.World	B-PORTED	16	
NexusUnleashed.Network.World\Ported\Source_NexusForever_Network_World_Message_Model_Spell\ClientGameCommandPrimaryPetBar.cs	NexusUnleashed.Network.World	B-PORTED	16	
NexusUnleashed.Network.World\Ported\Source_NexusForever_Network_World_Message_Model_Spell\ServerAnnounceCommandOnCooldown.cs	NexusUnleashed.Network.World	B-PORTED	13	
NexusUnleashed.Network.World\Ported\Source_NexusForever_Network_World_Message_Model_Spell\ServerMissileActorAdd.cs	NexusUnleashed.Network.World	B-PORTED	26	
NexusUnleashed.Network.World\Ported\Source_NexusForever_Network_World_Message_Model_Spell\ServerMissileActorRemove.cs	NexusUnleashed.Network.World	B-PORTED	14	
NexusUnleashed.Network.World\Ported\Source_NexusForever_Network_World_Message_Model_Spell\ServerSpell0x143.cs	NexusUnleashed.Network.World	B-PORTED	12	
NexusUnleashed.Network.World\Ported\Source_NexusForever_Network_World_Message_Model_Spell\ServerSpellDisableCooldowns.cs	NexusUnleashed.Network.World	B-PORTED	14	
NexusUnleashed.Network.World\Properties\AssemblyInfo.cs	NexusUnleashed.Network.World	C-LINEAGE	11	NexusUnleashed.Network.World\Properties\AssemblyInfo.cs
NexusUnleashed.Network.World\Rescued\Source_NexusForever_Network_World_Message_Model\ClientCloseMentoringAOIDialog.cs	NexusUnleashed.Network.World	A-AUTHORED	16	
NexusUnleashed.Network.World\Rescued\Source_NexusForever_Network_World_Message_Model\ClientHousingNeighborInvite.cs	NexusUnleashed.Network.World	A-AUTHORED	16	
NexusUnleashed.Network.World\Rescued\Source_NexusForever_Network_World_Message_Model\ClientSpendAttributePoints.cs	NexusUnleashed.Network.World	A-AUTHORED	15	
NexusUnleashed.Network.World\Rescued\Source_NexusForever_Network_World_Message_Model\ClientSpline2NodeData.cs	NexusUnleashed.Network.World	A-AUTHORED	35	
NexusUnleashed.Network.World\Rescued\Source_NexusForever_Network_World_Message_Model\ClientSpline2NodePositionData.cs	NexusUnleashed.Network.World	A-AUTHORED	26	
NexusUnleashed.Network.World\Rescued\Source_NexusForever_Network_World_Message_Model\ServerFlightPathAllowedNodeAddList.cs	NexusUnleashed.Network.World	A-AUTHORED	18	
NexusUnleashed.Network.World\Rescued\Source_NexusForever_Network_World_Message_Model\ServerGroupTargetIdentityPrimeLevelList.cs	NexusUnleashed.Network.World	A-AUTHORED	29	
NexusUnleashed.Network.World\Rescued\Source_NexusForever_Network_World_Message_Model\ServerHousingCommunityRenameResult.cs	NexusUnleashed.Network.World	A-AUTHORED	23	
NexusUnleashed.Network.World\Rescued\Source_NexusForever_Network_World_Message_Model\ServerSpellVisualEffectRemoveList.cs	NexusUnleashed.Network.World	A-AUTHORED	15	
NexusUnleashed.Network.World\Rescued\Source_NexusForever_Network_World_Message_Model\ServerSpellVisualGroupAdd.cs	NexusUnleashed.Network.World	A-AUTHORED	21	
NexusUnleashed.Network.World\Rescued\Source_NexusForever_Network_World_Message_Model\ServerSpellVisualListAdd.cs	NexusUnleashed.Network.World	A-AUTHORED	16	
NexusUnleashed.Network.World\Rescued\Source_NexusForever_Network_World_Message_Model\ServerStoreCurrencyPackageRow.cs	NexusUnleashed.Network.World	A-AUTHORED	28	
NexusUnleashed.Network.World\Rescued\Source_NexusForever_Network_World_Message_Model_Item\ServerItemFlags.cs	NexusUnleashed.Network.World	A-AUTHORED	17	
NexusUnleashed.Network.World\Rescued\Source_NexusForever_Network_World_Message_Model_Item\ServerItemMicrochips.cs	NexusUnleashed.Network.World	A-AUTHORED	26	
NexusUnleashed.Network.World\Rescued\Source_NexusForever_Network_World_Message_Model_Item\ServerItemTradePartners.cs	NexusUnleashed.Network.World	A-AUTHORED	20	
NexusUnleashed.Network.World\Rescued\Source_NexusForever_Network_World_Message_Model_Player\ClientPrimalMatrixSave.cs	NexusUnleashed.Network.World	A-AUTHORED	26	
NexusUnleashed.Network.World\Rescued\Source_NexusForever_Network_World_Message_Model_Player\ServerPrimalMatrixUpdate.cs	NexusUnleashed.Network.World	A-AUTHORED	20	
NexusUnleashed.Network.World\Rescued\Source_NexusForever_Network_World_Message_Model_Player\ServerPrimeLevelsAchieved.cs	NexusUnleashed.Network.World	A-AUTHORED	25	
NexusUnleashed.Network.World\Rescued\Source_NexusForever_Network_World_Message_Model_Pregame\ServerRealmAuxUInt32TripletList.cs	NexusUnleashed.Network.World	A-AUTHORED	14	
NexusUnleashed.Network.World\Rescued\Source_NexusForever_Network_World_Message_Model_Shared\ServerScalarAuxPackets.cs	NexusUnleashed.Network.World	A-AUTHORED	65	
NexusUnleashed.Network.World\Rescued\Source_NexusForever_Network_World_Message_Model_Spell\ServerMissileActorListAdd.cs	NexusUnleashed.Network.World	A-AUTHORED	19	
NexusUnleashed.Network.World\Rescued\Source_NexusForever_Network_World_Message_Model_Spell\ServerSpellBuffsAdd.cs	NexusUnleashed.Network.World	A-AUTHORED	31	
NexusUnleashed.Network.World\Rescued\Source_NexusForever_Network_World_Message_Model_Support\ServerSupportAuxPackets.cs	NexusUnleashed.Network.World	A-AUTHORED	182	
NexusUnleashed.Network.World\Rescued\SupportTypes\AccountCurrencyType.cs	NexusUnleashed.Network.World	C-MODIFIED	25	NexusUnleashed.Game.Static\NexusUnleashed.Game.Static.AccountInventory\AccountCurrencyType.cs
NexusUnleashed.Network.World\Rescued\SupportTypes\ItemFlags.cs	NexusUnleashed.Network.World	C-MODIFIED	14	NexusUnleashed.GameTable\NexusUnleashed.GameTable.Static\ItemFlags.cs
NexusUnleashed.Network.World\Rescued\SupportTypes\PrimalMatrixNode.cs	NexusUnleashed.Network.World	A-AUTHORED	8	
NexusUnleashed.Network.World\Rescued\SupportTypes\TargetResidence.cs	NexusUnleashed.Network.World	A-AUTHORED	19	
NexusUnleashed.Network\NexusUnleashed.Network.Configuration.Model\NetworkConfig.cs	NexusUnleashed.Network	C-LINEAGE	8	NexusUnleashed.Network\NexusUnleashed.Network.Configuration.Model\NetworkConfig.cs
NexusUnleashed.Network\NexusUnleashed.Network.Message.Handler\ClientEncryptedHandler.cs	NexusUnleashed.Network	C-LINEAGE	15	NexusUnleashed.Network\NexusUnleashed.Network.Message.Handler\ClientEncryptedHandler.cs
NexusUnleashed.Network\NexusUnleashed.Network.Message.Handler\ClientPackedHandler.cs	NexusUnleashed.Network	C-LINEAGE	15	NexusUnleashed.Network\NexusUnleashed.Network.Message.Handler\ClientPackedHandler.cs
NexusUnleashed.Network\NexusUnleashed.Network.Message.Handler\ServiceCollectionExtensions.cs	NexusUnleashed.Network	C-LINEAGE	14	NexusUnleashed.Network\NexusUnleashed.Network.Message.Handler\ServiceCollectionExtensions.cs
NexusUnleashed.Network\NexusUnleashed.Network.Message.Model.Shared\Message.cs	NexusUnleashed.Network	C-LINEAGE	13	NexusUnleashed.Network\NexusUnleashed.Network.Message.Model.Shared\Message.cs
NexusUnleashed.Network\NexusUnleashed.Network.Message.Model\ClientEncrypted.cs	NexusUnleashed.Network	C-LINEAGE	11	NexusUnleashed.Network\NexusUnleashed.Network.Message.Model\ClientEncrypted.cs
NexusUnleashed.Network\NexusUnleashed.Network.Message.Model\ClientPacked.cs	NexusUnleashed.Network	C-LINEAGE	11	NexusUnleashed.Network\NexusUnleashed.Network.Message.Model\ClientPacked.cs
NexusUnleashed.Network\NexusUnleashed.Network.Message.Model\ServerHello.cs	NexusUnleashed.Network	C-LINEAGE	30	NexusUnleashed.Network\NexusUnleashed.Network.Message.Model\ServerHello.cs
NexusUnleashed.Network\NexusUnleashed.Network.Message.Model\ServiceCollectionExtensions.cs	NexusUnleashed.Network	C-LINEAGE	22	NexusUnleashed.Network\NexusUnleashed.Network.Message.Model\ServiceCollectionExtensions.cs
NexusUnleashed.Network\NexusUnleashed.Network.Message\GameMessageOpcode.cs	NexusUnleashed.Network	C-MODIFIED	1092	NexusUnleashed.Network\NexusUnleashed.Network.Message\GameMessageOpcode.cs
NexusUnleashed.Network\NexusUnleashed.Network.Message\IMessageHandler.cs	NexusUnleashed.Network	C-LINEAGE	6	NexusUnleashed.Network\NexusUnleashed.Network.Message\IMessageHandler.cs
NexusUnleashed.Network\NexusUnleashed.Network.Message\IMessageManager.cs	NexusUnleashed.Network	C-LINEAGE	11	NexusUnleashed.Network\NexusUnleashed.Network.Message\IMessageManager.cs
NexusUnleashed.Network\NexusUnleashed.Network.Message\INetworkBuildable.cs	NexusUnleashed.Network	C-LINEAGE	9	NexusUnleashed.Network\NexusUnleashed.Network.Message\INetworkBuildable.cs
NexusUnleashed.Network\NexusUnleashed.Network.Message\IReadable.cs	NexusUnleashed.Network	C-LINEAGE	5	NexusUnleashed.Network\NexusUnleashed.Network.Message\IReadable.cs
NexusUnleashed.Network\NexusUnleashed.Network.Message\IWritable.cs	NexusUnleashed.Network	C-LINEAGE	5	NexusUnleashed.Network\NexusUnleashed.Network.Message\IWritable.cs
NexusUnleashed.Network\NexusUnleashed.Network.Message\MessageAttribute.cs	NexusUnleashed.Network	C-LINEAGE	11	NexusUnleashed.Network\NexusUnleashed.Network.Message\MessageAttribute.cs
NexusUnleashed.Network\NexusUnleashed.Network.Message\MessageHandlerDelegate.cs	NexusUnleashed.Network	C-LINEAGE	3	NexusUnleashed.Network\NexusUnleashed.Network.Message\MessageHandlerDelegate.cs
NexusUnleashed.Network\NexusUnleashed.Network.Message\MessageManager.cs	NexusUnleashed.Network	C-MODIFIED	101	NexusUnleashed.Network\NexusUnleashed.Network.Message\MessageManager.cs
NexusUnleashed.Network\NexusUnleashed.Network.Message\MessageManagerExtensions.cs	NexusUnleashed.Network	C-MODIFIED	51	NexusUnleashed.Network\NexusUnleashed.Network.Message\MessageManagerExtensions.cs
NexusUnleashed.Network\NexusUnleashed.Network.Message\ServiceCollectionExtensions.cs	NexusUnleashed.Network	C-LINEAGE	12	NexusUnleashed.Network\NexusUnleashed.Network.Message\ServiceCollectionExtensions.cs
NexusUnleashed.Network\NexusUnleashed.Network.Packet\ClientGamePacket.cs	NexusUnleashed.Network	C-LINEAGE	6	NexusUnleashed.Network\NexusUnleashed.Network.Packet\ClientGamePacket.cs
NexusUnleashed.Network\NexusUnleashed.Network.Packet\ClientGamePacketReader.cs	NexusUnleashed.Network	C-LINEAGE	33	NexusUnleashed.Network\NexusUnleashed.Network.Packet\ClientGamePacketReader.cs
NexusUnleashed.Network\NexusUnleashed.Network.Packet\ServerGamePacket.cs	NexusUnleashed.Network	C-LINEAGE	22	NexusUnleashed.Network\NexusUnleashed.Network.Packet\ServerGamePacket.cs
NexusUnleashed.Network\NexusUnleashed.Network.Session.Static\DisconnectState.cs	NexusUnleashed.Network	C-LINEAGE	7	NexusUnleashed.Network\NexusUnleashed.Network.Session.Static\DisconnectState.cs
NexusUnleashed.Network\NexusUnleashed.Network.Session\ConnectionListener.cs	NexusUnleashed.Network	C-LINEAGE	77	NexusUnleashed.Network\NexusUnleashed.Network.Session\ConnectionListener.cs
NexusUnleashed.Network\NexusUnleashed.Network.Session\GameSession.cs	NexusUnleashed.Network	C-LINEAGE	225	NexusUnleashed.Network\NexusUnleashed.Network.Session\GameSession.cs
NexusUnleashed.Network\NexusUnleashed.Network.Session\IConnectionListener.cs	NexusUnleashed.Network	C-LINEAGE	9	NexusUnleashed.Network\NexusUnleashed.Network.Session\IConnectionListener.cs
NexusUnleashed.Network\NexusUnleashed.Network.Session\IGameSession.cs	NexusUnleashed.Network	C-LINEAGE	14	NexusUnleashed.Network\NexusUnleashed.Network.Session\IGameSession.cs
NexusUnleashed.Network\NexusUnleashed.Network.Session\INetworkManager.cs	NexusUnleashed.Network	C-LINEAGE	14	NexusUnleashed.Network\NexusUnleashed.Network.Session\INetworkManager.cs
NexusUnleashed.Network\NexusUnleashed.Network.Session\INetworkSession.cs	NexusUnleashed.Network	C-LINEAGE	14	NexusUnleashed.Network\NexusUnleashed.Network.Session\INetworkSession.cs
NexusUnleashed.Network\NexusUnleashed.Network.Session\NetworkManager.cs	NexusUnleashed.Network	C-LINEAGE	111	NexusUnleashed.Network\NexusUnleashed.Network.Session\NetworkManager.cs
NexusUnleashed.Network\NexusUnleashed.Network.Session\NetworkSession.cs	NexusUnleashed.Network	C-MODIFIED	132	NexusUnleashed.Network\NexusUnleashed.Network.Session\NetworkSession.cs
NexusUnleashed.Network\NexusUnleashed.Network.Session\NewSessionEvent.cs	NexusUnleashed.Network	C-LINEAGE	2	NexusUnleashed.Network\NexusUnleashed.Network.Session\NewSessionEvent.cs
NexusUnleashed.Network\NexusUnleashed.Network\AssemblyExtensions.cs	NexusUnleashed.Network	C-LINEAGE	15	NexusUnleashed.Network\NexusUnleashed.Network\AssemblyExtensions.cs
NexusUnleashed.Network\NexusUnleashed.Network\FragmentedBuffer.cs	NexusUnleashed.Network	C-LINEAGE	43	NexusUnleashed.Network\NexusUnleashed.Network\FragmentedBuffer.cs
NexusUnleashed.Network\NexusUnleashed.Network\GamePacketReader.cs	NexusUnleashed.Network	C-LINEAGE	206	NexusUnleashed.Network\NexusUnleashed.Network\GamePacketReader.cs
NexusUnleashed.Network\NexusUnleashed.Network\GamePacketWriter.cs	NexusUnleashed.Network	C-LINEAGE	199	NexusUnleashed.Network\NexusUnleashed.Network\GamePacketWriter.cs
NexusUnleashed.Network\NexusUnleashed.Network\InvalidPacketValueException.cs	NexusUnleashed.Network	C-LINEAGE	12	NexusUnleashed.Network\NexusUnleashed.Network\InvalidPacketValueException.cs
NexusUnleashed.Network\NexusUnleashed.Network\NetworkBitArray.cs	NexusUnleashed.Network	C-LINEAGE	31	NexusUnleashed.Network\NexusUnleashed.Network\NetworkBitArray.cs
NexusUnleashed.Network\NexusUnleashed.Network\NetworkGuid.cs	NexusUnleashed.Network	C-LINEAGE	19	NexusUnleashed.Network\NexusUnleashed.Network\NetworkGuid.cs
NexusUnleashed.Network\NexusUnleashed.Network\ServiceCollectionExtensions.cs	NexusUnleashed.Network	C-LINEAGE	19	NexusUnleashed.Network\NexusUnleashed.Network\ServiceCollectionExtensions.cs
NexusUnleashed.Network\NexusUnleashed.Network\SocketHeartbeat.cs	NexusUnleashed.Network	C-LINEAGE	19	NexusUnleashed.Network\NexusUnleashed.Network\SocketHeartbeat.cs
NexusUnleashed.Network\Properties\AssemblyInfo.cs	NexusUnleashed.Network	C-LINEAGE	11	NexusUnleashed.Network\Properties\AssemblyInfo.cs
NexusUnleashed.Script.Alizar\Properties\AssemblyInfo.cs	NexusUnleashed.Script.Alizar	C-LINEAGE	11	NexusUnleashed.Script.Alizar\Properties\AssemblyInfo.cs
NexusUnleashed.Script.Main\--z__ReadOnlyArray.cs	NexusUnleashed.Script.Main	C-LINEAGE	117	NexusUnleashed.Script.Main\--z__ReadOnlyArray.cs
NexusUnleashed.Script.Main\--z__ReadOnlySingleElementList.cs	NexusUnleashed.Script.Main	C-LINEAGE	171	NexusUnleashed.Script.Main\--z__ReadOnlySingleElementList.cs
NexusUnleashed.Script.Main\Arcterra\ArcterraEventScript.cs	NexusUnleashed.Script.Main	A-AUTHORED	66	
NexusUnleashed.Script.Main\Arcterra\ArcterraMapScript.cs	NexusUnleashed.Script.Main	A-AUTHORED	86	
NexusUnleashed.Script.Main\NexusUnleashed.Script.Main.AI\CombatAI.cs	NexusUnleashed.Script.Main	C-LINEAGE	1551	NexusUnleashed.Script.Main\NexusUnleashed.Script.Main.AI\CombatAI.cs
NexusUnleashed.Script.Main\NexusUnleashed.Script.Main.AI\CombatActionAuditStatus.cs	NexusUnleashed.Script.Main	C-LINEAGE	11	NexusUnleashed.Script.Main\NexusUnleashed.Script.Main.AI\CombatActionAuditStatus.cs
NexusUnleashed.Script.Main\NexusUnleashed.Script.Main.AI\CombatActionRule.cs	NexusUnleashed.Script.Main	C-LINEAGE	38	NexusUnleashed.Script.Main\NexusUnleashed.Script.Main.AI\CombatActionRule.cs
NexusUnleashed.Script.Main\NexusUnleashed.Script.Main.AI\CombatActionRuleKind.cs	NexusUnleashed.Script.Main	C-LINEAGE	7	NexusUnleashed.Script.Main\NexusUnleashed.Script.Main.AI\CombatActionRuleKind.cs
NexusUnleashed.Script.Main\NexusUnleashed.Script.Main.AI\CombatDummy.cs	NexusUnleashed.Script.Main	C-LINEAGE	12	NexusUnleashed.Script.Main\NexusUnleashed.Script.Main.AI\CombatDummy.cs
NexusUnleashed.Script.Main\NexusUnleashed.Script.Main.AI\CombatDummyAI.cs	NexusUnleashed.Script.Main	C-LINEAGE	45	NexusUnleashed.Script.Main\NexusUnleashed.Script.Main.AI\CombatDummyAI.cs
NexusUnleashed.Script.Main\NexusUnleashed.Script.Main.AI\CombatProfile.cs	NexusUnleashed.Script.Main	C-LINEAGE	7	NexusUnleashed.Script.Main\NexusUnleashed.Script.Main.AI\CombatProfile.cs
NexusUnleashed.Script.Main\NexusUnleashed.Script.Main.AI\CombatProfileActionAuditRow.cs	NexusUnleashed.Script.Main	C-LINEAGE	2	NexusUnleashed.Script.Main\NexusUnleashed.Script.Main.AI\CombatProfileActionAuditRow.cs
NexusUnleashed.Script.Main\NexusUnleashed.Script.Main.AI\CombatProfileAudit.cs	NexusUnleashed.Script.Main	C-LINEAGE	2	NexusUnleashed.Script.Main\NexusUnleashed.Script.Main.AI\CombatProfileAudit.cs
NexusUnleashed.Script.Main\NexusUnleashed.Script.Main.AI\CombatProfileAuditDetails.cs	NexusUnleashed.Script.Main	C-LINEAGE	3	NexusUnleashed.Script.Main\NexusUnleashed.Script.Main.AI\CombatProfileAuditDetails.cs
NexusUnleashed.Script.Main\NexusUnleashed.Script.Main.AI\CombatProfileCreatureAuditRow.cs	NexusUnleashed.Script.Main	C-LINEAGE	3	NexusUnleashed.Script.Main\NexusUnleashed.Script.Main.AI\CombatProfileCreatureAuditRow.cs
NexusUnleashed.Script.Main\NexusUnleashed.Script.Main.AI\CombatProfileResolution.cs	NexusUnleashed.Script.Main	C-LINEAGE	9	NexusUnleashed.Script.Main\NexusUnleashed.Script.Main.AI\CombatProfileResolution.cs
NexusUnleashed.Script.Main\NexusUnleashed.Script.Main.AI\CombatProfileResolutionSource.cs	NexusUnleashed.Script.Main	C-LINEAGE	8	NexusUnleashed.Script.Main\NexusUnleashed.Script.Main.AI\CombatProfileResolutionSource.cs
NexusUnleashed.Script.Main\NexusUnleashed.Script.Main.AI\CombatSpecialAttack.cs	NexusUnleashed.Script.Main	C-LINEAGE	2	NexusUnleashed.Script.Main\NexusUnleashed.Script.Main.AI\CombatSpecialAttack.cs
NexusUnleashed.Script.Main\NexusUnleashed.Script.Main.AI\CombatSpellParameters.cs	NexusUnleashed.Script.Main	C-LINEAGE	33	NexusUnleashed.Script.Main\NexusUnleashed.Script.Main.AI\CombatSpellParameters.cs
NexusUnleashed.Script.Main\NexusUnleashed.Script.Main.AI\DefaultCombatAI.cs	NexusUnleashed.Script.Main	C-LINEAGE	200	NexusUnleashed.Script.Main\NexusUnleashed.Script.Main.AI\DefaultCombatAI.cs
NexusUnleashed.Script.Main\NexusUnleashed.Script.Main.AI\DefaultCombatProfileProvider.cs	NexusUnleashed.Script.Main	C-MODIFIED	543	NexusUnleashed.Script.Main\NexusUnleashed.Script.Main.AI\DefaultCombatProfileProvider.cs
NexusUnleashed.Script.Main\NexusUnleashed.Script.Main.AI\ICombatProfileProvider.cs	NexusUnleashed.Script.Main	C-LINEAGE	6	NexusUnleashed.Script.Main\NexusUnleashed.Script.Main.AI\ICombatProfileProvider.cs
NexusUnleashed.Script.Main\NexusUnleashed.Script.Main.AI\ICombatProfileResolutionProvider.cs	NexusUnleashed.Script.Main	C-LINEAGE	8	NexusUnleashed.Script.Main\NexusUnleashed.Script.Main.AI\ICombatProfileResolutionProvider.cs
NexusUnleashed.Script.Main\NexusUnleashed.Script.Main.AI\IDefaultCombatProfileProvider.cs	NexusUnleashed.Script.Main	C-LINEAGE	5	NexusUnleashed.Script.Main\NexusUnleashed.Script.Main.AI\IDefaultCombatProfileProvider.cs
NexusUnleashed.Script.Main\NexusUnleashed.Script.Main.AI\PetAI.cs	NexusUnleashed.Script.Main	C-LINEAGE	74	NexusUnleashed.Script.Main\NexusUnleashed.Script.Main.AI\PetAI.cs
NexusUnleashed.Script.Main\NexusUnleashed.Script.Main.AI\SearchCheckAggro.cs	NexusUnleashed.Script.Main	C-LINEAGE	30	NexusUnleashed.Script.Main\NexusUnleashed.Script.Main.AI\SearchCheckAggro.cs
NexusUnleashed.Script.Main\NexusUnleashed.Script.Main.AI\SearchCheckRadius.cs	NexusUnleashed.Script.Main	C-LINEAGE	22	NexusUnleashed.Script.Main\NexusUnleashed.Script.Main.AI\SearchCheckRadius.cs
NexusUnleashed.Script.Main\NexusUnleashed.Script.Main.AI\SplineAI.cs	NexusUnleashed.Script.Main	C-LINEAGE	68	NexusUnleashed.Script.Main\NexusUnleashed.Script.Main.AI\SplineAI.cs
NexusUnleashed.Script.Main\NexusUnleashed.Script.Main.AI\UnitAI.cs	NexusUnleashed.Script.Main	C-LINEAGE	88	NexusUnleashed.Script.Main\NexusUnleashed.Script.Main.AI\UnitAI.cs
NexusUnleashed.Script.Main\NexusUnleashed.Script.Main.Creature\AmbientLifeScripts.cs	NexusUnleashed.Script.Main	A-AUTHORED	192	
NexusUnleashed.Script.Main\NexusUnleashed.Script.Main.Creature\BrambleTrapEntityScript.cs	NexusUnleashed.Script.Main	C-MODIFIED	155	NexusUnleashed.Script.Main\NexusUnleashed.Script.Main.Creature\BrambleTrapEntityScript.cs
NexusUnleashed.Script.Main\NexusUnleashed.Script.Main.Creature\BurrowAmbusherScript.cs	NexusUnleashed.Script.Main	A-AUTHORED	130	
NexusUnleashed.Script.Main\NexusUnleashed.Script.Main.Creature\ElevatorPlatformScript.cs	NexusUnleashed.Script.Main	A-AUTHORED	73	
NexusUnleashed.Script.Main\NexusUnleashed.Script.Main.Creature\MarauderMineEntityScript.cs	NexusUnleashed.Script.Main	C-LINEAGE	31	NexusUnleashed.Script.Main\NexusUnleashed.Script.Main.Creature\MarauderMineEntityScript.cs
NexusUnleashed.Script.Main\NexusUnleashed.Script.Main.Creature\PairedTeleporterScript.cs	NexusUnleashed.Script.Main	A-AUTHORED	399	
NexusUnleashed.Script.Main\NexusUnleashed.Script.Main.Creature\SpeedBoostEntityScript.cs	NexusUnleashed.Script.Main	C-LINEAGE	112	NexusUnleashed.Script.Main\NexusUnleashed.Script.Main.Creature\SpeedBoostEntityScript.cs
NexusUnleashed.Script.Main\NexusUnleashed.Script.Main.Creature\TetherEntityScript.cs	NexusUnleashed.Script.Main	C-LINEAGE	23	NexusUnleashed.Script.Main\NexusUnleashed.Script.Main.Creature\TetherEntityScript.cs
NexusUnleashed.Script.Main\NexusUnleashed.Script.Main.Example\InstancedMapScript.cs	NexusUnleashed.Script.Main	C-LINEAGE	9	NexusUnleashed.Script.Main\NexusUnleashed.Script.Main.Example\InstancedMapScript.cs
NexusUnleashed.Script.Main\NexusUnleashed.Script.Main.Example\MapScript.cs	NexusUnleashed.Script.Main	C-LINEAGE	22	NexusUnleashed.Script.Main\NexusUnleashed.Script.Main.Example\MapScript.cs
NexusUnleashed.Script.Main\NexusUnleashed.Script.Main.Example\NonPlayerScript.cs	NexusUnleashed.Script.Main	C-LINEAGE	65	NexusUnleashed.Script.Main\NexusUnleashed.Script.Main.Example\NonPlayerScript.cs
NexusUnleashed.Script.Main\NexusUnleashed.Script.Main.Example\PlayerScript.cs	NexusUnleashed.Script.Main	C-LINEAGE	20	NexusUnleashed.Script.Main\NexusUnleashed.Script.Main.Example\PlayerScript.cs
NexusUnleashed.Script.Main\NexusUnleashed.Script.Main.Example\QuestScript.cs	NexusUnleashed.Script.Main	C-LINEAGE	24	NexusUnleashed.Script.Main\NexusUnleashed.Script.Main.Example\QuestScript.cs
NexusUnleashed.Script.Main\NexusUnleashed.Script.Main.Example\SpellScript.cs	NexusUnleashed.Script.Main	C-LINEAGE	13	NexusUnleashed.Script.Main\NexusUnleashed.Script.Main.Example\SpellScript.cs
NexusUnleashed.Script.Main\NexusUnleashed.Script.Main.Housing\HousingDoorEntityScript.cs	NexusUnleashed.Script.Main	C-MODIFIED	35	NexusUnleashed.Script.Main\NexusUnleashed.Script.Main.Housing\HousingDoorEntityScript.cs
NexusUnleashed.Script.Main\NexusUnleashed.Script.Main.Housing\HousingIntroEntityScript.cs	NexusUnleashed.Script.Main	C-MODIFIED	45	NexusUnleashed.Script.Main\NexusUnleashed.Script.Main.Housing\HousingIntroEntityScript.cs
NexusUnleashed.Script.Main\NexusUnleashed.Script.Main.Housing\HousingPortalEntityScript.cs	NexusUnleashed.Script.Main	C-MODIFIED	47	NexusUnleashed.Script.Main\NexusUnleashed.Script.Main.Housing\HousingPortalEntityScript.cs
NexusUnleashed.Script.Main\NexusUnleashed.Script.Main.Quests.CrimsonIsle\CrimsonIsleMapScript.cs	NexusUnleashed.Script.Main	C-LINEAGE	47	NexusUnleashed.Script.Main\NexusUnleashed.Script.Main.Quests.CrimsonIsle\CrimsonIsleMapScript.cs
NexusUnleashed.Script.Main\NexusUnleashed.Script.Main.Quests.CrimsonIsle\CrimsonIsleQuestChain.cs	NexusUnleashed.Script.Main	C-LINEAGE	48	NexusUnleashed.Script.Main\NexusUnleashed.Script.Main.Quests.CrimsonIsle\CrimsonIsleQuestChain.cs
NexusUnleashed.Script.Main\NexusUnleashed.Script.Main.Quests.CrimsonIsle\Q5573PoweringDownQuestScript.cs	NexusUnleashed.Script.Main	C-LINEAGE	45	NexusUnleashed.Script.Main\NexusUnleashed.Script.Main.Quests.CrimsonIsle\Q5573PoweringDownQuestScript.cs
NexusUnleashed.Script.Main\NexusUnleashed.Script.Main.Quests.CrimsonIsle\Q5575QuestScript.cs	NexusUnleashed.Script.Main	C-LINEAGE	42	NexusUnleashed.Script.Main\NexusUnleashed.Script.Main.Quests.CrimsonIsle\Q5575QuestScript.cs
NexusUnleashed.Script.Main\NexusUnleashed.Script.Main.Quests.CrimsonIsle\Q5580QuestScript.cs	NexusUnleashed.Script.Main	C-LINEAGE	31	NexusUnleashed.Script.Main\NexusUnleashed.Script.Main.Quests.CrimsonIsle\Q5580QuestScript.cs
NexusUnleashed.Script.Main\NexusUnleashed.Script.Main.Quests.CrimsonIsle\Q5583QuestScript.cs	NexusUnleashed.Script.Main	C-LINEAGE	32	NexusUnleashed.Script.Main\NexusUnleashed.Script.Main.Quests.CrimsonIsle\Q5583QuestScript.cs
NexusUnleashed.Script.Main\NexusUnleashed.Script.Main.Quests.CrimsonIsle\Q5584QuestScript.cs	NexusUnleashed.Script.Main	C-LINEAGE	25	NexusUnleashed.Script.Main\NexusUnleashed.Script.Main.Quests.CrimsonIsle\Q5584QuestScript.cs
NexusUnleashed.Script.Main\NexusUnleashed.Script.Main.Quests.CrimsonIsle\Q5584TrappedAssistantEntityScript.cs	NexusUnleashed.Script.Main	C-LINEAGE	21	NexusUnleashed.Script.Main\NexusUnleashed.Script.Main.Quests.CrimsonIsle\Q5584TrappedAssistantEntityScript.cs
NexusUnleashed.Script.Main\NexusUnleashed.Script.Main.Quests.CrimsonIsle\Q5593QuestScript.cs	NexusUnleashed.Script.Main	C-LINEAGE	31	NexusUnleashed.Script.Main\NexusUnleashed.Script.Main.Quests.CrimsonIsle\Q5593QuestScript.cs
NexusUnleashed.Script.Main\NexusUnleashed.Script.Main.Quests.CrimsonIsle\Q5594QuestScript.cs	NexusUnleashed.Script.Main	C-LINEAGE	25	NexusUnleashed.Script.Main\NexusUnleashed.Script.Main.Quests.CrimsonIsle\Q5594QuestScript.cs
NexusUnleashed.Script.Main\NexusUnleashed.Script.Main.Quests.CrimsonIsle\Q5594ShipControlsEntityScript.cs	NexusUnleashed.Script.Main	C-LINEAGE	31	NexusUnleashed.Script.Main\NexusUnleashed.Script.Main.Quests.CrimsonIsle\Q5594ShipControlsEntityScript.cs
NexusUnleashed.Script.Main\NexusUnleashed.Script.Main.Quests.CrimsonIsle\Q5594WarbotEntityScript.cs	NexusUnleashed.Script.Main	C-LINEAGE	29	NexusUnleashed.Script.Main\NexusUnleashed.Script.Main.Quests.CrimsonIsle\Q5594WarbotEntityScript.cs
NexusUnleashed.Script.Main\NexusUnleashed.Script.Main.Quests.CrimsonIsle\Q5595QuestScript.cs	NexusUnleashed.Script.Main	C-LINEAGE	14	NexusUnleashed.Script.Main\NexusUnleashed.Script.Main.Quests.CrimsonIsle\Q5595QuestScript.cs
NexusUnleashed.Script.Main\NexusUnleashed.Script.Main.Quests.CrimsonIsle\Q5596QuestScript.cs	NexusUnleashed.Script.Main	C-LINEAGE	14	NexusUnleashed.Script.Main\NexusUnleashed.Script.Main.Quests.CrimsonIsle\Q5596QuestScript.cs
NexusUnleashed.Script.Main\NexusUnleashed.Script.Main.Quests.CrimsonIsle\Q5597ChuaExplosivesCreatureEntityScript.cs	NexusUnleashed.Script.Main	C-LINEAGE	12	NexusUnleashed.Script.Main\NexusUnleashed.Script.Main.Quests.CrimsonIsle\Q5597ChuaExplosivesCreatureEntityScript.cs
NexusUnleashed.Script.Main\NexusUnleashed.Script.Main.Quests.CrimsonIsle\Q5597ChuaExplosivesEntityScript.cs	NexusUnleashed.Script.Main	C-LINEAGE	12	NexusUnleashed.Script.Main\NexusUnleashed.Script.Main.Quests.CrimsonIsle\Q5597ChuaExplosivesEntityScript.cs
NexusUnleashed.Script.Main\NexusUnleashed.Script.Main.Quests.CrimsonIsle\Q5597ChuaExplosivesEntityScriptBase.cs	NexusUnleashed.Script.Main	C-LINEAGE	25	NexusUnleashed.Script.Main\NexusUnleashed.Script.Main.Quests.CrimsonIsle\Q5597ChuaExplosivesEntityScriptBase.cs
NexusUnleashed.Script.Main\NexusUnleashed.Script.Main.Quests.CrimsonIsle\Q5597QuestScript.cs	NexusUnleashed.Script.Main	C-LINEAGE	14	NexusUnleashed.Script.Main\NexusUnleashed.Script.Main.Quests.CrimsonIsle\Q5597QuestScript.cs
NexusUnleashed.Script.Main\NexusUnleashed.Script.Main.Quests.CrimsonIsle\Q5604TacticalDemolitionsQuestScript.cs	NexusUnleashed.Script.Main	C-LINEAGE	46	NexusUnleashed.Script.Main\NexusUnleashed.Script.Main.Quests.CrimsonIsle\Q5604TacticalDemolitionsQuestScript.cs
NexusUnleashed.Script.Main\NexusUnleashed.Script.Main.Quests.CrimsonIsle\Q5610QuestScript.cs	NexusUnleashed.Script.Main	C-LINEAGE	25	NexusUnleashed.Script.Main\NexusUnleashed.Script.Main.Quests.CrimsonIsle\Q5610QuestScript.cs
NexusUnleashed.Script.Main\NexusUnleashed.Script.Main.Quests.CrimsonIsle\Q8855DominionSoldiersEntityScript.cs	NexusUnleashed.Script.Main	C-LINEAGE	30	NexusUnleashed.Script.Main\NexusUnleashed.Script.Main.Quests.CrimsonIsle\Q8855DominionSoldiersEntityScript.cs
NexusUnleashed.Script.Main\NexusUnleashed.Script.Main.Quests.CrimsonIsle\Q8855QuestScript.cs	NexusUnleashed.Script.Main	C-LINEAGE	25	NexusUnleashed.Script.Main\NexusUnleashed.Script.Main.Quests.CrimsonIsle\Q8855QuestScript.cs
NexusUnleashed.Script.Main\NexusUnleashed.Script.Main.Quests.EverstarGrove\EverstarGroveMapScript.cs	NexusUnleashed.Script.Main	C-LINEAGE	28	NexusUnleashed.Script.Main\NexusUnleashed.Script.Main.Quests.EverstarGrove\EverstarGroveMapScript.cs
NexusUnleashed.Script.Main\NexusUnleashed.Script.Main.Quests.Galeras\GalerasMapScript.cs	NexusUnleashed.Script.Main	C-MODIFIED	109	NexusUnleashed.Script.Main\NexusUnleashed.Script.Main.Quests.Galeras\GalerasMapScript.cs
NexusUnleashed.Script.Main\NexusUnleashed.Script.Main.Quests.Galeras\Q4694HoldTheLineStormwingStrikerEntityScript.cs	NexusUnleashed.Script.Main	C-LINEAGE	25	NexusUnleashed.Script.Main\NexusUnleashed.Script.Main.Quests.Galeras\Q4694HoldTheLineStormwingStrikerEntityScript.cs
NexusUnleashed.Script.Main\NexusUnleashed.Script.Main.Quests.Galeras\Q4696TempleRetreatEnemyEntityScript.cs	NexusUnleashed.Script.Main	C-LINEAGE	25	NexusUnleashed.Script.Main\NexusUnleashed.Script.Main.Quests.Galeras\Q4696TempleRetreatEnemyEntityScript.cs
NexusUnleashed.Script.Main\NexusUnleashed.Script.Main.Quests.LevianBay\LevianBayMapScript.cs	NexusUnleashed.Script.Main	C-LINEAGE	28	NexusUnleashed.Script.Main\NexusUnleashed.Script.Main.Quests.LevianBay\LevianBayMapScript.cs
NexusUnleashed.Script.Main\NexusUnleashed.Script.Main.Quests.NorthernWilds\DominionGateEntityScript.cs	NexusUnleashed.Script.Main	C-LINEAGE	50	NexusUnleashed.Script.Main\NexusUnleashed.Script.Main.Quests.NorthernWilds\DominionGateEntityScript.cs
NexusUnleashed.Script.Main\NexusUnleashed.Script.Main.Quests.NorthernWilds\DominionUltrabotPublicEventScript.cs	NexusUnleashed.Script.Main	C-LINEAGE	24	NexusUnleashed.Script.Main\NexusUnleashed.Script.Main.Quests.NorthernWilds\DominionUltrabotPublicEventScript.cs
NexusUnleashed.Script.Main\NexusUnleashed.Script.Main.Quests.NorthernWilds\NorthernWildsAvalancheEntityScript.cs	NexusUnleashed.Script.Main	C-LINEAGE	726	NexusUnleashed.Script.Main\NexusUnleashed.Script.Main.Quests.NorthernWilds\NorthernWildsAvalancheEntityScript.cs
NexusUnleashed.Script.Main\NexusUnleashed.Script.Main.Quests.NorthernWilds\NorthernWildsColdburrowSkeechHoldoutEntityScript.cs	NexusUnleashed.Script.Main	C-LINEAGE	15	NexusUnleashed.Script.Main\NexusUnleashed.Script.Main.Quests.NorthernWilds\NorthernWildsColdburrowSkeechHoldoutEntityScript.cs
NexusUnleashed.Script.Main\NexusUnleashed.Script.Main.Quests.NorthernWilds\NorthernWildsDominionHoldoutEntityScript.cs	NexusUnleashed.Script.Main	C-LINEAGE	15	NexusUnleashed.Script.Main\NexusUnleashed.Script.Main.Quests.NorthernWilds\NorthernWildsDominionHoldoutEntityScript.cs
NexusUnleashed.Script.Main\NexusUnleashed.Script.Main.Quests.NorthernWilds\NorthernWildsMapScript.cs	NexusUnleashed.Script.Main	C-LINEAGE	441	NexusUnleashed.Script.Main\NexusUnleashed.Script.Main.Quests.NorthernWilds\NorthernWildsMapScript.cs
NexusUnleashed.Script.Main\NexusUnleashed.Script.Main.Quests.NorthernWilds\NorthernWildsScientistPathMissionEntityScript.cs	NexusUnleashed.Script.Main	C-MODIFIED	39	NexusUnleashed.Script.Main\NexusUnleashed.Script.Main.Quests.NorthernWilds\NorthernWildsScientistPathMissionEntityScript.cs
NexusUnleashed.Script.Main\NexusUnleashed.Script.Main.Quests.NorthernWilds\NorthernWildsScientistSkeechPhysiologyEntityScript.cs	NexusUnleashed.Script.Main	C-LINEAGE	7	NexusUnleashed.Script.Main\NexusUnleashed.Script.Main.Quests.NorthernWilds\NorthernWildsScientistSkeechPhysiologyEntityScript.cs
NexusUnleashed.Script.Main\NexusUnleashed.Script.Main.Quests.NorthernWilds\NorthernWildsScientistTurningTheTideEntityScript.cs	NexusUnleashed.Script.Main	C-LINEAGE	7	NexusUnleashed.Script.Main\NexusUnleashed.Script.Main.Quests.NorthernWilds\NorthernWildsScientistTurningTheTideEntityScript.cs
NexusUnleashed.Script.Main\NexusUnleashed.Script.Main.Quests.NorthernWilds\NorthernWildsScientistVitaliumCrystalEntityScript.cs	NexusUnleashed.Script.Main	C-LINEAGE	7	NexusUnleashed.Script.Main\NexusUnleashed.Script.Main.Quests.NorthernWilds\NorthernWildsScientistVitaliumCrystalEntityScript.cs
NexusUnleashed.Script.Main\NexusUnleashed.Script.Main.Quests.NorthernWilds\NorthernWildsSoldierHoldoutEntityScript.cs	NexusUnleashed.Script.Main	C-MODIFIED	297	NexusUnleashed.Script.Main\NexusUnleashed.Script.Main.Quests.NorthernWilds\NorthernWildsSoldierHoldoutEntityScript.cs
NexusUnleashed.Script.Main\NexusUnleashed.Script.Main.Quests.NorthernWilds\NorthernWildsYetiHoldoutEntityScript.cs	NexusUnleashed.Script.Main	C-LINEAGE	40	NexusUnleashed.Script.Main\NexusUnleashed.Script.Main.Quests.NorthernWilds\NorthernWildsYetiHoldoutEntityScript.cs
NexusUnleashed.Script.Main\NexusUnleashed.Script.Main.Quests.NorthernWilds\NorthernWildsYetiHoldoutSpawnEntityScript.cs	NexusUnleashed.Script.Main	C-LINEAGE	18	NexusUnleashed.Script.Main\NexusUnleashed.Script.Main.Quests.NorthernWilds\NorthernWildsYetiHoldoutSpawnEntityScript.cs
NexusUnleashed.Script.Main\NexusUnleashed.Script.Main.Quests.NorthernWilds\Q3479FromTheWreckageQuestScript.cs	NexusUnleashed.Script.Main	C-LINEAGE	14	NexusUnleashed.Script.Main\NexusUnleashed.Script.Main.Quests.NorthernWilds\Q3479FromTheWreckageQuestScript.cs
NexusUnleashed.Script.Main\NexusUnleashed.Script.Main.Quests.NorthernWilds\Q3480QuestScript.cs	NexusUnleashed.Script.Main	C-LINEAGE	14	NexusUnleashed.Script.Main\NexusUnleashed.Script.Main.Quests.NorthernWilds\Q3480QuestScript.cs
NexusUnleashed.Script.Main\NexusUnleashed.Script.Main.Quests.NorthernWilds\Q3486CrystalGuardianEntityScript.cs	NexusUnleashed.Script.Main	C-LINEAGE	23	NexusUnleashed.Script.Main\NexusUnleashed.Script.Main.Quests.NorthernWilds\Q3486CrystalGuardianEntityScript.cs
NexusUnleashed.Script.Main\NexusUnleashed.Script.Main.Quests.NorthernWilds\Q3486EmpoweredTowerQuestScript.cs	NexusUnleashed.Script.Main	C-LINEAGE	53	NexusUnleashed.Script.Main\NexusUnleashed.Script.Main.Quests.NorthernWilds\Q3486EmpoweredTowerQuestScript.cs
NexusUnleashed.Script.Main\NexusUnleashed.Script.Main.Quests.NorthernWilds\Q3486LoftiteCrystalCollector.cs	NexusUnleashed.Script.Main	C-LINEAGE	26	NexusUnleashed.Script.Main\NexusUnleashed.Script.Main.Quests.NorthernWilds\Q3486LoftiteCrystalCollector.cs
NexusUnleashed.Script.Main\NexusUnleashed.Script.Main.Quests.NorthernWilds\Q3486LoftiteCrystalEntityScript.cs	NexusUnleashed.Script.Main	C-LINEAGE	51	NexusUnleashed.Script.Main\NexusUnleashed.Script.Main.Quests.NorthernWilds\Q3486LoftiteCrystalEntityScript.cs
NexusUnleashed.Script.Main\NexusUnleashed.Script.Main.Quests.NorthernWilds\Q3487DominionCannonEntityScript.cs	NexusUnleashed.Script.Main	C-LINEAGE	93	NexusUnleashed.Script.Main\NexusUnleashed.Script.Main.Quests.NorthernWilds\Q3487DominionCannonEntityScript.cs
NexusUnleashed.Script.Main\NexusUnleashed.Script.Main.Quests.NorthernWilds\Q3487ShellshockQuestScript.cs	NexusUnleashed.Script.Main	C-LINEAGE	14	NexusUnleashed.Script.Main\NexusUnleashed.Script.Main.Quests.NorthernWilds\Q3487ShellshockQuestScript.cs
NexusUnleashed.Script.Main\NexusUnleashed.Script.Main.Quests.NorthernWilds\Q3487UltrabotEntityScript.cs	NexusUnleashed.Script.Main	C-LINEAGE	22	NexusUnleashed.Script.Main\NexusUnleashed.Script.Main.Quests.NorthernWilds\Q3487UltrabotEntityScript.cs
NexusUnleashed.Script.Main\NexusUnleashed.Script.Main.Quests.NorthernWilds\Q3667ControlPanelEntityScript.cs	NexusUnleashed.Script.Main	C-LINEAGE	40	NexusUnleashed.Script.Main\NexusUnleashed.Script.Main.Quests.NorthernWilds\Q3667ControlPanelEntityScript.cs
NexusUnleashed.Script.Main\NexusUnleashed.Script.Main.Quests.NorthernWilds\Q3667TheTowerQuestScript.cs	NexusUnleashed.Script.Main	C-LINEAGE	14	NexusUnleashed.Script.Main\NexusUnleashed.Script.Main.Quests.NorthernWilds\Q3667TheTowerQuestScript.cs
NexusUnleashed.Script.Main\NexusUnleashed.Script.Main.Quests.NorthernWilds\Q3668QuestScript.cs	NexusUnleashed.Script.Main	C-LINEAGE	26	NexusUnleashed.Script.Main\NexusUnleashed.Script.Main.Quests.NorthernWilds\Q3668QuestScript.cs
NexusUnleashed.Script.Main\NexusUnleashed.Script.Main.Quests.NorthernWilds\Q3670QuestScript.cs	NexusUnleashed.Script.Main	C-LINEAGE	26	NexusUnleashed.Script.Main\NexusUnleashed.Script.Main.Quests.NorthernWilds\Q3670QuestScript.cs
NexusUnleashed.Script.Main\NexusUnleashed.Script.Main.Quests.NorthernWilds\Q3671QuestScript.cs	NexusUnleashed.Script.Main	C-LINEAGE	14	NexusUnleashed.Script.Main\NexusUnleashed.Script.Main.Quests.NorthernWilds\Q3671QuestScript.cs
NexusUnleashed.Script.Main\NexusUnleashed.Script.Main.Quests.NorthernWilds\Q3673ContactWithThaydQuestScript.cs	NexusUnleashed.Script.Main	C-LINEAGE	89	NexusUnleashed.Script.Main\NexusUnleashed.Script.Main.Quests.NorthernWilds\Q3673ContactWithThaydQuestScript.cs
NexusUnleashed.Script.Main\NexusUnleashed.Script.Main.Quests.NorthernWilds\Q3741ExileSupplyCrateCollectableEntityScript.cs	NexusUnleashed.Script.Main	C-LINEAGE	12	NexusUnleashed.Script.Main\NexusUnleashed.Script.Main.Quests.NorthernWilds\Q3741ExileSupplyCrateCollectableEntityScript.cs
NexusUnleashed.Script.Main\NexusUnleashed.Script.Main.Quests.NorthernWilds\Q3741ExileSupplyCrateEntityScript.cs	NexusUnleashed.Script.Main	C-LINEAGE	12	NexusUnleashed.Script.Main\NexusUnleashed.Script.Main.Quests.NorthernWilds\Q3741ExileSupplyCrateEntityScript.cs
NexusUnleashed.Script.Main\NexusUnleashed.Script.Main.Quests.NorthernWilds\Q3741ExileSupplyCrateEntityScriptBase.cs	NexusUnleashed.Script.Main	C-LINEAGE	25	NexusUnleashed.Script.Main\NexusUnleashed.Script.Main.Quests.NorthernWilds\Q3741ExileSupplyCrateEntityScriptBase.cs
NexusUnleashed.Script.Main\NexusUnleashed.Script.Main.Quests.NorthernWilds\Q3741ScatteredSuppliesQuestScript.cs	NexusUnleashed.Script.Main	C-LINEAGE	12	NexusUnleashed.Script.Main\NexusUnleashed.Script.Main.Quests.NorthernWilds\Q3741ScatteredSuppliesQuestScript.cs
NexusUnleashed.Script.Main\NexusUnleashed.Script.Main.Quests.NorthernWilds\Q3777ByLeapsAndBoundsQuestScript.cs	NexusUnleashed.Script.Main	C-LINEAGE	12	NexusUnleashed.Script.Main\NexusUnleashed.Script.Main.Quests.NorthernWilds\Q3777ByLeapsAndBoundsQuestScript.cs
NexusUnleashed.Script.Main\NexusUnleashed.Script.Main.Quests.NorthernWilds\Q3777LoftiteCrystalCollectableEntityScript.cs	NexusUnleashed.Script.Main	C-LINEAGE	12	NexusUnleashed.Script.Main\NexusUnleashed.Script.Main.Quests.NorthernWilds\Q3777LoftiteCrystalCollectableEntityScript.cs
NexusUnleashed.Script.Main\NexusUnleashed.Script.Main.Quests.NorthernWilds\Q3777LoftiteCrystalEntityScript.cs	NexusUnleashed.Script.Main	C-LINEAGE	12	NexusUnleashed.Script.Main\NexusUnleashed.Script.Main.Quests.NorthernWilds\Q3777LoftiteCrystalEntityScript.cs
NexusUnleashed.Script.Main\NexusUnleashed.Script.Main.Quests.NorthernWilds\Q3777LoftiteCrystalEntityScriptBase.cs	NexusUnleashed.Script.Main	C-LINEAGE	32	NexusUnleashed.Script.Main\NexusUnleashed.Script.Main.Quests.NorthernWilds\Q3777LoftiteCrystalEntityScriptBase.cs
NexusUnleashed.Script.Main\NexusUnleashed.Script.Main.Quests.NorthernWilds\Q3781CaptiveExileSoldierEntityScript.cs	NexusUnleashed.Script.Main	C-LINEAGE	24	NexusUnleashed.Script.Main\NexusUnleashed.Script.Main.Quests.NorthernWilds\Q3781CaptiveExileSoldierEntityScript.cs
NexusUnleashed.Script.Main\NexusUnleashed.Script.Main.Quests.NorthernWilds\Q3781CaptivesOfTheDominionQuestScript.cs	NexusUnleashed.Script.Main	C-LINEAGE	12	NexusUnleashed.Script.Main\NexusUnleashed.Script.Main.Quests.NorthernWilds\Q3781CaptivesOfTheDominionQuestScript.cs
NexusUnleashed.Script.Main\NexusUnleashed.Script.Main.Quests.NorthernWilds\Q3783OffWithHerHeadQuestScript.cs	NexusUnleashed.Script.Main	C-LINEAGE	12	NexusUnleashed.Script.Main\NexusUnleashed.Script.Main.Quests.NorthernWilds\Q3783OffWithHerHeadQuestScript.cs
NexusUnleashed.Script.Main\NexusUnleashed.Script.Main.Quests.NorthernWilds\Q3797SecuringTheAreaQuestScript.cs	NexusUnleashed.Script.Main	C-LINEAGE	26	NexusUnleashed.Script.Main\NexusUnleashed.Script.Main.Quests.NorthernWilds\Q3797SecuringTheAreaQuestScript.cs
NexusUnleashed.Script.Main\NexusUnleashed.Script.Main.Quests.NorthernWilds\Q3886FieryDistractionQuestScript.cs	NexusUnleashed.Script.Main	C-LINEAGE	14	NexusUnleashed.Script.Main\NexusUnleashed.Script.Main.Quests.NorthernWilds\Q3886FieryDistractionQuestScript.cs
NexusUnleashed.Script.Main\NexusUnleashed.Script.Main.Quests.NorthernWilds\Q3963MoreImportantThanRevengeQuestScript.cs	NexusUnleashed.Script.Main	C-LINEAGE	127	NexusUnleashed.Script.Main\NexusUnleashed.Script.Main.Quests.NorthernWilds\Q3963MoreImportantThanRevengeQuestScript.cs
NexusUnleashed.Script.Main\NexusUnleashed.Script.Main.Quests.NorthernWilds\Q4526SpatialAnomalyEntityScript.cs	NexusUnleashed.Script.Main	C-LINEAGE	43	NexusUnleashed.Script.Main\NexusUnleashed.Script.Main.Quests.NorthernWilds\Q4526SpatialAnomalyEntityScript.cs
NexusUnleashed.Script.Main\NexusUnleashed.Script.Main.Quests.NorthernWilds\Q4526SpatialAnomalyQuestScript.cs	NexusUnleashed.Script.Main	C-LINEAGE	12	NexusUnleashed.Script.Main\NexusUnleashed.Script.Main.Quests.NorthernWilds\Q4526SpatialAnomalyQuestScript.cs
NexusUnleashed.Script.Main\NexusUnleashed.Script.Main.Quests.NorthernWilds\Q4666TakeTheFightToThemQuestScript.cs	NexusUnleashed.Script.Main	C-LINEAGE	14	NexusUnleashed.Script.Main\NexusUnleashed.Script.Main.Quests.NorthernWilds\Q4666TakeTheFightToThemQuestScript.cs
NexusUnleashed.Script.Main\NexusUnleashed.Script.Main.Quests.NorthernWilds\Q4667BurnItDownQuestScript.cs	NexusUnleashed.Script.Main	C-LINEAGE	14	NexusUnleashed.Script.Main\NexusUnleashed.Script.Main.Quests.NorthernWilds\Q4667BurnItDownQuestScript.cs
NexusUnleashed.Script.Main\NexusUnleashed.Script.Main.Quests.NorthernWilds\Q4696LeavingTheTempleOfOsiricQuestScript.cs	NexusUnleashed.Script.Main	C-LINEAGE	14	NexusUnleashed.Script.Main\NexusUnleashed.Script.Main.Quests.NorthernWilds\Q4696LeavingTheTempleOfOsiricQuestScript.cs
NexusUnleashed.Script.Main\NexusUnleashed.Script.Main.Quests.Paths\DominionPathZoneMapScript.cs	NexusUnleashed.Script.Main	C-LINEAGE	36	NexusUnleashed.Script.Main\NexusUnleashed.Script.Main.Quests.Paths\DominionPathZoneMapScript.cs
NexusUnleashed.Script.Main\NexusUnleashed.Script.Main.Quests.Paths\ExilePathHubMapScript.cs	NexusUnleashed.Script.Main	C-LINEAGE	36	NexusUnleashed.Script.Main\NexusUnleashed.Script.Main.Quests.Paths\ExilePathHubMapScript.cs
NexusUnleashed.Script.Main\NexusUnleashed.Script.Main.Quests.Paths\ExilePathZoneMapScript.cs	NexusUnleashed.Script.Main	C-LINEAGE	36	NexusUnleashed.Script.Main\NexusUnleashed.Script.Main.Quests.Paths\ExilePathZoneMapScript.cs
NexusUnleashed.Script.Main\NexusUnleashed.Script.Main.Quests.Paths\Q10544SoldierKillQuestScript.cs	NexusUnleashed.Script.Main	C-LINEAGE	14	NexusUnleashed.Script.Main\NexusUnleashed.Script.Main.Quests.Paths\Q10544SoldierKillQuestScript.cs
NexusUnleashed.Script.Main\NexusUnleashed.Script.Main.Quests.Paths\Q10545SoldierSpellQuestScript.cs	NexusUnleashed.Script.Main	C-LINEAGE	14	NexusUnleashed.Script.Main\NexusUnleashed.Script.Main.Quests.Paths\Q10545SoldierSpellQuestScript.cs
NexusUnleashed.Script.Main\NexusUnleashed.Script.Main.Quests.Paths\Q10546SoldierActivateQuestScript.cs	NexusUnleashed.Script.Main	C-LINEAGE	26	NexusUnleashed.Script.Main\NexusUnleashed.Script.Main.Quests.Paths\Q10546SoldierActivateQuestScript.cs
NexusUnleashed.Script.Main\NexusUnleashed.Script.Main.Quests.Paths\Q10547SettlerKillQuestScript.cs	NexusUnleashed.Script.Main	C-LINEAGE	14	NexusUnleashed.Script.Main\NexusUnleashed.Script.Main.Quests.Paths\Q10547SettlerKillQuestScript.cs
NexusUnleashed.Script.Main\NexusUnleashed.Script.Main.Quests.Paths\Q10548SettlerSpellQuestScript.cs	NexusUnleashed.Script.Main	C-LINEAGE	14	NexusUnleashed.Script.Main\NexusUnleashed.Script.Main.Quests.Paths\Q10548SettlerSpellQuestScript.cs
NexusUnleashed.Script.Main\NexusUnleashed.Script.Main.Quests.Paths\Q10549SettlerActivateQuestScript.cs	NexusUnleashed.Script.Main	C-LINEAGE	26	NexusUnleashed.Script.Main\NexusUnleashed.Script.Main.Quests.Paths\Q10549SettlerActivateQuestScript.cs
NexusUnleashed.Script.Main\NexusUnleashed.Script.Main.Quests.Paths\Q10550ExplorerKillQuestScript.cs	NexusUnleashed.Script.Main	C-LINEAGE	14	NexusUnleashed.Script.Main\NexusUnleashed.Script.Main.Quests.Paths\Q10550ExplorerKillQuestScript.cs
NexusUnleashed.Script.Main\NexusUnleashed.Script.Main.Quests.Paths\Q10551ExplorerSpellQuestScript.cs	NexusUnleashed.Script.Main	C-LINEAGE	14	NexusUnleashed.Script.Main\NexusUnleashed.Script.Main.Quests.Paths\Q10551ExplorerSpellQuestScript.cs
NexusUnleashed.Script.Main\NexusUnleashed.Script.Main.Quests.Paths\Q10552ExplorerCSIQuestScript.cs	NexusUnleashed.Script.Main	C-LINEAGE	26	NexusUnleashed.Script.Main\NexusUnleashed.Script.Main.Quests.Paths\Q10552ExplorerCSIQuestScript.cs
NexusUnleashed.Script.Main\NexusUnleashed.Script.Main.Quests.Paths\Q10553ScientistKillQuestScript.cs	NexusUnleashed.Script.Main	C-LINEAGE	14	NexusUnleashed.Script.Main\NexusUnleashed.Script.Main.Quests.Paths\Q10553ScientistKillQuestScript.cs
NexusUnleashed.Script.Main\NexusUnleashed.Script.Main.Quests.Paths\Q10554ScientistSpellQuestScript.cs	NexusUnleashed.Script.Main	C-LINEAGE	14	NexusUnleashed.Script.Main\NexusUnleashed.Script.Main.Quests.Paths\Q10554ScientistSpellQuestScript.cs
NexusUnleashed.Script.Main\NexusUnleashed.Script.Main.Quests.Paths\Q10555ScientistCSIQuestScript.cs	NexusUnleashed.Script.Main	C-LINEAGE	26	NexusUnleashed.Script.Main\NexusUnleashed.Script.Main.Quests.Paths\Q10555ScientistCSIQuestScript.cs
NexusUnleashed.Script.Main\NexusUnleashed.Script.Main.Quests.Paths\Q10556DomSoldierActivateQuestScript.cs	NexusUnleashed.Script.Main	C-LINEAGE	14	NexusUnleashed.Script.Main\NexusUnleashed.Script.Main.Quests.Paths\Q10556DomSoldierActivateQuestScript.cs
NexusUnleashed.Script.Main\NexusUnleashed.Script.Main.Quests.Paths\Q10557DomSoldierCSIQuestScript.cs	NexusUnleashed.Script.Main	C-LINEAGE	26	NexusUnleashed.Script.Main\NexusUnleashed.Script.Main.Quests.Paths\Q10557DomSoldierCSIQuestScript.cs
NexusUnleashed.Script.Main\NexusUnleashed.Script.Main.Quests.Paths\Q10558DomSettlerActivateQuestScript.cs	NexusUnleashed.Script.Main	C-LINEAGE	14	NexusUnleashed.Script.Main\NexusUnleashed.Script.Main.Quests.Paths\Q10558DomSettlerActivateQuestScript.cs
NexusUnleashed.Script.Main\NexusUnleashed.Script.Main.Quests.Paths\Q10559DomSettlerCSIQuestScript.cs	NexusUnleashed.Script.Main	C-LINEAGE	26	NexusUnleashed.Script.Main\NexusUnleashed.Script.Main.Quests.Paths\Q10559DomSettlerCSIQuestScript.cs
NexusUnleashed.Script.Main\NexusUnleashed.Script.Main.Quests.Tutorial\Q10518CombatQuestScript.cs	NexusUnleashed.Script.Main	C-LINEAGE	31	NexusUnleashed.Script.Main\NexusUnleashed.Script.Main.Quests.Tutorial\Q10518CombatQuestScript.cs
NexusUnleashed.Script.Main\NexusUnleashed.Script.Main.Quests.Tutorial\Q10519PreparingForDepartureQuestScript.cs	NexusUnleashed.Script.Main	C-LINEAGE	29	NexusUnleashed.Script.Main\NexusUnleashed.Script.Main.Quests.Tutorial\Q10519PreparingForDepartureQuestScript.cs
NexusUnleashed.Script.Main\NexusUnleashed.Script.Main.Quests.Tutorial\Q10520ShipInteriorQuestScript.cs	NexusUnleashed.Script.Main	C-LINEAGE	34	NexusUnleashed.Script.Main\NexusUnleashed.Script.Main.Quests.Tutorial\Q10520ShipInteriorQuestScript.cs
NexusUnleashed.Script.Main\NexusUnleashed.Script.Main.Quests.Tutorial\Q10522PreparingForDepartureQuestScript.cs	NexusUnleashed.Script.Main	C-LINEAGE	29	NexusUnleashed.Script.Main\NexusUnleashed.Script.Main.Quests.Tutorial\Q10522PreparingForDepartureQuestScript.cs
NexusUnleashed.Script.Main\NexusUnleashed.Script.Main.Quests.Tutorial\Q10523ShipInteriorQuestScript.cs	NexusUnleashed.Script.Main	C-LINEAGE	34	NexusUnleashed.Script.Main\NexusUnleashed.Script.Main.Quests.Tutorial\Q10523ShipInteriorQuestScript.cs
NexusUnleashed.Script.Main\NexusUnleashed.Script.Main.Quests.Tutorial\Q10524CombatQuestScript.cs	NexusUnleashed.Script.Main	C-LINEAGE	31	NexusUnleashed.Script.Main\NexusUnleashed.Script.Main.Quests.Tutorial\Q10524CombatQuestScript.cs
NexusUnleashed.Script.Main\NexusUnleashed.Script.Main.Quests.Tutorial\Q10525CryopodConversationsQuestScript.cs	NexusUnleashed.Script.Main	C-LINEAGE	27	NexusUnleashed.Script.Main\NexusUnleashed.Script.Main.Quests.Tutorial\Q10525CryopodConversationsQuestScript.cs
NexusUnleashed.Script.Main\NexusUnleashed.Script.Main.Quests.Tutorial\Q10526CryopodConversationsQuestScript.cs	NexusUnleashed.Script.Main	C-LINEAGE	27	NexusUnleashed.Script.Main\NexusUnleashed.Script.Main.Quests.Tutorial\Q10526CryopodConversationsQuestScript.cs
NexusUnleashed.Script.Main\NexusUnleashed.Script.Main.Quests.Tutorial\Q10528EscapePodQuestScript.cs	NexusUnleashed.Script.Main	C-LINEAGE	64	NexusUnleashed.Script.Main\NexusUnleashed.Script.Main.Quests.Tutorial\Q10528EscapePodQuestScript.cs
NexusUnleashed.Script.Main\NexusUnleashed.Script.Main.Quests.Tutorial\Q10530EscapePodQuestScript.cs	NexusUnleashed.Script.Main	C-LINEAGE	64	NexusUnleashed.Script.Main\NexusUnleashed.Script.Main.Quests.Tutorial\Q10530EscapePodQuestScript.cs
NexusUnleashed.Script.Main\NexusUnleashed.Script.Main.Quests.Tutorial\Q10540HoloTerminalQuestScript.cs	NexusUnleashed.Script.Main	C-LINEAGE	14	NexusUnleashed.Script.Main\NexusUnleashed.Script.Main.Quests.Tutorial\Q10540HoloTerminalQuestScript.cs
NexusUnleashed.Script.Main\NexusUnleashed.Script.Main.Quests.Tutorial\Q10541HoloTerminalQuestScript.cs	NexusUnleashed.Script.Main	C-LINEAGE	14	NexusUnleashed.Script.Main\NexusUnleashed.Script.Main.Quests.Tutorial\Q10541HoloTerminalQuestScript.cs
NexusUnleashed.Script.Main\NexusUnleashed.Script.Main.Quests\Q10510LearningToShopQuestScript.cs	NexusUnleashed.Script.Main	C-LINEAGE	38	NexusUnleashed.Script.Main\NexusUnleashed.Script.Main.Quests\Q10510LearningToShopQuestScript.cs
NexusUnleashed.Script.Main\NexusUnleashed.Script.Main.Spells\EngineerPulseBlastSpellScript.cs	NexusUnleashed.Script.Main	C-LINEAGE	56	NexusUnleashed.Script.Main\NexusUnleashed.Script.Main.Spells\EngineerPulseBlastSpellScript.cs
NexusUnleashed.Script.Main\NexusUnleashed.Script.Main.Spells\MarauderMineExplosionSpellScript.cs	NexusUnleashed.Script.Main	C-LINEAGE	25	NexusUnleashed.Script.Main\NexusUnleashed.Script.Main.Spells\MarauderMineExplosionSpellScript.cs
NexusUnleashed.Script.Main\NexusUnleashed.Script.Main.Transport\HousingReturnTeleporterScript.cs	NexusUnleashed.Script.Main	A-AUTHORED	71	
NexusUnleashed.Script.Main\NexusUnleashed.Script.Main.Transport\TransmatTerminalScript.cs	NexusUnleashed.Script.Main	A-AUTHORED	95	
NexusUnleashed.Script.Main\NexusUnleashed.Script.Main.Transport\WorldLocationTeleporterEntityScript.cs	NexusUnleashed.Script.Main	C-MODIFIED	207	NexusUnleashed.Script.Main\NexusUnleashed.Script.Main.Transport\WorldLocationTeleporterEntityScript.cs
NexusUnleashed.Script.Main\NexusUnleashed.Script.Main.Tutorial.Script.Part1\AutoCompleteAndAcceptQuestScript.cs	NexusUnleashed.Script.Main	C-LINEAGE	27	NexusUnleashed.Script.Main\NexusUnleashed.Script.Main.Tutorial.Script.Part1\AutoCompleteAndAcceptQuestScript.cs
NexusUnleashed.Script.Main\NexusUnleashed.Script.Main.Tutorial.Script.Part1\BarrierEntityScript.cs	NexusUnleashed.Script.Main	C-LINEAGE	27	NexusUnleashed.Script.Main\NexusUnleashed.Script.Main.Tutorial.Script.Part1\BarrierEntityScript.cs
NexusUnleashed.Script.Main\NexusUnleashed.Script.Main.Tutorial.Script.Part1\CombatHologramEntityScript.cs	NexusUnleashed.Script.Main	C-LINEAGE	25	NexusUnleashed.Script.Main\NexusUnleashed.Script.Main.Tutorial.Script.Part1\CombatHologramEntityScript.cs
NexusUnleashed.Script.Main\NexusUnleashed.Script.Main.Tutorial.Script.Part1\DirectionArrowEntityScript.cs	NexusUnleashed.Script.Main	C-LINEAGE	6	NexusUnleashed.Script.Main\NexusUnleashed.Script.Main.Tutorial.Script.Part1\DirectionArrowEntityScript.cs
NexusUnleashed.Script.Main\NexusUnleashed.Script.Main.Tutorial.Script.Part1\FinishLineEntityScript.cs	NexusUnleashed.Script.Main	C-LINEAGE	21	NexusUnleashed.Script.Main\NexusUnleashed.Script.Main.Tutorial.Script.Part1\FinishLineEntityScript.cs
NexusUnleashed.Script.Main\NexusUnleashed.Script.Main.Tutorial.Script.Part1\HoverboardDispenserEntityScript.cs	NexusUnleashed.Script.Main	C-LINEAGE	31	NexusUnleashed.Script.Main\NexusUnleashed.Script.Main.Tutorial.Script.Part1\HoverboardDispenserEntityScript.cs
NexusUnleashed.Script.Main\NexusUnleashed.Script.Main.Tutorial.Script.Part1\NavigatingNexusDominionQuestScript.cs	NexusUnleashed.Script.Main	C-LINEAGE	7	NexusUnleashed.Script.Main\NexusUnleashed.Script.Main.Tutorial.Script.Part1\NavigatingNexusDominionQuestScript.cs
NexusUnleashed.Script.Main\NexusUnleashed.Script.Main.Tutorial.Script.Part1\NavigatingNexusExileQuestScript.cs	NexusUnleashed.Script.Main	C-LINEAGE	7	NexusUnleashed.Script.Main\NexusUnleashed.Script.Main.Tutorial.Script.Part1\NavigatingNexusExileQuestScript.cs
NexusUnleashed.Script.Main\NexusUnleashed.Script.Main.Tutorial.Script.Part1\NavigatingNexusSequentialEntityScript.cs	NexusUnleashed.Script.Main	C-LINEAGE	34	NexusUnleashed.Script.Main\NexusUnleashed.Script.Main.Tutorial.Script.Part1\NavigatingNexusSequentialEntityScript.cs
NexusUnleashed.Script.Main\NexusUnleashed.Script.Main.Tutorial.Script.Part1\ObjectiveRingEntityScript.cs	NexusUnleashed.Script.Main	C-LINEAGE	42	NexusUnleashed.Script.Main\NexusUnleashed.Script.Main.Tutorial.Script.Part1\ObjectiveRingEntityScript.cs
NexusUnleashed.Script.Main\NexusUnleashed.Script.Main.Tutorial.Script.Part1\RaceBoosterScript.cs	NexusUnleashed.Script.Main	C-LINEAGE	101	NexusUnleashed.Script.Main\NexusUnleashed.Script.Main.Tutorial.Script.Part1\RaceBoosterScript.cs
NexusUnleashed.Script.Main\NexusUnleashed.Script.Main.Tutorial.Script.Part2\DirectionArrowPt2EntityScript.cs	NexusUnleashed.Script.Main	C-LINEAGE	6	NexusUnleashed.Script.Main\NexusUnleashed.Script.Main.Tutorial.Script.Part2\DirectionArrowPt2EntityScript.cs
NexusUnleashed.Script.Main\NexusUnleashed.Script.Main.Tutorial.Script.Part2\ExplosiveMineScript.cs	NexusUnleashed.Script.Main	C-LINEAGE	122	NexusUnleashed.Script.Main\NexusUnleashed.Script.Main.Tutorial.Script.Part2\ExplosiveMineScript.cs
NexusUnleashed.Script.Main\NexusUnleashed.Script.Main.Tutorial.Script.Part2\HousingHologramEntityScript.cs	NexusUnleashed.Script.Main	C-LINEAGE	27	NexusUnleashed.Script.Main\NexusUnleashed.Script.Main.Tutorial.Script.Part2\HousingHologramEntityScript.cs
NexusUnleashed.Script.Main\NexusUnleashed.Script.Main.Tutorial.Script.Part2\NavigatingNexusPt2DominionQuestScript.cs	NexusUnleashed.Script.Main	C-LINEAGE	8	NexusUnleashed.Script.Main\NexusUnleashed.Script.Main.Tutorial.Script.Part2\NavigatingNexusPt2DominionQuestScript.cs
NexusUnleashed.Script.Main\NexusUnleashed.Script.Main.Tutorial.Script.Part2\NavigatingNexusPt2ExileQuestScript.cs	NexusUnleashed.Script.Main	C-LINEAGE	8	NexusUnleashed.Script.Main\NexusUnleashed.Script.Main.Tutorial.Script.Part2\NavigatingNexusPt2ExileQuestScript.cs
NexusUnleashed.Script.Main\NexusUnleashed.Script.Main.Tutorial.Script.Part2\NavigatingNexusSequentialPt2EntityScript.cs	NexusUnleashed.Script.Main	C-LINEAGE	29	NexusUnleashed.Script.Main\NexusUnleashed.Script.Main.Tutorial.Script.Part2\NavigatingNexusSequentialPt2EntityScript.cs
NexusUnleashed.Script.Main\NexusUnleashed.Script.Main.Tutorial.Script.Part2\ObjectiveRingPt2EntityScript.cs	NexusUnleashed.Script.Main	C-LINEAGE	22	NexusUnleashed.Script.Main\NexusUnleashed.Script.Main.Tutorial.Script.Part2\ObjectiveRingPt2EntityScript.cs
NexusUnleashed.Script.Main\NexusUnleashed.Script.Main.Tutorial.Script.Part2\TutorialP2EliteExile.cs	NexusUnleashed.Script.Main	C-LINEAGE	46	NexusUnleashed.Script.Main\NexusUnleashed.Script.Main.Tutorial.Script.Part2\TutorialP2EliteExile.cs
NexusUnleashed.Script.Main\NexusUnleashed.Script.Main.Tutorial.Script.Part2\TutorialP2TurretScript.cs	NexusUnleashed.Script.Main	C-LINEAGE	166	NexusUnleashed.Script.Main\NexusUnleashed.Script.Main.Tutorial.Script.Part2\TutorialP2TurretScript.cs
NexusUnleashed.Script.Main\NexusUnleashed.Script.Main.Tutorial.Script\TutorialHostileCreatureVisibilityScript.cs	NexusUnleashed.Script.Main	C-LINEAGE	22	NexusUnleashed.Script.Main\NexusUnleashed.Script.Main.Tutorial.Script\TutorialHostileCreatureVisibilityScript.cs
NexusUnleashed.Script.Main\NexusUnleashed.Script.Main.Tutorial.Script\TutorialHostileTurretVisibilityScript.cs	NexusUnleashed.Script.Main	C-LINEAGE	22	NexusUnleashed.Script.Main\NexusUnleashed.Script.Main.Tutorial.Script\TutorialHostileTurretVisibilityScript.cs
NexusUnleashed.Script.Main\NexusUnleashed.Script.Main.Tutorial\QuestId.cs	NexusUnleashed.Script.Main	C-LINEAGE	10	NexusUnleashed.Script.Main\NexusUnleashed.Script.Main.Tutorial\QuestId.cs
NexusUnleashed.Script.Main\NexusUnleashed.Script.Main.Tutorial\TutorialCommunicatorSequence.cs	NexusUnleashed.Script.Main	C-LINEAGE	36	NexusUnleashed.Script.Main\NexusUnleashed.Script.Main.Tutorial\TutorialCommunicatorSequence.cs
NexusUnleashed.Script.Main\NexusUnleashed.Script.Main.Tutorial\TutorialEntity.cs	NexusUnleashed.Script.Main	C-LINEAGE	26	NexusUnleashed.Script.Main\NexusUnleashed.Script.Main.Tutorial\TutorialEntity.cs
NexusUnleashed.Script.Main\NexusUnleashed.Script.Main.Tutorial\TutorialLocations.cs	NexusUnleashed.Script.Main	C-LINEAGE	6	NexusUnleashed.Script.Main\NexusUnleashed.Script.Main.Tutorial\TutorialLocations.cs
NexusUnleashed.Script.Main\NexusUnleashed.Script.Main.Tutorial\TutorialMapScript.cs	NexusUnleashed.Script.Main	C-LINEAGE	24	NexusUnleashed.Script.Main\NexusUnleashed.Script.Main.Tutorial\TutorialMapScript.cs
NexusUnleashed.Script.Main\NexusUnleashed.Script.Main.Tutorial\TutorialObjectiveData.cs	NexusUnleashed.Script.Main	C-LINEAGE	11	NexusUnleashed.Script.Main\NexusUnleashed.Script.Main.Tutorial\TutorialObjectiveData.cs
NexusUnleashed.Script.Main\NexusUnleashed.Script.Main.Tutorial\TutorialObjectiveHelper.cs	NexusUnleashed.Script.Main	C-LINEAGE	10	NexusUnleashed.Script.Main\NexusUnleashed.Script.Main.Tutorial\TutorialObjectiveHelper.cs
NexusUnleashed.Script.Main\NexusUnleashed.Script.Main.Tutorial\TutorialSpell.cs	NexusUnleashed.Script.Main	C-LINEAGE	19	NexusUnleashed.Script.Main\NexusUnleashed.Script.Main.Tutorial\TutorialSpell.cs
NexusUnleashed.Script.Main\Ported\Dungeon_ColdbloodCitadel_Script\HailstoneGatecrasherEntityScript.cs	NexusUnleashed.Script.Main	B-PORTED	102	
NexusUnleashed.Script.Main\Ported\Dungeon_ProtogamesAcademy_Script\ExitPanelEntityScript.cs	NexusUnleashed.Script.Main	B-PORTED	27	
NexusUnleashed.Script.Main\Ported\Dungeon_ProtogamesAcademy_Script\Room1PortalGridTriggerEntityScript.cs	NexusUnleashed.Script.Main	B-PORTED	31	
NexusUnleashed.Script.Main\Ported\Dungeon_RuinsOfKelVoreth_Script\BloodPitCinematicTriggerScript.cs	NexusUnleashed.Script.Main	B-PORTED	40	
NexusUnleashed.Script.Main\Ported\Dungeon_RuinsOfKelVoreth_Script\BloodPitGladiatorEntityScript.cs	NexusUnleashed.Script.Main	B-PORTED	82	
NexusUnleashed.Script.Main\Ported\Dungeon_RuinsOfKelVoreth_Script\DrokkMessageTriggerScript.cs	NexusUnleashed.Script.Main	B-PORTED	46	
NexusUnleashed.Script.Main\Ported\Dungeon_RuinsOfKelVoreth_Script\ForgemasterMessageTriggerScript.cs	NexusUnleashed.Script.Main	B-PORTED	46	
NexusUnleashed.Script.Main\Ported\Dungeon_SanctuaryOfTheSwordmaiden_Script\LifeweaverTerraceGridTriggerEntityScript.cs	NexusUnleashed.Script.Main	B-PORTED	29	
NexusUnleashed.Script.Main\Ported\Dungeon_SanctuaryOfTheSwordmaiden_Script\MoldwoodCorruptionGridTriggerEntityScript.cs	NexusUnleashed.Script.Main	B-PORTED	29	
NexusUnleashed.Script.Main\Ported\Dungeon_SanctuaryOfTheSwordmaiden_Script\TheTempleOfTheLifeSpeakerGridTriggerEntityScript.cs	NexusUnleashed.Script.Main	B-PORTED	29	
NexusUnleashed.Script.Main\Ported\Dungeon_Skullcano_Script\ChasmGridTriggerEntityScript.cs	NexusUnleashed.Script.Main	B-PORTED	29	
NexusUnleashed.Script.Main\Ported\Dungeon_Skullcano_Script\FindChiefGridTriggerEntityScript.cs	NexusUnleashed.Script.Main	B-PORTED	29	
NexusUnleashed.Script.Main\Ported\Dungeon_Skullcano_Script\PlatformTriggerGuidEntityScript.cs	NexusUnleashed.Script.Main	B-PORTED	31	
NexusUnleashed.Script.Main\Ported\Dungeon_Skullcano_Script\TerraformerGridTriggerEntityScript.cs	NexusUnleashed.Script.Main	B-PORTED	30	
NexusUnleashed.Script.Main\Ported\Dungeon_Skullcano_Script\ThunderfootEntiyScript.cs	NexusUnleashed.Script.Main	B-PORTED	101	
NexusUnleashed.Script.Main\Ported\EventInstance_ProtostarsSuperMallInTheSky_Scripts\SpeakToTheProtostarMallGreeterGridTriggerEntityScript.cs	NexusUnleashed.Script.Main	B-PORTED	28	
NexusUnleashed.Script.Main\Ported\EventInstance_ShadesEve_Script\RingTriggerEntityScript.cs	NexusUnleashed.Script.Main	B-PORTED	28	
NexusUnleashed.Script.Main\Ported\Expedition_FragmentZero_Script\AmbushTriggerEntity.cs	NexusUnleashed.Script.Main	B-PORTED	28	
NexusUnleashed.Script.Main\Ported\Expedition_FragmentZero_Script\CaptainHugoRunnerEntityScript.cs	NexusUnleashed.Script.Main	B-PORTED	51	
NexusUnleashed.Script.Main\Ported\Expedition_FragmentZero_Script\E754EscortEntityScript.cs	NexusUnleashed.Script.Main	B-PORTED	81	
NexusUnleashed.Script.Main\Ported\Expedition_FragmentZero_Script\SearchForCrewmateJoTrigger.cs	NexusUnleashed.Script.Main	B-PORTED	28	
NexusUnleashed.Script.Main\Ported\Expedition_FragmentZero_Script\SearchForCrewmateSyrusTrigger.cs	NexusUnleashed.Script.Main	B-PORTED	28	
NexusUnleashed.Script.Main\Ported\Expedition_FragmentZero_Script\SearchForMissingCrewTrigger.cs	NexusUnleashed.Script.Main	B-PORTED	29	
NexusUnleashed.Script.Main\Ported\Expedition_FragmentZero_Script\WaitForCaptainHugoTrigger.cs	NexusUnleashed.Script.Main	B-PORTED	29	
NexusUnleashed.Script.Main\Ported\Expedition_SpaceMadness_Script\ExactChange3.0EntityScript.cs	NexusUnleashed.Script.Main	B-PORTED	94	
NexusUnleashed.Script.Main\Ported\Legacy2\Source_NexusForever_WorldServer_Script\PlugScript.cs	NexusUnleashed.Script.Main	B-PORTED	15	
NexusUnleashed.Script.Main\Ported\Legacy2b\Adventure_BayOfBetrayal\BayOfBetrayalEventScript.cs	NexusUnleashed.Script.Main	B-PORTED	47	
NexusUnleashed.Script.Main\Ported\Legacy2b\Adventure_BayOfBetrayal\BayOfBetrayalIntroEventScript.cs	NexusUnleashed.Script.Main	B-PORTED	80	
NexusUnleashed.Script.Main\Ported\Legacy2b\Adventure_BayOfBetrayal\BayOfBetrayalMapScript.cs	NexusUnleashed.Script.Main	B-PORTED	14	
NexusUnleashed.Script.Main\Ported\Legacy2b\Adventure_BayOfBetrayal\PublicEventObjective.cs	NexusUnleashed.Script.Main	B-PORTED	10	
NexusUnleashed.Script.Main\Ported\Legacy2b\Adventure_BayOfBetrayal\PublicEventPhase.cs	NexusUnleashed.Script.Main	B-PORTED	10	
NexusUnleashed.Script.Main\Ported\Legacy2b\Adventure_CrimelordsOfWhitevale\CrimelordsOfWhitevaleEventScript.cs	NexusUnleashed.Script.Main	B-PORTED	121	
NexusUnleashed.Script.Main\Ported\Legacy2b\Adventure_CrimelordsOfWhitevale\CrimelordsOfWhitevaleMapScript.cs	NexusUnleashed.Script.Main	B-PORTED	13	
NexusUnleashed.Script.Main\Ported\Legacy2b\Adventure_CrimelordsOfWhitevale\PublicEventObjective.cs	NexusUnleashed.Script.Main	B-PORTED	12	
NexusUnleashed.Script.Main\Ported\Legacy2b\Adventure_CrimelordsOfWhitevale\PublicEventPhase.cs	NexusUnleashed.Script.Main	B-PORTED	12	
NexusUnleashed.Script.Main\Ported\Legacy2b\Adventure_RiotInTheVoid\PublicEventObjective.cs	NexusUnleashed.Script.Main	B-PORTED	12	
NexusUnleashed.Script.Main\Ported\Legacy2b\Adventure_RiotInTheVoid\PublicEventPhase.cs	NexusUnleashed.Script.Main	B-PORTED	12	
NexusUnleashed.Script.Main\Ported\Legacy2b\Adventure_RiotInTheVoid\RiotInTheVoidEventScript.cs	NexusUnleashed.Script.Main	B-PORTED	46	
NexusUnleashed.Script.Main\Ported\Legacy2b\Adventure_RiotInTheVoid\RiotInTheVoidIntroEventScript.cs	NexusUnleashed.Script.Main	B-PORTED	109	
NexusUnleashed.Script.Main\Ported\Legacy2b\Adventure_RiotInTheVoid\RiotInTheVoidMapScript.cs	NexusUnleashed.Script.Main	B-PORTED	14	
NexusUnleashed.Script.Main\Ported\Legacy2b\Adventure_TheHycrestInsurrection\PublicEventObjective.cs	NexusUnleashed.Script.Main	B-PORTED	10	
NexusUnleashed.Script.Main\Ported\Legacy2b\Adventure_TheHycrestInsurrection\PublicEventPhase.cs	NexusUnleashed.Script.Main	B-PORTED	10	
NexusUnleashed.Script.Main\Ported\Legacy2b\Adventure_TheHycrestInsurrection\TheHycrestInsurrectionEventScript.cs	NexusUnleashed.Script.Main	B-PORTED	46	
NexusUnleashed.Script.Main\Ported\Legacy2b\Adventure_TheHycrestInsurrection\TheHycrestInsurrectionIntroEventScript.cs	NexusUnleashed.Script.Main	B-PORTED	80	
NexusUnleashed.Script.Main\Ported\Legacy2b\Adventure_TheHycrestInsurrection\TheHycrestInsurrectionMapScript.cs	NexusUnleashed.Script.Main	B-PORTED	14	
NexusUnleashed.Script.Main\Ported\Legacy2b\Adventure_TheMalgraveTrail\MalgraveSupplyEntityScript.cs	NexusUnleashed.Script.Main	B-PORTED	33	
NexusUnleashed.Script.Main\Ported\Legacy2b\Adventure_TheMalgraveTrail\PublicEventObjective.cs	NexusUnleashed.Script.Main	B-PORTED	15	
NexusUnleashed.Script.Main\Ported\Legacy2b\Adventure_TheMalgraveTrail\PublicEventPhase.cs	NexusUnleashed.Script.Main	B-PORTED	15	
NexusUnleashed.Script.Main\Ported\Legacy2b\Adventure_TheMalgraveTrail\TheMalgraveTrailEventScript.cs	NexusUnleashed.Script.Main	B-PORTED	47	
NexusUnleashed.Script.Main\Ported\Legacy2b\Adventure_TheMalgraveTrail\TheMalgraveTrailExodusEventScript.cs	NexusUnleashed.Script.Main	B-PORTED	148	
NexusUnleashed.Script.Main\Ported\Legacy2b\Adventure_TheMalgraveTrail\TheMalgraveTrailMapScript.cs	NexusUnleashed.Script.Main	B-PORTED	16	
NexusUnleashed.Script.Main\Ported\Legacy2b\Adventure_TheSiegeOfTempestRefuge\PublicEventObjective.cs	NexusUnleashed.Script.Main	B-PORTED	16	
NexusUnleashed.Script.Main\Ported\Legacy2b\Adventure_TheSiegeOfTempestRefuge\PublicEventPhase.cs	NexusUnleashed.Script.Main	B-PORTED	10	
NexusUnleashed.Script.Main\Ported\Legacy2b\Adventure_TheSiegeOfTempestRefuge\TheSiegeOfTempestRefugeDominionEventScript.cs	NexusUnleashed.Script.Main	B-PORTED	31	
NexusUnleashed.Script.Main\Ported\Legacy2b\Adventure_TheSiegeOfTempestRefuge\TheSiegeOfTempestRefugeEventScript.cs	NexusUnleashed.Script.Main	B-PORTED	103	
NexusUnleashed.Script.Main\Ported\Legacy2b\Adventure_TheSiegeOfTempestRefuge\TheSiegeOfTempestRefugeExileEventScript.cs	NexusUnleashed.Script.Main	B-PORTED	31	
NexusUnleashed.Script.Main\Ported\Legacy2b\Adventure_TheSiegeOfTempestRefuge\TheSiegeOfTempestRefugeMapScript.cs	NexusUnleashed.Script.Main	B-PORTED	65	
NexusUnleashed.Script.Main\Ported\Legacy2b\Dungeon_ProtogamesAcademy_Script\PhineasBasicEntityScript.cs	NexusUnleashed.Script.Main	B-PORTED	88	
NexusUnleashed.Script.Main\Ported\Legacy2b\Dungeon_ProtogamesAcademy_Script\PhineasBasicPlatformEntityScript.cs	NexusUnleashed.Script.Main	B-PORTED	24	
NexusUnleashed.Script.Main\Ported\Legacy2b\Dungeon_ProtogamesAcademy_Script\PhineasWelcomeEntityScript.cs	NexusUnleashed.Script.Main	B-PORTED	79	
NexusUnleashed.Script.Main\Ported\Legacy2b\Dungeon_ProtogamesAcademy_Script\Room1PlatformEntityScript.cs	NexusUnleashed.Script.Main	B-PORTED	39	
NexusUnleashed.Script.Main\Ported\Legacy2b\Dungeon_ProtogamesAcademy_Script_Gromka\GromkaEntityScript.cs	NexusUnleashed.Script.Main	B-PORTED	185	
NexusUnleashed.Script.Main\Ported\Legacy2b\Dungeon_ProtogamesAcademy_Script_Gromka\GromkaFireTotemEntityScript.cs	NexusUnleashed.Script.Main	B-PORTED	38	
NexusUnleashed.Script.Main\Ported\Legacy2b\Dungeon_ProtogamesAcademy_Script_Gromka\GromkaFlameWaveEntityScript.cs	NexusUnleashed.Script.Main	B-PORTED	46	
NexusUnleashed.Script.Main\Ported\Legacy2b\Dungeon_ProtogamesAcademy_Script_Gromka\GromkaMoORavelSpellEffectScript.cs	NexusUnleashed.Script.Main	B-PORTED	16	
NexusUnleashed.Script.Main\Ported\Legacy2b\Dungeon_ProtogamesAcademy_Script_Gromka\GromkaSummonFirewavesRavelSpellEffect.cs	NexusUnleashed.Script.Main	B-PORTED	16	
NexusUnleashed.Script.Main\Ported\Legacy2b\Dungeon_ProtogamesAcademy_Script_Gromka\GromkaSummonTotemsRavelSpellEffect.cs	NexusUnleashed.Script.Main	B-PORTED	16	
NexusUnleashed.Script.Main\Ported\Legacy2b\Dungeon_StormtalonsLair_Event\CommunicatorMessage.cs	NexusUnleashed.Script.Main	B-PORTED	28	
NexusUnleashed.Script.Main\Ported\Legacy2b\Dungeon_StormtalonsLair_Event\PublicEventCreature.cs	NexusUnleashed.Script.Main	B-PORTED	6	
NexusUnleashed.Script.Main\Ported\Legacy2b\Dungeon_StormtalonsLair_Event\PublicEventObjective.cs	NexusUnleashed.Script.Main	B-PORTED	31	
NexusUnleashed.Script.Main\Ported\Legacy2b\Dungeon_StormtalonsLair_Event\PublicEventPhase.cs	NexusUnleashed.Script.Main	B-PORTED	11	
NexusUnleashed.Script.Main\Ported\Legacy2b\Dungeon_StormtalonsLair_Event\StormtalonsLairEventScript.cs	NexusUnleashed.Script.Main	B-PORTED	667	
NexusUnleashed.Script.Main\Ported\Legacy2b\Dungeon_StormtalonsLair_Script_Invoker\StaticWispEntityScript.cs	NexusUnleashed.Script.Main	B-PORTED	84	
NexusUnleashed.Script.Main\Ported\Legacy2b\Dungeon_StormtalonsLair_Script_More\AethrosVeteranEntityScript.cs	NexusUnleashed.Script.Main	B-PORTED	21	
NexusUnleashed.Script.Main\Ported\Legacy2b\Dungeon_StormtalonsLair_Script_More\BladeWindTheInvokerVeteranEntityScript.cs	NexusUnleashed.Script.Main	B-PORTED	21	
NexusUnleashed.Script.Main\Ported\Legacy2b\EventBaseContentMapScriptWithSideEvents.cs	NexusUnleashed.Script.Main	B-PORTED	30	
NexusUnleashed.Script.Main\Ported\Legacy2b\Expedition_RageLogic_Event\CommunicatorMessage.cs	NexusUnleashed.Script.Main	B-PORTED	6	
NexusUnleashed.Script.Main\Ported\Legacy2b\Expedition_RageLogic_Event\PublicEventCreature.cs	NexusUnleashed.Script.Main	B-PORTED	12	
NexusUnleashed.Script.Main\Ported\Legacy2b\Expedition_RageLogic_Event\PublicEventObjective.cs	NexusUnleashed.Script.Main	B-PORTED	21	
NexusUnleashed.Script.Main\Ported\Legacy2b\Expedition_RageLogic_Event\PublicEventPhase.cs	NexusUnleashed.Script.Main	B-PORTED	9	
NexusUnleashed.Script.Main\Ported\Legacy2b\Expedition_RageLogic_Event\RageLogicEventScript.cs	NexusUnleashed.Script.Main	B-PORTED	53	
NexusUnleashed.Script.Main\Ported\Legacy2b\Expedition_RageLogic_Event\RageLogicStartingEventScript.cs	NexusUnleashed.Script.Main	B-PORTED	100	
NexusUnleashed.Script.Main\Ported\Legacy2b\Expedition_RageLogic_Event\RageLogicVehicleChoiceEventScript.cs	NexusUnleashed.Script.Main	B-PORTED	39	
NexusUnleashed.Script.Main\Ported\Legacy2b\Raid_RedMoonTerror_FortyMan\PublicEventObjective.cs	NexusUnleashed.Script.Main	B-PORTED	9	
NexusUnleashed.Script.Main\Ported\Legacy2b\Raid_RedMoonTerror_FortyMan\PublicEventPhase.cs	NexusUnleashed.Script.Main	B-PORTED	7	
NexusUnleashed.Script.Main\Ported\Legacy2b\Raid_RedMoonTerror_FortyMan\RedMoonTerror40ManEventScript.cs	NexusUnleashed.Script.Main	B-PORTED	146	
NexusUnleashed.Script.Main\Ported\Legacy2b\ScriptMapSupport.cs	NexusUnleashed.Script.Main	B-PORTED	22	
NexusUnleashed.Script.Main\Ported\Legacy2b\Source_NexusForever_Script_Instance_Dungeon_StormtalonsLair_Script\StormtalonOptionalObjectiveEntityScripts.cs	NexusUnleashed.Script.Main	B-PORTED	92	
NexusUnleashed.Script.Main\Ported\Legacy2b\Source_NexusForever_Script_Instance_Expedition_RageLogic_Script\RageLogicObjectiveEntityScripts.cs	NexusUnleashed.Script.Main	B-PORTED	118	
NexusUnleashed.Script.Main\Ported\Legacy2b\Source_NexusForever_Script_Instance_WorldStory_HallOfTheHundred_Script\AccessTerminalGridTriggerEntityScript.cs	NexusUnleashed.Script.Main	B-PORTED	140	
NexusUnleashed.Script.Main\Ported\Legacy2b\Source_NexusForever_Script_Instance_WorldStory_HallOfTheHundred_Script\BridgeMeetGridTriggerEntityScript.cs	NexusUnleashed.Script.Main	B-PORTED	41	
NexusUnleashed.Script.Main\Ported\Legacy2b\Source_NexusForever_Script_Instance_WorldStory_HallOfTheHundred_Script\BridgeObjectiveEntityScripts.cs	NexusUnleashed.Script.Main	B-PORTED	343	
NexusUnleashed.Script.Main\Ported\Legacy2b\Source_NexusForever_Script_Instance_WorldStory_HallOfTheHundred_Script\ColdAndHungryEventScript.cs	NexusUnleashed.Script.Main	B-PORTED	147	
NexusUnleashed.Script.Main\Ported\Legacy2b\Source_NexusForever_Script_Instance_WorldStory_HallOfTheHundred_Script\ColdSoupForTheSoulrotEventScript.cs	NexusUnleashed.Script.Main	B-PORTED	186	
NexusUnleashed.Script.Main\Ported\Legacy2b\Source_NexusForever_Script_Instance_WorldStory_HallOfTheHundred_Script\CourtyardStatueGridTriggerEntityScript.cs	NexusUnleashed.Script.Main	B-PORTED	41	
NexusUnleashed.Script.Main\Ported\Legacy2b\Source_NexusForever_Script_Instance_WorldStory_HallOfTheHundred_Script\HallOfTheHundredEventScript.cs	NexusUnleashed.Script.Main	B-PORTED	1097	
NexusUnleashed.Script.Main\Ported\Legacy2b\Source_NexusForever_Script_Instance_WorldStory_HallOfTheHundred_Script\HallOfTheHundredMapScript.cs	NexusUnleashed.Script.Main	B-PORTED	36	
NexusUnleashed.Script.Main\Ported\Legacy2b\Source_NexusForever_Script_Instance_WorldStory_HallOfTheHundred_Script\LockedGateInvestigationGridTriggerEntityScript.cs	NexusUnleashed.Script.Main	B-PORTED	38	
NexusUnleashed.Script.Main\Ported\Legacy2b\Source_NexusForever_Script_Instance_WorldStory_HallOfTheHundred_Script\OpeningConversationGridTriggerEntityScript.cs	NexusUnleashed.Script.Main	B-PORTED	37	
NexusUnleashed.Script.Main\Ported\Legacy2b\Source_NexusForever_Script_Instance_WorldStory_HallOfTheHundred_Script\OpeningGatherGridTriggerEntityScript.cs	NexusUnleashed.Script.Main	B-PORTED	37	
NexusUnleashed.Script.Main\Ported\Legacy2b\Source_NexusForever_Script_Instance_WorldStory_HallOfTheHundred_Script\PellGraveyardGridTriggerEntityScript.cs	NexusUnleashed.Script.Main	B-PORTED	43	
NexusUnleashed.Script.Main\Ported\Legacy2b\Source_NexusForever_Script_Instance_WorldStory_HallOfTheHundred_Script\PublicEventObjective.cs	NexusUnleashed.Script.Main	B-PORTED	79	
NexusUnleashed.Script.Main\Ported\Legacy2b\Source_NexusForever_Script_Instance_WorldStory_HallOfTheHundred_Script\PublicEventPhase.cs	NexusUnleashed.Script.Main	B-PORTED	58	
NexusUnleashed.Script.Main\Ported\Legacy2b\Source_NexusForever_Script_Instance_WorldStory_HallOfTheHundred_Script\SoulrotCaveGridTriggerEntityScript.cs	NexusUnleashed.Script.Main	B-PORTED	43	
NexusUnleashed.Script.Main\Ported\Legacy2b\Source_NexusForever_Script_Instance_WorldStory_HallOfTheHundred_Script\TheGraveyardEchoedEventScript.cs	NexusUnleashed.Script.Main	B-PORTED	184	
NexusUnleashed.Script.Main\Ported\Legacy2b\Source_NexusForever_Script_Instance_WorldStory_HallOfTheHundred_Script\TheWarhoundsOfVaregorEventScript.cs	NexusUnleashed.Script.Main	B-PORTED	171	
NexusUnleashed.Script.Main\Ported\Legacy2b\Source_NexusForever_Script_Instance_WorldStory_HallOfTheHundred_Script\VaregorEntityScript.cs	NexusUnleashed.Script.Main	B-PORTED	205	
NexusUnleashed.Script.Main\Ported\Legacy2b\Source_NexusForever_Script_Instance_WorldStory_HallOfTheHundred_Script\WarhoundKennelGridTriggerEntityScript.cs	NexusUnleashed.Script.Main	B-PORTED	76	
NexusUnleashed.Script.Main\Ported\Legacy2b\Source_NexusForever_Script_Instance_WorldStory_HallOfTheHundred_Script\YetiCaveGridTriggerEntityScript.cs	NexusUnleashed.Script.Main	B-PORTED	43	
NexusUnleashed.Script.Main\Ported\Legacy2b\W3\Adventure_FarsideAdventure\FarsideAdventureMapScript.cs	NexusUnleashed.Script.Main	B-PORTED	9	
NexusUnleashed.Script.Main\Ported\Legacy2b\W3\Adventure_FarsideAdventure\PublicEventObjective.cs	NexusUnleashed.Script.Main	B-PORTED	139	
NexusUnleashed.Script.Main\Ported\Legacy2b\W3\Adventure_WarOfTheWilds\PublicEventObjective.cs	NexusUnleashed.Script.Main	B-PORTED	14	
NexusUnleashed.Script.Main\Ported\Legacy2b\W3\Adventure_WarOfTheWilds\PublicEventPhase.cs	NexusUnleashed.Script.Main	B-PORTED	11	
NexusUnleashed.Script.Main\Ported\Legacy2b\W3\Adventure_WarOfTheWilds\WarOfTheWildsDominonTutorialEventScript.cs	NexusUnleashed.Script.Main	B-PORTED	69	
NexusUnleashed.Script.Main\Ported\Legacy2b\W3\Adventure_WarOfTheWilds\WarOfTheWildsExileTutorialEventScript.cs	NexusUnleashed.Script.Main	B-PORTED	72	
NexusUnleashed.Script.Main\Ported\Legacy2b\W3\Battleground_Cannon\CannonMapScript.cs	NexusUnleashed.Script.Main	B-PORTED	10	
NexusUnleashed.Script.Main\Ported\Legacy2b\W3\Battleground_Cannon\PublicEventObjective.cs	NexusUnleashed.Script.Main	B-PORTED	9	
NexusUnleashed.Script.Main\Ported\Legacy2b\W3\Battleground_HallsOfTheBloodsworn\HallsOfTheBloodswornEventScript.cs	NexusUnleashed.Script.Main	B-PORTED	145	
NexusUnleashed.Script.Main\Ported\Legacy2b\W3\Battleground_HallsOfTheBloodsworn\PublicEventCreature.cs	NexusUnleashed.Script.Main	B-PORTED	8	
NexusUnleashed.Script.Main\Ported\Legacy2b\W3\Battleground_HallsOfTheBloodsworn\PublicEventObjective.cs	NexusUnleashed.Script.Main	B-PORTED	23	
NexusUnleashed.Script.Main\Ported\Legacy2b\W3\Battleground_HallsOfTheBloodsworn\PublicEventPhase.cs	NexusUnleashed.Script.Main	B-PORTED	13	
NexusUnleashed.Script.Main\Ported\Legacy2b\W3\Dungeon_ColdbloodCitadel\ColdbloodCitadelEventScript.cs	NexusUnleashed.Script.Main	B-PORTED	349	
NexusUnleashed.Script.Main\Ported\Legacy2b\W3\Dungeon_ColdbloodCitadel\PublicEventCreature.cs	NexusUnleashed.Script.Main	B-PORTED	8	
NexusUnleashed.Script.Main\Ported\Legacy2b\W3\Dungeon_ColdbloodCitadel\PublicEventObjective.cs	NexusUnleashed.Script.Main	B-PORTED	26	
NexusUnleashed.Script.Main\Ported\Legacy2b\W3\Dungeon_ColdbloodCitadel\PublicEventPhase.cs	NexusUnleashed.Script.Main	B-PORTED	10	
NexusUnleashed.Script.Main\Ported\Legacy2b\W3\Dungeon_ProtogamesAcademy_Script\InitiateProtogamesAcademySpellEffectScript.cs	NexusUnleashed.Script.Main	B-PORTED	20	
NexusUnleashed.Script.Main\Ported\Legacy2b\W3\Dungeon_RuinsOfKelVoreth\PublicEventObjective.cs	NexusUnleashed.Script.Main	B-PORTED	30	
NexusUnleashed.Script.Main\Ported\Legacy2b\W3\Dungeon_RuinsOfKelVoreth\PublicEventPhase.cs	NexusUnleashed.Script.Main	B-PORTED	10	
NexusUnleashed.Script.Main\Ported\Legacy2b\W3\Dungeon_RuinsOfKelVoreth\RuinsOfKelVorethEventScript.cs	NexusUnleashed.Script.Main	B-PORTED	209	
NexusUnleashed.Script.Main\Ported\Legacy2b\W3\Dungeon_SanctuaryOfTheSwordmaiden\PublicEventObjective.cs	NexusUnleashed.Script.Main	B-PORTED	59	
NexusUnleashed.Script.Main\Ported\Legacy2b\W3\Dungeon_SanctuaryOfTheSwordmaiden\PublicEventPhase.cs	NexusUnleashed.Script.Main	B-PORTED	19	
NexusUnleashed.Script.Main\Ported\Legacy2b\W3\Dungeon_SanctuaryOfTheSwordmaiden\SanctuaryOfTheSwordmaidenEventScript.cs	NexusUnleashed.Script.Main	B-PORTED	256	
NexusUnleashed.Script.Main\Ported\Legacy2b\W3\Dungeon_SanctuaryOfTheSwordmaiden_Script\FlameMinibossMessageTriggerScript.cs	NexusUnleashed.Script.Main	B-PORTED	44	
NexusUnleashed.Script.Main\Ported\Legacy2b\W3\Dungeon_Skullcano\PublicEventCreature.cs	NexusUnleashed.Script.Main	B-PORTED	11	
NexusUnleashed.Script.Main\Ported\Legacy2b\W3\Dungeon_Skullcano\PublicEventObjective.cs	NexusUnleashed.Script.Main	B-PORTED	39	
NexusUnleashed.Script.Main\Ported\Legacy2b\W3\Dungeon_Skullcano\PublicEventPhase.cs	NexusUnleashed.Script.Main	B-PORTED	15	
NexusUnleashed.Script.Main\Ported\Legacy2b\W3\Dungeon_Skullcano\SkullcanoEventScript.cs	NexusUnleashed.Script.Main	B-PORTED	307	
NexusUnleashed.Script.Main\Ported\Legacy2b\W3\Dungeon_Skullcano_Script\BosunOctogEntiyScript.cs	NexusUnleashed.Script.Main	B-PORTED	120	
NexusUnleashed.Script.Main\Ported\Legacy2b\W3\Dungeon_Skullcano_Script\MordechaiRedmoonEntiyScript.cs	NexusUnleashed.Script.Main	B-PORTED	119	
NexusUnleashed.Script.Main\Ported\Legacy2b\W3\Dungeon_StormtalonsLair_Script_Aethros\GustOfAethrosVeteranEntityScript.cs	NexusUnleashed.Script.Main	B-PORTED	99	
NexusUnleashed.Script.Main\Ported\Legacy2b\W3\Dungeon_StormtalonsLair_Script_Invoker\ThunderCallerVeteranEntityScript.cs	NexusUnleashed.Script.Main	B-PORTED	121	
NexusUnleashed.Script.Main\Ported\Legacy2b\W3\EventInstance_ProtostarsSuperMallInTheSky\ProtostarsSuperMallInTheSkyEventScript.cs	NexusUnleashed.Script.Main	B-PORTED	58	
NexusUnleashed.Script.Main\Ported\Legacy2b\W3\EventInstance_ProtostarsSuperMallInTheSky\ProtostarsSuperMallInTheSkyMapScript.cs	NexusUnleashed.Script.Main	B-PORTED	38	
NexusUnleashed.Script.Main\Ported\Legacy2b\W3\EventInstance_ProtostarsSuperMallInTheSky\PublicEventObjective.cs	NexusUnleashed.Script.Main	B-PORTED	70	
NexusUnleashed.Script.Main\Ported\Legacy2b\W3\EventInstance_ProtostarsSuperMallInTheSky\PublicEventPhase.cs	NexusUnleashed.Script.Main	B-PORTED	38	
NexusUnleashed.Script.Main\Ported\Legacy2b\W3\EventInstance_ShadesEve\PublicEventObjective.cs	NexusUnleashed.Script.Main	B-PORTED	103	
NexusUnleashed.Script.Main\Ported\Legacy2b\W3\EventInstance_ShadesEve\PublicEventPhase.cs	NexusUnleashed.Script.Main	B-PORTED	10	
NexusUnleashed.Script.Main\Ported\Legacy2b\W3\EventInstance_ShadesEve\ShadesEveMainEventScript.cs	NexusUnleashed.Script.Main	B-PORTED	232	
NexusUnleashed.Script.Main\Ported\Legacy2b\W3\EventInstance_ShadesEve\ShadesEveMapScript.cs	NexusUnleashed.Script.Main	B-PORTED	33	
NexusUnleashed.Script.Main\Ported\Legacy2b\W3\EventInstance_ShadesEve_Script\JackShadeBossEntityScript.cs	NexusUnleashed.Script.Main	B-PORTED	88	
NexusUnleashed.Script.Main\Ported\Legacy2b\W3\Expedition_DeepSpaceExploration\DeepSpaceExplorationEventScript.cs	NexusUnleashed.Script.Main	B-PORTED	74	
NexusUnleashed.Script.Main\Ported\Legacy2b\W3\Expedition_DeepSpaceExploration\PublicEventObjective.cs	NexusUnleashed.Script.Main	B-PORTED	33	
NexusUnleashed.Script.Main\Ported\Legacy2b\W3\Expedition_DeepSpaceExploration\PublicEventPhase.cs	NexusUnleashed.Script.Main	B-PORTED	10	
NexusUnleashed.Script.Main\Ported\Legacy2b\W3\Expedition_Infestation\InfestationEventScript.cs	NexusUnleashed.Script.Main	B-PORTED	355	
NexusUnleashed.Script.Main\Ported\Legacy2b\W3\Expedition_Infestation\PublicEventObjective.cs	NexusUnleashed.Script.Main	B-PORTED	18	
NexusUnleashed.Script.Main\Ported\Legacy2b\W3\Expedition_Infestation\PublicEventPhase.cs	NexusUnleashed.Script.Main	B-PORTED	16	
NexusUnleashed.Script.Main\Ported\Legacy2b\W3\Expedition_OutpostM13\OutpostM13EventScript.cs	NexusUnleashed.Script.Main	B-PORTED	249	
NexusUnleashed.Script.Main\Ported\Legacy2b\W3\Expedition_OutpostM13\PublicEventObjective.cs	NexusUnleashed.Script.Main	B-PORTED	25	
NexusUnleashed.Script.Main\Ported\Legacy2b\W3\Expedition_OutpostM13\PublicEventPhase.cs	NexusUnleashed.Script.Main	B-PORTED	17	
NexusUnleashed.Script.Main\Ported\Legacy2b\W3\Expedition_SpaceMadness\PublicEventObjective.cs	NexusUnleashed.Script.Main	B-PORTED	32	
NexusUnleashed.Script.Main\Ported\Legacy2b\W3\Expedition_SpaceMadness\PublicEventPhase.cs	NexusUnleashed.Script.Main	B-PORTED	18	
NexusUnleashed.Script.Main\Ported\Legacy2b\W3\Expedition_SpaceMadness\SpaceMadnessEventScript.cs	NexusUnleashed.Script.Main	B-PORTED	711	
NexusUnleashed.Script.Main\Ported\Legacy2b\W3\Raid_Datascape\DatascapeEventScript.cs	NexusUnleashed.Script.Main	B-PORTED	595	
NexusUnleashed.Script.Main\Ported\Legacy2b\W3\Raid_Datascape\PublicEventObjective.cs	NexusUnleashed.Script.Main	B-PORTED	106	
NexusUnleashed.Script.Main\Ported\Legacy2b\W3\Raid_Datascape\PublicEventPhase.cs	NexusUnleashed.Script.Main	B-PORTED	35	
NexusUnleashed.Script.Main\Ported\Legacy2b\W3\Raid_GeneticArchives\GeneticArchivesEventScript.cs	NexusUnleashed.Script.Main	B-PORTED	265	
NexusUnleashed.Script.Main\Ported\Legacy2b\W3\Raid_GeneticArchives\PublicEventObjective.cs	NexusUnleashed.Script.Main	B-PORTED	57	
NexusUnleashed.Script.Main\Ported\Legacy2b\W3\Raid_GeneticArchives\PublicEventPhase.cs	NexusUnleashed.Script.Main	B-PORTED	17	
NexusUnleashed.Script.Main\Ported\Legacy2b\W3\Raid_InitializationCoreY83\InitializationCoreY83EventScript.cs	NexusUnleashed.Script.Main	B-PORTED	99	
NexusUnleashed.Script.Main\Ported\Legacy2b\W3\Raid_InitializationCoreY83\PublicEventObjective.cs	NexusUnleashed.Script.Main	B-PORTED	13	
NexusUnleashed.Script.Main\Ported\Legacy2b\W3\Raid_InitializationCoreY83\PublicEventPhase.cs	NexusUnleashed.Script.Main	B-PORTED	9	
NexusUnleashed.Script.Main\Ported\Legacy2b\W3\Raid_RedMoonTerror\PublicEventObjective.cs	NexusUnleashed.Script.Main	B-PORTED	63	
NexusUnleashed.Script.Main\Ported\Legacy2b\W3\Raid_RedMoonTerror\PublicEventPhase.cs	NexusUnleashed.Script.Main	B-PORTED	26	
NexusUnleashed.Script.Main\Ported\Legacy2b\W3\Raid_RedMoonTerror\RedMoonTerrorEventScript.cs	NexusUnleashed.Script.Main	B-PORTED	283	
NexusUnleashed.Script.Main\Ported\Legacy2b\Warplot\PublicEventObjective.cs	NexusUnleashed.Script.Main	B-PORTED	240	
NexusUnleashed.Script.Main\Ported\Legacy2b\Warplot\WarplotMapScript.cs	NexusUnleashed.Script.Main	B-PORTED	10	
NexusUnleashed.Script.Main\Ported\Raid_InitializationCoreY83_Script\CentralAccessCorridorTrigger.cs	NexusUnleashed.Script.Main	B-PORTED	43	
NexusUnleashed.Script.Main\Ported\Raid_RedMoonTerror_Script_StarmapSimulation\AlphaCassusEntityScript.cs	NexusUnleashed.Script.Main	B-PORTED	105	
NexusUnleashed.Script.Main\Ported\Requeue\Dungeon_ProtogamesAcademy_Script_Gromka\GromkaFlameWaveSpawnerEntityScript.cs	NexusUnleashed.Script.Main	B-PORTED	60	
NexusUnleashed.Script.Main\Ported\Requeue\Dungeon_RuinsOfKelVoreth_Script\DigsiteScarMessageTriggerScript.cs	NexusUnleashed.Script.Main	B-PORTED	47	
NexusUnleashed.Script.Main\Ported\Requeue\Dungeon_RuinsOfKelVoreth_Script\TheExaniteForgesMessageTriggerScript.cs	NexusUnleashed.Script.Main	B-PORTED	47	
NexusUnleashed.Script.Main\Ported\Requeue\Dungeon_RuinsOfKelVoreth_Script\myForgemasterTrogunEntityScript.cs	NexusUnleashed.Script.Main	B-PORTED	214	
NexusUnleashed.Script.Main\Ported\Requeue\Dungeon_Skullcano_Script\Stew-ShamanTuggaEntiyScript.cs	NexusUnleashed.Script.Main	B-PORTED	190	
NexusUnleashed.Script.Main\Ported\Requeue\Raid_InitializationCoreY83_Script\PhagetouchedDrillbotEntityScript.cs	NexusUnleashed.Script.Main	B-PORTED	137	
NexusUnleashed.Script.Main\Ported\Requeue\Raid_InitializationCoreY83_Script\PhagetouchedFreebotEntityScript.cs	NexusUnleashed.Script.Main	B-PORTED	132	
NexusUnleashed.Script.Main\Ported\Requeue\Raid_InitializationCoreY83_Script\PrimeEvolutionaryOperantLeftEntityScript.cs	NexusUnleashed.Script.Main	B-PORTED	210	
NexusUnleashed.Script.Main\Ported\Requeue\Raid_InitializationCoreY83_Script\PrimeEvolutionaryOperantRightEntityScript.cs	NexusUnleashed.Script.Main	B-PORTED	177	
NexusUnleashed.Script.Main\Ported\Requeue\Raid_InitializationCoreY83_Script\PrimePhageDistributorEntityScript.cs	NexusUnleashed.Script.Main	B-PORTED	314	
NexusUnleashed.Script.Main\Ported\Requeue\Raid_RedMoonTerror_Script_StarmapSimulation\BlackholeEntityScript.cs	NexusUnleashed.Script.Main	B-PORTED	112	
NexusUnleashed.Script.Main\Ported\Requeue\Source_NexusForever_Game_Quest\QuestResetCalculator.cs	NexusUnleashed.Script.Main	B-PORTED	93	
NexusUnleashed.Script.Main\Ported\Requeue\Source_NexusForever_Game_Quest\TargetGroupResolver.cs	NexusUnleashed.Script.Main	B-PORTED	87	
NexusUnleashed.Script.Main\Ported\Requeue\Source_NexusForever_Script_Instance_Dungeon_ColdbloodCitadel_Script\ColdbloodBossObjectiveEntityScripts.cs	NexusUnleashed.Script.Main	B-PORTED	104	
NexusUnleashed.Script.Main\Ported\Requeue\Source_NexusForever_Script_Main_AI\DefaultCombatDummyScript.cs	NexusUnleashed.Script.Main	B-PORTED	62	
NexusUnleashed.Script.Main\Ported\Source_NexusForever_Game_Quest\CraftingQuestObjectiveUpdater.cs	NexusUnleashed.Script.Main	B-PORTED	18	
NexusUnleashed.Script.Main\Ported\Source_NexusForever_Game_Quest\CurrencyQuestObjectiveUpdater.cs	NexusUnleashed.Script.Main	B-PORTED	20	
NexusUnleashed.Script.Main\Ported\Source_NexusForever_Game_Quest\InventoryQuestObjectiveUpdater.cs	NexusUnleashed.Script.Main	B-PORTED	49	
NexusUnleashed.Script.Main\Ported\Source_NexusForever_Game_Quest\PendingQuestShare.cs	NexusUnleashed.Script.Main	B-PORTED	27	
NexusUnleashed.Script.Main\Ported\Source_NexusForever_Game_Quest\SpellQuestObjectiveUpdater.cs	NexusUnleashed.Script.Main	B-PORTED	20	
NexusUnleashed.Script.Main\Ported\Source_NexusForever_Script_Alizar_Thayd_Teleporters\WhitevaleTeleporterEntityScript.cs	NexusUnleashed.Script.Main	B-PORTED	20	
NexusUnleashed.Script.Main\Ported\Source_NexusForever_Script_Instance_Adventure_WarOfTheWilds_Script\GiantMoodieTotemEntityScript.cs	NexusUnleashed.Script.Main	B-PORTED	31	
NexusUnleashed.Script.Main\Ported\Source_NexusForever_Script_Instance_Dungeon_ColdbloodCitadel_Script\ColdbloodObjectiveEntityScripts.cs	NexusUnleashed.Script.Main	B-PORTED	113	
NexusUnleashed.Script.Main\Ported\Source_NexusForever_Script_Instance_Dungeon_ColdbloodCitadel_Script\RallyPellDrumEntityScript.cs	NexusUnleashed.Script.Main	B-PORTED	31	
NexusUnleashed.Script.Main\Ported\Source_NexusForever_Script_Instance_Dungeon_RuinsOfKelVoreth_Script\DarkwitchGurkaEntityScript.cs	NexusUnleashed.Script.Main	B-PORTED	21	
NexusUnleashed.Script.Main\Ported\Source_NexusForever_Script_Instance_Dungeon_RuinsOfKelVoreth_Script\GrondTheCorpsemakerEntityScript.cs	NexusUnleashed.Script.Main	B-PORTED	21	
NexusUnleashed.Script.Main\Ported\Source_NexusForever_Script_Instance_Dungeon_RuinsOfKelVoreth_Script\RuinsOfKelVorethMessageTriggerScriptBase.cs	NexusUnleashed.Script.Main	B-PORTED	59	
NexusUnleashed.Script.Main\Ported\Source_NexusForever_Script_Instance_Dungeon_RuinsOfKelVoreth_Script\RuinsOfKelVorethObjectiveEntityScripts.cs	NexusUnleashed.Script.Main	B-PORTED	96	
NexusUnleashed.Script.Main\Ported\Source_NexusForever_Script_Instance_Dungeon_RuinsOfKelVoreth_Script\SlavemasterDrokkEntityScript.cs	NexusUnleashed.Script.Main	B-PORTED	21	
NexusUnleashed.Script.Main\Ported\Source_NexusForever_Script_Instance_Dungeon_RuinsOfKelVoreth_Script\VorethBattleswornDarkwitchEntityScript.cs	NexusUnleashed.Script.Main	B-PORTED	22	
NexusUnleashed.Script.Main\Ported\Source_NexusForever_Script_Instance_Dungeon_SanctuaryOfTheSwordmaiden_Script\FlameCrazedDemonEntityScript.cs	NexusUnleashed.Script.Main	B-PORTED	21	
NexusUnleashed.Script.Main\Ported\Source_NexusForever_Script_Instance_Dungeon_SanctuaryOfTheSwordmaiden_Script\SanctuaryBossEntityScripts.cs	NexusUnleashed.Script.Main	B-PORTED	300	
NexusUnleashed.Script.Main\Ported\Source_NexusForever_Script_Instance_Dungeon_SanctuaryOfTheSwordmaiden_Script\SanctuaryObjectiveEntityScripts.cs	NexusUnleashed.Script.Main	B-PORTED	111	
NexusUnleashed.Script.Main\Ported\Source_NexusForever_Script_Instance_Dungeon_Skullcano_Script\SkullcanoBossEntityScripts.cs	NexusUnleashed.Script.Main	B-PORTED	49	
NexusUnleashed.Script.Main\Ported\Source_NexusForever_Script_Instance_Dungeon_Skullcano_Script\SkullcanoGroupObjectiveTriggerScript.cs	NexusUnleashed.Script.Main	B-PORTED	25	
NexusUnleashed.Script.Main\Ported\Source_NexusForever_Script_Instance_Dungeon_Skullcano_Script\SkullcanoObjectiveEntityScripts.cs	NexusUnleashed.Script.Main	B-PORTED	124	
NexusUnleashed.Script.Main\Ported\Source_NexusForever_Script_Instance_Dungeon_Skullcano_Script\StewShamanTuggaNormalEntityScript.cs	NexusUnleashed.Script.Main	B-PORTED	21	
NexusUnleashed.Script.Main\Ported\Source_NexusForever_Script_Instance_Dungeon_Skullcano_Script\ThunderfootNormalEntityScript.cs	NexusUnleashed.Script.Main	B-PORTED	21	
NexusUnleashed.Script.Main\Ported\Source_NexusForever_Script_Instance_Dungeon_StormtalonsLair_Script\StopTheThundercallHighPriestGridTriggerEntityScript.cs	NexusUnleashed.Script.Main	B-PORTED	34	
NexusUnleashed.Script.Main\Ported\Source_NexusForever_Script_Instance_Dungeon_StormtalonsLair_Script\StormtalonEntityScript.cs	NexusUnleashed.Script.Main	B-PORTED	22	
NexusUnleashed.Script.Main\Ported\Source_NexusForever_Script_Instance_Dungeon_StormtalonsLair_Script\StormtalonMinibossEntityScripts.cs	NexusUnleashed.Script.Main	B-PORTED	35	
NexusUnleashed.Script.Main\Ported\Source_NexusForever_Script_Instance_Dungeon_StormtalonsLair_Script\ThundercallDataAltarEntityScript.cs	NexusUnleashed.Script.Main	B-PORTED	23	
NexusUnleashed.Script.Main\Ported\Source_NexusForever_Script_Instance_Dungeon_StormtalonsLair_Script\ThundercallStormTotemEntityScript.cs	NexusUnleashed.Script.Main	B-PORTED	23	
NexusUnleashed.Script.Main\Ported\Source_NexusForever_Script_Instance_Dungeon_StormtalonsLair_Script\ThundercallZealotRushEntityScript.cs	NexusUnleashed.Script.Main	B-PORTED	21	
NexusUnleashed.Script.Main\Ported\Source_NexusForever_Script_Instance_Expedition_DeepSpaceExploration_Script\DeepSpaceObjectiveEntityScripts.cs	NexusUnleashed.Script.Main	B-PORTED	96	
NexusUnleashed.Script.Main\Ported\Source_NexusForever_Script_Instance_Expedition_DeepSpaceExploration_Script\DeepSpaceTalkObjectiveEntityScripts.cs	NexusUnleashed.Script.Main	B-PORTED	63	
NexusUnleashed.Script.Main\Ported\Source_NexusForever_Script_Instance_Expedition_Infestation_Script\CargoContainerEntityScript.cs	NexusUnleashed.Script.Main	B-PORTED	38	
NexusUnleashed.Script.Main\Ported\Source_NexusForever_Script_Instance_Expedition_Infestation_Script\ContaminatedShiphandEntityScript.cs	NexusUnleashed.Script.Main	B-PORTED	34	
NexusUnleashed.Script.Main\Ported\Source_NexusForever_Script_Instance_Expedition_Infestation_Script\HullBreachEntityScript.cs	NexusUnleashed.Script.Main	B-PORTED	38	
NexusUnleashed.Script.Main\Ported\Source_NexusForever_Script_Instance_Expedition_Infestation_Script\MedicalSuppliesEntityScript.cs	NexusUnleashed.Script.Main	B-PORTED	38	
NexusUnleashed.Script.Main\Ported\Source_NexusForever_Script_Instance_Expedition_Infestation_Script\ParasiteEntityScripts.cs	NexusUnleashed.Script.Main	B-PORTED	49	
NexusUnleashed.Script.Main\Ported\Source_NexusForever_Script_Instance_Expedition_Infestation_Script\ShipVentEntityScript.cs	NexusUnleashed.Script.Main	B-PORTED	38	
NexusUnleashed.Script.Main\Ported\Source_NexusForever_Script_Instance_Expedition_OutpostM13_Script\CaptainMiloEntityScript.cs	NexusUnleashed.Script.Main	B-PORTED	35	
NexusUnleashed.Script.Main\Ported\Source_NexusForever_Script_Instance_Expedition_OutpostM13_Script\DeadM13MinerEntityScript.cs	NexusUnleashed.Script.Main	B-PORTED	40	
NexusUnleashed.Script.Main\Ported\Source_NexusForever_Script_Instance_Expedition_OutpostM13_Script\ForemanKrauseEntityScript.cs	NexusUnleashed.Script.Main	B-PORTED	39	
NexusUnleashed.Script.Main\Ported\Source_NexusForever_Script_Instance_Expedition_OutpostM13_Script\HiveQueenEntityScript.cs	NexusUnleashed.Script.Main	B-PORTED	63	
NexusUnleashed.Script.Main\Ported\Source_NexusForever_Script_Instance_Expedition_SpaceMadness_Script\CaptainTeroEntityScript.cs	NexusUnleashed.Script.Main	B-PORTED	35	
NexusUnleashed.Script.Main\Ported\Source_NexusForever_Script_Instance_Expedition_SpaceMadness_Script\MajorLeeBarmyEntityScript.cs	NexusUnleashed.Script.Main	B-PORTED	35	
NexusUnleashed.Script.Main\Ported\Source_NexusForever_Script_Instance_Expedition_SpaceMadness_Script\ObservationDeckComputerEntityScript.cs	NexusUnleashed.Script.Main	B-PORTED	38	
NexusUnleashed.Script.Main\Ported\Source_NexusForever_Script_Instance_Expedition_SpaceMadness_Script\SpaceMadnessObjectiveEntityScripts.cs	NexusUnleashed.Script.Main	B-PORTED	205	
NexusUnleashed.Script.Main\Ported\Source_NexusForever_Script_Instance_Raid_Datascape_Script\DatascapeObjectiveCreditEntityScripts.cs	NexusUnleashed.Script.Main	B-PORTED	141	
NexusUnleashed.Script.Main\Ported\Source_NexusForever_Script_Instance_Raid_Datascape_Script\OptimizedMemoryProbeTX67EntityScript.cs	NexusUnleashed.Script.Main	B-PORTED	21	
NexusUnleashed.Script.Main\Ported\Source_NexusForever_Script_Instance_Raid_GeneticArchives_Script\ExperimentX89EntityScript.cs	NexusUnleashed.Script.Main	B-PORTED	21	
NexusUnleashed.Script.Main\Ported\Source_NexusForever_Script_Instance_Raid_GeneticArchives_Script\FetidMiscreationEntityScript.cs	NexusUnleashed.Script.Main	B-PORTED	21	
NexusUnleashed.Script.Main\Ported\Source_NexusForever_Script_Instance_Raid_GeneticArchives_Script\GeneticArchivesBranchBossEntityScripts.cs	NexusUnleashed.Script.Main	B-PORTED	35	
NexusUnleashed.Script.Main\Ported\Source_NexusForever_Script_Instance_Raid_GeneticArchives_Script\GeneticArchivesMalfunctioningEntityScripts.cs	NexusUnleashed.Script.Main	B-PORTED	63	
NexusUnleashed.Script.Main\Ported\Source_NexusForever_Script_Instance_Raid_GeneticArchives_Script\KuralakPillarEntityScript.cs	NexusUnleashed.Script.Main	B-PORTED	17	
NexusUnleashed.Script.Main\Ported\Source_NexusForever_Script_Instance_Raid_GeneticArchives_Script\KuralakTheDefilerEntityScript.cs	NexusUnleashed.Script.Main	B-PORTED	21	
NexusUnleashed.Script.Main\Ported\Source_NexusForever_Script_Instance_Raid_GeneticArchives_Script\PhagetechGuardianEntityScripts.cs	NexusUnleashed.Script.Main	B-PORTED	35	
NexusUnleashed.Script.Main\Ported\Source_NexusForever_Script_Instance_Raid_InitializationCoreY83_Script\InitializationCoreY83ObjectiveEntityScripts.cs	NexusUnleashed.Script.Main	B-PORTED	50	
NexusUnleashed.Script.Main\Ported\Source_NexusForever_Script_Instance_Raid_RedMoonTerror_FortyMan\RedMoonTerror40ManMapScript.cs	NexusUnleashed.Script.Main	B-PORTED	14	
NexusUnleashed.Script.Main\Ported\Source_NexusForever_Script_Instance_Raid_RedMoonTerror_FortyMan_Script\RedMoonTerror40ManLavekaEntityScript.cs	NexusUnleashed.Script.Main	B-PORTED	22	
NexusUnleashed.Script.Main\Ported\Source_NexusForever_Script_Instance_Raid_RedMoonTerror_Script\LavekaTheDarkHeartedEntityScript.cs	NexusUnleashed.Script.Main	B-PORTED	23	
NexusUnleashed.Script.Main\Ported\Source_NexusForever_Script_Instance_Raid_RedMoonTerror_Script\RedMoonTerrorBossEntityScripts.cs	NexusUnleashed.Script.Main	B-PORTED	217	
NexusUnleashed.Script.Main\Ported\Source_NexusForever_WorldServer_Script\Script.cs	NexusUnleashed.Script.Main	B-PORTED	6	
NexusUnleashed.Script.Main\Ported\Source_NexusForever_WorldServer_Script\ScriptAttribute.cs	NexusUnleashed.Script.Main	B-PORTED	13	
NexusUnleashed.Script.Main\Ported\Source_NexusForever_WorldServer_Script_Quests_NorthernWilds\Q3487-Shellshock.cs	NexusUnleashed.Script.Main	B-PORTED	32	
NexusUnleashed.Script.Main\Properties\AssemblyInfo.cs	NexusUnleashed.Script.Main	C-LINEAGE	11	NexusUnleashed.Script.Main\Properties\AssemblyInfo.cs
NexusUnleashed.Script\NexusUnleashed.Script.Compile\CSharpCompiler.cs	NexusUnleashed.Script	C-LINEAGE	110	NexusUnleashed.Script\NexusUnleashed.Script.Compile\CSharpCompiler.cs
NexusUnleashed.Script\NexusUnleashed.Script.Compile\CompileException.cs	NexusUnleashed.Script	C-LINEAGE	9	NexusUnleashed.Script\NexusUnleashed.Script.Compile\CompileException.cs
NexusUnleashed.Script\NexusUnleashed.Script.Compile\ICompiler.cs	NexusUnleashed.Script	C-LINEAGE	10	NexusUnleashed.Script\NexusUnleashed.Script.Compile\ICompiler.cs
NexusUnleashed.Script\NexusUnleashed.Script.Compile\ServiceCollectionExtensions.cs	NexusUnleashed.Script	C-LINEAGE	9	NexusUnleashed.Script\NexusUnleashed.Script.Compile\ServiceCollectionExtensions.cs
NexusUnleashed.Script\NexusUnleashed.Script.Configuration.Model\ScriptConfig.cs	NexusUnleashed.Script	C-LINEAGE	9	NexusUnleashed.Script\NexusUnleashed.Script.Configuration.Model\ScriptConfig.cs
NexusUnleashed.Script\NexusUnleashed.Script.Configuration.Model\ScriptDynamicConfig.cs	NexusUnleashed.Script	C-LINEAGE	8	NexusUnleashed.Script\NexusUnleashed.Script.Configuration.Model\ScriptDynamicConfig.cs
NexusUnleashed.Script\NexusUnleashed.Script.Finder\AssemblyFinder.cs	NexusUnleashed.Script	C-LINEAGE	35	NexusUnleashed.Script\NexusUnleashed.Script.Finder\AssemblyFinder.cs
NexusUnleashed.Script\NexusUnleashed.Script.Finder\IAssemblyFinder.cs	NexusUnleashed.Script	C-LINEAGE	4	NexusUnleashed.Script\NexusUnleashed.Script.Finder\IAssemblyFinder.cs
NexusUnleashed.Script\NexusUnleashed.Script.Finder\IFinder.cs	NexusUnleashed.Script	C-LINEAGE	6	NexusUnleashed.Script\NexusUnleashed.Script.Finder\IFinder.cs
NexusUnleashed.Script\NexusUnleashed.Script.Finder\ISourceFinder.cs	NexusUnleashed.Script	C-LINEAGE	4	NexusUnleashed.Script\NexusUnleashed.Script.Finder\ISourceFinder.cs
NexusUnleashed.Script\NexusUnleashed.Script.Finder\ServiceCollectionExtensions.cs	NexusUnleashed.Script	C-LINEAGE	10	NexusUnleashed.Script\NexusUnleashed.Script.Finder\ServiceCollectionExtensions.cs
NexusUnleashed.Script\NexusUnleashed.Script.Finder\SourceFinder.cs	NexusUnleashed.Script	C-LINEAGE	37	NexusUnleashed.Script\NexusUnleashed.Script.Finder\SourceFinder.cs
NexusUnleashed.Script\NexusUnleashed.Script.Loader\AssemblyLoader.cs	NexusUnleashed.Script	C-LINEAGE	9	NexusUnleashed.Script\NexusUnleashed.Script.Loader\AssemblyLoader.cs
NexusUnleashed.Script\NexusUnleashed.Script.Loader\IAssemblyLoader.cs	NexusUnleashed.Script	C-LINEAGE	4	NexusUnleashed.Script\NexusUnleashed.Script.Loader\IAssemblyLoader.cs
NexusUnleashed.Script\NexusUnleashed.Script.Loader\ILoader.cs	NexusUnleashed.Script	C-LINEAGE	6	NexusUnleashed.Script\NexusUnleashed.Script.Loader\ILoader.cs
NexusUnleashed.Script\NexusUnleashed.Script.Loader\ISourceLoader.cs	NexusUnleashed.Script	C-LINEAGE	4	NexusUnleashed.Script\NexusUnleashed.Script.Loader\ISourceLoader.cs
NexusUnleashed.Script\NexusUnleashed.Script.Loader\ServiceCollectionExtensions.cs	NexusUnleashed.Script	C-LINEAGE	11	NexusUnleashed.Script\NexusUnleashed.Script.Loader\ServiceCollectionExtensions.cs
NexusUnleashed.Script\NexusUnleashed.Script.Loader\SourceLoader.cs	NexusUnleashed.Script	C-LINEAGE	68	NexusUnleashed.Script\NexusUnleashed.Script.Loader\SourceLoader.cs
NexusUnleashed.Script\NexusUnleashed.Script.Static\ReloadType.cs	NexusUnleashed.Script	C-LINEAGE	6	NexusUnleashed.Script\NexusUnleashed.Script.Static\ReloadType.cs
NexusUnleashed.Script\NexusUnleashed.Script.Template.Collection\CollectionFactory.cs	NexusUnleashed.Script	C-LINEAGE	19	NexusUnleashed.Script\NexusUnleashed.Script.Template.Collection\CollectionFactory.cs
NexusUnleashed.Script\NexusUnleashed.Script.Template.Collection\ICollectionFactory.cs	NexusUnleashed.Script	C-LINEAGE	6	NexusUnleashed.Script\NexusUnleashed.Script.Template.Collection\ICollectionFactory.cs
NexusUnleashed.Script\NexusUnleashed.Script.Template.Collection\IOwnedScriptCollection.cs	NexusUnleashed.Script	C-LINEAGE	7	NexusUnleashed.Script\NexusUnleashed.Script.Template.Collection\IOwnedScriptCollection.cs
NexusUnleashed.Script\NexusUnleashed.Script.Template.Collection\IScriptCollection.cs	NexusUnleashed.Script	C-LINEAGE	17	NexusUnleashed.Script\NexusUnleashed.Script.Template.Collection\IScriptCollection.cs
NexusUnleashed.Script\NexusUnleashed.Script.Template.Collection\OwnedScriptCollection.cs	NexusUnleashed.Script	C-LINEAGE	24	NexusUnleashed.Script\NexusUnleashed.Script.Template.Collection\OwnedScriptCollection.cs
NexusUnleashed.Script\NexusUnleashed.Script.Template.Collection\ScriptCollection.cs	NexusUnleashed.Script	C-LINEAGE	155	NexusUnleashed.Script\NexusUnleashed.Script.Template.Collection\ScriptCollection.cs
NexusUnleashed.Script\NexusUnleashed.Script.Template.Collection\ServiceCollectionExtensions.cs	NexusUnleashed.Script	C-LINEAGE	10	NexusUnleashed.Script\NexusUnleashed.Script.Template.Collection\ServiceCollectionExtensions.cs
NexusUnleashed.Script\NexusUnleashed.Script.Template.Event\DelegateEvent.cs	NexusUnleashed.Script	A-AUTHORED	15	
NexusUnleashed.Script\NexusUnleashed.Script.Template.Event\EntityCastEvent.cs	NexusUnleashed.Script	C-LINEAGE	34	NexusUnleashed.Script\NexusUnleashed.Script.Template.Event\EntityCastEvent.cs
NexusUnleashed.Script\NexusUnleashed.Script.Template.Event\EntityRandomMovementEvent.cs	NexusUnleashed.Script	C-LINEAGE	31	NexusUnleashed.Script\NexusUnleashed.Script.Template.Event\EntityRandomMovementEvent.cs
NexusUnleashed.Script\NexusUnleashed.Script.Template.Event\EntitySayEvent.cs	NexusUnleashed.Script	C-LINEAGE	16	NexusUnleashed.Script\NexusUnleashed.Script.Template.Event\EntitySayEvent.cs
NexusUnleashed.Script\NexusUnleashed.Script.Template.Event\EntitySplineEvent.cs	NexusUnleashed.Script	A-AUTHORED	22	
NexusUnleashed.Script\NexusUnleashed.Script.Template.Event\EntitySummonEvent.cs	NexusUnleashed.Script	C-LINEAGE	25	NexusUnleashed.Script\NexusUnleashed.Script.Template.Event\EntitySummonEvent.cs
NexusUnleashed.Script\NexusUnleashed.Script.Template.Event\IDelegateEvent.cs	NexusUnleashed.Script	A-AUTHORED	6	
NexusUnleashed.Script\NexusUnleashed.Script.Template.Event\IEntityCastEvent.cs	NexusUnleashed.Script	C-LINEAGE	9	NexusUnleashed.Script\NexusUnleashed.Script.Template.Event\IEntityCastEvent.cs
NexusUnleashed.Script\NexusUnleashed.Script.Template.Event\IEntityRandomMovementEvent.cs	NexusUnleashed.Script	C-LINEAGE	7	NexusUnleashed.Script\NexusUnleashed.Script.Template.Event\IEntityRandomMovementEvent.cs
NexusUnleashed.Script\NexusUnleashed.Script.Template.Event\IEntitySayEvent.cs	NexusUnleashed.Script	C-LINEAGE	6	NexusUnleashed.Script\NexusUnleashed.Script.Template.Event\IEntitySayEvent.cs
NexusUnleashed.Script\NexusUnleashed.Script.Template.Event\IEntitySplineEvent.cs	NexusUnleashed.Script	A-AUTHORED	7	
NexusUnleashed.Script\NexusUnleashed.Script.Template.Event\IEntitySummonEvent.cs	NexusUnleashed.Script	C-LINEAGE	10	NexusUnleashed.Script\NexusUnleashed.Script.Template.Event\IEntitySummonEvent.cs
NexusUnleashed.Script\NexusUnleashed.Script.Template.Event\IPendingScriptEvent.cs	NexusUnleashed.Script	C-LINEAGE	8	NexusUnleashed.Script\NexusUnleashed.Script.Template.Event\IPendingScriptEvent.cs
NexusUnleashed.Script\NexusUnleashed.Script.Template.Event\IPublicEventObjectiveUpdate.cs	NexusUnleashed.Script	A-AUTHORED	7	
NexusUnleashed.Script\NexusUnleashed.Script.Template.Event\IPublicEventPhaseUpdate.cs	NexusUnleashed.Script	A-AUTHORED	7	
NexusUnleashed.Script\NexusUnleashed.Script.Template.Event\IScriptEvent.cs	NexusUnleashed.Script	C-LINEAGE	5	NexusUnleashed.Script\NexusUnleashed.Script.Template.Event\IScriptEvent.cs
NexusUnleashed.Script\NexusUnleashed.Script.Template.Event\IScriptEventFactory.cs	NexusUnleashed.Script	C-LINEAGE	5	NexusUnleashed.Script\NexusUnleashed.Script.Template.Event\IScriptEventFactory.cs
NexusUnleashed.Script\NexusUnleashed.Script.Template.Event\IScriptEventManager.cs	NexusUnleashed.Script	C-LINEAGE	12	NexusUnleashed.Script\NexusUnleashed.Script.Template.Event\IScriptEventManager.cs
NexusUnleashed.Script\NexusUnleashed.Script.Template.Event\IStoryTextMessageEvent.cs	NexusUnleashed.Script	A-AUTHORED	6	
NexusUnleashed.Script\NexusUnleashed.Script.Template.Event\PendingScriptEvent.cs	NexusUnleashed.Script	C-LINEAGE	8	NexusUnleashed.Script\NexusUnleashed.Script.Template.Event\PendingScriptEvent.cs
NexusUnleashed.Script\NexusUnleashed.Script.Template.Event\PublicEventObjectiveUpdate.cs	NexusUnleashed.Script	A-AUTHORED	22	
NexusUnleashed.Script\NexusUnleashed.Script.Template.Event\PublicEventPhaseUpdate.cs	NexusUnleashed.Script	A-AUTHORED	24	
NexusUnleashed.Script\NexusUnleashed.Script.Template.Event\ScriptEventFactory.cs	NexusUnleashed.Script	C-LINEAGE	15	NexusUnleashed.Script\NexusUnleashed.Script.Template.Event\ScriptEventFactory.cs
NexusUnleashed.Script\NexusUnleashed.Script.Template.Event\ScriptEventManager.cs	NexusUnleashed.Script	C-LINEAGE	64	NexusUnleashed.Script\NexusUnleashed.Script.Template.Event\ScriptEventManager.cs
NexusUnleashed.Script\NexusUnleashed.Script.Template.Event\ServiceCollectionExtensions.cs	NexusUnleashed.Script	C-MODIFIED	27	NexusUnleashed.Script\NexusUnleashed.Script\ServiceCollectionExtensions.cs
NexusUnleashed.Script\NexusUnleashed.Script.Template.Event\StoryTextMessageEvent.cs	NexusUnleashed.Script	A-AUTHORED	32	
NexusUnleashed.Script\NexusUnleashed.Script.Template.Filter.Dynamic\IScriptFilterDynamic.cs	NexusUnleashed.Script	C-LINEAGE	5	NexusUnleashed.Script\NexusUnleashed.Script.Template.Filter.Dynamic\IScriptFilterDynamic.cs
NexusUnleashed.Script\NexusUnleashed.Script.Template.Filter.Dynamic\IScriptFilterDynamicCombatAI.cs	NexusUnleashed.Script	C-LINEAGE	4	NexusUnleashed.Script\NexusUnleashed.Script.Template.Filter.Dynamic\IScriptFilterDynamicCombatAI.cs
NexusUnleashed.Script\NexusUnleashed.Script.Template.Filter.Dynamic\IScriptFilterDynamicEntitySpline.cs	NexusUnleashed.Script	C-LINEAGE	4	NexusUnleashed.Script\NexusUnleashed.Script.Template.Filter.Dynamic\IScriptFilterDynamicEntitySpline.cs
NexusUnleashed.Script\NexusUnleashed.Script.Template.Filter.Dynamic\ScriptFilterDynamicAttribute.cs	NexusUnleashed.Script	C-LINEAGE	6	NexusUnleashed.Script\NexusUnleashed.Script.Template.Filter.Dynamic\ScriptFilterDynamicAttribute.cs
NexusUnleashed.Script\NexusUnleashed.Script.Template.Filter.Dynamic\ScriptFilterDynamicCombatAI.cs	NexusUnleashed.Script	C-LINEAGE	27	NexusUnleashed.Script\NexusUnleashed.Script.Template.Filter.Dynamic\ScriptFilterDynamicCombatAI.cs
NexusUnleashed.Script\NexusUnleashed.Script.Template.Filter.Dynamic\ScriptFilterDynamicEntitySpline.cs	NexusUnleashed.Script	C-LINEAGE	30	NexusUnleashed.Script\NexusUnleashed.Script.Template.Filter.Dynamic\ScriptFilterDynamicEntitySpline.cs
NexusUnleashed.Script\NexusUnleashed.Script.Template.Filter.Dynamic\ServiceCollectionExtensions.cs	NexusUnleashed.Script	C-LINEAGE	22	NexusUnleashed.Script\NexusUnleashed.Script.Template.Filter.Dynamic\ServiceCollectionExtensions.cs
NexusUnleashed.Script\NexusUnleashed.Script.Template.Filter\IScriptFilterMatch.cs	NexusUnleashed.Script	C-LINEAGE	5	NexusUnleashed.Script\NexusUnleashed.Script.Template.Filter\IScriptFilterMatch.cs
NexusUnleashed.Script\NexusUnleashed.Script.Template.Filter\IScriptFilterParameters.cs	NexusUnleashed.Script	C-LINEAGE	12	NexusUnleashed.Script\NexusUnleashed.Script.Template.Filter\IScriptFilterParameters.cs
NexusUnleashed.Script\NexusUnleashed.Script.Template.Filter\IScriptFilterSearch.cs	NexusUnleashed.Script	C-LINEAGE	20	NexusUnleashed.Script\NexusUnleashed.Script.Template.Filter\IScriptFilterSearch.cs
NexusUnleashed.Script\NexusUnleashed.Script.Template.Filter\ScriptFilterActivePropIdAttribute.cs	NexusUnleashed.Script	C-LINEAGE	11	NexusUnleashed.Script\NexusUnleashed.Script.Template.Filter\ScriptFilterActivePropIdAttribute.cs
NexusUnleashed.Script\NexusUnleashed.Script.Template.Filter\ScriptFilterCreatureIdAttribute.cs	NexusUnleashed.Script	C-LINEAGE	11	NexusUnleashed.Script\NexusUnleashed.Script.Template.Filter\ScriptFilterCreatureIdAttribute.cs
NexusUnleashed.Script\NexusUnleashed.Script.Template.Filter\ScriptFilterIgnoreAttribute.cs	NexusUnleashed.Script	C-LINEAGE	6	NexusUnleashed.Script\NexusUnleashed.Script.Template.Filter\ScriptFilterIgnoreAttribute.cs
NexusUnleashed.Script\NexusUnleashed.Script.Template.Filter\ScriptFilterMatch.cs	NexusUnleashed.Script	C-LINEAGE	46	NexusUnleashed.Script\NexusUnleashed.Script.Template.Filter\ScriptFilterMatch.cs
NexusUnleashed.Script\NexusUnleashed.Script.Template.Filter\ScriptFilterOwnerIdAttribute.cs	NexusUnleashed.Script	C-LINEAGE	11	NexusUnleashed.Script\NexusUnleashed.Script.Template.Filter\ScriptFilterOwnerIdAttribute.cs
NexusUnleashed.Script\NexusUnleashed.Script.Template.Filter\ScriptFilterParameters.cs	NexusUnleashed.Script	C-MODIFIED	77	NexusUnleashed.Script\NexusUnleashed.Script.Template.Filter\ScriptFilterParameters.cs
NexusUnleashed.Script\NexusUnleashed.Script.Template.Filter\ScriptFilterScriptNameAttribute.cs	NexusUnleashed.Script	C-LINEAGE	11	NexusUnleashed.Script\NexusUnleashed.Script.Template.Filter\ScriptFilterScriptNameAttribute.cs
NexusUnleashed.Script\NexusUnleashed.Script.Template.Filter\ScriptFilterSearch.cs	NexusUnleashed.Script	C-LINEAGE	48	NexusUnleashed.Script\NexusUnleashed.Script.Template.Filter\ScriptFilterSearch.cs
NexusUnleashed.Script\NexusUnleashed.Script.Template.Filter\ServiceCollectionExtensions.cs	NexusUnleashed.Script	C-LINEAGE	11	NexusUnleashed.Script\NexusUnleashed.Script.Template.Filter\ServiceCollectionExtensions.cs
NexusUnleashed.Script\NexusUnleashed.Script.Template\EventBaseContentMapScript.cs	NexusUnleashed.Script	C-MODIFIED	73	NexusUnleashed.Script.Instance\NexusUnleashed.Script.Instance\EventBaseContentMapScript.cs
NexusUnleashed.Script\NexusUnleashed.Script.Template\FollowUpQuestScript.cs	NexusUnleashed.Script	C-LINEAGE	46	NexusUnleashed.Script\NexusUnleashed.Script.Template\FollowUpQuestScript.cs
NexusUnleashed.Script\NexusUnleashed.Script.Template\ICanSeeMeScript.cs	NexusUnleashed.Script	C-LINEAGE	6	NexusUnleashed.Script\NexusUnleashed.Script.Template\ICanSeeMeScript.cs
NexusUnleashed.Script\NexusUnleashed.Script.Template\IContentMapScript.cs	NexusUnleashed.Script	C-LINEAGE	8	NexusUnleashed.Script\NexusUnleashed.Script.Template\IContentMapScript.cs
NexusUnleashed.Script\NexusUnleashed.Script.Template\IContentPvpMapScript.cs	NexusUnleashed.Script	C-LINEAGE	12	NexusUnleashed.Script\NexusUnleashed.Script.Template\IContentPvpMapScript.cs
NexusUnleashed.Script\NexusUnleashed.Script.Template\IDoorEntityScript.cs	NexusUnleashed.Script	C-LINEAGE	11	NexusUnleashed.Script\NexusUnleashed.Script.Template\IDoorEntityScript.cs
NexusUnleashed.Script\NexusUnleashed.Script.Template\IGridEntityScript.cs	NexusUnleashed.Script	C-LINEAGE	28	NexusUnleashed.Script\NexusUnleashed.Script.Template\IGridEntityScript.cs
NexusUnleashed.Script\NexusUnleashed.Script.Template\IInstancedMapScript.cs	NexusUnleashed.Script	C-LINEAGE	5	NexusUnleashed.Script\NexusUnleashed.Script.Template\IInstancedMapScript.cs
NexusUnleashed.Script\NexusUnleashed.Script.Template\IMapScript.cs	NexusUnleashed.Script	C-LINEAGE	19	NexusUnleashed.Script\NexusUnleashed.Script.Template\IMapScript.cs
NexusUnleashed.Script\NexusUnleashed.Script.Template\INonPlayerScript.cs	NexusUnleashed.Script	C-LINEAGE	5	NexusUnleashed.Script\NexusUnleashed.Script.Template\INonPlayerScript.cs
NexusUnleashed.Script\NexusUnleashed.Script.Template\IOwnedScript.cs	NexusUnleashed.Script	C-LINEAGE	7	NexusUnleashed.Script\NexusUnleashed.Script.Template\IOwnedScript.cs
NexusUnleashed.Script\NexusUnleashed.Script.Template\IPlayerScript.cs	NexusUnleashed.Script	C-LINEAGE	11	NexusUnleashed.Script\NexusUnleashed.Script.Template\IPlayerScript.cs
NexusUnleashed.Script\NexusUnleashed.Script.Template\IPublicEventScript.cs	NexusUnleashed.Script	C-LINEAGE	33	NexusUnleashed.Script\NexusUnleashed.Script.Template\IPublicEventScript.cs
NexusUnleashed.Script\NexusUnleashed.Script.Template\IQuestScript.cs	NexusUnleashed.Script	C-LINEAGE	16	NexusUnleashed.Script\NexusUnleashed.Script.Template\IQuestScript.cs
NexusUnleashed.Script\NexusUnleashed.Script.Template\IScript.cs	NexusUnleashed.Script	C-LINEAGE	10	NexusUnleashed.Script\NexusUnleashed.Script.Template\IScript.cs
NexusUnleashed.Script\NexusUnleashed.Script.Template\ISpellEffectScript.cs	NexusUnleashed.Script	A-AUTHORED	19	
NexusUnleashed.Script\NexusUnleashed.Script.Template\ISpellScript.cs	NexusUnleashed.Script	C-LINEAGE	13	NexusUnleashed.Script\NexusUnleashed.Script.Template\ISpellScript.cs
NexusUnleashed.Script\NexusUnleashed.Script.Template\IUnitScript.cs	NexusUnleashed.Script	C-LINEAGE	26	NexusUnleashed.Script\NexusUnleashed.Script.Template\IUnitScript.cs
NexusUnleashed.Script\NexusUnleashed.Script.Template\IWorldEntityScript.cs	NexusUnleashed.Script	C-LINEAGE	22	NexusUnleashed.Script\NexusUnleashed.Script.Template\IWorldEntityScript.cs
NexusUnleashed.Script\NexusUnleashed.Script.Template\LegacyCreatureScript.cs	NexusUnleashed.Script	A-AUTHORED	185	
NexusUnleashed.Script\NexusUnleashed.Script.Template\LegacyQuestScript.cs	NexusUnleashed.Script	A-AUTHORED	30	
NexusUnleashed.Script\NexusUnleashed.Script.Template\ServiceCollectionExtensions.cs	NexusUnleashed.Script	C-LINEAGE	14	NexusUnleashed.Script\NexusUnleashed.Script.Template\ServiceCollectionExtensions.cs
NexusUnleashed.Script\NexusUnleashed.Script.Watcher\AssemblyWatcher.cs	NexusUnleashed.Script	C-LINEAGE	22	NexusUnleashed.Script\NexusUnleashed.Script.Watcher\AssemblyWatcher.cs
NexusUnleashed.Script\NexusUnleashed.Script.Watcher\IAssemblyWatcher.cs	NexusUnleashed.Script	C-LINEAGE	4	NexusUnleashed.Script\NexusUnleashed.Script.Watcher\IAssemblyWatcher.cs
NexusUnleashed.Script\NexusUnleashed.Script.Watcher\ISourceWatcher.cs	NexusUnleashed.Script	C-LINEAGE	4	NexusUnleashed.Script\NexusUnleashed.Script.Watcher\ISourceWatcher.cs
NexusUnleashed.Script\NexusUnleashed.Script.Watcher\IWatcher.cs	NexusUnleashed.Script	C-LINEAGE	10	NexusUnleashed.Script\NexusUnleashed.Script.Watcher\IWatcher.cs
NexusUnleashed.Script\NexusUnleashed.Script.Watcher\ServiceCollectionExtensions.cs	NexusUnleashed.Script	C-LINEAGE	10	NexusUnleashed.Script\NexusUnleashed.Script.Watcher\ServiceCollectionExtensions.cs
NexusUnleashed.Script\NexusUnleashed.Script.Watcher\SourceWatcher.cs	NexusUnleashed.Script	C-LINEAGE	25	NexusUnleashed.Script\NexusUnleashed.Script.Watcher\SourceWatcher.cs
NexusUnleashed.Script\NexusUnleashed.Script.Watcher\Watcher.cs	NexusUnleashed.Script	C-LINEAGE	47	NexusUnleashed.Script\NexusUnleashed.Script.Watcher\Watcher.cs
NexusUnleashed.Script\NexusUnleashed.Script\IScriptAssemblyInfo.cs	NexusUnleashed.Script	C-LINEAGE	22	NexusUnleashed.Script\NexusUnleashed.Script\IScriptAssemblyInfo.cs
NexusUnleashed.Script\NexusUnleashed.Script\IScriptInfo.cs	NexusUnleashed.Script	C-LINEAGE	19	NexusUnleashed.Script\NexusUnleashed.Script\IScriptInfo.cs
NexusUnleashed.Script\NexusUnleashed.Script\IScriptInstanceInfo.cs	NexusUnleashed.Script	C-LINEAGE	14	NexusUnleashed.Script\NexusUnleashed.Script\IScriptInstanceInfo.cs
NexusUnleashed.Script\NexusUnleashed.Script\IScriptManager.cs	NexusUnleashed.Script	C-LINEAGE	17	NexusUnleashed.Script\NexusUnleashed.Script\IScriptManager.cs
NexusUnleashed.Script\NexusUnleashed.Script\ScriptAssemblyInfo.cs	NexusUnleashed.Script	C-LINEAGE	187	NexusUnleashed.Script\NexusUnleashed.Script\ScriptAssemblyInfo.cs
NexusUnleashed.Script\NexusUnleashed.Script\ScriptException.cs	NexusUnleashed.Script	C-LINEAGE	9	NexusUnleashed.Script\NexusUnleashed.Script\ScriptException.cs
NexusUnleashed.Script\NexusUnleashed.Script\ScriptInfo.cs	NexusUnleashed.Script	C-LINEAGE	75	NexusUnleashed.Script\NexusUnleashed.Script\ScriptInfo.cs
NexusUnleashed.Script\NexusUnleashed.Script\ScriptInstanceInfo.cs	NexusUnleashed.Script	C-LINEAGE	45	NexusUnleashed.Script\NexusUnleashed.Script\ScriptInstanceInfo.cs
NexusUnleashed.Script\NexusUnleashed.Script\ScriptManager.cs	NexusUnleashed.Script	C-LINEAGE	253	NexusUnleashed.Script\NexusUnleashed.Script\ScriptManager.cs
NexusUnleashed.Script\NexusUnleashed.Script\ServiceCollectionExtensions.cs	NexusUnleashed.Script	C-LINEAGE	23	NexusUnleashed.Script\NexusUnleashed.Script\ServiceCollectionExtensions.cs
NexusUnleashed.Script\Properties\AssemblyInfo.cs	NexusUnleashed.Script	C-LINEAGE	11	NexusUnleashed.Script\Properties\AssemblyInfo.cs
NexusUnleashed.Server.GroupServer\NexusUnleashed.Server.GroupServer.Character\Character.cs	NexusUnleashed.Server.GroupServer	C-LINEAGE	484	NexusUnleashed.Server.GroupServer\NexusUnleashed.Server.GroupServer.Character\Character.cs
NexusUnleashed.Server.GroupServer\NexusUnleashed.Server.GroupServer.Character\CharacterExtensions.cs	NexusUnleashed.Server.GroupServer	C-LINEAGE	33	NexusUnleashed.Server.GroupServer\NexusUnleashed.Server.GroupServer.Character\CharacterExtensions.cs
NexusUnleashed.Server.GroupServer\NexusUnleashed.Server.GroupServer.Character\CharacterGroup.cs	NexusUnleashed.Server.GroupServer	C-LINEAGE	56	NexusUnleashed.Server.GroupServer\NexusUnleashed.Server.GroupServer.Character\CharacterGroup.cs
NexusUnleashed.Server.GroupServer\NexusUnleashed.Server.GroupServer.Character\CharacterManager.cs	NexusUnleashed.Server.GroupServer	C-LINEAGE	82	NexusUnleashed.Server.GroupServer\NexusUnleashed.Server.GroupServer.Character\CharacterManager.cs
NexusUnleashed.Server.GroupServer\NexusUnleashed.Server.GroupServer.Character\CharacterMappingExtensions.cs	NexusUnleashed.Server.GroupServer	C-LINEAGE	44	NexusUnleashed.Server.GroupServer\NexusUnleashed.Server.GroupServer.Character\CharacterMappingExtensions.cs
NexusUnleashed.Server.GroupServer\NexusUnleashed.Server.GroupServer.Character\CharacterProperty.cs	NexusUnleashed.Server.GroupServer	C-LINEAGE	46	NexusUnleashed.Server.GroupServer\NexusUnleashed.Server.GroupServer.Character\CharacterProperty.cs
NexusUnleashed.Server.GroupServer\NexusUnleashed.Server.GroupServer.Character\CharacterStat.cs	NexusUnleashed.Server.GroupServer	C-LINEAGE	46	NexusUnleashed.Server.GroupServer\NexusUnleashed.Server.GroupServer.Character\CharacterStat.cs
NexusUnleashed.Server.GroupServer\NexusUnleashed.Server.GroupServer.Character\ServiceCollectionExtensions.cs	NexusUnleashed.Server.GroupServer	C-LINEAGE	12	NexusUnleashed.Server.GroupServer\NexusUnleashed.Server.GroupServer.Character\ServiceCollectionExtensions.cs
NexusUnleashed.Server.GroupServer\NexusUnleashed.Server.GroupServer.Design\GroupContextFactory.cs	NexusUnleashed.Server.GroupServer	C-LINEAGE	18	NexusUnleashed.Server.GroupServer\NexusUnleashed.Server.GroupServer.Design\GroupContextFactory.cs
NexusUnleashed.Server.GroupServer\NexusUnleashed.Server.GroupServer.Group\Group.cs	NexusUnleashed.Server.GroupServer	C-LINEAGE	747	NexusUnleashed.Server.GroupServer\NexusUnleashed.Server.GroupServer.Group\Group.cs
NexusUnleashed.Server.GroupServer\NexusUnleashed.Server.GroupServer.Group\GroupInvite.cs	NexusUnleashed.Server.GroupServer	C-LINEAGE	66	NexusUnleashed.Server.GroupServer\NexusUnleashed.Server.GroupServer.Group\GroupInvite.cs
NexusUnleashed.Server.GroupServer\NexusUnleashed.Server.GroupServer.Group\GroupManager.cs	NexusUnleashed.Server.GroupServer	C-LINEAGE	69	NexusUnleashed.Server.GroupServer\NexusUnleashed.Server.GroupServer.Group\GroupManager.cs
NexusUnleashed.Server.GroupServer\NexusUnleashed.Server.GroupServer.Group\GroupMappingExtensions.cs	NexusUnleashed.Server.GroupServer	C-LINEAGE	48	NexusUnleashed.Server.GroupServer\NexusUnleashed.Server.GroupServer.Group\GroupMappingExtensions.cs
NexusUnleashed.Server.GroupServer\NexusUnleashed.Server.GroupServer.Group\GroupMarker.cs	NexusUnleashed.Server.GroupServer	C-LINEAGE	82	NexusUnleashed.Server.GroupServer\NexusUnleashed.Server.GroupServer.Group\GroupMarker.cs
NexusUnleashed.Server.GroupServer\NexusUnleashed.Server.GroupServer.Group\GroupMember.cs	NexusUnleashed.Server.GroupServer	C-LINEAGE	146	NexusUnleashed.Server.GroupServer\NexusUnleashed.Server.GroupServer.Group\GroupMember.cs
NexusUnleashed.Server.GroupServer\NexusUnleashed.Server.GroupServer.Group\GroupMemberMappingExtensions.cs	NexusUnleashed.Server.GroupServer	C-LINEAGE	19	NexusUnleashed.Server.GroupServer\NexusUnleashed.Server.GroupServer.Group\GroupMemberMappingExtensions.cs
NexusUnleashed.Server.GroupServer\NexusUnleashed.Server.GroupServer.Group\GroupRequest.cs	NexusUnleashed.Server.GroupServer	C-LINEAGE	78	NexusUnleashed.Server.GroupServer\NexusUnleashed.Server.GroupServer.Group\GroupRequest.cs
NexusUnleashed.Server.GroupServer\NexusUnleashed.Server.GroupServer.Group\ServiceCollectionExtensions.cs	NexusUnleashed.Server.GroupServer	C-LINEAGE	14	NexusUnleashed.Server.GroupServer\NexusUnleashed.Server.GroupServer.Group\ServiceCollectionExtensions.cs
NexusUnleashed.Server.GroupServer\NexusUnleashed.Server.GroupServer.Job\CharacterDirtyRealmScheduledJob.cs	NexusUnleashed.Server.GroupServer	C-LINEAGE	60	NexusUnleashed.Server.GroupServer\NexusUnleashed.Server.GroupServer.Job\CharacterDirtyRealmScheduledJob.cs
NexusUnleashed.Server.GroupServer\NexusUnleashed.Server.GroupServer.Job\CharacterDirtyStatsScheduledJob.cs	NexusUnleashed.Server.GroupServer	C-LINEAGE	60	NexusUnleashed.Server.GroupServer\NexusUnleashed.Server.GroupServer.Job\CharacterDirtyStatsScheduledJob.cs
NexusUnleashed.Server.GroupServer\NexusUnleashed.Server.GroupServer.Job\GroupDirtyPositionScheduledJob.cs	NexusUnleashed.Server.GroupServer	C-LINEAGE	57	NexusUnleashed.Server.GroupServer\NexusUnleashed.Server.GroupServer.Job\GroupDirtyPositionScheduledJob.cs
NexusUnleashed.Server.GroupServer\NexusUnleashed.Server.GroupServer.Job\GroupInviteExpiredScheduledJob.cs	NexusUnleashed.Server.GroupServer	C-LINEAGE	38	NexusUnleashed.Server.GroupServer\NexusUnleashed.Server.GroupServer.Job\GroupInviteExpiredScheduledJob.cs
NexusUnleashed.Server.GroupServer\NexusUnleashed.Server.GroupServer.Job\GroupRequestExpiredScheduledJob.cs	NexusUnleashed.Server.GroupServer	C-LINEAGE	38	NexusUnleashed.Server.GroupServer\NexusUnleashed.Server.GroupServer.Job\GroupRequestExpiredScheduledJob.cs
NexusUnleashed.Server.GroupServer\NexusUnleashed.Server.GroupServer.Job\OutboxScheduledJob.cs	NexusUnleashed.Server.GroupServer	C-LINEAGE	42	NexusUnleashed.Server.GroupServer\NexusUnleashed.Server.GroupServer.Job\OutboxScheduledJob.cs
NexusUnleashed.Server.GroupServer\NexusUnleashed.Server.GroupServer.Job\ServiceCollectionExtensions.cs	NexusUnleashed.Server.GroupServer	C-LINEAGE	57	NexusUnleashed.Server.GroupServer\NexusUnleashed.Server.GroupServer.Job\ServiceCollectionExtensions.cs
NexusUnleashed.Server.GroupServer\NexusUnleashed.Server.GroupServer.Network.Internal.Handler.Group\GroupDisbandHandler.cs	NexusUnleashed.Server.GroupServer	C-LINEAGE	39	NexusUnleashed.Server.GroupServer\NexusUnleashed.Server.GroupServer.Network.Internal.Handler.Group\GroupDisbandHandler.cs
NexusUnleashed.Server.GroupServer\NexusUnleashed.Server.GroupServer.Network.Internal.Handler.Group\GroupFlagsUpdateHandler.cs	NexusUnleashed.Server.GroupServer	C-LINEAGE	41	NexusUnleashed.Server.GroupServer\NexusUnleashed.Server.GroupServer.Network.Internal.Handler.Group\GroupFlagsUpdateHandler.cs
NexusUnleashed.Server.GroupServer\NexusUnleashed.Server.GroupServer.Network.Internal.Handler.Group\GroupLootRulesUpdateHandler.cs	NexusUnleashed.Server.GroupServer	C-LINEAGE	41	NexusUnleashed.Server.GroupServer\NexusUnleashed.Server.GroupServer.Network.Internal.Handler.Group\GroupLootRulesUpdateHandler.cs
NexusUnleashed.Server.GroupServer\NexusUnleashed.Server.GroupServer.Network.Internal.Handler.Group\GroupMarkerHandler.cs	NexusUnleashed.Server.GroupServer	C-LINEAGE	50	NexusUnleashed.Server.GroupServer\NexusUnleashed.Server.GroupServer.Network.Internal.Handler.Group\GroupMarkerHandler.cs
NexusUnleashed.Server.GroupServer\NexusUnleashed.Server.GroupServer.Network.Internal.Handler.Group\GroupMemberFlagUpdateHandler.cs	NexusUnleashed.Server.GroupServer	C-LINEAGE	41	NexusUnleashed.Server.GroupServer\NexusUnleashed.Server.GroupServer.Network.Internal.Handler.Group\GroupMemberFlagUpdateHandler.cs
NexusUnleashed.Server.GroupServer\NexusUnleashed.Server.GroupServer.Network.Internal.Handler.Group\GroupMemberKickHandler.cs	NexusUnleashed.Server.GroupServer	C-LINEAGE	41	NexusUnleashed.Server.GroupServer\NexusUnleashed.Server.GroupServer.Network.Internal.Handler.Group\GroupMemberKickHandler.cs
NexusUnleashed.Server.GroupServer\NexusUnleashed.Server.GroupServer.Network.Internal.Handler.Group\GroupMemberLeaveHandler.cs	NexusUnleashed.Server.GroupServer	C-LINEAGE	41	NexusUnleashed.Server.GroupServer\NexusUnleashed.Server.GroupServer.Network.Internal.Handler.Group\GroupMemberLeaveHandler.cs
NexusUnleashed.Server.GroupServer\NexusUnleashed.Server.GroupServer.Network.Internal.Handler.Group\GroupMemberPromoteHandler.cs	NexusUnleashed.Server.GroupServer	C-LINEAGE	41	NexusUnleashed.Server.GroupServer\NexusUnleashed.Server.GroupServer.Network.Internal.Handler.Group\GroupMemberPromoteHandler.cs
NexusUnleashed.Server.GroupServer\NexusUnleashed.Server.GroupServer.Network.Internal.Handler.Group\GroupMemberRequestHandler.cs	NexusUnleashed.Server.GroupServer	C-LINEAGE	94	NexusUnleashed.Server.GroupServer\NexusUnleashed.Server.GroupServer.Network.Internal.Handler.Group\GroupMemberRequestHandler.cs
NexusUnleashed.Server.GroupServer\NexusUnleashed.Server.GroupServer.Network.Internal.Handler.Group\GroupMemberRequestReponseHandler.cs	NexusUnleashed.Server.GroupServer	C-LINEAGE	33	NexusUnleashed.Server.GroupServer\NexusUnleashed.Server.GroupServer.Network.Internal.Handler.Group\GroupMemberRequestReponseHandler.cs
NexusUnleashed.Server.GroupServer\NexusUnleashed.Server.GroupServer.Network.Internal.Handler.Group\GroupPlayerInviteHandler.cs	NexusUnleashed.Server.GroupServer	C-LINEAGE	103	NexusUnleashed.Server.GroupServer\NexusUnleashed.Server.GroupServer.Network.Internal.Handler.Group\GroupPlayerInviteHandler.cs
NexusUnleashed.Server.GroupServer\NexusUnleashed.Server.GroupServer.Network.Internal.Handler.Group\GroupPlayerInviteRespondedHandler.cs	NexusUnleashed.Server.GroupServer	C-LINEAGE	33	NexusUnleashed.Server.GroupServer\NexusUnleashed.Server.GroupServer.Network.Internal.Handler.Group\GroupPlayerInviteRespondedHandler.cs
NexusUnleashed.Server.GroupServer\NexusUnleashed.Server.GroupServer.Network.Internal.Handler.Group\GroupReadyCheckMessageHandler.cs	NexusUnleashed.Server.GroupServer	C-LINEAGE	44	NexusUnleashed.Server.GroupServer\NexusUnleashed.Server.GroupServer.Network.Internal.Handler.Group\GroupReadyCheckMessageHandler.cs
NexusUnleashed.Server.GroupServer\NexusUnleashed.Server.GroupServer.Network.Internal.Handler.Group\ZoneMapPingHandler.cs	NexusUnleashed.Server.GroupServer	A-AUTHORED	43	
NexusUnleashed.Server.GroupServer\NexusUnleashed.Server.GroupServer.Network.Internal.Handler.Match\MatchCreatedHandler.cs	NexusUnleashed.Server.GroupServer	C-LINEAGE	61	NexusUnleashed.Server.GroupServer\NexusUnleashed.Server.GroupServer.Network.Internal.Handler.Match\MatchCreatedHandler.cs
NexusUnleashed.Server.GroupServer\NexusUnleashed.Server.GroupServer.Network.Internal.Handler.Match\MatchMemberLeftHandler.cs	NexusUnleashed.Server.GroupServer	C-LINEAGE	26	NexusUnleashed.Server.GroupServer\NexusUnleashed.Server.GroupServer.Network.Internal.Handler.Match\MatchMemberLeftHandler.cs
NexusUnleashed.Server.GroupServer\NexusUnleashed.Server.GroupServer.Network.Internal.Handler.Match\MatchRemovedHandler.cs	NexusUnleashed.Server.GroupServer	C-LINEAGE	25	NexusUnleashed.Server.GroupServer\NexusUnleashed.Server.GroupServer.Network.Internal.Handler.Match\MatchRemovedHandler.cs
NexusUnleashed.Server.GroupServer\NexusUnleashed.Server.GroupServer.Network.Internal.Handler.Player\PlayerLoggedInHandler.cs	NexusUnleashed.Server.GroupServer	C-LINEAGE	65	NexusUnleashed.Server.GroupServer\NexusUnleashed.Server.GroupServer.Network.Internal.Handler.Player\PlayerLoggedInHandler.cs
NexusUnleashed.Server.GroupServer\NexusUnleashed.Server.GroupServer.Network.Internal.Handler.Player\PlayerLoggedOutHandler.cs	NexusUnleashed.Server.GroupServer	C-LINEAGE	39	NexusUnleashed.Server.GroupServer\NexusUnleashed.Server.GroupServer.Network.Internal.Handler.Player\PlayerLoggedOutHandler.cs
NexusUnleashed.Server.GroupServer\NexusUnleashed.Server.GroupServer.Network.Internal.Handler.Player\PlayerPositionUpdatedHandler.cs	NexusUnleashed.Server.GroupServer	C-LINEAGE	40	NexusUnleashed.Server.GroupServer\NexusUnleashed.Server.GroupServer.Network.Internal.Handler.Player\PlayerPositionUpdatedHandler.cs
NexusUnleashed.Server.GroupServer\NexusUnleashed.Server.GroupServer.Network.Internal.Handler.Player\PlayerPropertyUpdatedHandler.cs	NexusUnleashed.Server.GroupServer	C-LINEAGE	42	NexusUnleashed.Server.GroupServer\NexusUnleashed.Server.GroupServer.Network.Internal.Handler.Player\PlayerPropertyUpdatedHandler.cs
NexusUnleashed.Server.GroupServer\NexusUnleashed.Server.GroupServer.Network.Internal.Handler.Player\PlayerStatUpdatedHandler.cs	NexusUnleashed.Server.GroupServer	C-LINEAGE	37	NexusUnleashed.Server.GroupServer\NexusUnleashed.Server.GroupServer.Network.Internal.Handler.Player\PlayerStatUpdatedHandler.cs
NexusUnleashed.Server.GroupServer\NexusUnleashed.Server.GroupServer.Network.Internal.Handler.Player\PlayerWorldUpdatedHandler.cs	NexusUnleashed.Server.GroupServer	C-LINEAGE	26	NexusUnleashed.Server.GroupServer\NexusUnleashed.Server.GroupServer.Network.Internal.Handler.Player\PlayerWorldUpdatedHandler.cs
NexusUnleashed.Server.GroupServer\NexusUnleashed.Server.GroupServer.Network.Internal.Handler.Player\PlayerWorldZoneUpdatedHandler.cs	NexusUnleashed.Server.GroupServer	C-LINEAGE	26	NexusUnleashed.Server.GroupServer\NexusUnleashed.Server.GroupServer.Network.Internal.Handler.Player\PlayerWorldZoneUpdatedHandler.cs
NexusUnleashed.Server.GroupServer\NexusUnleashed.Server.GroupServer.Network.Internal\OutboxMessagePublisher.cs	NexusUnleashed.Server.GroupServer	C-LINEAGE	32	NexusUnleashed.Server.GroupServer\NexusUnleashed.Server.GroupServer.Network.Internal\OutboxMessagePublisher.cs
NexusUnleashed.Server.GroupServer\NexusUnleashed.Server.GroupServer\GroupServer.cs	NexusUnleashed.Server.GroupServer	C-LINEAGE	56	NexusUnleashed.Server.GroupServer\NexusUnleashed.Server.GroupServer\GroupServer.cs
NexusUnleashed.Server.GroupServer\NexusUnleashed.Server.GroupServer\HostedService.cs	NexusUnleashed.Server.GroupServer	C-MODIFIED	47	NexusUnleashed.Server.GroupServer\NexusUnleashed.Server.GroupServer\HostedService.cs
NexusUnleashed.Server.GroupServer\NexusUnleashed.Server.GroupServer\IWrappedModel.cs	NexusUnleashed.Server.GroupServer	C-LINEAGE	5	NexusUnleashed.Server.GroupServer\NexusUnleashed.Server.GroupServer\IWrappedModel.cs
NexusUnleashed.Server.GroupServer\NexusUnleashed.Server.GroupServer\Identity.cs	NexusUnleashed.Server.GroupServer	C-LINEAGE	15	NexusUnleashed.Server.GroupServer\NexusUnleashed.Server.GroupServer\Identity.cs
NexusUnleashed.Server.GroupServer\NexusUnleashed.Server.GroupServer\IdentityMappingExtensions.cs	NexusUnleashed.Server.GroupServer	C-LINEAGE	54	NexusUnleashed.Server.GroupServer\NexusUnleashed.Server.GroupServer\IdentityMappingExtensions.cs
NexusUnleashed.Server.GroupServer\NexusUnleashed.Server.GroupServer\IdentityName.cs	NexusUnleashed.Server.GroupServer	C-LINEAGE	15	NexusUnleashed.Server.GroupServer\NexusUnleashed.Server.GroupServer\IdentityName.cs
NexusUnleashed.Server.GroupServer\NexusUnleashed.Server.GroupServer\ServiceCollectionExtensions.cs	NexusUnleashed.Server.GroupServer	C-MODIFIED	37	NexusUnleashed.Server.GroupServer\NexusUnleashed.Server.GroupServer\ServiceCollectionExtensions.cs
NexusUnleashed.Server.GroupServer\Properties\AssemblyInfo.cs	NexusUnleashed.Server.GroupServer	C-LINEAGE	11	NexusUnleashed.Server.GroupServer\Properties\AssemblyInfo.cs
NexusUnleashed.WorldServer\NexusUnleashed.WorldServer.Command.Context\ConsoleCommandContext.cs	NexusUnleashed.WorldServer	C-LINEAGE	39	NexusUnleashed.WorldServer\NexusUnleashed.WorldServer.Command.Context\ConsoleCommandContext.cs
NexusUnleashed.WorldServer\NexusUnleashed.WorldServer.Command.Context\ICommandContext.cs	NexusUnleashed.WorldServer	C-LINEAGE	15	NexusUnleashed.WorldServer\NexusUnleashed.WorldServer.Command.Context\ICommandContext.cs
NexusUnleashed.WorldServer\NexusUnleashed.WorldServer.Command.Context\WebSocketCommandContext.cs	NexusUnleashed.WorldServer	C-LINEAGE	63	NexusUnleashed.WorldServer\NexusUnleashed.WorldServer.Command.Context\WebSocketCommandContext.cs
NexusUnleashed.WorldServer\NexusUnleashed.WorldServer.Command.Context\WorldSessionCommandContext.cs	NexusUnleashed.WorldServer	C-LINEAGE	52	NexusUnleashed.WorldServer\NexusUnleashed.WorldServer.Command.Context\WorldSessionCommandContext.cs
NexusUnleashed.WorldServer\NexusUnleashed.WorldServer.Command.Convert\ByteParameterConverter.cs	NexusUnleashed.WorldServer	C-LINEAGE	10	NexusUnleashed.WorldServer\NexusUnleashed.WorldServer.Command.Convert\ByteParameterConverter.cs
NexusUnleashed.WorldServer\NexusUnleashed.WorldServer.Command.Convert\ConvertAttribute.cs	NexusUnleashed.WorldServer	C-LINEAGE	11	NexusUnleashed.WorldServer\NexusUnleashed.WorldServer.Command.Convert\ConvertAttribute.cs
NexusUnleashed.WorldServer\NexusUnleashed.WorldServer.Command.Convert\DateTimeConverter.cs	NexusUnleashed.WorldServer	C-LINEAGE	11	NexusUnleashed.WorldServer\NexusUnleashed.WorldServer.Command.Convert\DateTimeConverter.cs
NexusUnleashed.WorldServer\NexusUnleashed.WorldServer.Command.Convert\EnumParameterConverter.cs	NexusUnleashed.WorldServer	C-LINEAGE	10	NexusUnleashed.WorldServer\NexusUnleashed.WorldServer.Command.Convert\EnumParameterConverter.cs
NexusUnleashed.WorldServer\NexusUnleashed.WorldServer.Command.Convert\FloatParameterConverter.cs	NexusUnleashed.WorldServer	C-LINEAGE	10	NexusUnleashed.WorldServer\NexusUnleashed.WorldServer.Command.Convert\FloatParameterConverter.cs
NexusUnleashed.WorldServer\NexusUnleashed.WorldServer.Command.Convert\IParameterConvert.cs	NexusUnleashed.WorldServer	C-LINEAGE	6	NexusUnleashed.WorldServer\NexusUnleashed.WorldServer.Command.Convert\IParameterConvert.cs
NexusUnleashed.WorldServer\NexusUnleashed.WorldServer.Command.Convert\IntParameterConverter.cs	NexusUnleashed.WorldServer	C-LINEAGE	10	NexusUnleashed.WorldServer\NexusUnleashed.WorldServer.Command.Convert\IntParameterConverter.cs
NexusUnleashed.WorldServer\NexusUnleashed.WorldServer.Command.Convert\StringLowerParameterConverter.cs	NexusUnleashed.WorldServer	C-LINEAGE	9	NexusUnleashed.WorldServer\NexusUnleashed.WorldServer.Command.Convert\StringLowerParameterConverter.cs
NexusUnleashed.WorldServer\NexusUnleashed.WorldServer.Command.Convert\StringParameterConverter.cs	NexusUnleashed.WorldServer	C-LINEAGE	34	NexusUnleashed.WorldServer\NexusUnleashed.WorldServer.Command.Convert\StringParameterConverter.cs
NexusUnleashed.WorldServer\NexusUnleashed.WorldServer.Command.Convert\TimeSpanParameterConverter.cs	NexusUnleashed.WorldServer	C-LINEAGE	11	NexusUnleashed.WorldServer\NexusUnleashed.WorldServer.Command.Convert\TimeSpanParameterConverter.cs
NexusUnleashed.WorldServer\NexusUnleashed.WorldServer.Command.Convert\UIntParameterConverter.cs	NexusUnleashed.WorldServer	C-LINEAGE	10	NexusUnleashed.WorldServer\NexusUnleashed.WorldServer.Command.Convert\UIntParameterConverter.cs
NexusUnleashed.WorldServer\NexusUnleashed.WorldServer.Command.Convert\UShortParameterConverter.cs	NexusUnleashed.WorldServer	C-LINEAGE	10	NexusUnleashed.WorldServer\NexusUnleashed.WorldServer.Command.Convert\UShortParameterConverter.cs
NexusUnleashed.WorldServer\NexusUnleashed.WorldServer.Command.Convert\Vector3ParameterConverter.cs	NexusUnleashed.WorldServer	C-LINEAGE	11	NexusUnleashed.WorldServer\NexusUnleashed.WorldServer.Command.Convert\Vector3ParameterConverter.cs
NexusUnleashed.WorldServer\NexusUnleashed.WorldServer.Command.Handler\AccountCommandCategory.cs	NexusUnleashed.WorldServer	C-LINEAGE	282	NexusUnleashed.WorldServer\NexusUnleashed.WorldServer.Command.Handler\AccountCommandCategory.cs
NexusUnleashed.WorldServer\NexusUnleashed.WorldServer.Command.Handler\AchievementCommandCategory.cs	NexusUnleashed.WorldServer	C-LINEAGE	32	NexusUnleashed.WorldServer\NexusUnleashed.WorldServer.Command.Handler\AchievementCommandCategory.cs
NexusUnleashed.WorldServer\NexusUnleashed.WorldServer.Command.Handler\BanCommandCategory.cs	NexusUnleashed.WorldServer	C-LINEAGE	47	NexusUnleashed.WorldServer\NexusUnleashed.WorldServer.Command.Handler\BanCommandCategory.cs
NexusUnleashed.WorldServer\NexusUnleashed.WorldServer.Command.Handler\BlinkCommandCategory.cs	NexusUnleashed.WorldServer	A-AUTHORED	30	
NexusUnleashed.WorldServer\NexusUnleashed.WorldServer.Command.Handler\BoostCommandCategory.cs	NexusUnleashed.WorldServer	A-AUTHORED	28	
NexusUnleashed.WorldServer\NexusUnleashed.WorldServer.Command.Handler\BroadcastCommandCategory.cs	NexusUnleashed.WorldServer	C-LINEAGE	27	NexusUnleashed.WorldServer\NexusUnleashed.WorldServer.Command.Handler\BroadcastCommandCategory.cs
NexusUnleashed.WorldServer\NexusUnleashed.WorldServer.Command.Handler\CharacterCommandCategory.cs	NexusUnleashed.WorldServer	C-LINEAGE	41	NexusUnleashed.WorldServer\NexusUnleashed.WorldServer.Command.Handler\CharacterCommandCategory.cs
NexusUnleashed.WorldServer\NexusUnleashed.WorldServer.Command.Handler\CurrencyCommandCategory.cs	NexusUnleashed.WorldServer	C-LINEAGE	68	NexusUnleashed.WorldServer\NexusUnleashed.WorldServer.Command.Handler\CurrencyCommandCategory.cs
NexusUnleashed.WorldServer\NexusUnleashed.WorldServer.Command.Handler\DisableCommandCategory.cs	NexusUnleashed.WorldServer	C-LINEAGE	29	NexusUnleashed.WorldServer\NexusUnleashed.WorldServer.Command.Handler\DisableCommandCategory.cs
NexusUnleashed.WorldServer\NexusUnleashed.WorldServer.Command.Handler\DoorCommandCategory.cs	NexusUnleashed.WorldServer	C-LINEAGE	43	NexusUnleashed.WorldServer\NexusUnleashed.WorldServer.Command.Handler\DoorCommandCategory.cs
NexusUnleashed.WorldServer\NexusUnleashed.WorldServer.Command.Handler\EmoteCommandCategory.cs	NexusUnleashed.WorldServer	A-AUTHORED	26	
NexusUnleashed.WorldServer\NexusUnleashed.WorldServer.Command.Handler\EntitlementCommandCategory.cs	NexusUnleashed.WorldServer	C-LINEAGE	67	NexusUnleashed.WorldServer\NexusUnleashed.WorldServer.Command.Handler\EntitlementCommandCategory.cs
NexusUnleashed.WorldServer\NexusUnleashed.WorldServer.Command.Handler\EntityCommandCategory.cs	NexusUnleashed.WorldServer	C-LINEAGE	312	NexusUnleashed.WorldServer\NexusUnleashed.WorldServer.Command.Handler\EntityCommandCategory.cs
NexusUnleashed.WorldServer\NexusUnleashed.WorldServer.Command.Handler\FaultCommandCategory.cs	NexusUnleashed.WorldServer	C-LINEAGE	91	NexusUnleashed.WorldServer\NexusUnleashed.WorldServer.Command.Handler\FaultCommandCategory.cs
NexusUnleashed.WorldServer\NexusUnleashed.WorldServer.Command.Handler\GenericUnlockCommandCategory.cs	NexusUnleashed.WorldServer	C-LINEAGE	36	NexusUnleashed.WorldServer\NexusUnleashed.WorldServer.Command.Handler\GenericUnlockCommandCategory.cs
NexusUnleashed.WorldServer\NexusUnleashed.WorldServer.Command.Handler\GuildCommandCategory.cs	NexusUnleashed.WorldServer	C-LINEAGE	61	NexusUnleashed.WorldServer\NexusUnleashed.WorldServer.Command.Handler\GuildCommandCategory.cs
NexusUnleashed.WorldServer\NexusUnleashed.WorldServer.Command.Handler\HelpCommandCategory.cs	NexusUnleashed.WorldServer	C-LINEAGE	14	NexusUnleashed.WorldServer\NexusUnleashed.WorldServer.Command.Handler\HelpCommandCategory.cs
NexusUnleashed.WorldServer\NexusUnleashed.WorldServer.Command.Handler\HouseCommandCategory.cs	NexusUnleashed.WorldServer	C-LINEAGE	86	NexusUnleashed.WorldServer\NexusUnleashed.WorldServer.Command.Handler\HouseCommandCategory.cs
NexusUnleashed.WorldServer\NexusUnleashed.WorldServer.Command.Handler\ItemCommandCategory.cs	NexusUnleashed.WorldServer	C-LINEAGE	182	NexusUnleashed.WorldServer\NexusUnleashed.WorldServer.Command.Handler\ItemCommandCategory.cs
NexusUnleashed.WorldServer\NexusUnleashed.WorldServer.Command.Handler\LocationCommandCategory.cs	NexusUnleashed.WorldServer	A-AUTHORED	19	
NexusUnleashed.WorldServer\NexusUnleashed.WorldServer.Command.Handler\MapCommandCategory.cs	NexusUnleashed.WorldServer	C-LINEAGE	51	NexusUnleashed.WorldServer\NexusUnleashed.WorldServer.Command.Handler\MapCommandCategory.cs
NexusUnleashed.WorldServer\NexusUnleashed.WorldServer.Command.Handler\MapSweepCommandCategory.cs	NexusUnleashed.WorldServer	C-LINEAGE	28	NexusUnleashed.WorldServer\NexusUnleashed.WorldServer.Command.Handler\MapSweepCommandCategory.cs
NexusUnleashed.WorldServer\NexusUnleashed.WorldServer.Command.Handler\MorphCommandCategory.cs	NexusUnleashed.WorldServer	A-AUTHORED	57	
NexusUnleashed.WorldServer\NexusUnleashed.WorldServer.Command.Handler\MountCommandCategory.cs	NexusUnleashed.WorldServer	A-AUTHORED	26	
NexusUnleashed.WorldServer\NexusUnleashed.WorldServer.Command.Handler\MovementCommandCategory.cs	NexusUnleashed.WorldServer	C-LINEAGE	97	NexusUnleashed.WorldServer\NexusUnleashed.WorldServer.Command.Handler\MovementCommandCategory.cs
NexusUnleashed.WorldServer\NexusUnleashed.WorldServer.Command.Handler\PathCommandCategory.cs	NexusUnleashed.WorldServer	C-LINEAGE	27	NexusUnleashed.WorldServer\NexusUnleashed.WorldServer.Command.Handler\PathCommandCategory.cs
NexusUnleashed.WorldServer\NexusUnleashed.WorldServer.Command.Handler\PetCommandCategory.cs	NexusUnleashed.WorldServer	C-LINEAGE	15	NexusUnleashed.WorldServer\NexusUnleashed.WorldServer.Command.Handler\PetCommandCategory.cs
NexusUnleashed.WorldServer\NexusUnleashed.WorldServer.Command.Handler\QuestCommandCategory.cs	NexusUnleashed.WorldServer	C-LINEAGE	111	NexusUnleashed.WorldServer\NexusUnleashed.WorldServer.Command.Handler\QuestCommandCategory.cs
NexusUnleashed.WorldServer\NexusUnleashed.WorldServer.Command.Handler\RBACCommandCategory.cs	NexusUnleashed.WorldServer	C-LINEAGE	43	NexusUnleashed.WorldServer\NexusUnleashed.WorldServer.Command.Handler\RBACCommandCategory.cs
NexusUnleashed.WorldServer\NexusUnleashed.WorldServer.Command.Handler\RealmCommandCategory.cs	NexusUnleashed.WorldServer	C-LINEAGE	58	NexusUnleashed.WorldServer\NexusUnleashed.WorldServer.Command.Handler\RealmCommandCategory.cs
NexusUnleashed.WorldServer\NexusUnleashed.WorldServer.Command.Handler\ReputationCommandCategory.cs	NexusUnleashed.WorldServer	C-LINEAGE	17	NexusUnleashed.WorldServer\NexusUnleashed.WorldServer.Command.Handler\ReputationCommandCategory.cs
NexusUnleashed.WorldServer\NexusUnleashed.WorldServer.Command.Handler\RollCommandCategory.cs	NexusUnleashed.WorldServer	A-AUTHORED	36	
NexusUnleashed.WorldServer\NexusUnleashed.WorldServer.Command.Handler\SaveCommandCategory.cs	NexusUnleashed.WorldServer	A-AUTHORED	23	
NexusUnleashed.WorldServer\NexusUnleashed.WorldServer.Command.Handler\ScriptCommandCategory.cs	NexusUnleashed.WorldServer	C-LINEAGE	25	NexusUnleashed.WorldServer\NexusUnleashed.WorldServer.Command.Handler\ScriptCommandCategory.cs
NexusUnleashed.WorldServer\NexusUnleashed.WorldServer.Command.Handler\SpellCommandCategory.cs	NexusUnleashed.WorldServer	C-LINEAGE	78	NexusUnleashed.WorldServer\NexusUnleashed.WorldServer.Command.Handler\SpellCommandCategory.cs
NexusUnleashed.WorldServer\NexusUnleashed.WorldServer.Command.Handler\StoryCommandCategory.cs	NexusUnleashed.WorldServer	C-LINEAGE	60	NexusUnleashed.WorldServer\NexusUnleashed.WorldServer.Command.Handler\StoryCommandCategory.cs
NexusUnleashed.WorldServer\NexusUnleashed.WorldServer.Command.Handler\SummonCommandCategory.cs	NexusUnleashed.WorldServer	A-AUTHORED	50	
NexusUnleashed.WorldServer\NexusUnleashed.WorldServer.Command.Handler\SurveyCommandCategory.cs	NexusUnleashed.WorldServer	C-LINEAGE	165	NexusUnleashed.WorldServer\NexusUnleashed.WorldServer.Command.Handler\SurveyCommandCategory.cs
NexusUnleashed.WorldServer\NexusUnleashed.WorldServer.Command.Handler\TeleportCommandCategory.cs	NexusUnleashed.WorldServer	C-LINEAGE	86	NexusUnleashed.WorldServer\NexusUnleashed.WorldServer.Command.Handler\TeleportCommandCategory.cs
NexusUnleashed.WorldServer\NexusUnleashed.WorldServer.Command.Handler\TitleCommandCategory.cs	NexusUnleashed.WorldServer	C-LINEAGE	46	NexusUnleashed.WorldServer\NexusUnleashed.WorldServer.Command.Handler\TitleCommandCategory.cs
NexusUnleashed.WorldServer\NexusUnleashed.WorldServer.Command.Shared\EntityUtility.cs	NexusUnleashed.WorldServer	C-LINEAGE	35	NexusUnleashed.WorldServer\NexusUnleashed.WorldServer.Command.Shared\EntityUtility.cs
NexusUnleashed.WorldServer\NexusUnleashed.WorldServer.Command.Static\CommandResult.cs	NexusUnleashed.WorldServer	C-LINEAGE	10	NexusUnleashed.WorldServer\NexusUnleashed.WorldServer.Command.Static\CommandResult.cs
NexusUnleashed.WorldServer\NexusUnleashed.WorldServer.Command.Static\ParameterFlags.cs	NexusUnleashed.WorldServer	C-LINEAGE	8	NexusUnleashed.WorldServer\NexusUnleashed.WorldServer.Command.Static\ParameterFlags.cs
NexusUnleashed.WorldServer\NexusUnleashed.WorldServer.Command\CommandAttribute.cs	NexusUnleashed.WorldServer	C-LINEAGE	16	NexusUnleashed.WorldServer\NexusUnleashed.WorldServer.Command\CommandAttribute.cs
NexusUnleashed.WorldServer\NexusUnleashed.WorldServer.Command\CommandCategory.cs	NexusUnleashed.WorldServer	C-LINEAGE	155	NexusUnleashed.WorldServer\NexusUnleashed.WorldServer.Command\CommandCategory.cs
NexusUnleashed.WorldServer\NexusUnleashed.WorldServer.Command\CommandException.cs	NexusUnleashed.WorldServer	C-LINEAGE	9	NexusUnleashed.WorldServer\NexusUnleashed.WorldServer.Command\CommandException.cs
NexusUnleashed.WorldServer\NexusUnleashed.WorldServer.Command\CommandHandler.cs	NexusUnleashed.WorldServer	C-LINEAGE	210	NexusUnleashed.WorldServer\NexusUnleashed.WorldServer.Command\CommandHandler.cs
NexusUnleashed.WorldServer\NexusUnleashed.WorldServer.Command\CommandManager.cs	NexusUnleashed.WorldServer	C-LINEAGE	281	NexusUnleashed.WorldServer\NexusUnleashed.WorldServer.Command\CommandManager.cs
NexusUnleashed.WorldServer\NexusUnleashed.WorldServer.Command\CommandTargetAttribute.cs	NexusUnleashed.WorldServer	C-LINEAGE	11	NexusUnleashed.WorldServer\NexusUnleashed.WorldServer.Command\CommandTargetAttribute.cs
NexusUnleashed.WorldServer\NexusUnleashed.WorldServer.Command\ICommandHandler.cs	NexusUnleashed.WorldServer	C-LINEAGE	11	NexusUnleashed.WorldServer\NexusUnleashed.WorldServer.Command\ICommandHandler.cs
NexusUnleashed.WorldServer\NexusUnleashed.WorldServer.Command\ICommandManager.cs	NexusUnleashed.WorldServer	C-LINEAGE	15	NexusUnleashed.WorldServer\NexusUnleashed.WorldServer.Command\ICommandManager.cs
NexusUnleashed.WorldServer\NexusUnleashed.WorldServer.Command\MethodContainer.cs	NexusUnleashed.WorldServer	C-LINEAGE	18	NexusUnleashed.WorldServer\NexusUnleashed.WorldServer.Command\MethodContainer.cs
NexusUnleashed.WorldServer\NexusUnleashed.WorldServer.Command\ParameterAttribute.cs	NexusUnleashed.WorldServer	C-LINEAGE	17	NexusUnleashed.WorldServer\NexusUnleashed.WorldServer.Command\ParameterAttribute.cs
NexusUnleashed.WorldServer\NexusUnleashed.WorldServer.Command\ParameterQueue.cs	NexusUnleashed.WorldServer	C-LINEAGE	31	NexusUnleashed.WorldServer\NexusUnleashed.WorldServer.Command\ParameterQueue.cs
NexusUnleashed.WorldServer\NexusUnleashed.WorldServer.Command\PendingCommand.cs	NexusUnleashed.WorldServer	C-LINEAGE	12	NexusUnleashed.WorldServer\NexusUnleashed.WorldServer.Command\PendingCommand.cs
NexusUnleashed.WorldServer\NexusUnleashed.WorldServer.Design\AuthContextFactory.cs	NexusUnleashed.WorldServer	C-LINEAGE	14	NexusUnleashed.WorldServer\NexusUnleashed.WorldServer.Design\AuthContextFactory.cs
NexusUnleashed.WorldServer\NexusUnleashed.WorldServer.Design\CharacterContextFactory.cs	NexusUnleashed.WorldServer	C-LINEAGE	12	NexusUnleashed.WorldServer\NexusUnleashed.WorldServer.Design\CharacterContextFactory.cs
NexusUnleashed.WorldServer\NexusUnleashed.WorldServer.Design\WorldContextFactory.cs	NexusUnleashed.WorldServer	C-LINEAGE	14	NexusUnleashed.WorldServer\NexusUnleashed.WorldServer.Design\WorldContextFactory.cs
NexusUnleashed.WorldServer\NexusUnleashed.WorldServer.Network.Internal.Handler.Chat\ChatChannelActionHandler.cs	NexusUnleashed.WorldServer	C-LINEAGE	42	NexusUnleashed.WorldServer\NexusUnleashed.WorldServer.Network.Internal.Handler.Chat\ChatChannelActionHandler.cs
NexusUnleashed.WorldServer\NexusUnleashed.WorldServer.Network.Internal.Handler.Chat\ChatChannelJoinResultHandler.cs	NexusUnleashed.WorldServer	C-LINEAGE	25	NexusUnleashed.WorldServer\NexusUnleashed.WorldServer.Network.Internal.Handler.Chat\ChatChannelJoinResultHandler.cs
NexusUnleashed.WorldServer\NexusUnleashed.WorldServer.Network.Internal.Handler.Chat\ChatChannelMemberAddedHandler.cs	NexusUnleashed.WorldServer	C-LINEAGE	43	NexusUnleashed.WorldServer\NexusUnleashed.WorldServer.Network.Internal.Handler.Chat\ChatChannelMemberAddedHandler.cs
NexusUnleashed.WorldServer\NexusUnleashed.WorldServer.Network.Internal.Handler.Chat\ChatChannelMembersHandler.cs	NexusUnleashed.WorldServer	C-LINEAGE	29	NexusUnleashed.WorldServer\NexusUnleashed.WorldServer.Network.Internal.Handler.Chat\ChatChannelMembersHandler.cs
NexusUnleashed.WorldServer\NexusUnleashed.WorldServer.Network.Internal.Handler.Chat\ChatChannelResultHandler.cs	NexusUnleashed.WorldServer	C-LINEAGE	28	NexusUnleashed.WorldServer\NexusUnleashed.WorldServer.Network.Internal.Handler.Chat\ChatChannelResultHandler.cs
NexusUnleashed.WorldServer\NexusUnleashed.WorldServer.Network.Internal.Handler.Chat\ChatChannelTextAcceptedHandler.cs	NexusUnleashed.WorldServer	C-LINEAGE	42	NexusUnleashed.WorldServer\NexusUnleashed.WorldServer.Network.Internal.Handler.Chat\ChatChannelTextAcceptedHandler.cs
NexusUnleashed.WorldServer\NexusUnleashed.WorldServer.Network.Internal.Handler.Chat\ChatChannelTextHandler.cs	NexusUnleashed.WorldServer	C-LINEAGE	69	NexusUnleashed.WorldServer\NexusUnleashed.WorldServer.Network.Internal.Handler.Chat\ChatChannelTextHandler.cs
NexusUnleashed.WorldServer\NexusUnleashed.WorldServer.Network.Internal.Handler.Chat\ChatChannelTextResultHandler.cs	NexusUnleashed.WorldServer	C-LINEAGE	29	NexusUnleashed.WorldServer\NexusUnleashed.WorldServer.Network.Internal.Handler.Chat\ChatChannelTextResultHandler.cs
NexusUnleashed.WorldServer\NexusUnleashed.WorldServer.Network.Internal.Handler.Chat\ChatWhisperFailedHandler.cs	NexusUnleashed.WorldServer	C-LINEAGE	25	NexusUnleashed.WorldServer\NexusUnleashed.WorldServer.Network.Internal.Handler.Chat\ChatWhisperFailedHandler.cs
NexusUnleashed.WorldServer\NexusUnleashed.WorldServer.Network.Internal.Handler.Chat\ChatWhisperTextHandler.cs	NexusUnleashed.WorldServer	C-LINEAGE	74	NexusUnleashed.WorldServer\NexusUnleashed.WorldServer.Network.Internal.Handler.Chat\ChatWhisperTextHandler.cs
NexusUnleashed.WorldServer\NexusUnleashed.WorldServer.Network.Internal.Handler.Friendship\FriendshipAccountInviteListHandler.cs	NexusUnleashed.WorldServer	C-LINEAGE	35	NexusUnleashed.WorldServer\NexusUnleashed.WorldServer.Network.Internal.Handler.Friendship\FriendshipAccountInviteListHandler.cs
NexusUnleashed.WorldServer\NexusUnleashed.WorldServer.Network.Internal.Handler.Friendship\FriendshipAccountInviteRemovedHandler.cs	NexusUnleashed.WorldServer	C-LINEAGE	24	NexusUnleashed.WorldServer\NexusUnleashed.WorldServer.Network.Internal.Handler.Friendship\FriendshipAccountInviteRemovedHandler.cs
NexusUnleashed.WorldServer\NexusUnleashed.WorldServer.Network.Internal.Handler.Friendship\FriendshipAccountLastOnlineUpdatedHandler.cs	NexusUnleashed.WorldServer	C-LINEAGE	32	NexusUnleashed.WorldServer\NexusUnleashed.WorldServer.Network.Internal.Handler.Friendship\FriendshipAccountLastOnlineUpdatedHandler.cs
NexusUnleashed.WorldServer\NexusUnleashed.WorldServer.Network.Internal.Handler.Friendship\FriendshipAccountLevelUpdatedHandler.cs	NexusUnleashed.WorldServer	C-MODIFIED	40	NexusUnleashed.WorldServer\NexusUnleashed.WorldServer.Network.Internal.Handler.Friendship\FriendshipAccountLevelUpdatedHandler.cs
NexusUnleashed.WorldServer\NexusUnleashed.WorldServer.Network.Internal.Handler.Friendship\FriendshipAccountListHandler.cs	NexusUnleashed.WorldServer	C-LINEAGE	59	NexusUnleashed.WorldServer\NexusUnleashed.WorldServer.Network.Internal.Handler.Friendship\FriendshipAccountListHandler.cs
NexusUnleashed.WorldServer\NexusUnleashed.WorldServer.Network.Internal.Handler.Friendship\FriendshipAccountLocationsUpdatedHandler.cs	NexusUnleashed.WorldServer	C-LINEAGE	28	NexusUnleashed.WorldServer\NexusUnleashed.WorldServer.Network.Internal.Handler.Friendship\FriendshipAccountLocationsUpdatedHandler.cs
NexusUnleashed.WorldServer\NexusUnleashed.WorldServer.Network.Internal.Handler.Friendship\FriendshipAccountNicknameUpdatedHandler.cs	NexusUnleashed.WorldServer	C-LINEAGE	29	NexusUnleashed.WorldServer\NexusUnleashed.WorldServer.Network.Internal.Handler.Friendship\FriendshipAccountNicknameUpdatedHandler.cs
NexusUnleashed.WorldServer\NexusUnleashed.WorldServer.Network.Internal.Handler.Friendship\FriendshipAccountNoteUpdatedHandler.cs	NexusUnleashed.WorldServer	C-LINEAGE	23	NexusUnleashed.WorldServer\NexusUnleashed.WorldServer.Network.Internal.Handler.Friendship\FriendshipAccountNoteUpdatedHandler.cs
NexusUnleashed.WorldServer\NexusUnleashed.WorldServer.Network.Internal.Handler.Friendship\FriendshipAccountPersonalStatusUpdatedHandler.cs	NexusUnleashed.WorldServer	C-LINEAGE	25	NexusUnleashed.WorldServer\NexusUnleashed.WorldServer.Network.Internal.Handler.Friendship\FriendshipAccountPersonalStatusUpdatedHandler.cs
NexusUnleashed.WorldServer\NexusUnleashed.WorldServer.Network.Internal.Handler.Friendship\FriendshipAccountPresenceUpdatedHandler.cs	NexusUnleashed.WorldServer	C-LINEAGE	29	NexusUnleashed.WorldServer\NexusUnleashed.WorldServer.Network.Internal.Handler.Friendship\FriendshipAccountPresenceUpdatedHandler.cs
NexusUnleashed.WorldServer\NexusUnleashed.WorldServer.Network.Internal.Handler.Friendship\FriendshipAccountRemovedHandler.cs	NexusUnleashed.WorldServer	C-LINEAGE	22	NexusUnleashed.WorldServer\NexusUnleashed.WorldServer.Network.Internal.Handler.Friendship\FriendshipAccountRemovedHandler.cs
NexusUnleashed.WorldServer\NexusUnleashed.WorldServer.Network.Internal.Handler.Friendship\FriendshipAccountStatusUpdatedHandler.cs	NexusUnleashed.WorldServer	C-LINEAGE	28	NexusUnleashed.WorldServer\NexusUnleashed.WorldServer.Network.Internal.Handler.Friendship\FriendshipAccountStatusUpdatedHandler.cs
NexusUnleashed.WorldServer\NexusUnleashed.WorldServer.Network.Internal.Handler.Friendship\FriendshipAccountUpdatedHandler.cs	NexusUnleashed.WorldServer	C-LINEAGE	42	NexusUnleashed.WorldServer\NexusUnleashed.WorldServer.Network.Internal.Handler.Friendship\FriendshipAccountUpdatedHandler.cs
NexusUnleashed.WorldServer\NexusUnleashed.WorldServer.Network.Internal.Handler.Friendship\FriendshipAddedHandler.cs	NexusUnleashed.WorldServer	C-LINEAGE	29	NexusUnleashed.WorldServer\NexusUnleashed.WorldServer.Network.Internal.Handler.Friendship\FriendshipAddedHandler.cs
NexusUnleashed.WorldServer\NexusUnleashed.WorldServer.Network.Internal.Handler.Friendship\FriendshipInviteListHandler.cs	NexusUnleashed.WorldServer	C-LINEAGE	36	NexusUnleashed.WorldServer\NexusUnleashed.WorldServer.Network.Internal.Handler.Friendship\FriendshipInviteListHandler.cs
NexusUnleashed.WorldServer\NexusUnleashed.WorldServer.Network.Internal.Handler.Friendship\FriendshipInviteRemovedHandler.cs	NexusUnleashed.WorldServer	C-LINEAGE	23	NexusUnleashed.WorldServer\NexusUnleashed.WorldServer.Network.Internal.Handler.Friendship\FriendshipInviteRemovedHandler.cs
NexusUnleashed.WorldServer\NexusUnleashed.WorldServer.Network.Internal.Handler.Friendship\FriendshipLastOnlineUpdatedHandler.cs	NexusUnleashed.WorldServer	C-LINEAGE	33	NexusUnleashed.WorldServer\NexusUnleashed.WorldServer.Network.Internal.Handler.Friendship\FriendshipLastOnlineUpdatedHandler.cs
NexusUnleashed.WorldServer\NexusUnleashed.WorldServer.Network.Internal.Handler.Friendship\FriendshipLevelUpdatedHandler.cs	NexusUnleashed.WorldServer	C-LINEAGE	29	NexusUnleashed.WorldServer\NexusUnleashed.WorldServer.Network.Internal.Handler.Friendship\FriendshipLevelUpdatedHandler.cs
NexusUnleashed.WorldServer\NexusUnleashed.WorldServer.Network.Internal.Handler.Friendship\FriendshipListHandler.cs	NexusUnleashed.WorldServer	C-LINEAGE	30	NexusUnleashed.WorldServer\NexusUnleashed.WorldServer.Network.Internal.Handler.Friendship\FriendshipListHandler.cs
NexusUnleashed.WorldServer\NexusUnleashed.WorldServer.Network.Internal.Handler.Friendship\FriendshipLocationsUpdatedHandler.cs	NexusUnleashed.WorldServer	C-LINEAGE	28	NexusUnleashed.WorldServer\NexusUnleashed.WorldServer.Network.Internal.Handler.Friendship\FriendshipLocationsUpdatedHandler.cs
NexusUnleashed.WorldServer\NexusUnleashed.WorldServer.Network.Internal.Handler.Friendship\FriendshipNoteUpdatedHandler.cs	NexusUnleashed.WorldServer	C-LINEAGE	24	NexusUnleashed.WorldServer\NexusUnleashed.WorldServer.Network.Internal.Handler.Friendship\FriendshipNoteUpdatedHandler.cs
NexusUnleashed.WorldServer\NexusUnleashed.WorldServer.Network.Internal.Handler.Friendship\FriendshipRemovedHandler.cs	NexusUnleashed.WorldServer	C-LINEAGE	23	NexusUnleashed.WorldServer\NexusUnleashed.WorldServer.Network.Internal.Handler.Friendship\FriendshipRemovedHandler.cs
NexusUnleashed.WorldServer\NexusUnleashed.WorldServer.Network.Internal.Handler.Friendship\FriendshipResultHandler.cs	NexusUnleashed.WorldServer	C-LINEAGE	23	NexusUnleashed.WorldServer\NexusUnleashed.WorldServer.Network.Internal.Handler.Friendship\FriendshipResultHandler.cs
NexusUnleashed.WorldServer\NexusUnleashed.WorldServer.Network.Internal.Handler.Friendship\FriendshipTypeUpdatedHandler.cs	NexusUnleashed.WorldServer	C-LINEAGE	24	NexusUnleashed.WorldServer\NexusUnleashed.WorldServer.Network.Internal.Handler.Friendship\FriendshipTypeUpdatedHandler.cs
NexusUnleashed.WorldServer\NexusUnleashed.WorldServer.Network.Internal.Handler.Group\GroupActionResultHandler.cs	NexusUnleashed.WorldServer	C-LINEAGE	25	NexusUnleashed.WorldServer\NexusUnleashed.WorldServer.Network.Internal.Handler.Group\GroupActionResultHandler.cs
NexusUnleashed.WorldServer\NexusUnleashed.WorldServer.Network.Internal.Handler.Group\GroupCharacterMappingExtensions.cs	NexusUnleashed.WorldServer	C-LINEAGE	25	NexusUnleashed.WorldServer\NexusUnleashed.WorldServer.Network.Internal.Handler.Group\GroupCharacterMappingExtensions.cs
NexusUnleashed.WorldServer\NexusUnleashed.WorldServer.Network.Internal.Handler.Group\GroupDisbandedHandler.cs	NexusUnleashed.WorldServer	C-LINEAGE	21	NexusUnleashed.WorldServer\NexusUnleashed.WorldServer.Network.Internal.Handler.Group\GroupDisbandedHandler.cs
NexusUnleashed.WorldServer\NexusUnleashed.WorldServer.Network.Internal.Handler.Group\GroupFlagsUpdatedHandler.cs	NexusUnleashed.WorldServer	C-LINEAGE	29	NexusUnleashed.WorldServer\NexusUnleashed.WorldServer.Network.Internal.Handler.Group\GroupFlagsUpdatedHandler.cs
NexusUnleashed.WorldServer\NexusUnleashed.WorldServer.Network.Internal.Handler.Group\GroupLootRulesUpdatedHandler.cs	NexusUnleashed.WorldServer	C-LINEAGE	32	NexusUnleashed.WorldServer\NexusUnleashed.WorldServer.Network.Internal.Handler.Group\GroupLootRulesUpdatedHandler.cs
NexusUnleashed.WorldServer\NexusUnleashed.WorldServer.Network.Internal.Handler.Group\GroupLootStateMappingExtensions.cs	NexusUnleashed.WorldServer	C-LINEAGE	26	NexusUnleashed.WorldServer\NexusUnleashed.WorldServer.Network.Internal.Handler.Group\GroupLootStateMappingExtensions.cs
NexusUnleashed.WorldServer\NexusUnleashed.WorldServer.Network.Internal.Handler.Group\GroupMappingExtensions.cs	NexusUnleashed.WorldServer	C-LINEAGE	30	NexusUnleashed.WorldServer\NexusUnleashed.WorldServer.Network.Internal.Handler.Group\GroupMappingExtensions.cs
NexusUnleashed.WorldServer\NexusUnleashed.WorldServer.Network.Internal.Handler.Group\GroupMarkerUpdatedHandler.cs	NexusUnleashed.WorldServer	C-LINEAGE	30	NexusUnleashed.WorldServer\NexusUnleashed.WorldServer.Network.Internal.Handler.Group\GroupMarkerUpdatedHandler.cs
NexusUnleashed.WorldServer\NexusUnleashed.WorldServer.Network.Internal.Handler.Group\GroupMaxSizeUpdatedHandler.cs	NexusUnleashed.WorldServer	C-LINEAGE	30	NexusUnleashed.WorldServer\NexusUnleashed.WorldServer.Network.Internal.Handler.Group\GroupMaxSizeUpdatedHandler.cs
NexusUnleashed.WorldServer\NexusUnleashed.WorldServer.Network.Internal.Handler.Group\GroupMemberAddedHandler.cs	NexusUnleashed.WorldServer	C-LINEAGE	38	NexusUnleashed.WorldServer\NexusUnleashed.WorldServer.Network.Internal.Handler.Group\GroupMemberAddedHandler.cs
NexusUnleashed.WorldServer\NexusUnleashed.WorldServer.Network.Internal.Handler.Group\GroupMemberFlagsUpdatedHandler.cs	NexusUnleashed.WorldServer	C-LINEAGE	31	NexusUnleashed.WorldServer\NexusUnleashed.WorldServer.Network.Internal.Handler.Group\GroupMemberFlagsUpdatedHandler.cs
NexusUnleashed.WorldServer\NexusUnleashed.WorldServer.Network.Internal.Handler.Group\GroupMemberJoinedHandler.cs	NexusUnleashed.WorldServer	C-LINEAGE	38	NexusUnleashed.WorldServer\NexusUnleashed.WorldServer.Network.Internal.Handler.Group\GroupMemberJoinedHandler.cs
NexusUnleashed.WorldServer\NexusUnleashed.WorldServer.Network.Internal.Handler.Group\GroupMemberLeftHandler.cs	NexusUnleashed.WorldServer	C-LINEAGE	42	NexusUnleashed.WorldServer\NexusUnleashed.WorldServer.Network.Internal.Handler.Group\GroupMemberLeftHandler.cs
NexusUnleashed.WorldServer\NexusUnleashed.WorldServer.Network.Internal.Handler.Group\GroupMemberMappingExtensions.cs	NexusUnleashed.WorldServer	C-LINEAGE	40	NexusUnleashed.WorldServer\NexusUnleashed.WorldServer.Network.Internal.Handler.Group\GroupMemberMappingExtensions.cs
NexusUnleashed.WorldServer\NexusUnleashed.WorldServer.Network.Internal.Handler.Group\GroupMemberPositionUpdatedHandler.cs	NexusUnleashed.WorldServer	C-LINEAGE	46	NexusUnleashed.WorldServer\NexusUnleashed.WorldServer.Network.Internal.Handler.Group\GroupMemberPositionUpdatedHandler.cs
NexusUnleashed.WorldServer\NexusUnleashed.WorldServer.Network.Internal.Handler.Group\GroupMemberPromotedHandler.cs	NexusUnleashed.WorldServer	C-LINEAGE	30	NexusUnleashed.WorldServer\NexusUnleashed.WorldServer.Network.Internal.Handler.Group\GroupMemberPromotedHandler.cs
NexusUnleashed.WorldServer\NexusUnleashed.WorldServer.Network.Internal.Handler.Group\GroupMemberRealmUpdatedHandler.cs	NexusUnleashed.WorldServer	C-LINEAGE	34	NexusUnleashed.WorldServer\NexusUnleashed.WorldServer.Network.Internal.Handler.Group\GroupMemberRealmUpdatedHandler.cs
NexusUnleashed.WorldServer\NexusUnleashed.WorldServer.Network.Internal.Handler.Group\GroupMemberRemovedHandler.cs	NexusUnleashed.WorldServer	C-LINEAGE	30	NexusUnleashed.WorldServer\NexusUnleashed.WorldServer.Network.Internal.Handler.Group\GroupMemberRemovedHandler.cs
NexusUnleashed.WorldServer\NexusUnleashed.WorldServer.Network.Internal.Handler.Group\GroupMemberRequestResultHandler.cs	NexusUnleashed.WorldServer	C-LINEAGE	26	NexusUnleashed.WorldServer\NexusUnleashed.WorldServer.Network.Internal.Handler.Group\GroupMemberRequestResultHandler.cs
NexusUnleashed.WorldServer\NexusUnleashed.WorldServer.Network.Internal.Handler.Group\GroupMemberRequestedHandler.cs	NexusUnleashed.WorldServer	C-LINEAGE	48	NexusUnleashed.WorldServer\NexusUnleashed.WorldServer.Network.Internal.Handler.Group\GroupMemberRequestedHandler.cs
NexusUnleashed.WorldServer\NexusUnleashed.WorldServer.Network.Internal.Handler.Group\GroupMemberStatsUpdatedHandler.cs	NexusUnleashed.WorldServer	C-LINEAGE	28	NexusUnleashed.WorldServer\NexusUnleashed.WorldServer.Network.Internal.Handler.Group\GroupMemberStatsUpdatedHandler.cs
NexusUnleashed.WorldServer\NexusUnleashed.WorldServer.Network.Internal.Handler.Group\GroupPlayerInviteResultHandler.cs	NexusUnleashed.WorldServer	C-LINEAGE	24	NexusUnleashed.WorldServer\NexusUnleashed.WorldServer.Network.Internal.Handler.Group\GroupPlayerInviteResultHandler.cs
NexusUnleashed.WorldServer\NexusUnleashed.WorldServer.Network.Internal.Handler.Group\GroupPlayerInvitedHandler.cs	NexusUnleashed.WorldServer	C-LINEAGE	28	NexusUnleashed.WorldServer\NexusUnleashed.WorldServer.Network.Internal.Handler.Group\GroupPlayerInvitedHandler.cs
NexusUnleashed.WorldServer\NexusUnleashed.WorldServer.Network.Internal.Handler.Group\GroupReadyCheckStartedHandler.cs	NexusUnleashed.WorldServer	C-LINEAGE	30	NexusUnleashed.WorldServer\NexusUnleashed.WorldServer.Network.Internal.Handler.Group\GroupReadyCheckStartedHandler.cs
NexusUnleashed.WorldServer\NexusUnleashed.WorldServer.Network.Internal.Handler.Group\GroupZoneMapPingedHandler.cs	NexusUnleashed.WorldServer	A-AUTHORED	33	
NexusUnleashed.WorldServer\NexusUnleashed.WorldServer.Network.Internal.Handler.Player\PlayerGroupAssociationUpdatedHandler.cs	NexusUnleashed.WorldServer	C-LINEAGE	30	NexusUnleashed.WorldServer\NexusUnleashed.WorldServer.Network.Internal.Handler.Player\PlayerGroupAssociationUpdatedHandler.cs
NexusUnleashed.WorldServer\NexusUnleashed.WorldServer.Network.Internal.Handler.Player\PlayerInfoResponseHandler.cs	NexusUnleashed.WorldServer	C-LINEAGE	74	NexusUnleashed.WorldServer\NexusUnleashed.WorldServer.Network.Internal.Handler.Player\PlayerInfoResponseHandler.cs
NexusUnleashed.WorldServer\NexusUnleashed.WorldServer.Network.Internal.Handler.Who\WhoResponseHandler.cs	NexusUnleashed.WorldServer	C-LINEAGE	35	NexusUnleashed.WorldServer\NexusUnleashed.WorldServer.Network.Internal.Handler.Who\WhoResponseHandler.cs
NexusUnleashed.WorldServer\NexusUnleashed.WorldServer.Network.Internal.Handler\NetworkInternalHandlerHostedService.cs	NexusUnleashed.WorldServer	C-MODIFIED	82	NexusUnleashed.WorldServer\NexusUnleashed.WorldServer.Network.Internal.Handler\NetworkInternalHandlerHostedService.cs
NexusUnleashed.WorldServer\NexusUnleashed.WorldServer.Network.Internal.Handler\ServiceCollectionExtensions.cs	NexusUnleashed.WorldServer	C-MODIFIED	72	NexusUnleashed.WorldServer\NexusUnleashed.WorldServer\ServiceCollectionExtensions.cs
NexusUnleashed.WorldServer\NexusUnleashed.WorldServer.Network.Internal\IdentityMappingExtensions.cs	NexusUnleashed.WorldServer	C-LINEAGE	22	NexusUnleashed.WorldServer\NexusUnleashed.WorldServer.Network.Internal\IdentityMappingExtensions.cs
NexusUnleashed.WorldServer\NexusUnleashed.WorldServer.Network.Message.Handler.Account\AccountInventoryHandlers.cs	NexusUnleashed.WorldServer	A-AUTHORED	90	
NexusUnleashed.WorldServer\NexusUnleashed.WorldServer.Network.Message.Handler.Account\ClientStorefrontPurchaseCharacterHandler.cs	NexusUnleashed.WorldServer	C-LINEAGE	95	NexusUnleashed.WorldServer\NexusUnleashed.WorldServer.Network.Message.Handler.Account\ClientStorefrontPurchaseCharacterHandler.cs
NexusUnleashed.WorldServer\NexusUnleashed.WorldServer.Network.Message.Handler.Account\ClientStorefrontRequestCatalogHandler.cs	NexusUnleashed.WorldServer	C-LINEAGE	16	NexusUnleashed.WorldServer\NexusUnleashed.WorldServer.Network.Message.Handler.Account\ClientStorefrontRequestCatalogHandler.cs
NexusUnleashed.WorldServer\NexusUnleashed.WorldServer.Network.Message.Handler.Account\FortuneHandlers.cs	NexusUnleashed.WorldServer	A-AUTHORED	39	
NexusUnleashed.WorldServer\NexusUnleashed.WorldServer.Network.Message.Handler.Account\RewardTrackHandlers.cs	NexusUnleashed.WorldServer	A-AUTHORED	22	
NexusUnleashed.WorldServer\NexusUnleashed.WorldServer.Network.Message.Handler.Authentication\ClientHelloRealmHandler.cs	NexusUnleashed.WorldServer	C-LINEAGE	32	NexusUnleashed.WorldServer\NexusUnleashed.WorldServer.Network.Message.Handler.Authentication\ClientHelloRealmHandler.cs
NexusUnleashed.WorldServer\NexusUnleashed.WorldServer.Network.Message.Handler.Character\CharacterDeleteHandler.cs	NexusUnleashed.WorldServer	C-LINEAGE	95	NexusUnleashed.WorldServer\NexusUnleashed.WorldServer.Network.Message.Handler.Character\CharacterDeleteHandler.cs
NexusUnleashed.WorldServer\NexusUnleashed.WorldServer.Network.Message.Handler.Character\CharacterListHandler.cs	NexusUnleashed.WorldServer	C-LINEAGE	21	NexusUnleashed.WorldServer\NexusUnleashed.WorldServer.Network.Message.Handler.Character\CharacterListHandler.cs
NexusUnleashed.WorldServer\NexusUnleashed.WorldServer.Network.Message.Handler.Character\CharacterListManager.cs	NexusUnleashed.WorldServer	C-LINEAGE	154	NexusUnleashed.WorldServer\NexusUnleashed.WorldServer.Network.Message.Handler.Character\CharacterListManager.cs
NexusUnleashed.WorldServer\NexusUnleashed.WorldServer.Network.Message.Handler.Character\CharacterSelectHandler.cs	NexusUnleashed.WorldServer	C-LINEAGE	70	NexusUnleashed.WorldServer\NexusUnleashed.WorldServer.Network.Message.Handler.Character\CharacterSelectHandler.cs
NexusUnleashed.WorldServer\NexusUnleashed.WorldServer.Network.Message.Handler.Character\ClientCharacterCreateHandler.cs	NexusUnleashed.WorldServer	C-LINEAGE	257	NexusUnleashed.WorldServer\NexusUnleashed.WorldServer.Network.Message.Handler.Character\ClientCharacterCreateHandler.cs
NexusUnleashed.WorldServer\NexusUnleashed.WorldServer.Network.Message.Handler.Character\ClientRealmListHandler.cs	NexusUnleashed.WorldServer	C-LINEAGE	49	NexusUnleashed.WorldServer\NexusUnleashed.WorldServer.Network.Message.Handler.Character\ClientRealmListHandler.cs
NexusUnleashed.WorldServer\NexusUnleashed.WorldServer.Network.Message.Handler.Character\ClientSelectRealmHandler.cs	NexusUnleashed.WorldServer	C-LINEAGE	56	NexusUnleashed.WorldServer\NexusUnleashed.WorldServer.Network.Message.Handler.Character\ClientSelectRealmHandler.cs
NexusUnleashed.WorldServer\NexusUnleashed.WorldServer.Network.Message.Handler.Character\ICharacterListManager.cs	NexusUnleashed.WorldServer	C-LINEAGE	5	NexusUnleashed.WorldServer\NexusUnleashed.WorldServer.Network.Message.Handler.Character\ICharacterListManager.cs
NexusUnleashed.WorldServer\NexusUnleashed.WorldServer.Network.Message.Handler.Chat\ClientChatHandler.cs	NexusUnleashed.WorldServer	C-LINEAGE	62	NexusUnleashed.WorldServer\NexusUnleashed.WorldServer.Network.Message.Handler.Chat\ClientChatHandler.cs
NexusUnleashed.WorldServer\NexusUnleashed.WorldServer.Network.Message.Handler.Chat\ClientChatJoinHandler.cs	NexusUnleashed.WorldServer	C-LINEAGE	25	NexusUnleashed.WorldServer\NexusUnleashed.WorldServer.Network.Message.Handler.Chat\ClientChatJoinHandler.cs
NexusUnleashed.WorldServer\NexusUnleashed.WorldServer.Network.Message.Handler.Chat\ClientChatKickHandler.cs	NexusUnleashed.WorldServer	C-LINEAGE	33	NexusUnleashed.WorldServer\NexusUnleashed.WorldServer.Network.Message.Handler.Chat\ClientChatKickHandler.cs
NexusUnleashed.WorldServer\NexusUnleashed.WorldServer.Network.Message.Handler.Chat\ClientChatLeaveHandler.cs	NexusUnleashed.WorldServer	C-LINEAGE	24	NexusUnleashed.WorldServer\NexusUnleashed.WorldServer.Network.Message.Handler.Chat\ClientChatLeaveHandler.cs
NexusUnleashed.WorldServer\NexusUnleashed.WorldServer.Network.Message.Handler.Chat\ClientChatListHandler.cs	NexusUnleashed.WorldServer	C-LINEAGE	24	NexusUnleashed.WorldServer\NexusUnleashed.WorldServer.Network.Message.Handler.Chat\ClientChatListHandler.cs
NexusUnleashed.WorldServer\NexusUnleashed.WorldServer.Network.Message.Handler.Chat\ClientChatModeratorHandler.cs	NexusUnleashed.WorldServer	C-LINEAGE	33	NexusUnleashed.WorldServer\NexusUnleashed.WorldServer.Network.Message.Handler.Chat\ClientChatModeratorHandler.cs
NexusUnleashed.WorldServer\NexusUnleashed.WorldServer.Network.Message.Handler.Chat\ClientChatMuteHandler.cs	NexusUnleashed.WorldServer	C-LINEAGE	34	NexusUnleashed.WorldServer\NexusUnleashed.WorldServer.Network.Message.Handler.Chat\ClientChatMuteHandler.cs
NexusUnleashed.WorldServer\NexusUnleashed.WorldServer.Network.Message.Handler.Chat\ClientChatOwnerHandler.cs	NexusUnleashed.WorldServer	C-LINEAGE	33	NexusUnleashed.WorldServer\NexusUnleashed.WorldServer.Network.Message.Handler.Chat\ClientChatOwnerHandler.cs
NexusUnleashed.WorldServer\NexusUnleashed.WorldServer.Network.Message.Handler.Chat\ClientChatPasswordHandler.cs	NexusUnleashed.WorldServer	C-LINEAGE	25	NexusUnleashed.WorldServer\NexusUnleashed.WorldServer.Network.Message.Handler.Chat\ClientChatPasswordHandler.cs
NexusUnleashed.WorldServer\NexusUnleashed.WorldServer.Network.Message.Handler.Chat\ClientChatWhisperHandler.cs	NexusUnleashed.WorldServer	C-LINEAGE	16	NexusUnleashed.WorldServer\NexusUnleashed.WorldServer.Network.Message.Handler.Chat\ClientChatWhisperHandler.cs
NexusUnleashed.WorldServer\NexusUnleashed.WorldServer.Network.Message.Handler.Chat\ClientEmoteHandler.cs	NexusUnleashed.WorldServer	C-LINEAGE	23	NexusUnleashed.WorldServer\NexusUnleashed.WorldServer.Network.Message.Handler.Chat\ClientEmoteHandler.cs
NexusUnleashed.WorldServer\NexusUnleashed.WorldServer.Network.Message.Handler.Cheat\ClientCheatHandler.cs	NexusUnleashed.WorldServer	C-LINEAGE	35	NexusUnleashed.WorldServer\NexusUnleashed.WorldServer.Network.Message.Handler.Cheat\ClientCheatHandler.cs
NexusUnleashed.WorldServer\NexusUnleashed.WorldServer.Network.Message.Handler.Costume\ClientCostumeItemForgetHandler.cs	NexusUnleashed.WorldServer	C-LINEAGE	10	NexusUnleashed.WorldServer\NexusUnleashed.WorldServer.Network.Message.Handler.Costume\ClientCostumeItemForgetHandler.cs
NexusUnleashed.WorldServer\NexusUnleashed.WorldServer.Network.Message.Handler.Costume\ClientCostumeItemUnlockHandler.cs	NexusUnleashed.WorldServer	C-LINEAGE	12	NexusUnleashed.WorldServer\NexusUnleashed.WorldServer.Network.Message.Handler.Costume\ClientCostumeItemUnlockHandler.cs
NexusUnleashed.WorldServer\NexusUnleashed.WorldServer.Network.Message.Handler.Costume\ClientCostumeSaveHandler.cs	NexusUnleashed.WorldServer	C-LINEAGE	10	NexusUnleashed.WorldServer\NexusUnleashed.WorldServer.Network.Message.Handler.Costume\ClientCostumeSaveHandler.cs
NexusUnleashed.WorldServer\NexusUnleashed.WorldServer.Network.Message.Handler.Costume\ClientCostumeSetHandler.cs	NexusUnleashed.WorldServer	C-LINEAGE	10	NexusUnleashed.WorldServer\NexusUnleashed.WorldServer.Network.Message.Handler.Costume\ClientCostumeSetHandler.cs
NexusUnleashed.WorldServer\NexusUnleashed.WorldServer.Network.Message.Handler.Entity.Player\ClientAppearanceChangeHandler.cs	NexusUnleashed.WorldServer	C-LINEAGE	45	NexusUnleashed.WorldServer\NexusUnleashed.WorldServer.Network.Message.Handler.Entity.Player\ClientAppearanceChangeHandler.cs
NexusUnleashed.WorldServer\NexusUnleashed.WorldServer.Network.Message.Handler.Entity.Player\ClientInspectPlayerRequestHandler.cs	NexusUnleashed.WorldServer	C-LINEAGE	27	NexusUnleashed.WorldServer\NexusUnleashed.WorldServer.Network.Message.Handler.Entity.Player\ClientInspectPlayerRequestHandler.cs
NexusUnleashed.WorldServer\NexusUnleashed.WorldServer.Network.Message.Handler.Entity.Player\ClientLogoutConfirmHandler.cs	NexusUnleashed.WorldServer	C-LINEAGE	10	NexusUnleashed.WorldServer\NexusUnleashed.WorldServer.Network.Message.Handler.Entity.Player\ClientLogoutConfirmHandler.cs
NexusUnleashed.WorldServer\NexusUnleashed.WorldServer.Network.Message.Handler.Entity.Player\ClientRapidTransportHandler.cs	NexusUnleashed.WorldServer	C-LINEAGE	30	NexusUnleashed.WorldServer\NexusUnleashed.WorldServer.Network.Message.Handler.Entity.Player\ClientRapidTransportHandler.cs
NexusUnleashed.WorldServer\NexusUnleashed.WorldServer.Network.Message.Handler.Entity.Player\ClientReplayLevelHandler.cs	NexusUnleashed.WorldServer	C-LINEAGE	11	NexusUnleashed.WorldServer\NexusUnleashed.WorldServer.Network.Message.Handler.Entity.Player\ClientReplayLevelHandler.cs
NexusUnleashed.WorldServer\NexusUnleashed.WorldServer.Network.Message.Handler.Entity.Player\ClientRequestLogoutHandler.cs	NexusUnleashed.WorldServer	C-LINEAGE	19	NexusUnleashed.WorldServer\NexusUnleashed.WorldServer.Network.Message.Handler.Entity.Player\ClientRequestLogoutHandler.cs
NexusUnleashed.WorldServer\NexusUnleashed.WorldServer.Network.Message.Handler.Entity.Player\ClientRequestPlayedHandler.cs	NexusUnleashed.WorldServer	C-LINEAGE	17	NexusUnleashed.WorldServer\NexusUnleashed.WorldServer.Network.Message.Handler.Entity.Player\ClientRequestPlayedHandler.cs
NexusUnleashed.WorldServer\NexusUnleashed.WorldServer.Network.Message.Handler.Entity.Player\ClientResurrectAcceptHandler.cs	NexusUnleashed.WorldServer	C-LINEAGE	14	NexusUnleashed.WorldServer\NexusUnleashed.WorldServer.Network.Message.Handler.Entity.Player\ClientResurrectAcceptHandler.cs
NexusUnleashed.WorldServer\NexusUnleashed.WorldServer.Network.Message.Handler.Entity.Player\ClientResurrectRequestHandler.cs	NexusUnleashed.WorldServer	C-LINEAGE	13	NexusUnleashed.WorldServer\NexusUnleashed.WorldServer.Network.Message.Handler.Entity.Player\ClientResurrectRequestHandler.cs
NexusUnleashed.WorldServer\NexusUnleashed.WorldServer.Network.Message.Handler.Entity.Player\ClientTitleSetHandler.cs	NexusUnleashed.WorldServer	C-LINEAGE	10	NexusUnleashed.WorldServer\NexusUnleashed.WorldServer.Network.Message.Handler.Entity.Player\ClientTitleSetHandler.cs
NexusUnleashed.WorldServer\NexusUnleashed.WorldServer.Network.Message.Handler.Entity.Vehicle\ClientVehicleDisembarkHandler.cs	NexusUnleashed.WorldServer	C-LINEAGE	19	NexusUnleashed.WorldServer\NexusUnleashed.WorldServer.Network.Message.Handler.Entity.Vehicle\ClientVehicleDisembarkHandler.cs
NexusUnleashed.WorldServer\NexusUnleashed.WorldServer.Network.Message.Handler.Entity\ClientActivateUnitCastHandler.cs	NexusUnleashed.WorldServer	C-LINEAGE	19	NexusUnleashed.WorldServer\NexusUnleashed.WorldServer.Network.Message.Handler.Entity\ClientActivateUnitCastHandler.cs
NexusUnleashed.WorldServer\NexusUnleashed.WorldServer.Network.Message.Handler.Entity\ClientActivateUnitHandler.cs	NexusUnleashed.WorldServer	C-LINEAGE	19	NexusUnleashed.WorldServer\NexusUnleashed.WorldServer.Network.Message.Handler.Entity\ClientActivateUnitHandler.cs
NexusUnleashed.WorldServer\NexusUnleashed.WorldServer.Network.Message.Handler.Entity\ClientActivateUnitInteractionHandler.cs	NexusUnleashed.WorldServer	C-LINEAGE	12	NexusUnleashed.WorldServer\NexusUnleashed.WorldServer.Network.Message.Handler.Entity\ClientActivateUnitInteractionHandler.cs
NexusUnleashed.WorldServer\NexusUnleashed.WorldServer.Network.Message.Handler.Entity\ClientEntityCommandHandler.cs	NexusUnleashed.WorldServer	C-LINEAGE	19	NexusUnleashed.WorldServer\NexusUnleashed.WorldServer.Network.Message.Handler.Entity\ClientEntityCommandHandler.cs
NexusUnleashed.WorldServer\NexusUnleashed.WorldServer.Network.Message.Handler.Entity\ClientEntityInteractChairHandler.cs	NexusUnleashed.WorldServer	C-LINEAGE	27	NexusUnleashed.WorldServer\NexusUnleashed.WorldServer.Network.Message.Handler.Entity\ClientEntityInteractChairHandler.cs
NexusUnleashed.WorldServer\NexusUnleashed.WorldServer.Network.Message.Handler.Entity\ClientEntityInteractionHandler.cs	NexusUnleashed.WorldServer	C-LINEAGE	62	NexusUnleashed.WorldServer\NexusUnleashed.WorldServer.Network.Message.Handler.Entity\ClientEntityInteractionHandler.cs
NexusUnleashed.WorldServer\NexusUnleashed.WorldServer.Network.Message.Handler.Entity\ClientEntityTargetHandler.cs	NexusUnleashed.WorldServer	C-LINEAGE	10	NexusUnleashed.WorldServer\NexusUnleashed.WorldServer.Network.Message.Handler.Entity\ClientEntityTargetHandler.cs
NexusUnleashed.WorldServer\NexusUnleashed.WorldServer.Network.Message.Handler.Entity\ClientPlayerMovementSpeedUpdateHandler.cs	NexusUnleashed.WorldServer	C-LINEAGE	10	NexusUnleashed.WorldServer\NexusUnleashed.WorldServer.Network.Message.Handler.Entity\ClientPlayerMovementSpeedUpdateHandler.cs
NexusUnleashed.WorldServer\NexusUnleashed.WorldServer.Network.Message.Handler.Event\ClientPublicEventVoteHandler.cs	NexusUnleashed.WorldServer	C-LINEAGE	10	NexusUnleashed.WorldServer\NexusUnleashed.WorldServer.Network.Message.Handler.Event\ClientPublicEventVoteHandler.cs
NexusUnleashed.WorldServer\NexusUnleashed.WorldServer.Network.Message.Handler.Friendship\ClientFriendshipAccountAddByEmailHandler.cs	NexusUnleashed.WorldServer	C-LINEAGE	25	NexusUnleashed.WorldServer\NexusUnleashed.WorldServer.Network.Message.Handler.Friendship\ClientFriendshipAccountAddByEmailHandler.cs
NexusUnleashed.WorldServer\NexusUnleashed.WorldServer.Network.Message.Handler.Friendship\ClientFriendshipAccountInviteMarkedSeenHandler.cs	NexusUnleashed.WorldServer	C-LINEAGE	22	NexusUnleashed.WorldServer\NexusUnleashed.WorldServer.Network.Message.Handler.Friendship\ClientFriendshipAccountInviteMarkedSeenHandler.cs
NexusUnleashed.WorldServer\NexusUnleashed.WorldServer.Network.Message.Handler.Friendship\ClientFriendshipAccountInviteResponseHandler.cs	NexusUnleashed.WorldServer	C-LINEAGE	25	NexusUnleashed.WorldServer\NexusUnleashed.WorldServer.Network.Message.Handler.Friendship\ClientFriendshipAccountInviteResponseHandler.cs
NexusUnleashed.WorldServer\NexusUnleashed.WorldServer.Network.Message.Handler.Friendship\ClientFriendshipAccountPersonalPresenceChangeHandler.cs	NexusUnleashed.WorldServer	C-LINEAGE	23	NexusUnleashed.WorldServer\NexusUnleashed.WorldServer.Network.Message.Handler.Friendship\ClientFriendshipAccountPersonalPresenceChangeHandler.cs
NexusUnleashed.WorldServer\NexusUnleashed.WorldServer.Network.Message.Handler.Friendship\ClientFriendshipAccountRemoveHandler.cs	NexusUnleashed.WorldServer	C-LINEAGE	22	NexusUnleashed.WorldServer\NexusUnleashed.WorldServer.Network.Message.Handler.Friendship\ClientFriendshipAccountRemoveHandler.cs
NexusUnleashed.WorldServer\NexusUnleashed.WorldServer.Network.Message.Handler.Friendship\ClientFriendshipAccountSetPrivateDataHandler.cs	NexusUnleashed.WorldServer	C-LINEAGE	25	NexusUnleashed.WorldServer\NexusUnleashed.WorldServer.Network.Message.Handler.Friendship\ClientFriendshipAccountSetPrivateDataHandler.cs
NexusUnleashed.WorldServer\NexusUnleashed.WorldServer.Network.Message.Handler.Friendship\ClientFriendshipAccountSetPublicDisplayNameHandler.cs	NexusUnleashed.WorldServer	C-LINEAGE	24	NexusUnleashed.WorldServer\NexusUnleashed.WorldServer.Network.Message.Handler.Friendship\ClientFriendshipAccountSetPublicDisplayNameHandler.cs
NexusUnleashed.WorldServer\NexusUnleashed.WorldServer.Network.Message.Handler.Friendship\ClientFriendshipAccountSetPublicNoteHandler.cs	NexusUnleashed.WorldServer	C-LINEAGE	24	NexusUnleashed.WorldServer\NexusUnleashed.WorldServer.Network.Message.Handler.Friendship\ClientFriendshipAccountSetPublicNoteHandler.cs
NexusUnleashed.WorldServer\NexusUnleashed.WorldServer.Network.Message.Handler.Friendship\ClientFriendshipAccountUpgradeFromFriendHandler.cs	NexusUnleashed.WorldServer	C-LINEAGE	26	NexusUnleashed.WorldServer\NexusUnleashed.WorldServer.Network.Message.Handler.Friendship\ClientFriendshipAccountUpgradeFromFriendHandler.cs
NexusUnleashed.WorldServer\NexusUnleashed.WorldServer.Network.Message.Handler.Friendship\ClientFriendshipAddByIdentityHandler.cs	NexusUnleashed.WorldServer	C-LINEAGE	26	NexusUnleashed.WorldServer\NexusUnleashed.WorldServer.Network.Message.Handler.Friendship\ClientFriendshipAddByIdentityHandler.cs
NexusUnleashed.WorldServer\NexusUnleashed.WorldServer.Network.Message.Handler.Friendship\ClientFriendshipAddByNameHandler.cs	NexusUnleashed.WorldServer	C-LINEAGE	30	NexusUnleashed.WorldServer\NexusUnleashed.WorldServer.Network.Message.Handler.Friendship\ClientFriendshipAddByNameHandler.cs
NexusUnleashed.WorldServer\NexusUnleashed.WorldServer.Network.Message.Handler.Friendship\ClientFriendshipGetLocationsHandler.cs	NexusUnleashed.WorldServer	C-LINEAGE	26	NexusUnleashed.WorldServer\NexusUnleashed.WorldServer.Network.Message.Handler.Friendship\ClientFriendshipGetLocationsHandler.cs
NexusUnleashed.WorldServer\NexusUnleashed.WorldServer.Network.Message.Handler.Friendship\ClientFriendshipInviteMarkSeenHandler.cs	NexusUnleashed.WorldServer	C-LINEAGE	23	NexusUnleashed.WorldServer\NexusUnleashed.WorldServer.Network.Message.Handler.Friendship\ClientFriendshipInviteMarkSeenHandler.cs
NexusUnleashed.WorldServer\NexusUnleashed.WorldServer.Network.Message.Handler.Friendship\ClientFriendshipInviteResponseHandler.cs	NexusUnleashed.WorldServer	C-LINEAGE	24	NexusUnleashed.WorldServer\NexusUnleashed.WorldServer.Network.Message.Handler.Friendship\ClientFriendshipInviteResponseHandler.cs
NexusUnleashed.WorldServer\NexusUnleashed.WorldServer.Network.Message.Handler.Friendship\ClientFriendshipRemoveByIdentityHandler.cs	NexusUnleashed.WorldServer	C-LINEAGE	25	NexusUnleashed.WorldServer\NexusUnleashed.WorldServer.Network.Message.Handler.Friendship\ClientFriendshipRemoveByIdentityHandler.cs
NexusUnleashed.WorldServer\NexusUnleashed.WorldServer.Network.Message.Handler.Friendship\ClientFriendshipSetAutoResponseHandler.cs	NexusUnleashed.WorldServer	C-LINEAGE	11	NexusUnleashed.WorldServer\NexusUnleashed.WorldServer.Network.Message.Handler.Friendship\ClientFriendshipSetAutoResponseHandler.cs
NexusUnleashed.WorldServer\NexusUnleashed.WorldServer.Network.Message.Handler.Friendship\ClientFriendshipSetNoteByIdentityHandler.cs	NexusUnleashed.WorldServer	C-LINEAGE	25	NexusUnleashed.WorldServer\NexusUnleashed.WorldServer.Network.Message.Handler.Friendship\ClientFriendshipSetNoteByIdentityHandler.cs
NexusUnleashed.WorldServer\NexusUnleashed.WorldServer.Network.Message.Handler.Group\ClientGroupFlagsChangedHandler.cs	NexusUnleashed.WorldServer	C-LINEAGE	23	NexusUnleashed.WorldServer\NexusUnleashed.WorldServer.Network.Message.Handler.Group\ClientGroupFlagsChangedHandler.cs
NexusUnleashed.WorldServer\NexusUnleashed.WorldServer.Network.Message.Handler.Group\ClientGroupInviteHandler.cs	NexusUnleashed.WorldServer	C-LINEAGE	28	NexusUnleashed.WorldServer\NexusUnleashed.WorldServer.Network.Message.Handler.Group\ClientGroupInviteHandler.cs
NexusUnleashed.WorldServer\NexusUnleashed.WorldServer.Network.Message.Handler.Group\ClientGroupInviteResponseHandler.cs	NexusUnleashed.WorldServer	C-LINEAGE	23	NexusUnleashed.WorldServer\NexusUnleashed.WorldServer.Network.Message.Handler.Group\ClientGroupInviteResponseHandler.cs
NexusUnleashed.WorldServer\NexusUnleashed.WorldServer.Network.Message.Handler.Group\ClientGroupKickHandler.cs	NexusUnleashed.WorldServer	C-LINEAGE	25	NexusUnleashed.WorldServer\NexusUnleashed.WorldServer.Network.Message.Handler.Group\ClientGroupKickHandler.cs
NexusUnleashed.WorldServer\NexusUnleashed.WorldServer.Network.Message.Handler.Group\ClientGroupLeaveHandler.cs	NexusUnleashed.WorldServer	C-LINEAGE	33	NexusUnleashed.WorldServer\NexusUnleashed.WorldServer.Network.Message.Handler.Group\ClientGroupLeaveHandler.cs
NexusUnleashed.WorldServer\NexusUnleashed.WorldServer.Network.Message.Handler.Group\ClientGroupLootRulesChangeHandler.cs	NexusUnleashed.WorldServer	C-LINEAGE	27	NexusUnleashed.WorldServer\NexusUnleashed.WorldServer.Network.Message.Handler.Group\ClientGroupLootRulesChangeHandler.cs
NexusUnleashed.WorldServer\NexusUnleashed.WorldServer.Network.Message.Handler.Group\ClientGroupMarkUnitHandler.cs	NexusUnleashed.WorldServer	C-LINEAGE	24	NexusUnleashed.WorldServer\NexusUnleashed.WorldServer.Network.Message.Handler.Group\ClientGroupMarkUnitHandler.cs
NexusUnleashed.WorldServer\NexusUnleashed.WorldServer.Network.Message.Handler.Group\ClientGroupPromoteHandler.cs	NexusUnleashed.WorldServer	C-LINEAGE	25	NexusUnleashed.WorldServer\NexusUnleashed.WorldServer.Network.Message.Handler.Group\ClientGroupPromoteHandler.cs
NexusUnleashed.WorldServer\NexusUnleashed.WorldServer.Network.Message.Handler.Group\ClientGroupRequestJoinHandler.cs	NexusUnleashed.WorldServer	C-LINEAGE	28	NexusUnleashed.WorldServer\NexusUnleashed.WorldServer.Network.Message.Handler.Group\ClientGroupRequestJoinHandler.cs
NexusUnleashed.WorldServer\NexusUnleashed.WorldServer.Network.Message.Handler.Group\ClientGroupRequestJoinResponseHandler.cs	NexusUnleashed.WorldServer	C-LINEAGE	25	NexusUnleashed.WorldServer\NexusUnleashed.WorldServer.Network.Message.Handler.Group\ClientGroupRequestJoinResponseHandler.cs
NexusUnleashed.WorldServer\NexusUnleashed.WorldServer.Network.Message.Handler.Group\ClientGroupSendReadyCheckHandler.cs	NexusUnleashed.WorldServer	C-LINEAGE	24	NexusUnleashed.WorldServer\NexusUnleashed.WorldServer.Network.Message.Handler.Group\ClientGroupSendReadyCheckHandler.cs
NexusUnleashed.WorldServer\NexusUnleashed.WorldServer.Network.Message.Handler.Group\ClientGroupSetRoleHandler.cs	NexusUnleashed.WorldServer	C-LINEAGE	26	NexusUnleashed.WorldServer\NexusUnleashed.WorldServer.Network.Message.Handler.Group\ClientGroupSetRoleHandler.cs
NexusUnleashed.WorldServer\NexusUnleashed.WorldServer.Network.Message.Handler.Guild\ClientGuildHolomarkUpdateHandler.cs	NexusUnleashed.WorldServer	C-LINEAGE	10	NexusUnleashed.WorldServer\NexusUnleashed.WorldServer.Network.Message.Handler.Guild\ClientGuildHolomarkUpdateHandler.cs
NexusUnleashed.WorldServer\NexusUnleashed.WorldServer.Network.Message.Handler.Guild\ClientGuildInviteResponseHandler.cs	NexusUnleashed.WorldServer	C-LINEAGE	21	NexusUnleashed.WorldServer\NexusUnleashed.WorldServer.Network.Message.Handler.Guild\ClientGuildInviteResponseHandler.cs
NexusUnleashed.WorldServer\NexusUnleashed.WorldServer.Network.Message.Handler.Guild\ClientGuildOperationHandler.cs	NexusUnleashed.WorldServer	C-LINEAGE	16	NexusUnleashed.WorldServer\NexusUnleashed.WorldServer.Network.Message.Handler.Guild\ClientGuildOperationHandler.cs
NexusUnleashed.WorldServer\NexusUnleashed.WorldServer.Network.Message.Handler.Guild\ClientGuildRegisterHandler.cs	NexusUnleashed.WorldServer	C-LINEAGE	59	NexusUnleashed.WorldServer\NexusUnleashed.WorldServer.Network.Message.Handler.Guild\ClientGuildRegisterHandler.cs
NexusUnleashed.WorldServer\NexusUnleashed.WorldServer.Network.Message.Handler.Housing\ClientHousingCommunityDonateHandler.cs	NexusUnleashed.WorldServer	C-LINEAGE	61	NexusUnleashed.WorldServer\NexusUnleashed.WorldServer.Network.Message.Handler.Housing\ClientHousingCommunityDonateHandler.cs
NexusUnleashed.WorldServer\NexusUnleashed.WorldServer.Network.Message.Handler.Housing\ClientHousingCommunityPrivacyLevelHandler.cs	NexusUnleashed.WorldServer	C-LINEAGE	42	NexusUnleashed.WorldServer\NexusUnleashed.WorldServer.Network.Message.Handler.Housing\ClientHousingCommunityPrivacyLevelHandler.cs
NexusUnleashed.WorldServer\NexusUnleashed.WorldServer.Network.Message.Handler.Housing\ClientHousingCommunityRemovalHandler.cs	NexusUnleashed.WorldServer	C-LINEAGE	56	NexusUnleashed.WorldServer\NexusUnleashed.WorldServer.Network.Message.Handler.Housing\ClientHousingCommunityRemovalHandler.cs
NexusUnleashed.WorldServer\NexusUnleashed.WorldServer.Network.Message.Handler.Housing\ClientHousingCommunityRenameHandler.cs	NexusUnleashed.WorldServer	C-LINEAGE	79	NexusUnleashed.WorldServer\NexusUnleashed.WorldServer.Network.Message.Handler.Housing\ClientHousingCommunityRenameHandler.cs
NexusUnleashed.WorldServer\NexusUnleashed.WorldServer.Network.Message.Handler.Housing\ClientHousingCrateAllDecorHandler.cs	NexusUnleashed.WorldServer	C-LINEAGE	13	NexusUnleashed.WorldServer\NexusUnleashed.WorldServer.Network.Message.Handler.Housing\ClientHousingCrateAllDecorHandler.cs
NexusUnleashed.WorldServer\NexusUnleashed.WorldServer.Network.Message.Handler.Housing\ClientHousingDecorUpdateHandler.cs	NexusUnleashed.WorldServer	C-LINEAGE	12	NexusUnleashed.WorldServer\NexusUnleashed.WorldServer.Network.Message.Handler.Housing\ClientHousingDecorUpdateHandler.cs
NexusUnleashed.WorldServer\NexusUnleashed.WorldServer.Network.Message.Handler.Housing\ClientHousingEditModeHandler.cs	NexusUnleashed.WorldServer	C-LINEAGE	9	NexusUnleashed.WorldServer\NexusUnleashed.WorldServer.Network.Message.Handler.Housing\ClientHousingEditModeHandler.cs
NexusUnleashed.WorldServer\NexusUnleashed.WorldServer.Network.Message.Handler.Housing\ClientHousingFlagsUpdateHandler.cs	NexusUnleashed.WorldServer	C-LINEAGE	13	NexusUnleashed.WorldServer\NexusUnleashed.WorldServer.Network.Message.Handler.Housing\ClientHousingFlagsUpdateHandler.cs
NexusUnleashed.WorldServer\NexusUnleashed.WorldServer.Network.Message.Handler.Housing\ClientHousingPlugUpdateHander.cs	NexusUnleashed.WorldServer	C-LINEAGE	9	NexusUnleashed.WorldServer\NexusUnleashed.WorldServer.Network.Message.Handler.Housing\ClientHousingPlugUpdateHander.cs
NexusUnleashed.WorldServer\NexusUnleashed.WorldServer.Network.Message.Handler.Housing\ClientHousingRemodelHandler.cs	NexusUnleashed.WorldServer	C-LINEAGE	13	NexusUnleashed.WorldServer\NexusUnleashed.WorldServer.Network.Message.Handler.Housing\ClientHousingRemodelHandler.cs
NexusUnleashed.WorldServer\NexusUnleashed.WorldServer.Network.Message.Handler.Housing\ClientHousingRenamePropertyHandler.cs	NexusUnleashed.WorldServer	C-LINEAGE	24	NexusUnleashed.WorldServer\NexusUnleashed.WorldServer.Network.Message.Handler.Housing\ClientHousingRenamePropertyHandler.cs
NexusUnleashed.WorldServer\NexusUnleashed.WorldServer.Network.Message.Handler.Housing\ClientHousingRequestCommunityPlacedResidencesListHandler.cs	NexusUnleashed.WorldServer	C-LINEAGE	49	NexusUnleashed.WorldServer\NexusUnleashed.WorldServer.Network.Message.Handler.Housing\ClientHousingRequestCommunityPlacedResidencesListHandler.cs
NexusUnleashed.WorldServer\NexusUnleashed.WorldServer.Network.Message.Handler.Housing\ClientHousingRequestCommunityPlacementHandler.cs	NexusUnleashed.WorldServer	C-LINEAGE	88	NexusUnleashed.WorldServer\NexusUnleashed.WorldServer.Network.Message.Handler.Housing\ClientHousingRequestCommunityPlacementHandler.cs
NexusUnleashed.WorldServer\NexusUnleashed.WorldServer.Network.Message.Handler.Housing\ClientHousingRequestRandomCommunityListHandler.cs	NexusUnleashed.WorldServer	C-LINEAGE	30	NexusUnleashed.WorldServer\NexusUnleashed.WorldServer.Network.Message.Handler.Housing\ClientHousingRequestRandomCommunityListHandler.cs
NexusUnleashed.WorldServer\NexusUnleashed.WorldServer.Network.Message.Handler.Housing\ClientHousingRequestRandomResidenceListHandler.cs	NexusUnleashed.WorldServer	C-LINEAGE	30	NexusUnleashed.WorldServer\NexusUnleashed.WorldServer.Network.Message.Handler.Housing\ClientHousingRequestRandomResidenceListHandler.cs
NexusUnleashed.WorldServer\NexusUnleashed.WorldServer.Network.Message.Handler.Housing\ClientHousingResidencePrivacyLevelHandler.cs	NexusUnleashed.WorldServer	C-LINEAGE	35	NexusUnleashed.WorldServer\NexusUnleashed.WorldServer.Network.Message.Handler.Housing\ClientHousingResidencePrivacyLevelHandler.cs
NexusUnleashed.WorldServer\NexusUnleashed.WorldServer.Network.Message.Handler.Housing\ClientHousingTakeMeHomeHandler.cs	NexusUnleashed.WorldServer	C-LINEAGE	39	NexusUnleashed.WorldServer\NexusUnleashed.WorldServer.Network.Message.Handler.Housing\ClientHousingTakeMeHomeHandler.cs
NexusUnleashed.WorldServer\NexusUnleashed.WorldServer.Network.Message.Handler.Housing\ClientHousingVendorListHandler.cs	NexusUnleashed.WorldServer	C-LINEAGE	29	NexusUnleashed.WorldServer\NexusUnleashed.WorldServer.Network.Message.Handler.Housing\ClientHousingVendorListHandler.cs
NexusUnleashed.WorldServer\NexusUnleashed.WorldServer.Network.Message.Handler.Housing\ClientHousingVisitHandler.cs	NexusUnleashed.WorldServer	C-LINEAGE	78	NexusUnleashed.WorldServer\NexusUnleashed.WorldServer.Network.Message.Handler.Housing\ClientHousingVisitHandler.cs
NexusUnleashed.WorldServer\NexusUnleashed.WorldServer.Network.Message.Handler.Info\ClientPlayerInfoRequestHandler.cs	NexusUnleashed.WorldServer	C-LINEAGE	25	NexusUnleashed.WorldServer\NexusUnleashed.WorldServer.Network.Message.Handler.Info\ClientPlayerInfoRequestHandler.cs
NexusUnleashed.WorldServer\NexusUnleashed.WorldServer.Network.Message.Handler.Item\ClientHousingAddItemToCrateHandler.cs	NexusUnleashed.WorldServer	C-LINEAGE	32	NexusUnleashed.WorldServer\NexusUnleashed.WorldServer.Network.Message.Handler.Item\ClientHousingAddItemToCrateHandler.cs
NexusUnleashed.WorldServer\NexusUnleashed.WorldServer.Network.Message.Handler.Item\ClientItemDeleteHandler.cs	NexusUnleashed.WorldServer	C-LINEAGE	10	NexusUnleashed.WorldServer\NexusUnleashed.WorldServer.Network.Message.Handler.Item\ClientItemDeleteHandler.cs
NexusUnleashed.WorldServer\NexusUnleashed.WorldServer.Network.Message.Handler.Item\ClientItemGenericUnlockHandler.cs	NexusUnleashed.WorldServer	C-LINEAGE	32	NexusUnleashed.WorldServer\NexusUnleashed.WorldServer.Network.Message.Handler.Item\ClientItemGenericUnlockHandler.cs
NexusUnleashed.WorldServer\NexusUnleashed.WorldServer.Network.Message.Handler.Item\ClientItemMoveFromSupplySatchelHandler.cs	NexusUnleashed.WorldServer	C-LINEAGE	10	NexusUnleashed.WorldServer\NexusUnleashed.WorldServer.Network.Message.Handler.Item\ClientItemMoveFromSupplySatchelHandler.cs
NexusUnleashed.WorldServer\NexusUnleashed.WorldServer.Network.Message.Handler.Item\ClientItemMoveHandler.cs	NexusUnleashed.WorldServer	C-LINEAGE	30	NexusUnleashed.WorldServer\NexusUnleashed.WorldServer.Network.Message.Handler.Item\ClientItemMoveHandler.cs
NexusUnleashed.WorldServer\NexusUnleashed.WorldServer.Network.Message.Handler.Item\ClientItemMoveToSupplySatchelHandler.cs	NexusUnleashed.WorldServer	C-LINEAGE	17	NexusUnleashed.WorldServer\NexusUnleashed.WorldServer.Network.Message.Handler.Item\ClientItemMoveToSupplySatchelHandler.cs
NexusUnleashed.WorldServer\NexusUnleashed.WorldServer.Network.Message.Handler.Item\ClientItemSplitHandler.cs	NexusUnleashed.WorldServer	C-LINEAGE	10	NexusUnleashed.WorldServer\NexusUnleashed.WorldServer.Network.Message.Handler.Item\ClientItemSplitHandler.cs
NexusUnleashed.WorldServer\NexusUnleashed.WorldServer.Network.Message.Handler.Item\ClientItemUseHandler.cs	NexusUnleashed.WorldServer	C-LINEAGE	48	NexusUnleashed.WorldServer\NexusUnleashed.WorldServer.Network.Message.Handler.Item\ClientItemUseHandler.cs
NexusUnleashed.WorldServer\NexusUnleashed.WorldServer.Network.Message.Handler.Item\ClientItemUseLootBagHandler.cs	NexusUnleashed.WorldServer	C-LINEAGE	32	NexusUnleashed.WorldServer\NexusUnleashed.WorldServer.Network.Message.Handler.Item\ClientItemUseLootBagHandler.cs
NexusUnleashed.WorldServer\NexusUnleashed.WorldServer.Network.Message.Handler.Loot\ClientLootItemHandler.cs	NexusUnleashed.WorldServer	C-LINEAGE	12	NexusUnleashed.WorldServer\NexusUnleashed.WorldServer.Network.Message.Handler.Loot\ClientLootItemHandler.cs
NexusUnleashed.WorldServer\NexusUnleashed.WorldServer.Network.Message.Handler.Loot\ClientLootVacuumHandler.cs	NexusUnleashed.WorldServer	C-LINEAGE	12	NexusUnleashed.WorldServer\NexusUnleashed.WorldServer.Network.Message.Handler.Loot\ClientLootVacuumHandler.cs
NexusUnleashed.WorldServer\NexusUnleashed.WorldServer.Network.Message.Handler.Mail\ClientMailDeleteHandler.cs	NexusUnleashed.WorldServer	C-LINEAGE	13	NexusUnleashed.WorldServer\NexusUnleashed.WorldServer.Network.Message.Handler.Mail\ClientMailDeleteHandler.cs
NexusUnleashed.WorldServer\NexusUnleashed.WorldServer.Network.Message.Handler.Mail\ClientMailOpenHandler.cs	NexusUnleashed.WorldServer	C-LINEAGE	13	NexusUnleashed.WorldServer\NexusUnleashed.WorldServer.Network.Message.Handler.Mail\ClientMailOpenHandler.cs
NexusUnleashed.WorldServer\NexusUnleashed.WorldServer.Network.Message.Handler.Mail\ClientMailPayCodHandler.cs	NexusUnleashed.WorldServer	C-LINEAGE	10	NexusUnleashed.WorldServer\NexusUnleashed.WorldServer.Network.Message.Handler.Mail\ClientMailPayCodHandler.cs
NexusUnleashed.WorldServer\NexusUnleashed.WorldServer.Network.Message.Handler.Mail\ClientMailReturnHandler.cs	NexusUnleashed.WorldServer	C-LINEAGE	10	NexusUnleashed.WorldServer\NexusUnleashed.WorldServer.Network.Message.Handler.Mail\ClientMailReturnHandler.cs
NexusUnleashed.WorldServer\NexusUnleashed.WorldServer.Network.Message.Handler.Mail\ClientMailSendHandler.cs	NexusUnleashed.WorldServer	C-LINEAGE	10	NexusUnleashed.WorldServer\NexusUnleashed.WorldServer.Network.Message.Handler.Mail\ClientMailSendHandler.cs
NexusUnleashed.WorldServer\NexusUnleashed.WorldServer.Network.Message.Handler.Mail\ClientMailTakeAttachmentHandler.cs	NexusUnleashed.WorldServer	C-LINEAGE	10	NexusUnleashed.WorldServer\NexusUnleashed.WorldServer.Network.Message.Handler.Mail\ClientMailTakeAttachmentHandler.cs
NexusUnleashed.WorldServer\NexusUnleashed.WorldServer.Network.Message.Handler.Mail\ClientMailTakeCashHandler.cs	NexusUnleashed.WorldServer	C-LINEAGE	10	NexusUnleashed.WorldServer\NexusUnleashed.WorldServer.Network.Message.Handler.Mail\ClientMailTakeCashHandler.cs
NexusUnleashed.WorldServer\NexusUnleashed.WorldServer.Network.Message.Handler.Matching\ClientMatchingMatchLeaveHandler.cs	NexusUnleashed.WorldServer	C-LINEAGE	18	NexusUnleashed.WorldServer\NexusUnleashed.WorldServer.Network.Message.Handler.Matching\ClientMatchingMatchLeaveHandler.cs
NexusUnleashed.WorldServer\NexusUnleashed.WorldServer.Network.Message.Handler.Matching\ClientMatchingMatchReadyResponseHandler.cs	NexusUnleashed.WorldServer	C-LINEAGE	16	NexusUnleashed.WorldServer\NexusUnleashed.WorldServer.Network.Message.Handler.Matching\ClientMatchingMatchReadyResponseHandler.cs
NexusUnleashed.WorldServer\NexusUnleashed.WorldServer.Network.Message.Handler.Matching\ClientMatchingMatchTeleportInstanceHandler.cs	NexusUnleashed.WorldServer	C-LINEAGE	17	NexusUnleashed.WorldServer\NexusUnleashed.WorldServer.Network.Message.Handler.Matching\ClientMatchingMatchTeleportInstanceHandler.cs
NexusUnleashed.WorldServer\NexusUnleashed.WorldServer.Network.Message.Handler.Matching\ClientMatchingQueueHandler.cs	NexusUnleashed.WorldServer	C-LINEAGE	16	NexusUnleashed.WorldServer\NexusUnleashed.WorldServer.Network.Message.Handler.Matching\ClientMatchingQueueHandler.cs
NexusUnleashed.WorldServer\NexusUnleashed.WorldServer.Network.Message.Handler.Matching\ClientMatchingQueueLeaveAllHandler.cs	NexusUnleashed.WorldServer	C-LINEAGE	16	NexusUnleashed.WorldServer\NexusUnleashed.WorldServer.Network.Message.Handler.Matching\ClientMatchingQueueLeaveAllHandler.cs
NexusUnleashed.WorldServer\NexusUnleashed.WorldServer.Network.Message.Handler.Matching\ClientMatchingQueueLeaveHandler.cs	NexusUnleashed.WorldServer	C-LINEAGE	16	NexusUnleashed.WorldServer\NexusUnleashed.WorldServer.Network.Message.Handler.Matching\ClientMatchingQueueLeaveHandler.cs
NexusUnleashed.WorldServer\NexusUnleashed.WorldServer.Network.Message.Handler.Matching\ClientMatchingQueuePartyHandler.cs	NexusUnleashed.WorldServer	C-LINEAGE	16	NexusUnleashed.WorldServer\NexusUnleashed.WorldServer.Network.Message.Handler.Matching\ClientMatchingQueuePartyHandler.cs
NexusUnleashed.WorldServer\NexusUnleashed.WorldServer.Network.Message.Handler.Matching\ClientMatchingQueueRandomHandler.cs	NexusUnleashed.WorldServer	C-LINEAGE	16	NexusUnleashed.WorldServer\NexusUnleashed.WorldServer.Network.Message.Handler.Matching\ClientMatchingQueueRandomHandler.cs
NexusUnleashed.WorldServer\NexusUnleashed.WorldServer.Network.Message.Handler.Matching\ClientMatchingRoleCheckResponseHandler.cs	NexusUnleashed.WorldServer	C-LINEAGE	28	NexusUnleashed.WorldServer\NexusUnleashed.WorldServer.Network.Message.Handler.Matching\ClientMatchingRoleCheckResponseHandler.cs
NexusUnleashed.WorldServer\NexusUnleashed.WorldServer.Network.Message.Handler.Misc\ClientCinematicStateHandler.cs	NexusUnleashed.WorldServer	C-LINEAGE	10	NexusUnleashed.WorldServer\NexusUnleashed.WorldServer.Network.Message.Handler.Misc\ClientCinematicStateHandler.cs
NexusUnleashed.WorldServer\NexusUnleashed.WorldServer.Network.Message.Handler.Misc\ClientCustomerSurveySubmitHandler.cs	NexusUnleashed.WorldServer	C-LINEAGE	9	NexusUnleashed.WorldServer\NexusUnleashed.WorldServer.Network.Message.Handler.Misc\ClientCustomerSurveySubmitHandler.cs
NexusUnleashed.WorldServer\NexusUnleashed.WorldServer.Network.Message.Handler.Misc\ClientEnteredWorldHandler.cs	NexusUnleashed.WorldServer	C-LINEAGE	15	NexusUnleashed.WorldServer\NexusUnleashed.WorldServer.Network.Message.Handler.Misc\ClientEnteredWorldHandler.cs
NexusUnleashed.WorldServer\NexusUnleashed.WorldServer.Network.Message.Handler.Misc\ClientPingHandler.cs	NexusUnleashed.WorldServer	C-LINEAGE	10	NexusUnleashed.WorldServer\NexusUnleashed.WorldServer.Network.Message.Handler.Misc\ClientPingHandler.cs
NexusUnleashed.WorldServer\NexusUnleashed.WorldServer.Network.Message.Handler.Misc\ClientRandomRollRequestHandler.cs	NexusUnleashed.WorldServer	C-LINEAGE	33	NexusUnleashed.WorldServer\NexusUnleashed.WorldServer.Network.Message.Handler.Misc\ClientRandomRollRequestHandler.cs
NexusUnleashed.WorldServer\NexusUnleashed.WorldServer.Network.Message.Handler.Misc\ClientStatisticsConnectionHandler.cs	NexusUnleashed.WorldServer	C-LINEAGE	9	NexusUnleashed.WorldServer\NexusUnleashed.WorldServer.Network.Message.Handler.Misc\ClientStatisticsConnectionHandler.cs
NexusUnleashed.WorldServer\NexusUnleashed.WorldServer.Network.Message.Handler.Misc\ClientStatisticsFramerateHandler.cs	NexusUnleashed.WorldServer	C-LINEAGE	9	NexusUnleashed.WorldServer\NexusUnleashed.WorldServer.Network.Message.Handler.Misc\ClientStatisticsFramerateHandler.cs
NexusUnleashed.WorldServer\NexusUnleashed.WorldServer.Network.Message.Handler.Misc\ClientStatisticsGfxHandler.cs	NexusUnleashed.WorldServer	C-LINEAGE	9	NexusUnleashed.WorldServer\NexusUnleashed.WorldServer.Network.Message.Handler.Misc\ClientStatisticsGfxHandler.cs
NexusUnleashed.WorldServer\NexusUnleashed.WorldServer.Network.Message.Handler.Misc\ClientStatisticsWatchdogHandler.cs	NexusUnleashed.WorldServer	C-LINEAGE	9	NexusUnleashed.WorldServer\NexusUnleashed.WorldServer.Network.Message.Handler.Misc\ClientStatisticsWatchdogHandler.cs
NexusUnleashed.WorldServer\NexusUnleashed.WorldServer.Network.Message.Handler.Misc\ClientStatisticsWindowOpenHandler.cs	NexusUnleashed.WorldServer	C-LINEAGE	9	NexusUnleashed.WorldServer\NexusUnleashed.WorldServer.Network.Message.Handler.Misc\ClientStatisticsWindowOpenHandler.cs
NexusUnleashed.WorldServer\NexusUnleashed.WorldServer.Network.Message.Handler.Misc\ClientToggleWeaponsHandler.cs	NexusUnleashed.WorldServer	C-LINEAGE	10	NexusUnleashed.WorldServer\NexusUnleashed.WorldServer.Network.Message.Handler.Misc\ClientToggleWeaponsHandler.cs
NexusUnleashed.WorldServer\NexusUnleashed.WorldServer.Network.Message.Handler.Misc\ClientZoneChangeHandler.cs	NexusUnleashed.WorldServer	C-LINEAGE	9	NexusUnleashed.WorldServer\NexusUnleashed.WorldServer.Network.Message.Handler.Misc\ClientZoneChangeHandler.cs
NexusUnleashed.WorldServer\NexusUnleashed.WorldServer.Network.Message.Handler.Option\BiInputKeySetHandler.cs	NexusUnleashed.WorldServer	C-LINEAGE	17	NexusUnleashed.WorldServer\NexusUnleashed.WorldServer.Network.Message.Handler.Option\BiInputKeySetHandler.cs
NexusUnleashed.WorldServer\NexusUnleashed.WorldServer.Network.Message.Handler.Option\ClientRequestInputKeySetHandler.cs	NexusUnleashed.WorldServer	C-LINEAGE	17	NexusUnleashed.WorldServer\NexusUnleashed.WorldServer.Network.Message.Handler.Option\ClientRequestInputKeySetHandler.cs
NexusUnleashed.WorldServer\NexusUnleashed.WorldServer.Network.Message.Handler.Option\ClientSetInputKeySetHandler.cs	NexusUnleashed.WorldServer	C-LINEAGE	17	NexusUnleashed.WorldServer\NexusUnleashed.WorldServer.Network.Message.Handler.Option\ClientSetInputKeySetHandler.cs
NexusUnleashed.WorldServer\NexusUnleashed.WorldServer.Network.Message.Handler.Path\ClientPathChangeRequestHandler.cs	NexusUnleashed.WorldServer	C-LINEAGE	53	NexusUnleashed.WorldServer\NexusUnleashed.WorldServer.Network.Message.Handler.Path\ClientPathChangeRequestHandler.cs
NexusUnleashed.WorldServer\NexusUnleashed.WorldServer.Network.Message.Handler.Path\ClientPathUnlockHandler.cs	NexusUnleashed.WorldServer	C-LINEAGE	38	NexusUnleashed.WorldServer\NexusUnleashed.WorldServer.Network.Message.Handler.Path\ClientPathUnlockHandler.cs
NexusUnleashed.WorldServer\NexusUnleashed.WorldServer.Network.Message.Handler.Pet\ClientPathScientistSetScannerNameHandler.cs	NexusUnleashed.WorldServer	C-LINEAGE	10	NexusUnleashed.WorldServer\NexusUnleashed.WorldServer.Network.Message.Handler.Pet\ClientPathScientistSetScannerNameHandler.cs
NexusUnleashed.WorldServer\NexusUnleashed.WorldServer.Network.Message.Handler.Pet\ClientPetCustomisationHandler.cs	NexusUnleashed.WorldServer	C-LINEAGE	10	NexusUnleashed.WorldServer\NexusUnleashed.WorldServer.Network.Message.Handler.Pet\ClientPetCustomisationHandler.cs
NexusUnleashed.WorldServer\NexusUnleashed.WorldServer.Network.Message.Handler.Pet\ClientSummonVanityPetHandler.cs	NexusUnleashed.WorldServer	C-LINEAGE	22	NexusUnleashed.WorldServer\NexusUnleashed.WorldServer.Network.Message.Handler.Pet\ClientSummonVanityPetHandler.cs
NexusUnleashed.WorldServer\NexusUnleashed.WorldServer.Network.Message.Handler.Quest\ClientQuestAbandonHandler.cs	NexusUnleashed.WorldServer	C-LINEAGE	10	NexusUnleashed.WorldServer\NexusUnleashed.WorldServer.Network.Message.Handler.Quest\ClientQuestAbandonHandler.cs
NexusUnleashed.WorldServer\NexusUnleashed.WorldServer.Network.Message.Handler.Quest\ClientQuestAcceptHandler.cs	NexusUnleashed.WorldServer	C-LINEAGE	27	NexusUnleashed.WorldServer\NexusUnleashed.WorldServer.Network.Message.Handler.Quest\ClientQuestAcceptHandler.cs
NexusUnleashed.WorldServer\NexusUnleashed.WorldServer.Network.Message.Handler.Quest\ClientQuestCompleteHandler.cs	NexusUnleashed.WorldServer	C-LINEAGE	10	NexusUnleashed.WorldServer\NexusUnleashed.WorldServer.Network.Message.Handler.Quest\ClientQuestCompleteHandler.cs
NexusUnleashed.WorldServer\NexusUnleashed.WorldServer.Network.Message.Handler.Quest\ClientQuestRetryHandler.cs	NexusUnleashed.WorldServer	C-LINEAGE	10	NexusUnleashed.WorldServer\NexusUnleashed.WorldServer.Network.Message.Handler.Quest\ClientQuestRetryHandler.cs
NexusUnleashed.WorldServer\NexusUnleashed.WorldServer.Network.Message.Handler.Quest\ClientQuestSetIgnoreHandler.cs	NexusUnleashed.WorldServer	C-LINEAGE	10	NexusUnleashed.WorldServer\NexusUnleashed.WorldServer.Network.Message.Handler.Quest\ClientQuestSetIgnoreHandler.cs
NexusUnleashed.WorldServer\NexusUnleashed.WorldServer.Network.Message.Handler.Quest\ClientQuestSetTrackedHandler.cs	NexusUnleashed.WorldServer	C-LINEAGE	10	NexusUnleashed.WorldServer\NexusUnleashed.WorldServer.Network.Message.Handler.Quest\ClientQuestSetTrackedHandler.cs
NexusUnleashed.WorldServer\NexusUnleashed.WorldServer.Network.Message.Handler.Quest\ClientQuestShareHandler.cs	NexusUnleashed.WorldServer	C-LINEAGE	10	NexusUnleashed.WorldServer\NexusUnleashed.WorldServer.Network.Message.Handler.Quest\ClientQuestShareHandler.cs
NexusUnleashed.WorldServer\NexusUnleashed.WorldServer.Network.Message.Handler.Quest\ClientQuestShareResultHandler.cs	NexusUnleashed.WorldServer	C-LINEAGE	10	NexusUnleashed.WorldServer\NexusUnleashed.WorldServer.Network.Message.Handler.Quest\ClientQuestShareResultHandler.cs
NexusUnleashed.WorldServer\NexusUnleashed.WorldServer.Network.Message.Handler.Social\ICCommHandlers.cs	NexusUnleashed.WorldServer	A-AUTHORED	30	
NexusUnleashed.WorldServer\NexusUnleashed.WorldServer.Network.Message.Handler.Spell\ClientAbilityBookActivateSpellHandler.cs	NexusUnleashed.WorldServer	C-LINEAGE	28	NexusUnleashed.WorldServer\NexusUnleashed.WorldServer.Network.Message.Handler.Spell\ClientAbilityBookActivateSpellHandler.cs
NexusUnleashed.WorldServer\NexusUnleashed.WorldServer.Network.Message.Handler.Spell\ClientCancelEffectHandler.cs	NexusUnleashed.WorldServer	C-LINEAGE	10	NexusUnleashed.WorldServer\NexusUnleashed.WorldServer.Network.Message.Handler.Spell\ClientCancelEffectHandler.cs
NexusUnleashed.WorldServer\NexusUnleashed.WorldServer.Network.Message.Handler.Spell\ClientCastSpellContinuousHandler.cs	NexusUnleashed.WorldServer	C-LINEAGE	18	NexusUnleashed.WorldServer\NexusUnleashed.WorldServer.Network.Message.Handler.Spell\ClientCastSpellContinuousHandler.cs
NexusUnleashed.WorldServer\NexusUnleashed.WorldServer.Network.Message.Handler.Spell\ClientCastSpellHandler.cs	NexusUnleashed.WorldServer	C-LINEAGE	18	NexusUnleashed.WorldServer\NexusUnleashed.WorldServer.Network.Message.Handler.Spell\ClientCastSpellHandler.cs
NexusUnleashed.WorldServer\NexusUnleashed.WorldServer.Network.Message.Handler.Spell\ClientCommitAmpSpecHandler.cs	NexusUnleashed.WorldServer	C-LINEAGE	30	NexusUnleashed.WorldServer\NexusUnleashed.WorldServer.Network.Message.Handler.Spell\ClientCommitAmpSpecHandler.cs
NexusUnleashed.WorldServer\NexusUnleashed.WorldServer.Network.Message.Handler.Spell\ClientDashHandler.cs	NexusUnleashed.WorldServer	C-LINEAGE	18	NexusUnleashed.WorldServer\NexusUnleashed.WorldServer.Network.Message.Handler.Spell\ClientDashHandler.cs
NexusUnleashed.WorldServer\NexusUnleashed.WorldServer.Network.Message.Handler.Spell\ClientNonSpellActionSetChangesHandler.cs	NexusUnleashed.WorldServer	C-LINEAGE	44	NexusUnleashed.WorldServer\NexusUnleashed.WorldServer.Network.Message.Handler.Spell\ClientNonSpellActionSetChangesHandler.cs
NexusUnleashed.WorldServer\NexusUnleashed.WorldServer.Network.Message.Handler.Spell\ClientRequestActionSetChangesHandler.cs	NexusUnleashed.WorldServer	C-LINEAGE	71	NexusUnleashed.WorldServer\NexusUnleashed.WorldServer.Network.Message.Handler.Spell\ClientRequestActionSetChangesHandler.cs
NexusUnleashed.WorldServer\NexusUnleashed.WorldServer.Network.Message.Handler.Spell\ClientRespecAmpsHandler.cs	NexusUnleashed.WorldServer	C-LINEAGE	13	NexusUnleashed.WorldServer\NexusUnleashed.WorldServer.Network.Message.Handler.Spell\ClientRespecAmpsHandler.cs
NexusUnleashed.WorldServer\NexusUnleashed.WorldServer.Network.Message.Handler.Spell\ClientSetSpecHandler.cs	NexusUnleashed.WorldServer	C-LINEAGE	15	NexusUnleashed.WorldServer\NexusUnleashed.WorldServer.Network.Message.Handler.Spell\ClientSetSpecHandler.cs
NexusUnleashed.WorldServer\NexusUnleashed.WorldServer.Network.Message.Handler.Spell\ClientSetStanceHandler.cs	NexusUnleashed.WorldServer	C-LINEAGE	10	NexusUnleashed.WorldServer\NexusUnleashed.WorldServer.Network.Message.Handler.Spell\ClientSetStanceHandler.cs
NexusUnleashed.WorldServer\NexusUnleashed.WorldServer.Network.Message.Handler.Spell\ClientSpellInteractionResultHandler.cs	NexusUnleashed.WorldServer	C-LINEAGE	28	NexusUnleashed.WorldServer\NexusUnleashed.WorldServer.Network.Message.Handler.Spell\ClientSpellInteractionResultHandler.cs
NexusUnleashed.WorldServer\NexusUnleashed.WorldServer.Network.Message.Handler.Spell\ClientSpellStopCastHandler.cs	NexusUnleashed.WorldServer	C-LINEAGE	10	NexusUnleashed.WorldServer\NexusUnleashed.WorldServer.Network.Message.Handler.Spell\ClientSpellStopCastHandler.cs
NexusUnleashed.WorldServer\NexusUnleashed.WorldServer.Network.Message.Handler.Trade\P2PTradeHandlers.cs	NexusUnleashed.WorldServer	A-AUTHORED	65	
NexusUnleashed.WorldServer\NexusUnleashed.WorldServer.Network.Message.Handler.Vendor\ClientBuybackItemFromVendorHandler.cs	NexusUnleashed.WorldServer	C-LINEAGE	40	NexusUnleashed.WorldServer\NexusUnleashed.WorldServer.Network.Message.Handler.Vendor\ClientBuybackItemFromVendorHandler.cs
NexusUnleashed.WorldServer\NexusUnleashed.WorldServer.Network.Message.Handler.Vendor\ClientVendorPurchaseHandler.cs	NexusUnleashed.WorldServer	C-LINEAGE	78	NexusUnleashed.WorldServer\NexusUnleashed.WorldServer.Network.Message.Handler.Vendor\ClientVendorPurchaseHandler.cs
NexusUnleashed.WorldServer\NexusUnleashed.WorldServer.Network.Message.Handler.Vendor\ClientVendorSellHandler.cs	NexusUnleashed.WorldServer	C-LINEAGE	51	NexusUnleashed.WorldServer\NexusUnleashed.WorldServer.Network.Message.Handler.Vendor\ClientVendorSellHandler.cs
NexusUnleashed.WorldServer\NexusUnleashed.WorldServer.Network.Message.Handler.Who\ClientWhoRequestHandler.cs	NexusUnleashed.WorldServer	C-LINEAGE	45	NexusUnleashed.WorldServer\NexusUnleashed.WorldServer.Network.Message.Handler.Who\ClientWhoRequestHandler.cs
NexusUnleashed.WorldServer\NexusUnleashed.WorldServer.Network.Message.Handler.Who\ParameterMappingExtensions.cs	NexusUnleashed.WorldServer	C-LINEAGE	77	NexusUnleashed.WorldServer\NexusUnleashed.WorldServer.Network.Message.Handler.Who\ParameterMappingExtensions.cs
NexusUnleashed.WorldServer\NexusUnleashed.WorldServer.Network.Message.Handler\ClientPackedWorldHandler.cs	NexusUnleashed.WorldServer	C-LINEAGE	15	NexusUnleashed.WorldServer\NexusUnleashed.WorldServer.Network.Message.Handler\ClientPackedWorldHandler.cs
NexusUnleashed.WorldServer\NexusUnleashed.WorldServer.Network.Message.Handler\ServiceCollectionExtensions.cs	NexusUnleashed.WorldServer	C-LINEAGE	15	NexusUnleashed.WorldServer\NexusUnleashed.WorldServer.Network.Message.Handler\ServiceCollectionExtensions.cs
NexusUnleashed.WorldServer\NexusUnleashed.WorldServer.Network\IWorldSession.cs	NexusUnleashed.WorldServer	C-LINEAGE	17	NexusUnleashed.WorldServer\NexusUnleashed.WorldServer.Network\IWorldSession.cs
NexusUnleashed.WorldServer\NexusUnleashed.WorldServer.Network\MessageManagerExtensions.cs	NexusUnleashed.WorldServer	C-LINEAGE	15	NexusUnleashed.WorldServer\NexusUnleashed.WorldServer.Network\MessageManagerExtensions.cs
NexusUnleashed.WorldServer\NexusUnleashed.WorldServer.Network\ServiceCollectionExtensions.cs	NexusUnleashed.WorldServer	C-LINEAGE	17	NexusUnleashed.WorldServer\NexusUnleashed.WorldServer.Network\ServiceCollectionExtensions.cs
NexusUnleashed.WorldServer\NexusUnleashed.WorldServer.Network\WorldSession.cs	NexusUnleashed.WorldServer	C-LINEAGE	101	NexusUnleashed.WorldServer\NexusUnleashed.WorldServer.Network\WorldSession.cs
NexusUnleashed.WorldServer\NexusUnleashed.WorldServer.Service\ConfigurationHostedService.cs	NexusUnleashed.WorldServer	C-LINEAGE	22	NexusUnleashed.WorldServer\NexusUnleashed.WorldServer.Service\ConfigurationHostedService.cs
NexusUnleashed.WorldServer\NexusUnleashed.WorldServer.Service\GameTableHostedService.cs	NexusUnleashed.WorldServer	C-MODIFIED	42	NexusUnleashed.WorldServer\NexusUnleashed.WorldServer.Service\GameTableHostedService.cs
NexusUnleashed.WorldServer\NexusUnleashed.WorldServer.Service\HostedService.cs	NexusUnleashed.WorldServer	C-LINEAGE	140	NexusUnleashed.WorldServer\NexusUnleashed.WorldServer.Service\HostedService.cs
NexusUnleashed.WorldServer\NexusUnleashed.WorldServer.Service\OnlineHostedService.cs	NexusUnleashed.WorldServer	C-LINEAGE	31	NexusUnleashed.WorldServer\NexusUnleashed.WorldServer.Service\OnlineHostedService.cs
NexusUnleashed.WorldServer\NexusUnleashed.WorldServer.Service\SpellHostedService.cs	NexusUnleashed.WorldServer	C-LINEAGE	33	NexusUnleashed.WorldServer\NexusUnleashed.WorldServer.Service\SpellHostedService.cs
NexusUnleashed.WorldServer\NexusUnleashed.WorldServer.Web.Middleware\WebSocketMiddleware.cs	NexusUnleashed.WorldServer	C-LINEAGE	106	NexusUnleashed.WorldServer\NexusUnleashed.WorldServer.Web.Middleware\WebSocketMiddleware.cs
NexusUnleashed.WorldServer\NexusUnleashed.WorldServer\ILoginQueueManager.cs	NexusUnleashed.WorldServer	C-LINEAGE	10	NexusUnleashed.WorldServer\NexusUnleashed.WorldServer\ILoginQueueManager.cs
NexusUnleashed.WorldServer\NexusUnleashed.WorldServer\LoginQueueManager.cs	NexusUnleashed.WorldServer	C-LINEAGE	151	NexusUnleashed.WorldServer\NexusUnleashed.WorldServer\LoginQueueManager.cs
NexusUnleashed.WorldServer\NexusUnleashed.WorldServer\ServiceCollectionExtensions.cs	NexusUnleashed.WorldServer	C-LINEAGE	12	NexusUnleashed.WorldServer\NexusUnleashed.WorldServer\ServiceCollectionExtensions.cs
NexusUnleashed.WorldServer\NexusUnleashed.WorldServer\WorldServer.cs	NexusUnleashed.WorldServer	C-LINEAGE	89	NexusUnleashed.WorldServer\NexusUnleashed.WorldServer\WorldServer.cs
NexusUnleashed.WorldServer\NexusUnleashed.WorldServer\WorldServerConfiguration.cs	NexusUnleashed.WorldServer	C-LINEAGE	15	NexusUnleashed.WorldServer\NexusUnleashed.WorldServer\WorldServerConfiguration.cs
NexusUnleashed.WorldServer\NexusUnleashed.WorldServer\WorldServerEmbeddedWebServer.cs	NexusUnleashed.WorldServer	C-LINEAGE	9	NexusUnleashed.WorldServer\NexusUnleashed.WorldServer\WorldServerEmbeddedWebServer.cs
NexusUnleashed.WorldServer\NexusUnleashed.WorldServer\WorldServerStartup.cs	NexusUnleashed.WorldServer	C-LINEAGE	27	NexusUnleashed.WorldServer\NexusUnleashed.WorldServer\WorldServerStartup.cs
NexusUnleashed.WorldServer\Properties\AssemblyInfo.cs	NexusUnleashed.WorldServer	C-LINEAGE	11	NexusUnleashed.WorldServer\Properties\AssemblyInfo.cs
